我从背背山来..................,4,宝贝计划
很好看的一部成龙作品，适合全家人一起看。有打斗、有搞笑、有温情，水准颇高的娱乐片~~,4,宝贝计划
看了好多遍，宝宝太可爱了，特别喜欢看成龙的电影，打戏过瘾，搞笑的部分也很多，打戏的部分看着又紧张又好笑，古天乐好帅。,5,宝贝计划
港片的套路他都有，不过就像有句话说的，套路一样无所谓，最主要的你在路上增设了多少观光点。片中的baby好可爱，古天乐也很帅，搞笑起来很有味道啊,4,宝贝计划
这部电影真的很有教育意义，成龙和古天乐饰演的两个窃贼偷了人家的孩子，后来在照顾孩子的过程中，产生了感情，也因此重拾良知，重新做人，在宝宝奄奄一息的时候，人字拖拼死救宝宝的场景，真的很令人感动,4,宝贝计划
电影里的宝宝太好看了，萌娃一个啊，我想说成龙你们抱着宝宝各种翻来翻去，飞来飞去有没有问过宝宝晕了没,4,宝贝计划
成龙和古天乐搭档是亮点，宝宝也很可爱,4,宝贝计划
不错的商业片,4,宝贝计划
应该是成龙大哥电影里最喜欢的一部，每次看感觉都有不同发现。小娃娃真是太可爱了，最后救孩子的地方也是特别感人。,4,宝贝计划
我看过的成龙大哥为数不多的带有温情的搞笑电影，逗孩子太好笑了，很平常，都是一些生活中常见的事，后面那一段太感动了，特别是在冰库里将孩子抱在中间以防孩子被冻死，以及后面企图模仿医生救醒孩子，这两个片段是我最感动的地方,4,宝贝计划
无聊的时候最适合刷成龙的电影，槽点少，可观性强，宝宝太可爱啦😘,4,宝贝计划
蛮感人的，用车的电池做心肺复苏，最后贼也进行了改造，没有被死刑,4,宝贝计划
重温经典，影片挺搞笑的，电影中可爱的小宝贝如今长大了哦,4,宝贝计划
小宝贝太可爱了有没有，好像还是个混血儿  现在长大了更帅,4,宝贝计划
再次重温，感觉时间过的好快，前两天看新闻，宝宝已成小哥哥了,4,宝贝计划
成龙大哥和古天乐真是蛮配的，搞笑又温情，很适合一家老小一起看。,4,宝贝计划
宝宝真的好可爱啊啊啊啊啊啊啊啊啊啊啊啊啊啊啊啊,4,宝贝计划
是部喜剧片，挺搞笑的，成龙和古天乐我都喜欢，里面的小宝贝好可爱啊,4,宝贝计划
这个电影拍的很好，我看了不止一遍，特别搞笑，那个小孩真的特别可爱，其中还有很多的打戏，成龙很棒啊，最后的结局我觉得也是最完美的，让人也懂得不管是爱情还是亲情都是伟大的！,4,宝贝计划
宝宝差点被冻死的时候我差点哭死，想在想起来都心疼死，幸好救过来了，但是小孩受那么大的罪应该会有后遗症吧，心疼。,4,宝贝计划
很有教育意义，在照顾宝宝中感知人性善恶，最后良心发现，救护宝宝，在这个改邪归正的过程中感受爱。最后说一句，宝宝超级可爱,4,宝贝计划
小宝宝超级可爱，动作戏也很完美。,5,宝贝计划
小朋友真是太萌，剧情很感人。,4,宝贝计划
当年很火啊，当地电视台后来播过好几次。小宝宝真可爱，没想到里边还有高圆圆，没印象呢？,4,宝贝计划
宝宝很可爱，打戏也很精彩！,4,宝贝计划
超喜欢这个宝宝的，太可爱了,4,宝贝计划
创意不错，宝宝好可爱！,4,宝贝计划
适合一家人一起看的温馨搞笑剧。,5,宝贝计划
那个小孩太可爱了，萌翻了，加分。整不戏主要以喜剧为主，最后在冰库那段很感人。,4,宝贝计划
嘿嘿，嗯，一部成龙的电影～印象最深的就是那个小baby，哈哈哈，好可爱，好萌～但是，感觉现实肯定不会有那么聪明的。,4,宝贝计划
信任！空间！想象力永远不可缺。千年行道一朝丧。55分42秒的时候穿帮镜头哈哈哈哈！丫那小样儿还玩人体艺术！！！短暂肌肉抽搐症，笑晕我了。,4,宝贝计划
也算家庭剧了吧。。我之前打成宝贝菊花了、、听说高圆圆被成龙潜了。。。,4,宝贝计划
宝宝太可爱了！圆圆女神好漂亮！最后结局也挺圆满的，主角也受到了惩罚，不会因为他们是主角就幸免,4,宝贝计划
老早就看过的一部电影，当时就觉得小宝宝好可爱，各种惊险刺激的事情发生，也不会影响他。,4,宝贝计划
宝贝计划里的宝贝长大了，没有那么小小的时候可爱了,4,宝贝计划
可爱的宝宝，希望你长大后记得有这样的两个爸爸妈妈,4,宝贝计划
高中晚自修前的娱乐两个人拿着P4 不顾别人自顾自乐开怀。后来有多少女生钱包里放着BB的照片，自称老妈,4,宝贝计划
片子很好看也很好笑。那个小Baby真是可爱到爆。,4,宝贝计划
小宝宝好萌好可爱，两个男人与一个孩子的故事，哈哈，挺搞笑的哦。看了两遍！,4,宝贝计划
"Awww, the baby&#39;s too cute!",4,宝贝计划
当年很火，宝宝超可爱的。,5,宝贝计划
电影频道一播必定会停下来看的电影，看多少遍都不腻。,4,宝贝计划
小baby太可爱了,4,宝贝计划
两个男人都没有那小孩可爱，还记得当时看它是内心的激情澎湃！！！,4,宝贝计划
三星半，出色的商业片，可能这部电影没有什么让人印象深刻的地方，但是你会记住电影里的温馨，里面可爱的小baby，对于现在的中国商业电影这就做的够好了。,4,宝贝计划
那个宝宝是真可爱。古天乐和成龙都是浮云。还有吴彦祖那句背背山也挺可爱的。,4,宝贝计划
太喜欢这部电影了，这个baby真的好漂亮啊😍剧情搞笑又令人感动，百看不厌,4,宝贝计划
宝贝真的太可爱了 眼睛好大blingbling的 ,4,宝贝计划
成龙用双手通电给宝宝电击的时候，我泪如雨下难以抑制。,4,宝贝计划
宝贝超级可爱。电影也挺搞笑，轻松…视角比较独特，最起码看出成龙电影敢于创新的诚意。,4,宝贝计划
8.0/10 分。2018.03.02，重看。剧本扎实，明星众多，房里大荟聚和汽车相撞都很精彩，成龙跳室外空调主机的那一段看着都害怕。。。当年在电影院看的，看到了一个青春靓丽的年轻妹子，非常有气质，有个男孩还找她要电话。。。多年以后我都念念不忘，比现在的很多明星都好看多了。。。,4,宝贝计划
成龙继警察故事续集之后就没有这样对群戏要求足够高、喜剧成分足够浓的电影了，而这恰恰是之前成龙电影好看的源头，后壮年成龙最佳电影,4,宝贝计划
除了成龙和高圆圆的忘年恋外都挺好，何必老在国外拍片呢？,4,宝贝计划
某个下午放假的节日 一起看 一起笑,4,宝贝计划
我觉得特别好看 小baby特别萌 我看了很多遍,5,宝贝计划
电影频道放的最多的电影之一。所以我看了好几遍。,4,宝贝计划
看过好几遍，小盆友太可爱了。,4,宝贝计划
里面那个Baby获金像奖最佳新人演员奖，半岁。。。,4,宝贝计划
每次电影频道重播总会停下来看看 因为宝宝太可爱了 今天CCTV6又在放 就有停下来看了看 正好是吴彦祖说背背山的那段 想起了原来就是从看了这片子开始叫起了背背山 呵呵 宝宝依旧是最可爱的~ ,4,宝贝计划
有打斗、有搞笑、有温情，水准颇高的娱乐片,4,宝贝计划
成龙大伯一部不可错过的搞笑动作电影！,4,宝贝计划
成龙大哥去了好莱坞的那几年真不好过啊，不过一回来就有好电影了啊！,5,宝贝计划
这部戏挺搞笑的，尤其那个小孩子太可爱了。,4,宝贝计划
宝宝实在太可爱惹，一星送给他,4,宝贝计划
成龙用身体做电击导体时大家都哭了。。。,5,宝贝计划
算是不错的片子，对于如今的成龙来，很不错了,4,宝贝计划
目光完全被那个超级漂亮的小家伙吸引了。。。。真真的漂亮啊。而且一点都不认生的样子：D。。肉肉的捏起来手感一定超级棒,4,宝贝计划
影片里那个小孩子好可爱哦，值得一看。构思有抄袭《神勇奶爸 / 限制级褓母 / 凑仔型警 / 超级奶爸》的的嫌疑。,4,宝贝计划
除情感转折不太流畅外，不失为一部不错的有喜有悲的喜剧动作片，个中腐料看官想必了然，谢霆锋和吴彦祖真活宝！,4,宝贝计划
成龙是爸爸，古天乐是妈妈。O(∩_∩)O哈哈~，古天乐你好自觉~~,4,宝贝计划
两人配合的非常不错，融合并沿袭了两人的风格,4,宝贝计划
爱死那个小宝宝~真是每次看必哭。,5,宝贝计划
重看一遍，发现很多精彩之处！,5,宝贝计划
小孩太可爱了，关键是这么小就跟这么多大牌合作了，厉害,4,宝贝计划
挺好看的一个电影～小baby超萌的～,5,宝贝计划
不错的电影，那小孩子有喜感,5,宝贝计划
I love baby.,4,宝贝计划
小孩好可爱……两个Gay保镖居然是谢霆锋和吴彦祖……,4,宝贝计划
2个男人绑架一婴儿，最后却成了超级奶爸的故事。如果你对这世界失望，你就去看看孩子的模样。,4,宝贝计划
成龙最后一部好电影了（但愿以后能让我改了这句话），喜剧动作都有,5,宝贝计划
有动作，有笑点，有人情。原来你是背背山来的,4,宝贝计划
我喜欢这种片子来娱乐，非常好的动作娱乐片。喜欢成龙。,5,宝贝计划
宝宝真可爱 我不禁母爱大发,4,宝贝计划
同事说还不错，她说胜过夜宴等大片，想去验证一下。。。同事的欣赏水平，嘿嘿。验证完毕。前半部分非常不错的，但后面的说教意味太重，也有点拖沓。陈在里面傻死了，来自背背山的吴彦祖很好玩，和他一起的是谢霆锋？高圆圆的角色有些假，来自北京。。hoho。对了，有几段煽情煽的还是很不错的，不知道是不是反映了这个年纪的成龙大哥的心境。,4,宝贝计划
和我妈一起看的 宝贝好萌,4,宝贝计划
其实我是第N次看了，基因好才是真的好。,4,宝贝计划
受不了里面这么折腾宝宝，我看着难受,4,宝贝计划
有种感情，只有设身处地，那时那景，才能体会,4,宝贝计划
让它跟艺术片一起评分 真不公平,4,宝贝计划
超级喜欢的动作喜剧片，宝宝可爱到爆，古天乐那时候好帅好帅，成龙也还身手矫捷不显老。,4,宝贝计划
小宝宝现在都长大了，很可爱,5,宝贝计划
曾经多么单纯，居然没看出来这么多基情，谢童鞋和阿祖童鞋都打酱油搞背背山…,4,宝贝计划
看了好多遍,4,宝贝计划
高于一般商业片，那个孩子哪儿找来的啊，也太可爱了吧~！,4,宝贝计划
单纯的要死  幸福的要死  BB可爱的要死。所以够了。,4,宝贝计划
有突破的成龙喜剧片都是好电影！,4,宝贝计划
真的是非常喜欢古仔，现在再看到宝贝计划真的是万分感慨，依然记得看的时候那紧绷的脑袋，宝宝那么可爱，整个过程又笑又哭，算是小时候的记忆了吧，感动❤️,4,宝贝计划
记得高三假期难得休闲一下 笑得很开心,4,宝贝计划
标准成龙电影。,4,宝贝计划
宝宝应该得尊最佳配角金像奖 相比起陈宝国高圆圆来说出彩多了 ,4,宝贝计划
宝宝超可爱，一度截了很多图放在手机里翻看。。。,5,宝贝计划
很温暖的故事结局，标准成龙风格的武打喜剧。,5,宝贝计划
宝贝儿~宝贝儿永远是亮点~哭的样子太让人心疼鸟~,5,宝贝计划
真的都演得很好， 看到吴彦祖对谢霆峰深情款款地说：我从背背山来……真是笑死我了,4,宝贝计划
脱去了纯粹的武打，喜剧片更能符合现代的需求。,4,宝贝计划
其实早就看过，在10年的春节前去刘冰家的车上，冰冰看出了神！呵呵陈木胜的作品真是不错啊！吸引人！更怀念跟冰冰在一起的日子！,5,宝贝计划
重温经典，还是觉得很好笑，宝贝太可爱了,4,宝贝计划
这小孩，爱你千遍也不厌倦。,5,宝贝计划
为了许冠文，多给一个星,4,宝贝计划
至少挺好看 宝贝儿很可爱 虽然我不怎么喜欢小孩儿,4,宝贝计划
屎包糊在脸上……古天乐实在很适合演喜剧,4,宝贝计划
嗷嗷~~我爱从背背山来的吴彦祖+谢霆锋~~四大天王又来参了一脚,4,宝贝计划
据说是8国混血的小朋友 可爱得不得了,4,宝贝计划
成龙的经典之作，打戏搞笑，宝宝很可爱，内容也很丰富，表达的很有吸引力，特别不错的电影！,4,宝贝计划
从新警察故事的疲态百出之后 成龙式喜剧再度欢乐回归 满分,5,宝贝计划
难得的成龙精品，幽默，动作，剧情都有了,5,宝贝计划
当年香港最搞笑的电影，成功跟古天乐只是配角而已，真正的主角是这个小baby！,4,宝贝计划
情节老套，不过好看啊，男人和婴儿本来就是种精彩的组合，怎么演怎么有。,5,宝贝计划
天啊那个宝宝Matthew也太可爱了吧！！！,4,宝贝计划
其实看过好几遍了，今天突然想起来在台湾连日刷港片的感觉，吴彦祖真亮,4,宝贝计划
高圆圆，不管在哪儿，都是最美丽的，花瓶，最美丽的,4,宝贝计划
小宝宝太好看太可爱啦,4,宝贝计划
成龙后期还算不错的电影，当然还有和她去电影院的回忆。。。,4,宝贝计划
因为有小Baby的入镜，此片讨好了不少观众。或许是人之初，性本善，偷鸡摸狗的小毛贼最终因为孩子而体现了善良的本质。成龙大哥的多少有些打不动了，打些温情牌还是能让人接受。另外古天乐是可以关注的男演员。,4,宝贝计划
看了好几遍，演的真好~情节很出彩，最适合很多人一起看，有笑有泪的，吴彦祖那段太逗了！每次重看都是为了看那段,4,宝贝计划
好人与坏人 眼泪与欢笑 陌生与亲情 其实一直都在一起,4,宝贝计划
四颗星是给那个可爱的宝贝的,4,宝贝计划
周末家庭喜剧，成龙式打斗幽默。,4,宝贝计划
给了最高评价~~呵呵~~喜欢就够了~,5,宝贝计划
"小宝宝是个看点,人字拖和八达通眼睁睁看着小孩儿被带走时很感人,也是个看点,总体很喜欢~",4,宝贝计划
好可爱的宝宝啊！,4,宝贝计划
小宝宝太可爱了……影片总体素质也很高……,4,宝贝计划
这宝宝太可爱了！！！,4,宝贝计划
很可爱的宝宝，但是太装嫩的成龙大哥,4,宝贝计划
娃娃太可爱····高中班里集体看过   这个暑假又看了···母性泛滥··,5,宝贝计划
因为片尾完全可以把这片改名叫大哥苦难记…宝贝超级漂亮，古天乐颜艺点赞，两个酱油警察好帅，片尾阿SA和古天乐的逆转加分。喜剧片就算加入几个黑衣人也不能指望它就能拍成黑客帝国，所以还是按照喜剧的来评分。基情四射温情满载。已经很丰满了。顺便感受到了这片儿对独生子女政策的危害深深的控诉…,4,宝贝计划
成龙与古天乐的搭档非常有感觉，两个都很搞笑，而且宝宝很可爱，主题曲也很好听，最喜欢高圆圆，真的好清纯，文静贤淑的感觉,5,宝贝计划
再看古天乐+baby，也还是觉得好讨喜哦~,4,宝贝计划
宝贝面对你估计很难有人狠得下心，萌宝。,4,宝贝计划
看来成龙大哥再想突破，已经很难了。,4,宝贝计划
宝宝太可爱，电影很搞笑，喜欢成龙的电影里的搞笑元素,4,宝贝计划
宝宝好漂亮..~,4,宝贝计划
里面的宝宝好可爱,4,宝贝计划
我最喜欢成龙的电影之一,4,宝贝计划
是我看过成龙最好的一部片 ！！！！！！！！！,4,宝贝计划
一贯的成龙风格，幽默十足，古天乐真是好不容易没演烂片,4,宝贝计划
生这么个宝宝幸福死了,5,宝贝计划
"娱乐娱乐还是不错,小BABY是个帅哥坯子",4,宝贝计划
挺難得的娛樂港片.,5,宝贝计划
看多好多遍，宝贝太可爱了！！,4,宝贝计划
I love the baby!,4,宝贝计划
里面的小宝宝真的好可爱,4,宝贝计划
那个小孩儿长的太可爱啦!!!,4,宝贝计划
这可能是成龙这十几年来最好的片子了。,4,宝贝计划
可爱的 baby,4,宝贝计划
小孩非常可爱 再香港电影整体走下坡的时候 算不多的可看电影了 ,4,宝贝计划
好久没看到如此单纯的娱乐片,5,宝贝计划
宝宝太可爱了！！！&gt;3&lt;,4,宝贝计划
看了兩遍。這個小baby超可愛……,4,宝贝计划
成龍大哥的搞笑片 這部最好看了 孩子永遠是對的 你那他有什麽辦法呢 呵呵,5,宝贝计划
成为一个好儿子 好爸爸,4,宝贝计划
好吧，baby是亮点,4,宝贝计划
我也想有个这样的宝宝。,4,宝贝计划
还是成龙的电影，火爆的场面越来越少，搞笑和温情越来越多了。,4,宝贝计划
那个宝宝超级可爱！长的好漂亮~~,4,宝贝计划
挺好的片子，香港的电影商业性和剧作性至少是专业的，从电影学院出去，至少需要看上去是一个专业的,4,宝贝计划
虽然比较俗但是以前我蛮喜欢的= =~,4,宝贝计划
"这是很值得推荐的片子,小babe很乖.高圆圆更乖...",4,宝贝计划
挺不错的，那个宝贝很可爱。,5,宝贝计划
印象最深的就是那句“背背山”，哈哈,4,宝贝计划
比较好看情节有趣紧凑刺激,4,宝贝计划
2006年，和CZH一起看的第一部电影。,4,宝贝计划
某人强烈推荐的，也一起看完了,4,宝贝计划
推荐是因为电影里的宝宝实在是太可爱,4,宝贝计划
沿袭了成龙一贯的风格，值得了电影院的票价,4,宝贝计划
居然一直没有标注这部在各种地方看了好几遍的电影。真心是部无公害卖萌轻松佳作。,4,宝贝计划
人间总有温情在，小孩很可爱，贼贼们最后变得好居家啊。一个孩子就改变了好多，有着天使般的眼神。这是很早很早之前的电影了吧，那时还在读高中呢。11.1.15晚。,4,宝贝计划
流暢的成龍式武打喜劇，不過這次寶寶是重點..,4,宝贝计划
两星给那个宝宝，两星给高圆圆。,4,宝贝计划
可爱的宝宝，搞笑的剧情~,4,宝贝计划
记得霆锋跟吴彦祖那对娘娘腔警官，说是从背背山来的。。23333,4,宝贝计划
第一次觉得动作片还挺好看的~,4,宝贝计划
"很可愛,也很感人的一部電影~~~ 好喜歡傢成,好可愛~~~!!!!",4,宝贝计划
"那个宝贝好可爱啊,虽然成龙的电影总是打来打去",4,宝贝计划
跳楼机吓死人了,4,宝贝计划
小马修现在可不好看了呢,4,宝贝计划
宝贝好可爱。每个演员都喜欢。,5,宝贝计划
哇偶。曾经的经典。,4,宝贝计划
=_=ok~because of Jackie Cheung,4,宝贝计划
CCTV6，这片子还真不错啊……近年来难得可以一看的成龙片子,4,宝贝计划
好看啊，宝宝太可爱了，剧情搞笑有刺激，喜欢,4,宝贝计划
可爱的baby~~,4,宝贝计划
那个宀宀真可爱，看着他无助的叫爸爸妈妈，觉得很难受，眼泪也随之流了下来。宀宀功劳很大哟。,4,宝贝计划
超级可爱的宝宝~故事情节也好，因为一个孩子而让良心有所悸动，从而改头换面,4,宝贝计划
第四颗星是给那个可爱的小宝贝的,4,宝贝计划
有些刻意地感人，但是我竟然被感动了,4,宝贝计划
又是一部笑着哭的电影。人生就是这样的悲喜剧吧！,4,宝贝计划
无敌了无敌了！！！怎么会有这么可爱的小孩子，太喜欢了！！！里面全是帅哥啊，尤其是吴彦祖和谢霆锋“难道你是背背山吗？”,5,宝贝计划
成龙大哥要超越自己恐怕很难啊~~虽说不错，但怎么说算不上巅峰之作~~,4,宝贝计划
纪念片··红旗街  小白在身边,4,宝贝计划
以前自己说过，不带着期待，往往会有惊喜。这部电影刚刚论证了我的理论。 手牵手的一对对，走进那件破败了的影院，能听到先是微笑，然后欢笑，然后是大笑，接着沉寂......间或传来抽泣，散场的时候却少有人愿意起立。很好看的一部成龙作品，适合全家人一起看。有打斗、有搞笑、有温情水准颇高的娱乐片,5,宝贝计划
在这里面，古天乐的搞笑比《灵灵狗》强很多。,4,宝贝计划
"四平八稳的故事,可爱的baby,熟悉的成式幽默,喜剧功夫动作片,尚可.",4,宝贝计划
一个宝宝引发的人性,5,宝贝计划
看过十几年才发现导演居然是陈木胜，难怪节奏把握得这么游刃有余。影响力在当时不俗，而且捏合这么多明星在一起却完美融合毫不突兀。,4,宝贝计划
最后的结局把我吓了一跳，结果是虚惊一场，不然也太出乎意料了！,5,宝贝计划
龙套帝总算出了口气，儿子是帅的！,4,宝贝计划
小孩太 可爱了~！很想生孩子了！！！,5,宝贝计划
近年来看过的成龙最好的电影，宝宝非常的可爱,4,宝贝计划
很久前看的了，记得还挺有意思的。,4,宝贝计划
"古天乐是妈妈,成龙是爸爸~个小孩真是很可爱啊!反正就是抢小孩啦~游乐场里的打斗蛮精彩的",4,宝贝计划
看了好多遍了，里面的那个娃娃真的好漂亮,5,宝贝计划
为了里面可爱无敌的宝宝5星！！一部让人觉得快乐的娱乐片，很好,5,宝贝计划
baby太萌了！！！！！可爱死了！！！！！&gt;O&lt;,4,宝贝计划
古天乐演喜剧真的不错,5,宝贝计划
早知道之后央六会如此频繁的播，我当初就不去电影院看,4,宝贝计划
都已经看了那么多遍了 第一次完整看完 还是一样的有意思 甚至想让人抱小孩 养小孩真是苦中作乐hhhhh  甜！,5,宝贝计划
成龙相当做作。,4,宝贝计划
爸爸&amp;&#39;妈妈&#39;,4,宝贝计划
另一部母亲大人很喜欢的电影,4,宝贝计划
因為BB很可愛所以推薦..,4,宝贝计划
迄今陈木胜最好的喜剧,4,宝贝计划
马修是最萌最萌的婴儿宝宝，太可爱了。,5,宝贝计划
那小宝宝不知道现在长成什么样了,4,宝贝计划
当时看不觉得的……现在看完全是个基腐片啊~！奶爸奶爸在里面卖萌搅基不亦乐乎啊~对于片子里基情四射的两人，实在是没有办法忍住不断腐笑啊，摔~,5,宝贝计划
这不我孩子吗,4,宝贝计划
为了那个可爱的宝宝都值得看一下,4,宝贝计划
一個小baby改變了兩個誤入歧途的男人。,4,宝贝计划
我要这孩子当我儿子~！,4,宝贝计划
以前的成龙电影比现在更有趣好看，好喜欢里面的萌宝贝，现在长大了不知道样子变了没有,4,宝贝计划
作为一部娱乐片，它还是老少皆宜的，最适合一家人围坐在一起看。,4,宝贝计划
成龙的戏路一直都是这样。惊叹的是他的年纪一点没有让他的身手迟缓。,4,宝贝计划
还好，那小孩挺好玩，还提名金像奖最佳新人了，不错不错。,4,宝贝计划
CCTV6看的……,4,宝贝计划
搞笑~~成龙的电影很久没有这么好看了,4,宝贝计划
寶寶還可愛，是影片的亮點,5,宝贝计划
还是在长沙王府井看的呢，那个小婴儿~太可爱啦,5,宝贝计划
小朋友很可爱。还蛮搞笑的、、这个是高三的时候看的。。那个时候看什么电影都好看。。O.O,4,宝贝计划
宝宝比较可爱,4,宝贝计划
那个宝宝好有爱，长大了肯定是个迷死人的小帅哥~,4,宝贝计划
里面的baby暴可爱~~是一部让人感觉很温情的片子,4,宝贝计划
我果然对小孩的脸都没有抵抗力。,5,宝贝计划
忘不了宝贝的笑，好天真无邪啊。。。,4,宝贝计划
好感人，好温情！那时候看得我眼泪在眼睛里直打转转。。。,5,宝贝计划
这片子我完全是在cctv一遍又一遍的反复播出中陆陆续续看完的，一票子好演员都来凑一成龙喜剧真不容易，还惊喜地看到了谷峰老师。宝宝绝对加分，三星半。,4,宝贝计划
无需质疑成龙大哥是否廉颇老矣，在这部电影中依然让人捧腹的桥段和那些成龙式的幽默功夫，还是那样诚意十足。,4,宝贝计划
成龙近几年难得的好片,4,宝贝计划
cute cute cute cute...,5,宝贝计划
我太喜欢里面那娃了,4,宝贝计划
还是很有亲情教育的电影的,4,宝贝计划
总的来说还算不错，成龙大哥不容易啊~,4,宝贝计划
无奈的看了好多次，我弟的最爱，有段时间家里没网没交有线电视费，就反复看这部片~~~~,5,宝贝计划
"the 144th in CDUT, 20th October 2006, @club",4,宝贝计划
呵呵，题材很是新颖。不过古天乐的演技还是有待提高哦。成龙仍是闪亮的主角呀···嗯，挺赞的一部影片,4,宝贝计划
现在回头再看，这部电影的阵容完全是全明星级别的。最早就觉得成龙的电影好看，后来觉得看成龙的电影是件很low的事，现在只觉得成龙的电影很可贵，无论到什么时候，他都是在讲正能量的东西。,4,宝贝计划
"那个BB太可爱了,剧情也很好,很感人,很搞笑",4,宝贝计划
小寶長得不錯，二個男人也挺賣力，推一個四星吧。,4,宝贝计划
我觉得在成龙进入好莱坞这么久，期间很多成龙主演的外语片，反而没有港片来的过瘾，尤其是那部飞龙再生……看的一头雾水，这个宝贝计划，清新可爱，在搞笑之余被温情所感动，记得电影院里面在那段抢救的片段中，不少人都开始抹眼泪，尽管不是嚎啕大哭，但也正是电影传达的那点点温情的所在,4,宝贝计划
宝宝很可爱。全片亮点,4,宝贝计划
比《新警察故事》好多了，“背背山二人组”的出现是电影里的一个意外惊喜。,4,宝贝计划
那时候特地买碟看的呢 宝宝怎一个Q字了得！ 也是从那个时侯才开始对高圆圆有好感的,5,宝贝计划
cctv6不知放了几次。。。我今天第一次看完。。。,4,宝贝计划
看宝宝，可爱啊,5,宝贝计划
宝宝太萌了，剧情也特别好,4,宝贝计划
可爱的孩子~~~ ,4,宝贝计划
这个宝宝太可爱了太可爱了！太太太可爱了~~,4,宝贝计划
宝贝长大了好像没有小时候乖咯。,4,宝贝计划
吴彦祖和余文乐的那段对话是亮点~,4,宝贝计划
我为票房做贡献 许冠文爷爷 难为您了,4,宝贝计划
印象最深的一幕居然是吴彦祖回头看了一眼古天乐，然后跟谢霆锋说，好靓仔呀！总体来说很好看~,4,宝贝计划
第一次看觉得也就是部普通的喜剧片，谁知道电影频道这些年时不时的就放一遍，才发现真的是很耐看的喜剧啊，堪比新扎，哈哈,4,宝贝计划
so cute,4,宝贝计划
故事简单 看了不累 小家伙实在是可爱之极,4,宝贝计划
极其规范出色的商业片。有笑料，有起伏，有转变，没心没肺地傻笑之余，还能有所思考，不错！,4,宝贝计划
中国版的《宝贝塞豆龙》,4,宝贝计划
我爱那个宝贝。我喜欢那段非父子却不逊于家人的关照与关爱。,5,宝贝计划
将动作和诙谐结合的非常完美。里面可爱的小宝宝更为全剧增色不少。,4,宝贝计划
剧本挺好，宝贝挺可爱,5,宝贝计划
Matthew very cute!!!,5,宝贝计划
影片大忌，不要和孩子或者动物玩，事实证明成龙大哥很会玩孩子，可圈可点。额，对，不包括黑人小孩。,4,宝贝计划
宝宝太可爱了，百看不腻，打斗过瘾又透露幽默感。,4,宝贝计划
太好笑了，可以作为心灵的麻醉剂。,4,宝贝计划
2006.12.DVD,4,宝贝计划
至少我笑了。,4,宝贝计划
太耐人儿了！！！,4,宝贝计划
很可爱的宝贝,4,宝贝计划
一部让人难以忘怀的电影,5,宝贝计划
"给五星是因为,当时和大学很好的一位朋友一同在电影院看的...很怀念那会儿的时光...",5,宝贝计划
相当不错的喜剧温情片,5,宝贝计划
很温馨的小电影。两个大男人的人生被一个纯真的孩子所扭转。有时候，是大人们把这个纯真的世界搞的太复杂，而回归简单竟是那么轻松愉快。无来由的想起一个故事，一个男人是典型的工作狂，说任何人也不能阻挡他对于事业的追求。但当他有了孩子之后，孩子变成了他生活的重心,4,宝贝计划
宝贝，我爱这个宝贝。还有大哥，当然古天乐也是最爱的。,4,宝贝计划
这谁家孩子？！！！！真可耐！！！,4,宝贝计划
那个小宝宝真的可爱,4,宝贝计划
小宝宝好可爱~看得很开心的一部,4,宝贝计划
可爱的小baby，比成龙有看头。,4,宝贝计划
给你四星是因为吴彦祖还有谢锋锋～,4,宝贝计划
可爱的豆丁，也难免要抢了两位男主角的风头^_^,5,宝贝计划
让妈妈笑得很开心的电影,4,宝贝计划
总觉得是在模仿超能赛豆龙~,4,宝贝计划
小孩子太可爱了。古天乐装衰的样子很傻很耐看,4,宝贝计划
超级喜爱那个小baby，合家欢的娱乐片~,4,宝贝计划
"孩子只能抱来玩玩,如果养的话,我会害怕.因为我的弟弟妹妹都很吵人也不懂事.可倘若碰到听话的可爱的就蛮好,比如本片.喜剧令人发笑,宝宝惹人恋爱,帅哥也很养眼，可片中间或也有让人鼻子发酸的镜头：在楼梯间,成龙爸爸战战巍巍的挪着步子,让我想到我真的应该在有限的时间里珍惜时间对父母好对长辈好;在宝宝被冻的昏死过去时，成龙冒着生命危险给他做电极心脏复苏,虽然宝宝的肚子已经冻大了，圆呱呱的很可爱，可我一点也笑不出来,后来看到成龙倒在地上，我的眼泪再也忍不住地汹涌而出......",5,宝贝计划
大哥煽情不如古天乐搞笑,4,宝贝计划
内地的片 宝宝勒么勒么可爱 果断加n分啊啊啊,5,宝贝计划
虽然讲的是动作片的内容，但是人字拖同八达通将它变成了一部喜剧片，再加上最爱的高圆圆和蔡卓妍，完美。,4,宝贝计划
06.10.20 20:00 feiyang 12-11 29,4,宝贝计划
！！！宝宝！！！,5,宝贝计划
BB太可爱。,4,宝贝计划
我也想有一个这样的小宝宝,5,宝贝计划
宝宝真的太可爱了！！,4,宝贝计划
"宝宝好可爱啊,想让妈妈也好帮我生个,嘿嘿~~",4,宝贝计划
哈哈哈，特别好看，宝宝好可爱,5,宝贝计划
这个我好像看了很多遍,4,宝贝计划
我当时觉得可好看了，觉得里面的名字起的也可洋气，人字拖什么的,4,宝贝计划
新东安看的...和谁?和谁!,5,宝贝计划
四星全给宝宝！,4,宝贝计划
虽然最后救小孩的那段确实是有点夸张了，但整体的温情加上小孩子的超级可爱，还是不错的,4,宝贝计划
嘿嘿，好PP的宝宝,4,宝贝计划
用疑似亲情的感情抓人心,4,宝贝计划
电影频道放过的最好笑的电影之一,4,宝贝计划
算是最后一部动作片佳作了。,5,宝贝计划
实在是很佩服……成龙不愧为大哥~！！最后的花絮很可爱~我一直看到最后=。=b貌似这是第三部看到最后的电影了~,4,宝贝计划
不得不说圆圆实在是太美了，那个小宝贝太可爱了！但是剧情有点夸张,5,宝贝计划
宝贝好可爱！！！,4,宝贝计划
小屁孩好好玩。,5,宝贝计划
激发男人的母性。这宝贝太可爱了，太可爱了！谁见了都想上去亲一口,4,宝贝计划
宝宝太可爱了！又是一部经典成龙式的动作片。。。虽然挺好笑的，但真是看腻了这种风格,4,宝贝计划
love baby,4,宝贝计划
站在商业片的角度~满不错滴~,5,宝贝计划
很可爱的电影，值得一看,4,宝贝计划
哦我明白了~你们是“内个”  蛤蛤蛤蛤,4,宝贝计划
很久之前看的一部电影，在叙事以及人物塑造都下了功夫，可看性强，节奏快，一个赌鬼，一个扣女，一个快瞎还有个迷糊老婆，商业片教科书版的剧本，先塑造人物，建置困境，人物冲突，再塑造人物，人物动机发生转变，（其实两个主角本性善良，转变并不是很难处理）最后解决问题，陈宝国许冠文演技让人享受,4,宝贝计划
"在2006早就不再期待香港能拍出多么精彩的片子,这部可以让人眼前一亮,或许是积极的人生态度,对宝宝的责任感,看完感觉宝宝很可爱...",4,宝贝计划
首先赞一下客串的小谢小吴，然后大赞一下可爱的宝宝，其实人字拖父子、八达通夫妇、包租婆夫妇都值得一赞，除了陈宝国父子之外，都演的很好。一部让人哭了笑、笑了又哭的电影，一部温馨感人、引人深思的电影，一部让我们学会怎样做一个好儿子、好老公、好爸爸的电影，怎能不是一部满分的好电影？,5,宝贝计划
个人感觉，这部片子是挺完美的，有笑有泪，前半部分有好几场看得我笑出猪叫，后半部分又被两位男主与宝宝的感情所打动，尤其成龙救宝宝那里，表演和设置都非常打动人。除了与宝宝的感情，还有人字拖与父亲，百事通与老婆，包租公和包租婆这三组关系，都很令人感动因为的确是拍出了真情实感，个人感觉最出众的一组是人字拖与他的父亲，一个是人字拖回到家看到家人替他还债所签下的欠条时今昔同框的一场戏，一个是宝宝拉住中风父亲的手，两场戏都极富表现力和感染力，实在是令人感动。我本身就很喜欢这种主角历尽全片后改头换面重新来过这种剧情，而这部片子简言之其实就是三个小偷救了一个孩子，这个孩子也拯救了这三个小偷。不得不夸夸成龙的打戏，非常有个人风格，而且打下来行云流水般畅快。,4,宝贝计划
难得笑得那么开心,4,宝贝计划
成龙的片子，适合全家一起看的 挺好看 。宝贝长的很可爱,4,宝贝计划
宝贝果然可爱,4,宝贝计划
超可爱的宝宝~,4,宝贝计划
宝宝超可爱！！剧情好多爆笑的点！！！哈哈哈哈哈哈！为了哄宝宝唱的歌还有为宝宝买东西在超市里哈哈哈哈哈哈哈。然后还有爸爸妈妈什么的哈哈哈哈哈哈哈。虽然结局的时候不够爽快但是全程都有可爱的宝宝跟搞笑的爸爸妈妈什么的啊啊 啊啊。实在是居家旅行聚众消遣皆宜啊。,4,宝贝计划
很可爱的片子,5,宝贝计划
高中时候老师在教室放的。那个混血婴儿可爱得让人一见心就软了。,4,宝贝计划
将功夫和电影还有亲情的结合,5,宝贝计划
小偷也是有底线的。,4,宝贝计划
里面的BB超可爱的呐,4,宝贝计划
前半段很有趣……后半段看了一次就没兴趣再看了……后半段那种催泪的看一次就够了。,4,宝贝计划
港片在我这里都是没心没肺的搞笑片。吴彦祖的背背山简直笑抽！小盆友真呀么真可爱~,4,宝贝计划
我要打满分~,5,宝贝计划
小BB是最大的亮点,4,宝贝计划
片中最抢眼的就是那个宝宝了，确实很可爱，很迷人，不知多少青年男女在看了这个宝宝之后都有忍不住想生一个的冲动，不过除了宝宝这个新鲜元素之外，本片的大部分套路在成龙的喜剧动作片里面都似曾相识，而且随着动作场面的减少和激烈程度的减弱明显感觉到成龙已经老了，已经不是当年那个能搏命的成龙拉,4,宝贝计划
宝贝很可爱，陈宝国很硬朗，人字拖一开始有点隋。古天乐小小的搞笑，能看的这个片子还是。,4,宝贝计划
难得的看到了当年成龙的影子 孩童的真挚 永远可以让人毫无驻防的感动,4,宝贝计划
很逗乐~~小baby~,4,宝贝计划
小家伙实在可爱～,4,宝贝计划
有点韩国电影《天才宝贝》的感觉，先看的韩国版，呵呵，这一部中国特色的天才宝贝还是让我一样忍俊不禁啊，成龙和古天乐都是卖萌的货啊！这个小宝贝也实在太可爱了，真不知道宝贝们是咋么演出来的。成龙的电影反正是幽默范儿的，爆米花电影，看看在成长中体会玩味幽默，体会生活，这是一种幸福的味道！,5,宝贝计划
看过电影的有几个木有被这小正太迷倒~~~~~,4,宝贝计划
打四颗星是因为那个小婴儿,4,宝贝计划
也许是个休止符。最后一次看,4,宝贝计划
怎么可以这么好笑，小baby怎么可以这么可爱。,5,宝贝计划
蛮温馨的！,4,宝贝计划
13年后看，至少前半段真的不错，很喜欢这么小混混的成龙 很颠覆 有意思。,4,宝贝计划
让人有生小孩的冲动哈,5,宝贝计划
宝宝表现抢眼：）,4,宝贝计划
小baby很漂亮啊，不过剧情也不错哦,4,宝贝计划
网吧通宵观看~,4,宝贝计划
宝贝你真可爱,5,宝贝计划
这是成龙最好的喜剧了，古天乐一如既往的给力,5,宝贝计划
古天乐的表现很出彩！,4,宝贝计划
是孩子让这个世界免于沉沦。,4,宝贝计划
古仔做配角还是讨人喜欢,4,宝贝计划
跟妈咪一起看的片子~很难得,4,宝贝计划
以前看过的 还算不错的 古天乐成龙演绎父母,4,宝贝计划
BABY SO CUTE,4,宝贝计划
对啊还看过这个。,4,宝贝计划
2006-10-21@paradise_cinema_city,4,宝贝计划
生孩子生成马修那样吧。。,5,宝贝计划
for the baby,4,宝贝计划
宝宝好可爱好可爱好可爱,4,宝贝计划
宝贝太Q了！保持了成龙动作喜剧的水准，没有惊喜却也值得一看。,4,宝贝计划
我是開碰碰車的,4,宝贝计划
我想有这样一个BABY～ 但是BABY就别这个命了,5,宝贝计划
"Mar.15,2013 宝贝好可爱",5,宝贝计划
因为那个可爱的宝宝才看片子，成龙的武打和孩子可爱的笑，让我们快乐的同时也知道“人之初，性本善”的道理。,4,宝贝计划
宝贝太可耐辣```,5,宝贝计划
好可爱的小baby~~,4,宝贝计划
所有女生都想生一个的宝宝。,4,宝贝计划
还不错啦~,4,宝贝计划
可爱的baby,4,宝贝计划
好看大～尤其是古天乐穿白西装，瓦咔咔,4,宝贝计划
  比想象中好看得多,5,宝贝计划
从头笑到尾,4,宝贝计划
杭州翠苑电影大世界 2006-10-15,4,宝贝计划
超级搞笑，小帅哥抢尽风头！,4,宝贝计划
宝宝太可爱了。看得到很多用心的设计。自制电击起搏器那段忒煽情了点，害我泪奔了==,4,宝贝计划
宝宝好萌,4,宝贝计划
难得一见的优秀国产片,5,宝贝计划
大哥倾心力作，值得看看！,4,宝贝计划
可爱的贝比，温情的奶爸...,4,宝贝计划
又看了一遍感觉这个娃娃太可爱了。我想造个小人玩玩了，可是女神不在了。这两年物色个不别扭的妹纸就准备谈着了。心里想了十年的她终于可以放下了。~还是没放下啊04.08,5,宝贝计划
朋友过生日请我们在电影院看的，不错，因为有许冠文的关系。,4,宝贝计划
看了四遍的电影不是盖的……看一次笑一次……,4,宝贝计划
很搞笑，有点感人,4,宝贝计划
我看到后来还挺感动的。,4,宝贝计划
挺搞笑!但演员的表现一般!小孩儿真是非常的可爱!,4,宝贝计划
巨可爱的baby！！,4,宝贝计划
非常温情，非常欢乐，以及非常非常可爱的小小正太XD,4,宝贝计划
看了n遍的电影 搞笑又感动的动作片,5,宝贝计划
好看好看，可爱的小Baby.,5,宝贝计划
为了宝宝而战，两个大男人与一个小宝宝的历险记,4,宝贝计划
乖BB，来，叔叔捏一下。,4,宝贝计划
最后的心脏起搏。,5,宝贝计划
搞笑电影，没有太多回忆了,4,宝贝计划
我觉得那个娃娃很萌,4,宝贝计划
剧情稍显离谱了一点，不过动作和搞笑的情况还是一如既往，成龙年纪那么大了身价又高还要亲自做动作想想也不容易。,4,宝贝计划
陈木胜的难得看得过去的片子，小宝贝最亮,4,宝贝计划
大哥只要认真挑剧本绝对不会错,4,宝贝计划
喜欢那小baby,4,宝贝计划
小BB太可爱廖,4,宝贝计划
非常搞笑，宝宝非常萌。推荐！,4,宝贝计划
对小孩子的电影毫无抵抗力，太可爱了！,4,宝贝计划
BB啊BB，艳压群芳！,4,宝贝计划
for the baby·我还没看完啊！！,4,宝贝计划
3星半 很喜欢的一部娱乐佳片，有成龙又有许冠文在，动作、喜剧不缺位，音乐方面也挺赞的。,4,宝贝计划
多一星给回到喜剧动作的成龙多一星给宝贝,4,宝贝计划
宝宝太可爱了~~,5,宝贝计划
各个地方都做得很不错 小孩子选得太好了 招人喜欢,4,宝贝计划
宝宝太可爱了~~,5,宝贝计划
美型宝宝 美型男青年 美型女青年 哎我是外貌流,5,宝贝计划
这娃太有爱了,4,宝贝计划
个BB真系好得意啊！古天乐扮阿妈又几似喔，最钟意距被吊响半空中果场戏！,4,宝贝计划
古仔真拼！这种贱帅贱帅还有点娘的风格蜜汁搞笑,4,宝贝计划
很搞笑，小孩很可爱,4,宝贝计划
又搞笑也有小人物的心酸，很走心。ps:小孩子真的太可爱了,4,宝贝计划
小孩真的太可爱了，打斗也都很有意思,4,宝贝计划
特别特别搞笑，也是在电视上看到就不会换台的电影，那个宝宝实在是太可爱了，成龙这部里的演技也让人印象深刻，有些动作戏设定也非常巧妙而有趣。,4,宝贝计划
先是cctv6看到了。然后还特地下载了看。,5,宝贝计划
有些情节很搞笑~宝贝超可爱！！,4,宝贝计划
香港片中难得的亮点,4,宝贝计划
古天乐还没残的时候。故事也很好。,4,宝贝计划
几年前看的了 记得还有点喜剧  男主帅  宝宝真可爱,4,宝贝计划
香港电影的娱乐性还是毋庸置疑的 从小看港片长大的我们 这样的电影无疑是消遣加放松的首选啊,4,宝贝计划
超爱那小BB,4,宝贝计划
还是不错滴~~~,4,宝贝计划
小婴儿的演技特别好，喜剧跟动作都有，成龙跟古天乐的搭配也不错，一部很有意思的喜剧,4,宝贝计划
还真是蛮可爱的，有些镜头故事神马的显得有些多余了……很腐啊！我这个想不腐的都不行！！吴彦祖跟谢霆锋是亮点啊亮点！！我差点都不敢认他们！！,4,宝贝计划
宝宝太可爱了是真的,4,宝贝计划
小Baby很可爱,4,宝贝计划
小孩子很可爱啊～,4,宝贝计划
当时上小学的我因为这个才开始知道古天乐，以至于后来别人说起他我就脱口而出“百达通”。。。,4,宝贝计划
冲着成龙的那首歌，宝贝~宝贝~ 四星,4,宝贝计划
真是一部充满了爱心的电影,4,宝贝计划
我喜欢听古仔说：来，叫妈妈。哈哈~,5,宝贝计划
笑中带泪，动作精彩，剧情独特，人物个性，虽然距离成龙巅峰时期差点，但是和社会正能量结合的非常好啊，没有之后成龙的各种说教意味。另外，成龙电影里对孩子这么好，结果对自己儿子的照顾非常失职，讽刺啊。,4,宝贝计划
成龙电影的剧作都还不错啊，可能大哥真的参与创作了也说不定。,4,宝贝计划
BB好可爱…～,5,宝贝计划
好想捏这个小BB。,4,宝贝计划
这个宝贝太可爱了！！！,4,宝贝计划
当年看了让我母爱大发的片~~,5,宝贝计划
超喜欢！个人觉得陈导近年来最佳电影！背背山你好吗！,5,宝贝计划
纪念我逝去的年华,4,宝贝计划
这个小宝宝太可爱了！我也想生一个！然后，我刚才去搜了他，现在已经13岁啦！没有残！眼神还是有点郭采洁哎呀好可爱啊快点从澳大利亚回中国圈钱出道吧！,5,宝贝计划
当时很脍炙人口嘛~古天乐太欢乐了&gt;v&lt;,4,宝贝计划
I love the baby~,5,宝贝计划
好可爱的宝宝啊,5,宝贝计划
小呆家。2010.08.26。,4,宝贝计划
还是成龙一贯的风格,4,宝贝计划
"BB超级可爱呀...这几年香港电影看不懂的越来越多了..不然就是拍到乐此不疲的黑帮内斗片.这种纯粹单纯搞笑的可以娱乐生活嘛,只是很容易忘而已...",4,宝贝计划
bb好可爱~,5,宝贝计划
一部完整的搞笑又温馨的好片啊,5,宝贝计划
看在宝宝的份上。太口耐了。,5,宝贝计划
2007.12.1,4,宝贝计划
小时候看的 女主好美哦哈哈哈 宝贝也好可爱！宝贝大眼睛真的让我看了好几遍 不知道现在有多大了 ,4,宝贝计划
宝宝很可爱，谢霆锋和吴彦祖是亮点,4,宝贝计划
宝贝好可爱~,4,宝贝计划
小宝宝太萌了，不过高圆圆出现在这里有点奇怪,4,宝贝计划
好吧，我承认我很喜欢这部喜剧，隔段时间就会拿出来看一看，笑一笑,4,宝贝计划
完全是冲这可爱滴BB给五星的，真漂亮，祈祷不要长残……,4,宝贝计划
4星全给那宝宝啊~萌史了！,5,宝贝计划
oh!baby.,4,宝贝计划
我和妈妈一起陆续在电视里面看了两遍。baby太可爱了。。,4,宝贝计划
"一贯的动作喜剧风格,自成方圆",5,宝贝计划
不知道什么时候看的了,4,宝贝计划
好吧，我还是不想生。,4,宝贝计划
宝贝计划视乎是香港喜剧一个分水岭，宝贝计划沿袭了上世纪90年代的香港都市黑帮动作喜剧的风格，通过成龙和古天乐分别饰演的人字拖和百达通两个社会小混混演绎一段啼笑皆非的浪子回头的故事。在每一个镜头细节上尽可能的追求滑稽搞笑，让人捧腹大笑。自此之后，香港喜剧电影几乎是每况愈下，回天乏力。,4,宝贝计划
"这片挺地道的，尤其是我这种没看过黄金时代的成龙的人。ps,里面还有黄毓民。",5,宝贝计划
小宝贝确实很可爱！这次成龙大哥饰演的是个烂赌鬼，而让浪子回头的却是这个小宝宝，是不是很神奇！,3,宝贝计划
很早看的一部电影，宝宝很可爱，有点意思,3,宝贝计划
看了很久了，两个硬汉奶爸很可爱，我看完之后就觉得，世界上亲情真的有力量，父母那种爱，才是最无私的，,3,宝贝计划
电影创意不错，演员阵容非常强大，演技也很好，宝贝萌爱萌爱的是本影片的一大亮点。然而我还是想说一句，我讨厌里面的三个男主，再怎么严重的处罚我都觉得是罪有应得。,3,宝贝计划
剧情假了点，成龙古天乐的组合挺搞笑的，小宝贝真是太可爱了，又很喜庆！,3,宝贝计划
哎呀！那个混血小宝宝太好看啦！,3,宝贝计划
比较典型成龙动作喜剧片，宝宝好可爱。,3,宝贝计划
电视上又扫了一遍，简单合格的动作喜剧；虽然陈宝国演尹子维他爹实在是太让人出戏了。,3,宝贝计划
适合全家人看爆米花电影，打斗不错，还有温情部分，关键小宝宝好萌。,3,宝贝计划
小宝宝超级可爱，不知道现在长啥样了,3,宝贝计划
"07.8.13成龙回来拍喜剧,并压低年龄演浪荡子.古天乐最近几年开始不再顾忌帅哥形象,一一二二地扮丑像,拓宽戏路.小宝贝找得的确很可爱.片子通体算是可以,一些地方不完满.香港加油.最逗的就是我从没见过从背背山来的吴彦祖,看他那表情自己演的时候都憋不住了吧哈哈我真的好喜欢他.",3,宝贝计划
其实成龙几乎所有的片子都是跟A计划一个套路，有一个使命，然后中间遭遇各式各类人物，有阻力更有动力。一星给到他，看着他一把年纪还能跳上蹿下，挺累的份上。一星给到这个小超Q宝贝儿。一星给到客串来的吴彦祖来自背背山嘻嘻。想要看极品高OO，看这部吧，多美啊多纯啊。。。噗死我！,3,宝贝计划
说实话不太记得剧情了 不过记得很好笑,3,宝贝计划
还算是成龙近年来拍的过的去的电影吧，勉强看个乐子,3,宝贝计划
还不错，但只能杀时间用，倒不是没有内涵，只是这样的电影似乎太多了，没特色,3,宝贝计划
陈宝国最后的出场是亮点。成龙老了，动作有点不连贯了，打得也不想以前那样拼命。,3,宝贝计划
原本是恶性的绑架事件，却转化成了温情的故事。人心本向善，不论是好人还是坏人。总是执迷不悟的人，上天会给他机会让他反省，如果没有把握住机会，后悔也是枉然。可爱的小宝宝，感化了众人的心。,3,宝贝计划
即使是成龙也不能原谅把我挚爱的高圆圆完完全全当个花瓶使。,3,宝贝计划
小婴儿很可爱，故事很老套，音乐一如既往的平庸，大概功劳就在演员吧。,3,宝贝计划
太冗长了。。。当时是妈妈看，我写作业。。结果注意力不集中。哦呵呵呵,3,宝贝计划
没有小鬼当家好看,3,宝贝计划
"成龙的亲情牌很煽情啊,想起很早之前的一部美国喜剧,想不起名字了......哦,&lt;小鬼当街&gt; 心情不好的时候看这种电影比较容易放松",3,宝贝计划
我们逃了选修课，在露天剧场看的这场电影，是我四年来唯一一次。你陪我上课，陪我逃课，帮我去点名然后回来继续陪我看电影，哪里找你这么好的人。只是有些东西注定是错过吧，没有说也一样美丽。看到那么可爱的宝宝，我会记得你的赞叹。,3,宝贝计划
三个奶爸一个娃···此bibi甚可爱！！以后必须得生一个和他比赛··,3,宝贝计划
喜欢的电影，可爱的宝宝，还有温柔的高圆圆！！,3,宝贝计划
就记住了那个非常著名的长镜头，其他的部分都太典型的成龙电影了,3,宝贝计划
宝宝什么的，永远都打着萌的招牌。,3,宝贝计划
六年已过，不知道那可爱的小宝宝现在变成啥样了？,3,宝贝计划
以前看的。合拍片再度水土不服咯，其实我真的不是太懂欣赏某大哥。Michael似乎这里是第一次见。古仔快点结婚生仔吧,3,宝贝计划
还行，吴彦祖和谢柠檬之间娇滴滴的对话是亮点“好帅哦”“你从哪里来的？”“从背背山来”。。,3,宝贝计划
好看的一部成龙作品，适合全家人一起看。有打斗、有搞笑、有温情，水准颇高的娱乐片~~ 所以说，我很欣赏成龙大哥这个回归——规避有限的动作，创造无限的笑果。这是他从70年代末赖以成名的法宝，在这么多年大制作的豪华动作之后，又回到了最初A计划那样的风格上。,3,宝贝计划
话说这几年电视上就跟播还珠格格似地往死里播这个片子有意思么- -,3,宝贝计划
宝贝特别可爱。许冠文时隔几年重新出山，冷面笑匠的演技还是不错的，那句“我从背背山来”更是经典。,3,宝贝计划
被某个喜欢里面宝宝的女人拖着看完。。。成龙风格的片子啊。。。,3,宝贝计划
许冠文1星 成龙1星 古天乐1星,3,宝贝计划
小寶寶很不錯……這次走溫情路線了……,3,宝贝计划
可爱的宝宝，好心的贼人……BB喝奶的场景超搞，古天乐这个妈做得真好……,3,宝贝计划
要是没有古天乐成龙又挫了,3,宝贝计划
很好看的一部成龙作品，适合全家人一起看。有打斗、有搞笑、有温情，水准颇高的娱乐片~~,3,宝贝计划
一颗星给古天乐那些令我眼花缭乱的衣服,3,宝贝计划
全家人围观CCAV6的孩子打拐宣传片,3,宝贝计划
宝贝很可爱，故事有些拼凑。同类型电影国外有经典，那个会爬的孩子，哈哈。,3,宝贝计划
恐怕是抄袭科恩的《抚养亚利桑那》,3,宝贝计划
The baby is so cute～,3,宝贝计划
可爱宝宝叫人不得安宁，扰人心神！很喜欢这个童星,3,宝贝计划
很轻松的一部喜剧片，情节也不复杂。据说里面的BB曾经住在我边上的小区，是个中澳混血。虎头蛇尾~,3,宝贝计划
作为纯娱乐商业片而言稍长了点，看到一半几乎想放弃了~~,3,宝贝计划
我妈都看过三四遍了，我今天第一次看。。。,3,宝贝计划
孩子拍这片白瞎了，去演奶粉广告吧。,3,宝贝计划
高二小花老师上课放的~~哦你们是那个~~放心我不会歧视你们的,3,宝贝计划
电视上分几次断断续续看过，成龙后面的电影实在水准下降太多，没什么耐心和激情详细看完了,3,宝贝计划
最好玩的而是吴彦祖和谢霆锋的“背背山”，其他的一般,3,宝贝计划
极尽耍宝搞笑之能事，但是剧情是在是太苍白了,3,宝贝计划
就这样一部电影，何以在CCAV6里出现十次以上…,3,宝贝计划
当时是同学借的盘，后来又跟电影频道看过两次= =宝宝很可爱，当消遣的片子,3,宝贝计划
竟然有7分。竟然还有棒子要翻拍。。。,3,宝贝计划
2颗半星是给那个小孩的！,3,宝贝计划
看着老成龙和老元彪打来打去，想想当年的A计划快餐车等等，突然觉得有点心酸啊,3,宝贝计划
not a comedy fan but many scenes did  crack me up a little bit,3,宝贝计划
好喜欢好喜欢里面的小宝贝，萌化了哦。长大后也很好看。,3,宝贝计划
除了背背山什麼都沒印象了，看了下那孩子的近照，明明是哥倫比亞和俄羅斯血統但已經越長越東南亞了，但有點下垂眼怎麼都好看。,3,宝贝计划
好莱坞之后，已无成龙！,3,宝贝计划
小宝宝真是本片最吸睛的亮点，真是太可爱了，想不到成龙和古天乐的组合，意外的有亮点。,3,宝贝计划
从识字、高考到工作，我没成龙，但一直在赏龙,3,宝贝计划
卡哇伊……我说的是婴儿,3,宝贝计划
高圆圆是来打酱油的。,3,宝贝计划
完全因为可爱的孩子，把这部影片从较差拉回还行,3,宝贝计划
大巴车上看的。成龙电影照例是没什么points的情节加一堆武打戏，不过凑仔情节还挺可爱的~,3,宝贝计划
纯粹的商业片。宝宝很可爱。开车的两个背背警察很可爱。其余的，只有滑稽。,3,宝贝计划
我MS对喜剧有抗体了~不过那宝宝真是太漂亮了~=v=,3,宝贝计划
当时和Alex一起看的最好看的一部片子。小孩挺可爱的，后面有点煽情，有明显的《冰河世纪》的影子,3,宝贝计划
除了这个娃娃，这部片子没有太多可圈可点的亮点。,3,宝贝计划
小Baby真可爱，好玩的喜剧片，只是有点虎头蛇尾，越到后面越不好看,3,宝贝计划
真是讨厌这些人们假装幽默...,3,宝贝计划
笨蛋英雄花瓶美女还有超级无敌可爱的宝宝,3,宝贝计划
艾玛，这都六年前的片子了。那我大概就是五年前在CCTV6看过的吧。宝贝深得我心，没准就是从那时起埋下了要生儿子的愿望哈哈哈,3,宝贝计划
公交车上再看一遍~小宝宝可爱~,3,宝贝计划
很可爱的小baby，大大的眼睛，白白胖胖的小脸，当他穿着蓝色的小衣服，咧开红红的小嘴笑的时候，就像一个小天使，好可爱。成龙和古天乐，演的都不错，很有喜感。一个小天使，最后感化了他们。,3,宝贝计划
大概是被后面漫长的ending和过度煽情拖累，一直没想过重看。没想到隔了这快十年的光阴，眼泪都给了谷峰。,3,宝贝计划
白色真皮大沙发帅呆了,3,宝贝计划
成龙老了还折腾，看着就难受。,3,宝贝计划
轻松了好一会儿。另，高圆圆有点莫明其妙,3,宝贝计划
阿Sa。三文鱼阿Sa。,3,宝贝计划
反正我觉得挺无聊的。。。,3,宝贝计划
30/09/06,3,宝贝计划
可爱的孩子，人性的美好。。。,3,宝贝计划
支持国片，给个3分吧，不喜欢和婴儿有关的片子,3,宝贝计划
合格的成龙电影，倒是开头成龙落魄不堪有点意思，有小惊喜也有无聊。,3,宝贝计划
没啥意义，小孩子还是满可爱的,3,宝贝计划
很久没有这样简单的电影了,3,宝贝计划
一直就琢磨，怎么拍的小孩啊？成龙大哥还是傍上年轻漂亮女人了……,3,宝贝计划
喜剧片笑笑就过了。,3,宝贝计划
是有些新點子，從反派著手，不過轉了半天還是回到成龍中心的表演裏去。成龍的電影，好像都一樣。,3,宝贝计划
恩，真夠熱鬧的。,3,宝贝计划
古天乐和成龙搅基 真是够了,3,宝贝计划
好几年了吧，其实不喜欢，不过里面的一些话确实蛮对的，还算畅快,3,宝贝计划
里面的小娃是不是太过可爱了点？？古仔当娘炮我很喜欢~~~~谁说黑人不能穿大粉色？ 古仔穿起来太诱惑了~,3,宝贝计划
陈木胜和成龙的这次配合不错啊，太意外了。喜剧不过分，动作也都还可以，2000年以来，好像成龙的《新宿事件》跟这个都算不错的了。,3,宝贝计划
那个小娃娃很乖,3,宝贝计划
我的四岁儿子和他的五岁哥哥看得噔大了双眼，绝对的为BB计划！因本人不在计划范围类，差点悃着了,3,宝贝计划
成龙这几年的电影好像都不怎么样,3,宝贝计划
电视上看的，一乐。,3,宝贝计划
吃哈生米，可口；打哈欠，嘢哉,3,宝贝计划
港版喜剧吧。。。。。。。,3,宝贝计划
"成龙大哥年纪大了,但是实力还是很强.小BABY很可爱,据说让年轻女性看了有回去造人的冲动.",3,宝贝计划
这类题材的电影其实蛮多的，看了几部作品了已经，这部剧好像也就一般吧，感觉没什么亮点或者特别搞笑的点,3,宝贝计划
乐乐就够了，别要求太多,3,宝贝计划
一贯风格哈。。,3,宝贝计划
宝贝长得也尼玛太可爱了！！！！！,3,宝贝计划
谢霆锋、吴彦祖、林家栋，都是来客串下的咩，成龙和古天乐的搭配还是不错的，宝宝很可爱。最后救宝宝那幕电击差点泪下,3,宝贝计划
马修很可爱，混血儿难道都这么可爱吗。,3,宝贝计划
那个小孩比较可爱，仅此而已。,3,宝贝计划
吴彦祖和谢霆锋太亮！,3,宝贝计划
宝贝的光芒遮盖了其他人,3,宝贝计划
换汤不换药，就是一个套上可爱小孩外衣的破烂成龙电影,3,宝贝计划
片中最可爱的是背背山来的谢霆锋，可惜戏太少,3,宝贝计划
就成龙的作品来说，实属平庸，20年前一样可拍。,3,宝贝计划
在去乐山大佛的路上看的。陈宝国眼的人黑帮老大太搞笑了。宝宝是个大萌点。,3,宝贝计划
就记得宝宝，动作沦为次要的了,3,宝贝计划
只记得跳空调那段比较有意思,3,宝贝计划
宝宝很可耐，高圆圆很漂亮,3,宝贝计划
还蛮可爱的哈哈~~~~~,3,宝贝计划
香港的爆米花合家欢电影真的要学学荷里活,3,宝贝计划
成龙是真的老  宝宝是真的可爱,3,宝贝计划
这是谁家孩子，太招人稀罕了,3,宝贝计划
成龙是爸爸，古仔是妈妈……还蛮基的……,3,宝贝计划
小宝宝真是可爱啊，成龙的动作片审美疲劳了,3,宝贝计划
阿祖打酱油打的也太少了吧,3,宝贝计划
那个小孩也能提名，金像奖太娱乐化了吧,3,宝贝计划
小宝宝最可爱啦！,3,宝贝计划
跟小盆友一起看的...小盆友的笑点还真是低得可爱。X),3,宝贝计划
小孩蛮可爱的，高圆圆很漂亮的~,3,宝贝计划
"BB太萌,,,Q到爆",3,宝贝计划
ka wa i!!!!!!!!!!!!!!!!!!!!!!!!!!!!!!!!! ,3,宝贝计划
陈木胜毁片不倦。。。,3,宝贝计划
小宝贝好可爱啊！,3,宝贝计划
刚开始就看不下去，后来看进去还觉得不错，煽情的音乐一起我还哭了,3,宝贝计划
7分。CCTV6看的，还可以,3,宝贝计划
多可爱的小配角们 3*+,3,宝贝计划
看着轻松，舒服。小Baby太可爱了。,3,宝贝计划
bb仔超得意。,3,宝贝计划
06.10.20,3,宝贝计划
好可爱的baby，太萌了！,3,宝贝计划
那个BABY,3,宝贝计划
小孩很可爱，两个爸爸都挺好~基情~,3,宝贝计划
主要看帅哥。无他。,3,宝贝计划
混血寶貝好可愛，沒想到陳木勝還會拍喜劇，我以為他只會拍警匪呢。,3,宝贝计划
分都给小宝贝儿了~,3,宝贝计划
...还可以吧...,3,宝贝计划
再一般不过的商业港片，除了里面那个可爱的baby，没啥可说的,3,宝贝计划
很少喜欢成龙的电影，这部是比较喜欢的，也许很大的原因是这个孩子实在太可爱,3,宝贝计划
一般般，就觉得宝宝可爱,3,宝贝计划
除了挤出的一些“笑料”，就再找不出什么电影语言了。,3,宝贝计划
那个小朋友太可爱了,3,宝贝计划
小BB蛮可爱的,3,宝贝计划
马修真是太可爱了，没有他，这部电影就没有了任何意义。,3,宝贝计划
这部片子...嗯，也算是那时的一种回忆吧。,3,宝贝计划
"$30,000,000 Rob-B-Hood",3,宝贝计划
成龙大哥难得拍这么温情的片子,3,宝贝计划
"成龙式喜剧动作片,没什么营养,但倒也觉得够轻松,里面关于阿莎和古天乐的感情部分,古得瑟那么久,打电话觉得自己不合格,那里有小感动,浪子回头了。而成龙的亲情线,也得到大团圆,总之是个中国式大团圆结局。陈木胜的港式动作片,也难说多少好看,一直保持稳定,难有亮点之作。成龙的作品都沦为形式化。",3,宝贝计划
我对谢霆锋和吴彦祖那段笑了好久,3,宝贝计划
一如既往的功夫喜剧～顺便夹带了点父爱，在摩天轮上的追逐戏，在冰库前，冰库里的对手戏，都很精彩，都充分的利用了身边的道具，这是成龙电影的一个特点了，古天乐就是旁边的小跟班～最后成龙用电击救baby的那段，真是绝了～😳狰狞的表情让人颇为感动。成龙还是有一定的演技水平的～😌,3,宝贝计划
任何一个人只要还有一点良知，在面对纯洁无辜的婴儿时，都会有责任感，正义感。宝宝拯救了这三个男人的良心。,3,宝贝计划
N久前看的 Baby真的乖shi了！！！,3,宝贝计划
BB真的非常可爱,3,宝贝计划
没有大陆狗瞎鸡巴搅合就好了,3,宝贝计划
宝宝 陈宝国,3,宝贝计划
宝贝很漂亮，古天乐很耸~,3,宝贝计划
除了BB可爱。。。。,3,宝贝计划
三星半。为什么觉得陈宝国在里面妖气很重？,3,宝贝计划
自然点，行不？,3,宝贝计划
南非有部片子，名字忘了，很不错，严重怀疑此片有copy的感觉。。。风格有变化,3,宝贝计划
为了小宝贝愿意看。,3,宝贝计划
老婆，看过N遍了，电视上放的，噗，这部还算是成龙风格的延续，现在成龙越拍越垃圾了,3,宝贝计划
内容很有爱啊。古天乐和成龙就是一对好基友啊~一起人妻吧~~~,3,宝贝计划
真的挺一般的。,3,宝贝计划
baby很可爱～挽救了古天乐……,3,宝贝计划
嗯嗯。。。没感觉,3,宝贝计划
挺搞笑 挺好的,3,宝贝计划
8个月了。。。终于和GF在电影院里看到一部好片了。。。,3,宝贝计划
成龙啊成龙……说你什么好。,3,宝贝计划
宝贝计划里面的小宝贝长大了,3,宝贝计划
除了baby很可爱，没什么突出,3,宝贝计划
jacky chen is too old to perform this kind of movie,3,宝贝计划
"没看完,只记得那次是跟男生翘掉晚自习在网吧里看的.",3,宝贝计划
打发时间的喜剧片,3,宝贝计划
成龙的幽默还是有一些些的~~,3,宝贝计划
这么高分儿只是觉着，那个BABY太Q了！！！,3,宝贝计划
"似乎看过, 就记得有成龙, 还有个小孩, 和古天乐, 好像印象中有高圆圆..",3,宝贝计划
成龙，古天乐，应采儿，高圆圆一众明星，但最吸引我还是那个宝宝。,3,宝贝计划
成龙的套路：热热闹闹开场，中间搞笑地开打，结尾急转而下的悲伤，最后肯定皆大欢喜啦，全场情节都是要营造紧张的氛围。不过要说，在中文电影中，成龙也算质量的保证了,3,宝贝计划
又看了一遍，成龙老了,3,宝贝计划
总是觉得没什么内涵..,3,宝贝计划
8错的，颇有港式遗风，就是不痛不痒~！,3,宝贝计划
leisure time :),3,宝贝计划
宝宝很出彩，别的就一般了 ,3,宝贝计划
那个宝宝太可爱了,3,宝贝计划
看着好玩。,3,宝贝计划
乐乐呵呵的。。。然后就看大家卖萌呗~,3,宝贝计划
烂大街了…长途车必放哎…,3,宝贝计划
好可爱的宝宝噢。,3,宝贝计划
那个小孩很可爱～,3,宝贝计划
看了很多遍就是。看了会笑就够了。,3,宝贝计划
感觉挺无趣的，看不出来他们有多疼爱小孩,3,宝贝计划
古天乐演的不错,3,宝贝计划
加一星给超漂亮超可爱的宝宝。,3,宝贝计划
我等着看这娃长大了啥模样。,3,宝贝计划
baby 太可爱了!!,3,宝贝计划
喜剧桥段大全  没什么新意 但好看,3,宝贝计划
"Not very smart, those two actors Jacky Chung and Luis Koo are just selling their fame here, no real quality! ",3,宝贝计划
唯一的亮点是那个宝宝实在太可爱了，其他的乏善可陈。,3,宝贝计划
2011年，在CCTV6再看一遍。纯属无聊。,3,宝贝计划
一般般，小宝贝倒是挺可爱。不喜欢成龙。,3,宝贝计划
一星给小baby，剩下的给两个奶爸。,3,宝贝计划
爆米花电影，看看好玩,3,宝贝计划
今晚看了加长版，动作搞笑融合得不错，古天乐不是不会搞笑而是看什么对手。许冠文冷面笑匠功力犹存，成龙大哥还是杂耍式的打斗，合家欢的爆米花电影。,3,宝贝计划
成龙式的开心，让人发自内心的轻松。,3,宝贝计划
小宝宝太可爱了！从头笑到尾&gt;&lt;,3,宝贝计划
小朋友以后肯定成明星了。。,3,宝贝计划
子宫大动means孩子太可爱了！,3,宝贝计划
那个混血宝宝确实可爱,3,宝贝计划
陈宝国反派对路,3,宝贝计划
反正就是不怎么喜欢成龙大哥的、,3,宝贝计划
mathew超可爱~,3,宝贝计划
小盆友太萌了~,3,宝贝计划
小孩抢戏了，哈哈,3,宝贝计划
BB超可爱~,3,宝贝计划
那个小孩真的是演员的料！,3,宝贝计划
挺乱的一闹剧,3,宝贝计划
不好意思我对婴儿这种东西没啥兴趣……,3,宝贝计划
可爱的小孩。,3,宝贝计划
2006.10.24,3,宝贝计划
宝宝很漂亮、其他无感、纯消遣片,3,宝贝计划
那宝宝太可爱了~~~,3,宝贝计划
BB好可爱。。。That&#39;s it.,3,宝贝计划
一场闹剧，又是个从肥皂水里爬出来的小baby,3,宝贝计划
成龙的片有区别吗？都是换汤不换药的感觉 除了功夫还有啥 ？,3,宝贝计划
一般，实在一般。结尾是不是过于夸张了？,3,宝贝计划
现在很少看到这么正的香港喜剧了,3,宝贝计划
只能说那个小孩还挺可爱的~,3,宝贝计划
很富娱乐性，但最后的煽情戏太多了,3,宝贝计划
没有多余的人就好了,3,宝贝计划
高圆圆去死！！！,3,宝贝计划
混血宝宝忒乖了！,3,宝贝计划
matthew is the focal pt...,3,宝贝计划
当初死活没看出小护士=周芷若-_-|||,3,宝贝计划
又白痴又可爱，不容易啊,3,宝贝计划
http://www.xingzheng.name/archives/movie-rob-b-hood.html,3,宝贝计划
BB超级可爱~,3,宝贝计划
一般般，那个小孩太可爱了,3,宝贝计划
混血混血~,3,宝贝计划
孩子是最大亮点无疑，但里面几个小角色的表演其实更有笑点，印度人表哥那段和吴彦祖&amp;谢霆锋的押运员都蛮搞笑：）,3,宝贝计划
baby超级可爱 唔,3,宝贝计划
宝宝太可爱了，没有台词的最佳演员。成龙本来就是功夫喜剧的拿手绝活，古天乐开发出了自己的逗比本色，虽然情节略弱，终极BOSS有点莫名其妙，中间俩大男人跟宝宝的互动还是蛮温馨搞笑的,3,宝贝计划
这个小孩太可爱。,3,宝贝计划
还行吧，一部下午没事的时候可以乐一乐的影片,3,宝贝计划
里面的BABY可爱的没话说,3,宝贝计划
原来我已经过了看这种武打片的阶段,3,宝贝计划
唉……古天乐还不错,3,宝贝计划
那个宝宝确实可爱,3,宝贝计划
懂广告的都知道的黄金3B,3,宝贝计划
我觉得成龙的电影都很难看。可能是年龄代沟问题····,3,宝贝计划
我的小伙伴居然看哭了- = 我无语,3,宝贝计划
只能养眼了~宝贝很可爱,3,宝贝计划
大哥的风头完全被一个小Baby抢走，谁家的宝贝如此可爱捏？,3,宝贝计划
20090204 @ office,3,宝贝计划
里面的bb好可爱。。后来韩国也出了一个，文梅森,3,宝贝计划
廉颇老矣，尚能饭否,3,宝贝计划
聪明 听话的宝宝好可爱！！,3,宝贝计划
大哥还是这么灵活~不过我还是喜欢年轻的小古~,3,宝贝计划
BB很可愛~,3,宝贝计划
高圆圆你还可以再无存在感一点么？,3,宝贝计划
06年或者07年，在家你让我看的。,3,宝贝计划
~第一次知道人字拖，第一次知道宝宝也是可以电击的...,3,宝贝计划
又是成龙的搞笑的打斗。亮点是小孩超级可爱。,3,宝贝计划
当时电影院只有它和夜宴，幸好没选那个搓片。其实这部电影就我对它的期待来说，还是给了不少惊喜的。正太君确实很可爱~,3,宝贝计划
BB is so cute！！,3,宝贝计划
长途下午茶,3,宝贝计划
看过了就好了,3,宝贝计划
那孩子怎么配合得那么好呢,3,宝贝计划
除了宝宝……其他都很做作,3,宝贝计划
在成龙大哥一贯的风格外，片子的主旨也很好，盗亦有道，几个小贼在与小宝贝的生活中建立了深厚的感情，为了救他可以牺牲自己，让人感动。小宝宝好可爱，真想捏一把、抱一抱。,3,宝贝计划
还是小宝贝可爱。,3,宝贝计划
宝宝可爱,3,宝贝计划
其实我觉得还算好看。。至少看的过程还比较愉快 时间一会就过去了,3,宝贝计划
当年觉得成龙已经老了，估计很快就不能再去拍动作片了，现在看来，那才是起步期。,3,宝贝计划
一般吧 小孩似乎还挺可爱,3,宝贝计划
好可爱，好漂亮的宝宝！~,3,宝贝计划
卖萌卖萌卖萌。。。,3,宝贝计划
喜欢古天乐演亦正亦邪的角色。,3,宝贝计划
宝宝挺可爱的。,3,宝贝计划
“要发达——吃软饭！”,3,宝贝计划
標准成龍電影.BB很可愛，動作片穿插一些笑點算是協調平衡了.最後一段成龍演繹精湛，加分,3,宝贝计划
成龙式的喜剧加动作，有了小baby的加盟，让影片增色不少。完美结局，很有爱。一直都很喜欢陈宝国的声音。,3,宝贝计划
基本上可以边看边猜到下一个情节是什么的电影,3,宝贝计划
宝贝可爱，仅此而已,3,宝贝计划
BABY可爱，结尾煽情。,3,宝贝计划
那小孩长得像陈冠希~~~~~,3,宝贝计划
情节还是那种打打杀杀 正义战胜邪恶 表现成龙功夫之类的 没啥新意  只是里面的宝贝真的很可爱,3,宝贝计划
成龙的动作喜剧已经逃不出他固定的路子了。或许我再年轻十岁就会很喜欢，可惜我老了，不再喜欢重复的东西了！,3,宝贝计划
宝贝真可爱,3,宝贝计划
小孩真可爱～,3,宝贝计划
全部亮点就是那小北鼻,3,宝贝计划
主要为了看看高媛媛当花瓶能当到什么境界,3,宝贝计划
大哥明显老了，转型是痛苦的，不如《新警察故事》。讲的道理虽然很老套，但是确实很正确。,3,宝贝计划
宝宝太可爱了。。,3,宝贝计划
一般般。,3,宝贝计划
那个BB超趣致！！最后成龙救BB那幕也赢了点眼泪。,3,宝贝计划
那小孩长大了会是什么模样？,3,宝贝计划
谢霆锋和吴彦祖这对雷死我了……,3,宝贝计划
成龍的英雄故事。加上那個超可愛的BABY。,3,宝贝计划
据说那个小孩认成龙当干爹了 啧啧,3,宝贝计划
电影频道看了N遍得出一个结论：老套,3,宝贝计划
小BB是唯一亮点,3,宝贝计划
各种娱乐点抓的还算及格，但是有点过了，后期的很多成龙电影都是如此，过于煽情，过于说教，不过题材捡的算是新颖，片中的婴儿是加分项。,3,宝贝计划
包租公许老头哈哈哈~小孩几是有那么点可爱,3,宝贝计划
@高中入学军训,3,宝贝计划
还算有趣的商业喜剧片,3,宝贝计划
動作戲同搞笑戲交到課。有可能是最後一齣成龍主演的香港本地故事電影。,3,宝贝计划
Matthew很可爱~,3,宝贝计划
好可爱的宝宝，好喜欢。剧情太老套太俗，没什么新意！,3,宝贝计划
宝宝真心帅！高圆圆真纯！,3,宝贝计划
正太君很可爱。无他。,3,宝贝计划
比较可爱，但没什么特别。,3,宝贝计划
成龙的电影就不各个评论了，他创造了一种类型电影，已经是大哥了,3,宝贝计划
可爱的BABY啊~~~,3,宝贝计划
挺好玩。就是老套了点。,3,宝贝计划
小宝宝很可爱。,3,宝贝计划
成龙的表演永远不会有突破,3,宝贝计划
对动作片不感冒。。,3,宝贝计划
感慨一下成龙确实老了。那个小孩日后定火。,3,宝贝计划
某一年过年的夜晚...睡了醒醒了睡....DVD里循环播放着介片儿...,3,宝贝计划
电影一般，宝宝倒是挺可爱。,3,宝贝计划
——你从哪里来？——从背背山来,3,宝贝计划
随大哥一起老去的还有他的电影,3,宝贝计划
so cute~,3,宝贝计划
用一个宝宝穿起来的电影 成龙最近成功的转型尝试,3,宝贝计划
真诙谐...,3,宝贝计划
古天乐太黑了……感觉电影乱糟糟,3,宝贝计划
里面那个baby好可爱&gt;&lt;,3,宝贝计划
可爱的小娃娃,3,宝贝计划
恩啊......当时看还是很感人的.......,3,宝贝计划
阿sa可爱,3,宝贝计划
继续陪我妈看电影。,3,宝贝计划
成龙温情的一面,3,宝贝计划
继续陪我妈看电影。,3,宝贝计划
成龙温情的一面,3,宝贝计划
女朋友看了这个片子终于愿意生小孩了,3,宝贝计划
看看成龙还在卖命啊，也就知足了。,3,宝贝计划
中规中矩的娱乐电影,3,宝贝计划
大哥不愧是大哥。,3,宝贝计划
宝宝太萌鸟，否则看点必定大大降低,3,宝贝计划
很可爱的宝贝~因为成龙太恶心人了，所以三星。。成龙你是我的票房毒药,3,宝贝计划
剧情无新意，宝贝足够萌。,3,宝贝计划
宝宝的电影。,3,宝贝计划
那小baby太可怕了,3,宝贝计划
小娃娃虽然可爱，提名最佳男主角也太搞了吧,3,宝贝计划
小孩真的灵,3,宝贝计划
看到这小家伙长大的照片了 突然想起原来看过这本电影,3,宝贝计划
古天乐同斜是好同鞋~很俗很欢快陈宝国有点无聊,3,宝贝计划
成龙，挺不靠谱的，过于媚俗了,3,宝贝计划
仅作为娱乐片,3,宝贝计划
为什么宝宝不能拿金像奖?我觉得这部片子里就它最可爱啊~,3,宝贝计划
so Q~~~~,3,宝贝计划
成龙叔叔的真心看厌了。。,3,宝贝计划
电影频道要放尼玛几万遍！,3,宝贝计划
成龙大哥 请你换个风格行么,3,宝贝计划
鼓励大家生baby的片子,3,宝贝计划
超喜欢那个小宝贝，现在小宝贝也该长大了吧~,3,宝贝计划
"BB很可爱, 古仔很帅.",3,宝贝计划
就是宝宝还不叫可爱，古天乐比较耍宝，成龙拍的电影我总是没有好感。。。,3,宝贝计划
还挺喜欢的呦,3,宝贝计划
小baby真是可爱至极。还是很具成龙风格的。,3,宝贝计划
小可爱很可爱,3,宝贝计划
可爱的小宝宝,3,宝贝计划
https://movie.douban.com/review/8141737/,3,宝贝计划
快餐一部~~~几只打酱油的很口耐,3,宝贝计划
有意无意看过至少两遍了。同类题材的港片里，算不错的。,3,宝贝计划
比較無聊，除了bb很得意～,3,宝贝计划
baby好cute,3,宝贝计划
巨可爱的小人人~~~,3,宝贝计划
没啥想说的。。。,3,宝贝计划
这个，看个乐和，还是非常不错的…………,3,宝贝计划
妈咪~超人耶~,3,宝贝计划
好可爱的宝宝,3,宝贝计划
我就记得胳膊都被掐疼了,3,宝贝计划
2010.01.31,3,宝贝计划
李嘉诚真的粉可爱，又见元彪叔叔，奈何岁月催人老啊,3,宝贝计划
just for the baby,3,宝贝计划
情节好冷……小盆友真可爱,3,宝贝计划
好可爱的小孩子哟,3,宝贝计划
好可爱的BB..,3,宝贝计划
奶爸很难……,3,宝贝计划
BABY最可爱了~,3,宝贝计划
除了娃娃是亮点，其他都不记得了。,3,宝贝计划
背背山……,3,宝贝计划
bb好可爱,3,宝贝计划
每次都是在大巴上看的……,3,宝贝计划
冲那小子给的分,3,宝贝计划
古天乐在车上换位置的一段~现在还记得,3,宝贝计划
宝贝太可爱。。。,3,宝贝计划
7.2/10,3,宝贝计划
baby很可爱 其他的都忘了,3,宝贝计划
又有高圆圆。。。,3,宝贝计划
可爱的宝贝让人回归真正的自己！,3,宝贝计划
只能说，小宝宝很萌。。。。。成龙喜欢无能,3,宝贝计划
小BABY太可愛了；嗷不喜歡看成龍打來打去就這麼幾套= =； 吳彥祖：“全靠你！”~~~~ o(*￣▽￣*)ブ ,3,宝贝计划
小baby超可爱,3,宝贝计划
那个宝宝，爱疯了,3,宝贝计划
除了宝宝超级可爱圆圆很pp以外没啥看得……,3,宝贝计划
小宝宝眼睛好漂亮,3,宝贝计划
两年前跟全班同学看的,3,宝贝计划
值得一看 不过算不上太好啊,3,宝贝计划
小家伙太可爱了！,3,宝贝计划
给宝宝加一星吧╮(╯_╰)╭,3,宝贝计划
寶寶很可愛,3,宝贝计划
宝宝太可爱了~~~高圆圆和成龙怎么看都有老牛吃嫩草的嫌疑。,3,宝贝计划
那个baby可爱到妖孽。,3,宝贝计划
可爱的宝宝,3,宝贝计划
2.5那段婴儿车追车戏绝了！全片最有看点的一段。小宝宝真的长得好漂亮，每一个小baby都是天使,3,宝贝计划
宝宝很可爱，画面颜色干净艳丽，就是最后成龙舍命救宝宝有点恶俗了。。。,3,宝贝计划
还是不错的，看着让人很温馨，适合情侣看！,3,宝贝计划
已不复当年神勇。。。很好奇那小子长大后的摸样,3,宝贝计划
3.5原来在CCTV6看的。还是不错的。,3,宝贝计划
BB好可爱哦  嘿嘿 生个吧  混血儿  目标 加油哦,3,宝贝计划
混血宝贝儿,3,宝贝计划
央六播疯了这部,3,宝贝计划
成龙和古天乐暖心奶爸，一个负责妈妈，一个负责爸爸，插科打诨跳空调，现在回想很多设计挺超前的。高圆圆更是惊喜但可有可无的存在。不爽得是最后就醒孩子的部分实在有点儿墨迹，煽情过分了，又不是没人知道最后要大团圆。,3,宝贝计划
当年高中的“影视鉴赏”课看的，就这样。,3,宝贝计划
可爱的小baby~~还有可爱的奶爸,3,宝贝计划
宝贝太可爱了！,3,宝贝计划
很像以前看过的电影。。也是拍婴儿的。。很搞笑。。不过现在忘了叫什么,3,宝贝计划
小宝宝太可爱了。,3,宝贝计划
评分果然高啊，估计里面的小宝贝挣了不少人气呢,3,宝贝计划
其实我只是想看阿sa的那几分钟而已。,3,宝贝计划
超可爱的片子，看的时候满脑子响起的都是《亲亲我的宝贝》……,3,宝贝计划
成功的商业片,3,宝贝计划
挺好的。。 古天乐唱的那首哄宝宝睡觉的歌我至今还会唱~ 宝宝太Q了,3,宝贝计划
小baby抢足镜头,3,宝贝计划
结局有点小感动,3,宝贝计划
高中时下午活动课在教室的电视里看的，电影社放的，大家一起看才好笑么，呵呵,3,宝贝计划
三分全给小宝贝~,3,宝贝计划
三分全给小宝贝~,3,宝贝计划
我记得里边还有谢霆锋客串是吧？,3,宝贝计划
运钞员亮了。。。,3,宝贝计划
仅仅是卖萌而已,3,宝贝计划
2个男人绑架一婴儿，最后却成了超级奶爸的故事。如果你对这世界失望，你就去看看孩子的模样,3,宝贝计划
Matthew几cute的呀,3,宝贝计划
看孩子的份上我给仨星星,3,宝贝计划
知足常乐，在港片不景气的今天也算勉强满足了观众。,3,宝贝计划
还不错的温情搞笑片,3,宝贝计划
成龙，真是老了,3,宝贝计划
煽情部分太多,3,宝贝计划
人老啦~~~~~~~唉,3,宝贝计划
出现宝贝那些部分还有些乐趣-jackie chen老得不行啦-高圆圆给人感觉很别扭,3,宝贝计划
我好喜欢这个小宝贝啊！长的太漂亮了！还那么开爱！全片都充满了欢笑！成龙的电影一如既往地延续了有趣的打斗动作，很好的喜剧片。,3,宝贝计划
适合家里人一起看。山寨小鬼当街，两星半。,3,宝贝计划
一般一般 但是小宝宝很可爱  ,3,宝贝计划
当时班里不知道放了几遍了 宝宝很漂亮 港陆合作有些地方还是会尬,3,宝贝计划
小宝宝太萌了,3,宝贝计划
是在国外拍过太多类似的电影，所以觉得就那样吧！不过宝宝是真的太可爱了！,3,宝贝计划
冲着可爱的BB,3,宝贝计划
俩男人一起去超市买纸尿裤的时候XD……,3,宝贝计划
「你從哪裡來的? → 背背山.」,3,宝贝计划
发现演老爸的是谷峰,3,宝贝计划
成龙和古天乐强作欢颜的感觉。,3,宝贝计划
宝贝太可爱。,3,宝贝计划
CCAV6看过。这个戏高圆圆又花瓶了。一直没觉得这个BABY是女孩来的。,3,宝贝计划
里面有高圆圆 嘿嘿,3,宝贝计划
宝贝确实好乖...,3,宝贝计划
baby u r so cute,3,宝贝计划
这娃真心疼,3,宝贝计划
神奇的是，每次看这个片子，都是在飞机上。,3,宝贝计划
虽有抄袭之嫌，但是还算合格,3,宝贝计划
成龙的热血还能抛洒多少年啊,3,宝贝计划
2009好像也是过年的时候看的，貌似只有那个时候有兴致，比较闲。还行吧,3,宝贝计划
卧槽第一次被一个小宝宝萌到一脸血又一脸血,3,宝贝计划
不多说，成龙古天乐的无意义的电影,3,宝贝计划
背背山那段很搞阿,3,宝贝计划
不好看...,3,宝贝计划
坚定了我不要孩子的心……,3,宝贝计划
前半篇4分。后半篇...非要用整整半部片子的长度来进行这空洞无物/漏洞百出的道德教化么...破坏了整晚的好心情...综合起来1分,1,宝贝计划
得了，就宝宝可爱点，剩下的~~~中国的商业片不会就这样了吧。明星呀明星，什么星星呀？,2,宝贝计划
很烦这种拿小孩子做噱头的电影,2,宝贝计划
成龙你他妈真的老了。回家抱孙子哈,2,宝贝计划
成龙的电影 实在审美疲劳...个人对成龙功夫片看过3部就开始腻了...,2,宝贝计划
闹来闹去，没什么意思。,2,宝贝计划
没看出哪里好玩，求求古天乐别演喜剧片了,2,宝贝计划
看第二遍发现友情客串的谢霆锋和吴彦祖了……,2,宝贝计划
成龙一演感情戏就让人发笑,2,宝贝计划
话说香港电影能不能别再邀大陆演员加入啦 囧 尤其是喜剧……太做作了 =&#34;= 话说古仔昨天好像伤了脚 QAQ,2,宝贝计划
就是打发紧绷脑子的无意义电影,2,宝贝计划
多好一孩子，给扔来扔去,2,宝贝计划
╮(╯▽╰)╭，不想评论,2,宝贝计划
为了一个小娃子而已,1,宝贝计划
结尾煽情的部分sucks，假的过头。看看休闲还不错,2,宝贝计划
哎呦我的神啊，该干嘛干嘛去，模仿好莱坞得让人心寒,2,宝贝计划
可以看看 商业片 笑笑也好,2,宝贝计划
就小孩挺可爱，古天乐早已不忍看了,2,宝贝计划
大伙一起看还蛮有意思的,2,宝贝计划
成龙你要不要每本电影都这么搞啊。。。。,2,宝贝计划
不到位的剧情，恶俗的搞笑，慵懒的动作，狗血的故事。,2,宝贝计划
越来越讨厌成龙的捞钱片了。,2,宝贝计划
没办法，长途车上看完的。,2,宝贝计划
孩子蛮可爱的  ,2,宝贝计划
港台电影，搞笑,1,宝贝计划
我讨厌看到成龙....,1,宝贝计划
已经完全不记得怎么回事了，看来是不好看,2,宝贝计划
不喜欢，骗小孩子就行。,2,宝贝计划
我觉得成龙的戏里面这部算最难看的了……不过宝宝确实很可爱 高圆圆还是辣么漂酿 唯一亮点是吴彦祖跟谢霆锋那一段 = =,2,宝贝计划
一颗给卖萌的宝宝，一颗给玩命的成龙,2,宝贝计划
有古天乐，这片能看？,1,宝贝计划
什么烂七八糟的片子！！！,2,宝贝计划
大一？宝贝真Q,2,宝贝计划
广告学中的3B运用的非常到位，baby beauty beast，禽兽（没错就是他，两面三刀的家伙）放开那个BB,1,宝贝计划
A计划，B计划，飞鹰计划一直到现在的宝贝计划，如果是十几年前还是很引人入胜的，现在的我真提不起精神。,2,宝贝计划
2011.02.11.,2,宝贝计划
06年某美术课——巨讨厌这种瞎闹腾的港片,1,宝贝计划
呃 成龙的片都不知道拍来干什么的,2,宝贝计划
陈建国在这里面非常搞笑啊,2,宝贝计划
本来想拍的很感人，可以总感觉怪怪的，最后听说那个小孩火了,2,宝贝计划
宝宝很可爱，剧情有些老套。片尾大哥的武打action加分了,2,宝贝计划
宝宝很可爱,2,宝贝计划
只能说小孩是亮点,2,宝贝计划
一声叹息没落的香港电影,2,宝贝计划
高3学校组织看的,2,宝贝计划
小寶寶很可愛 ,2,宝贝计划
我只给1星是因为：剧情我给2星，古天乐给2星，搞笑给1星，但是成龙-4星,1,宝贝计划
真无聊~~~~~~,2,宝贝计划
除了宝宝比较漂亮，余下的都很烂。,2,宝贝计划
疑似向《抚养亚利桑那》致敬。,2,宝贝计划
某人都快被删的没台词了。。。。差评,2,宝贝计划
太讽刺！大哥犯了每个男人都会犯的错误后留下一个女儿不闻不问，在电影里装绝世好父亲有什么屁用？怀揣一颗魔鬼的心，为了去做更大的坏事，而去行一些小善，这种善行能算是真善吗？ 最看不得这样伪善的男人在屏幕上批着一张老脸装逼耍贱。,2,宝贝计划
看完更讨厌孩子了，又哭又闹又撒尿！,2,宝贝计划
烂片何须多言,1,宝贝计划
千篇一律龙成虫,2,宝贝计划
大家一起來奪子,1,宝贝计划
不知不觉看了成龙师傅这么多部戏，哎，baby好萌,2,宝贝计划
baby你真可爱,2,宝贝计划
都说这里的宝贝可爱   看不出来   矫情,2,宝贝计划
毫无感觉,2,宝贝计划
就记住那俩GAY了...,2,宝贝计划
BB可爱,2,宝贝计划
我只记得吴彦祖和谢霆锋演的笨贼，太喜欢了。,2,宝贝计划
只有两位客串让我眼前一亮.,2,宝贝计划
成龙打来打去，好久能打得累？,2,宝贝计划
不当电影你可以给更高，但是我是站在movie的角度,2,宝贝计划
简直看不下去。个人观点,2,宝贝计划
小孩子好可爱啊，可是片子还是很垃圾，看一遍还能称作娱乐，看第二便绝对是愚蠢！！,2,宝贝计划
"进高中学校放的第二部电影,而且在该片首映前.囧.",2,宝贝计划
拍baby的戏很别扭..,2,宝贝计划
有趣的动作喜剧,2,宝贝计划
成龙片给人最大感觉就是：一顿瞎忙,1,宝贝计划
忘记标，因为不怎么值得标。大哥跳窗台一路从天到底。一镜到。高圆圆啥的，一直摆设。古天乐首次演反派？成龙凭这么部电影得当年金鸡还是百花最佳男主。所以我忘了标。,2,宝贝计划
对于照抄《Baby&#39;s Day Out》的电影没什么好印象。,2,宝贝计划
成龙老矣，尚能饭否！,2,宝贝计划
我没看完。,2,宝贝计划
"那個baby超可愛的, 武打戲也很精彩",1,宝贝计划
看看就过，不喜欢那种拿富豪孩子当卖点的贺岁片。,2,宝贝计划
你妹啊，这片子我在长途车上反复看了不下9遍，摩托罗拉给你多少广告费啊？艹,1,宝贝计划
ʕ•̫͡•ʕ*̫͡*ʕ•͓͡•ʔ-̫͡-ʕ•̫͡•ʔ*̫͡*ʔ-̫͡-ʔ，打卡。,2,宝贝计划
谁看谁傻逼。,1,宝贝计划
爱死那个小宝宝了,2,宝贝计划
非常不要脸的电影，知道剧情及动作场面很烂拿不出手，所以就找个可爱的baby来卖萌以分散观众的注意力，这招对我不好使。,2,宝贝计划
Simply a crap,1,宝贝计划
商业得太明显,2,宝贝计划
虽然不好看 但是那么早的年代就知道公然卖腐 导演有心机呦,2,宝贝计划
极其无聊,1,宝贝计划
蛮无聊的,2,宝贝计划
小宝宝很可爱很可爱，小谢和吴彦祖也是，其余一无是处,2,宝贝计划
为了挣钱真不容易......,2,宝贝计划
普通的商业片，老套的温情，由于过多的暴力场面，仍属于BEYOND《教坏细路》中所批判的场面,2,宝贝计划
典型的港式闹剧，没劲透了！,2,宝贝计划
洗衣机里那个肉脸是精华~,2,宝贝计划
美术高考的那段时间一坐大巴就放这个，无语了。,2,宝贝计划
其实我想说一般，但只有还行这个评价，又够不上,2,宝贝计划
典型的香港烂片，成龙这次的角色不是反派么,2,宝贝计划
陈木胜=烂！,2,宝贝计划
去年看的，挺好的，看到最后都哭了。。。,2,宝贝计划
本身就对这类片子不感冒……,2,宝贝计划
一星给宝宝，一星还是给宝宝,2,宝贝计划
我最讨厌小孩,2,宝贝计划
很一般.鬼都猜得到结局.,2,宝贝计划
除了BB很可爱外，无感。。。,2,宝贝计划
什么玩意儿,2,宝贝计划
萌宝宝加上一星，我是不会说我在腐剧的帖子里看到此剧才想起来看到过这样一部基情四射的电影而不自知。,2,宝贝计划
电影频道每年都要播10遍的片子。,2,宝贝计划
宝贝太给力了。高圆圆从此开始涉足香港电影。,2,宝贝计划
非常搞笑啊，成龙和古天乐搞基，高圆圆饰演护士，许冠文加盟，各种奇幻的组合。,1,宝贝计划
典型的拼凑笑素的电影，很明显的模仿好莱坞的电影。,2,宝贝计划
不喜欢这类电影。,2,宝贝计划
差劲的商业,1,宝贝计划
甘蔗---嚼完一堆渣 而已,2,宝贝计划
陈木胜好可怕滴,2,宝贝计划
小BB加分，不然就是一分,2,宝贝计划
成龍大傻逼,1,宝贝计划
看着蛋疼。。。,2,宝贝计划
要不是有2个帅哥，看个牙刷！,2,宝贝计划
看过些片断，对成龙已经不报希望了。,2,宝贝计划
难道成龙跟古X乐也睡过＝＝？||||||||||,2,宝贝计划
除了宝贝没什么可看的,2,宝贝计划
那个宝宝太可爱了 8国混血 很不容易的,2,宝贝计划
滥情，无聊。,2,宝贝计划
原来几年前看过，居然一点印象都没有,2,宝贝计划
感觉电影卖萌可以，但不能以卖萌为全部啊。,2,宝贝计划
挺烂,2,宝贝计划
“故事围绕一个刚出生的宝宝开始。人字拖（成龙 饰）虽有不凡的身手，可是终日沉迷赌博毫无人生目标，便与包租公（许冠文 饰）、八达通（古天乐 饰）一起爆窃，干着偷偷摸摸的犯罪事。城中女富豪（余安安 饰）唯一的孙子出生后，包租公受不了金钱的诱惑，答应把宝宝偷给黑帮老大，以证明BB是否自 己死去的儿子与前女友的孩子。”,2,宝贝计划
中央六台轮流来轮流去的反反复复的翻来覆去的演的有完没完 从开始萌上小baby到后来看到这小破孩还有大蒜鼻成龙我就烦,2,宝贝计划
除了选了个无敌可爱的baby外，没有什么看头,2,宝贝计划
后来再看觉得不好看.......,2,宝贝计划
我的笑点在哪里,2,宝贝计划
因为古天乐才看,2,宝贝计划
两星半 不记得了,2,宝贝计划
也就看着好玩吧。没啥思想。,2,宝贝计划
没什么值得学习的影片。纯粹商业电影。,2,宝贝计划
太鸡巴难看了,1,宝贝计划
话说前几天我们这边的CSTV又在播啦,2,宝贝计划
一点也不好笑！,2,宝贝计划
极其无聊……,2,宝贝计划
我记得呀，这电影我姐姐向我推荐，我就问我姐姐这电影成龙演的是好人还是坏人呢，我姐说不好说呀，可以算是好人也可以算是坏人,2,宝贝计划
只有那个小宝贝很可爱～,2,宝贝计划
因为成龙减一分,2,宝贝计划
宝贝计划,2,宝贝计划
其实蛮无聊的,2,宝贝计划
为什么大家看起来都那么傻,2,宝贝计划
完全就是一场闹剧。,2,宝贝计划
"除了宝宝很可爱以外,没有任何可取之处.",1,宝贝计划
一直没搞懂为什么是IMDB最差的十部影片之一。,2,宝贝计划
没有宝贝当街拍的好，也不喜欢成龙的转型。失望。,2,宝贝计划
是小朋友 长大都会残的,2,宝贝计划
感覺還好，沒有想像中的那麼好看。,2,宝贝计划
没意思  不喜欢成龙的风格。。。,2,宝贝计划
很不喜欢很不喜欢，没深度也就算了，但是真的非常不好笑,2,宝贝计划
对于我这种看见熊孩子就烦的人来说，本片堪称灾难……,2,宝贝计划
阅。,2,宝贝计划
小孩真是麻烦。,2,宝贝计划
对小孩无感人士看伐看伐睡着了,2,宝贝计划
记忆里只有成龙的搞笑打斗，还有很美的高圆圆了。,1,宝贝计划
烂就一个字,1,宝贝计划
电影频道看的吧 随便看看还能怎样- -,2,宝贝计划
就..不喜欢成龙＝＝,1,宝贝计划
这个还真就两分。,2,宝贝计划
小宝贝像个小天使，太惹人爱啦。,2,宝贝计划
不好玩儿。,2,宝贝计划
就是图个消磨时间的电影，适合跟家里人一起的时候，当作播放背景,2,宝贝计划
听说港片是江河日下，看了该片才知道此话不假，最无厘头的是让剧中的小婴儿入选最佳男演员（还是男配角）之类，其他演员都得找个地洞钻下去,1,宝贝计划
现在回想一下看过的香港电影，没什么值得回味的。,2,宝贝计划
一星给宝宝，一星给古仔,2,宝贝计划
很一般的电影~~,2,宝贝计划
7分,2,宝贝计划
不咋滴~~~,2,宝贝计划
烂……,1,宝贝计划
有大牌 有剧情 有动作 有港味 可综合起来只能算一部平平过的电影,2,宝贝计划
成龙不能那啥点么。。。。,2,宝贝计划
垃圾。,1,宝贝计划
可爱的宝宝给两颗星,2,宝贝计划
两星半,2,宝贝计划
看过两遍，真的还不错，但是没什么内涵，剧情也不算凸出，护卫组奶爸超棒。,2,宝贝计划
不明白为什么会掉泪,2,宝贝计划
看完只觉得成龙又基了，古天乐都不放过= =,2,宝贝计划
香港电影越来越差……越来越差……,1,宝贝计划
所以我们ha还是设定好彼此的边界，你看我为这个项目筹划啦三个多月，然后熬夜真多天终于有眉目啦，你这边怎么样啦呢。你看我们还是多叫暂停键，停下来好好想想，哪些就是让用户吧时间浸泡下去，然后滑下去，技术型的宅男从来不需要看你需要什么，通过人性的需求撕开一个口子，让你慢慢地滑下去，不知不觉一天有一天过去啦，而你乖乖付钱购买商品和服务，这就是品味越来越低。我在这里等你，而你却没有欣赏到更高级的东西，就吃着速效救心丸子步步的以为自己拥有多少知识，知识从来不被人拥有，只被人利用，你说你换工作，为什么不先上车然后再换座位呢。你看加入苹果公司的数据统计的都是不知名的大学你想加入先考上那个不入流的大学，多简单的事情呢，通过校友通过内部分享群，各种各样的办法，成全别人也成全自己，你会赢得未来的放心吧皮卡丘,2,宝贝计划
那个小baby~太可爱鸟~想收藏着玩~,2,宝贝计划
记不清楚了，但是当时感觉不怎么样,2,宝贝计划
看在宝贝可爱的份上，加一颗星，圆圆MM加一颗星,2,宝贝计划
断背背~~~,2,宝贝计划
后来见了成龙的这种什么什么计划就不想看，分明一点都不搞笑嘛,2,宝贝计划
不明白为什么这么低能，动作片加婴儿不等于低能好吧！！！难怪吐槽的人那么多，7.1分明显虚高。不过高圆圆没谁了,2,宝贝计划
缺乏创意……,2,宝贝计划
卖萌很容易和蠢划等号,1,宝贝计划
怎一个烂字了得,1,宝贝计划
老爸看中央六的时候在旁边断断续续瞄完的算不算看过啊……,2,宝贝计划
茶余饭后剔剔牙，宝贝计划，是你不二的选择。,2,宝贝计划
成龙我不喜欢,2,宝贝计划
我承认……我越来越无聊了……,2,宝贝计划
宝宝很可爱~,1,宝贝计划
只记住了高圆圆和那个小婴儿…,2,宝贝计划
其实这部片子有些令人失望。,2,宝贝计划
很傻很强大。。。,2,宝贝计划
除了宝宝可爱可以加分之外，不晓得这部片子有什么吸引的地方。,2,宝贝计划
有些镜头略恶心……成了最深的印象。,2,宝贝计划
成龙和古天乐搭戏，算是看点吧。,2,宝贝计划
坐了两次飞机，外加从金融街打车到泛海，很堵车的情况下，再加上吃饭等上菜，终于把这部电影看完了，两个多小时的片子，有必要么！,2,宝贝计划
儿子不能长这么没个性,2,宝贝计划
从这部电影开始，我讨厌极了成龙的电影模式,1,宝贝计划
没感觉。爆米花片。,2,宝贝计划
就bb火了,2,宝贝计划
电影频道怎么这么喜欢这部啊？,2,宝贝计划
成龙 ,2,宝贝计划
十分不靠谱,2,宝贝计划
一般,2,宝贝计划
太商业了点吧..   太没创意了,2,宝贝计划
胡搅蛮缠··,2,宝贝计划
https://www.douban.com/people/71764557/,1,宝贝计划
越看越觉得败得慌。,2,宝贝计划
香港电影真的没救了,2,宝贝计划
2006,2,宝贝计划
阿SA美。,2,宝贝计划
补（不知道为什么要补这种片的评分，可能就是顺手）,1,宝贝计划
有点无聊。。,2,宝贝计划
小宝宝很可爱。,2,宝贝计划
香港垃圾片,2,宝贝计划
内地香港合作的失败之作，是成龙近几年来几乎最失败的作品,1,宝贝计划
唯一可圈可点的是高圆圆的出现，真是够青涩。商业片很难成为经典，当票房收入还可以时，所有的都没太大所谓,2,宝贝计划
"除了BB, 其他都是垃圾",2,宝贝计划
不喜欢这种闹哄哄的电影，宝宝还是超级可爱的,2,宝贝计划
对成龙一直不太感冒，这片只能算是中游水平。,2,宝贝计划
温情么,2,宝贝计划
可真是不好看，剧情细碎剪辑拖沓，表演夸张用力过猛，悲喜不分滥煽情，太可怕了。老面孔拼命加一星，小孩加一星。,2,宝贝计划
成龙和古天乐怎么看都不是一对啊,2,宝贝计划
反正我觉得不好看。。。,2,宝贝计划
电影频道演了多少遍了……,2,宝贝计划
无聊烂片...,2,宝贝计划
一般般，太一般般了,1,宝贝计划
乱七八糟俄。。。,2,宝贝计划
陈木胜怎么拍的片都这么次呢,2,宝贝计划
不喜欢，个人原因,2,宝贝计划
第一遍看觉得好好看，架不住央视6一遍遍重播。,2,宝贝计划
小孩真可爱 片子真不好,2,宝贝计划
97以后还有多少真正的港片,2,宝贝计划
出了小朋友可爱，就说不出其它了……,2,宝贝计划
港片的套路他都有，不过就像有句话说的，套路一样无所谓，最主要的你在路上增设了多少观光点。片中的baby好可爱，古天乐也很帅，搞笑起来很有味道啊,2,宝贝计划
片子没什么意思...,2,宝贝计划
古天乐开始走喜剧路线了。,2,宝贝计划
哎。。。。,2,宝贝计划
没意思 小孩挺可爱的,2,宝贝计划
抄袭事小，做得比国外差太多就不好了。无论如何，还能看。,2,宝贝计划
不喜欢里面的宝宝- -,2,宝贝计划
老了，就不要逞强，小心砸了招牌,1,宝贝计划
你就来打发时间吧。,2,宝贝计划
给宝宝,1,宝贝计划
有点傻= = copy成分过多,2,宝贝计划
无聊,2,宝贝计划
抄袭的很拙劣.,2,宝贝计划
一定要拍个片这么高调宣布自己老了演不动了吗？,2,宝贝计划
这种级别的片子也就是CCTV6偶尔播播顺便看看。,2,宝贝计划
我就记得里面那小孩儿挺招人稀罕了,2,宝贝计划
一颗星给宝宝，另一颗给高圆圆,2,宝贝计划
成龙也就这几板斧,2,宝贝计划
就是娃儿有点乖,2,宝贝计划
就那可爱的宝宝还算亮点。,2,宝贝计划
搞笑的无聊片子。。,2,宝贝计划
跳看,2,宝贝计划
成龙加古天乐加高圆圆,2,宝贝计划
无聊,1,宝贝计划
我非常不喜欢,2,宝贝计划
20110120 大寒,2,宝贝计划
十年过去了 再看还是这么无聊！完全不知道讲的啥？,2,宝贝计划
一点都不好笑好吗,2,宝贝计划
蛮无聊的,2,宝贝计划
这是成龙电影里我接受度较高的一部。,2,宝贝计划
很久以前看的，成龙是知道自己三金影帝满贯无望所以专注于拍摄低俗闹剧了吗,2,宝贝计划
不是因为高圆圆……,1,宝贝计划
港片吗...,2,宝贝计划
冲成龙，一颗星。冲其他，勉强加一颗。,2,宝贝计划
在济南到潍坊的大巴上看的,2,宝贝计划
太假了，这孩子命太大了也,2,宝贝计划
还可以吧，但是实在不喜欢小孩子,2,宝贝计划
一部电影要靠北鼻的颜撑着是要烂到哪样。。。,2,宝贝计划
够无聊的……,2,宝贝计划
食之无味 弃之不可惜,2,宝贝计划
看着玩儿,2,宝贝计划
高圆圆真美啊～,2,宝贝计划
已经没什么印象了,2,宝贝计划
成龙的烂片之一,1,宝贝计划
反正这种类型我是看够了。,2,宝贝计划
小时候很喜欢成龙，后来一直觉得成龙没拍什么比较有深度的电影，慢慢的就淡了。,2,宝贝计划
娃挺萌，故事挺糙～,2,宝贝计划
哈哈哈哈哈哈哈哈哈哈哈哈哈哈哈哈哈，其实一点都不好笑,2,宝贝计划
看着没意思，一般般,2,宝贝计划
對成龍式喜劇真的審美疲勞。,2,宝贝计划
小孩儿好可爱～～,2,宝贝计划
2.5星,2,宝贝计划
很久以前看过的电影，不喜欢房事龙。,2,宝贝计划
【D】依旧是成龙利用道具制造笑料的空间感动作戏，剧本创意一般，结尾不喜欢。关于三个家庭的内容反而是最好看的部分,2,宝贝计划
适合耗时间 哈哈,2,宝贝计划
唯一的亮点是霆锋和彦祖。,1,宝贝计划
看过已经完全没印象了，只记得这海报。宝宝真可爱！,2,宝贝计划
拿着宝宝这么玩让人不适。,1,宝贝计划
无爱。,2,宝贝计划
跑跑跑，不停跑。,1,宝贝计划
港式娱乐么？汗~~,1,宝贝计划
什么玩意,2,宝贝计划
我人生看了许多烂电影，这只是其中之一,2,宝贝计划
孩子居然没被你们折腾死,1,宝贝计划
不知道这个宝宝长残了没有。,1,宝贝计划
其实挺没劲的,2,宝贝计划
当年电影频道都快被这傻逼玩意儿刷屏了,2,宝贝计划
没有高就很差了,2,宝贝计划
除了小孩很可爱,2,宝贝计划
呵呵,2,宝贝计划
只会小打小闹的小丑龙,1,宝贝计划
香港电影的情节从来都是这样,2,宝贝计划
笑了一次,2,宝贝计划
只记得他们去买尿不湿 结果买成了卫生巾 被当成gay......,2,宝贝计划
对这个BB莫名的不喜,2,宝贝计划
记得以前小的时候电视经常播，看着挺有意思,2,宝贝计划
比较烂，不喜欢动作片,2,宝贝计划
影院看的，有点弱,2,宝贝计划
傻傻分不清楚,2,宝贝计划
你哪里来的? 背背山。,1,宝贝计划
只有娃可爱。。,2,宝贝计划
只记得里面高圆圆的惊艳,2,宝贝计划
。。。,2,宝贝计划
有个马修这么可爱的宝宝就好啦：）,2,宝贝计划
超级奶爸。,2,宝贝计划
两星半。,2,宝贝计划
当年出境的小孩很靓,2,宝贝计划
无聊的是偶可以用来打发时间,2,宝贝计划
宝贝计划 ,2,宝贝计划
般般,1,宝贝计划
可能我不太能懂这种搞笑方式吧,2,宝贝计划
又一个因为漂亮的宝宝看的。。,2,宝贝计划
小时候看过 今天又看一遍 虽然是商业片但是故事挺吸引人 重要的是 那个宝宝 太可爱了叭,2,宝贝计划
成龙的片越来越水..,2,宝贝计划
非要等最后一刻才想明白，真是纠结。中央6好爱放啊,2,宝贝计划
香港套路，一般,1,宝贝计划
ipod上看的，画质很烂,2,宝贝计划
你从哪里来，从背背山来。。。,2,宝贝计划
太正义了,2,宝贝计划
两颗星给宝宝,2,宝贝计划
出差期间看的，比较无聊。,2,宝贝计划
最早看过的几部影片，没什么特别的感觉,2,宝贝计划
ＢＢ不错,2,宝贝计划
星星给小孩儿吧。,2,宝贝计划
不是我想看，而是长途汽车播了两次。,2,宝贝计划
小时候在陕西八台看过,2,宝贝计划
闷到爆= =不知道是不是我的盗版碟的原因,2,宝贝计划
这部电影的亮点只有一个：那个可爱的baby,2,宝贝计划
讨厌小孩,2,宝贝计划
cctv6看过好几次。。,2,宝贝计划
看个热闹了，没啥特别的，娱乐消遣的时候看咯，两星半！,2,宝贝计划
冲着宝贝去看的，其他部分有点无聊~果然我还是对打戏不感冒啊~不过看片尾看到主演们拍打戏好辛苦，不容易啊,2,宝贝计划
要我怎么说,1,宝贝计划
...en..en ..,2,宝贝计划
纯无聊片。,2,宝贝计划
我不喜欢。。。,2,宝贝计划
讨厌成龙,2,宝贝计划
唔好笑..當動作片睇好過..高圓圓幾靚,2,宝贝计划
无亮点,2,宝贝计划
小时候电影频道看的，爸妈都贼喜欢,2,宝贝计划
小孩子可爱,2,宝贝计划
不好看。,2,宝贝计划
好早以前看的,2,宝贝计划
古天乐存在感有点低啊,2,宝贝计划
典型的成龙商业片，当年看的时候就感觉一般。现在再看依旧只能爽一时,2,宝贝计划
其实觉得还不错。,2,宝贝计划
成龙真的老了,2,宝贝计划
是部老少皆宜的好电影，只是我不太喜欢耍宝卖萌。。,2,宝贝计划
不好看！,2,宝贝计划
许冠文的出现让我有点惊喜，古天乐特有的喜剧效果让我感到悲哀,2,宝贝计划
补卡，宝宝好可爱，但剧情有点弱…,2,宝贝计划
两星半,2,宝贝计划
宝宝很可爱,2,宝贝计划
好像。。。曾经。。。什么时候看过这个电影,2,宝贝计划
唉。。。  一帮老人家,2,宝贝计划
不好玩,2,宝贝计划
很无趣,2,宝贝计划
烂片,2,宝贝计划
哎 垃圾,1,宝贝计划
靠！,1,宝贝计划
小BABY很是招人眼球啊！,2,宝贝计划
BB好Q,2,宝贝计划
实在不是我喜欢的类型！！！！！,2,宝贝计划
大学,2,宝贝计划
真的觉得古天乐古乐天梁朝伟彭于晏吴彦祖什么的是同一个人…,2,宝贝计划
不喜欢成龙,2,宝贝计划
高中时候看的 宝宝是真可爱,2,宝贝计划
听说是改编的 瞬间改成二星。。。,2,宝贝计划
这片儿真是我童年一噩梦，永远忘不了小孩儿在冰窖里要被冻死的那一幕,2,宝贝计划
小孩挺可爱,2,宝贝计划
要不是把一星留给死亡地穴你就一星了,2,宝贝计划
看过，但是没什么印象,2,宝贝计划
实在是很轻松的搞笑片,2,宝贝计划
2＋＋,2,宝贝计划
一般般~基本看完了,2,宝贝计划
以前看过好多遍了（被动的=_=）小baby好可爱 不造现在什么样了,2,宝贝计划
也就那样吧，没印象了。。,2,宝贝计划
我还是个宝宝，是个宝宝。。。,2,宝贝计划
星星送baby的,2,宝贝计划
很想念中學時候的暑假。,2,宝贝计划
高圆圆好美 没了,2,宝贝计划
商业,2,宝贝计划
长途大巴上播放,2,宝贝计划
boring,2,宝贝计划
屎。不过有些镜头很有想象力。,2,宝贝计划
心境不同了，其实和a计划如出一辙，大事就是觉得难看,2,宝贝计划
恶心！,1,宝贝计划
2013～,2,宝贝计划
膨化食品,2,宝贝计划
。。。。,1,宝贝计划
不怎么样,2,宝贝计划
就记得宝贝超级超级可爱了,2,宝贝计划
