很好看，童年回忆呀！！喜欢舒畅的玉儿,4,宝莲灯
追着看，很喜欢小狐狸...,5,宝莲灯
好喜欢舒畅的颜~三圣母和嫦娥也非常漂亮~沉香虽然没小时候那么可爱，但是还不错,4,宝莲灯
可能是有童年滤镜吧，小时候特别喜欢看，沉迷舒畅的小狐狸无法自拔，那时候的她真的好美啊，还有焦恩俊也好帅（从小我的颜狗属性就那么明显没错😂）有时间要重温一下啦,4,宝莲灯
超喜欢小玉，那个时候看了好几遍,4,宝莲灯
小时候弟弟很喜欢的一部剧，就也跟着看了一些。现在看到，却也是满满的回忆。那句“天上下凡三圣母，生下沉香和爹住……”的旋律还清晰的回荡在耳边。沉香和小狐狸之间单纯美好的感情也让人颇为动容，小狐狸和三圣母对爱的纯粹让人敬佩，沉香果然坚韧有男子汉气概，非常喜欢。,4,宝莲灯
特别喜欢好么，看过不止一遍，小狐狸特别美😊,5,宝莲灯
很感人的故事有爱情有亲情还有友情。舒畅焦恩俊那时都特好看,4,宝莲灯
喜欢男女主,4,宝莲灯
看得时候好喜欢沉香和小玉，觉得三圣母和嫦娥特别漂亮，蛮好看的一部剧，剧里的亲情和爱情都很感人。,4,宝莲灯
也还行吧，当然个人感觉最好看的还是前面部分。小狐狸和沉香真的好有爱！！舒畅的小表情把握得很到位啊！后面的三角恋确实有点狗血了。,4,宝莲灯
喜欢😊，小时候觉得王母娘娘好坏啊 里面的歌现在还会唱,4,宝莲灯
最近正在重温，好看的，三观超正的一部剧,4,宝莲灯
还行，就是感觉有点雷,4,宝莲灯
还是不错的，小狐狸,4,宝莲灯
三圣母真的好美还有小狐狸小玉也很美,4,宝莲灯
评分为什么那么低，上学时必看的剧好吗，真的太棒了，曹骏好帅啊,5,宝莲灯
还记得我小时候可讨厌二郎神了，哇哇😭现在回头看才发现杨戬他真的是牺牲了很多，忍辱负重，硬生生把当年那个傲气就差写在脸上的杨戬变成低声下气众叛亲离的他，责任2字，真重。,4,宝莲灯
超级爱看这个，当年沉香把哟迷疯了，就感觉曹骏特别帅！哈哈，舒畅的小玉好可爱好漂亮，前后反差也很大，但是一直都是爱着沉香的，结局也很完美。,5,宝莲灯
画面很美，剧情四角恋什么的略狗血吧，让我不想看感情戏，舒畅还是很美的。最意想不到的还是二郎神啊，很帅，也是最大的反派，但结局却是万万想不到。挺喜欢这样的反转的,4,宝莲灯
这剧真的好喜欢好喜欢！虽然小玉是官配可我也好喜欢丁香！舒畅和林湘萍真的都好美呀！,5,宝莲灯
很好看啊，小时候天天看，前不久还看了几集，曹俊，舒畅，焦恩俊，都不错，好演员，好剧，各个演员都很不错,4,宝莲灯
感觉评分可以再高点,4,宝莲灯
记得剧情前面不错，后面一般，但是片尾曲简直雷死人，喜欢沉香和玉儿这对cp,4,宝莲灯
因为喜欢宝莲灯去看得电视剧版本的，演得还是不错的，曹骏的沉香演得很好，舒畅的小玉让我感到很惊艳，二郎神的负重和隐忍也很打动我，主题曲也很好听,4,宝莲灯
喜欢小玉，讨厌丁香，而沉香的感情从一开始的只喜欢小玉，到后来对丁香也有了点说不清的感情。一遇到这种红白玫瑰的剧情安排，我就希望编剧能明确表明男主爱的究竟是谁，不要一个死然后和另一个在一起，这对两个女孩也很不公平。也许这安排也暗示了编剧的想法:男人心里真的是红白玫瑰，都难以割舍的。,4,宝莲灯
舒畅好漂亮，记得当时小伙伴们总是聚在一起看。,4,宝莲灯
喜欢沉香和小玉这一对，哮天犬也是个搞笑的，蛮有意思的一部剧,4,宝莲灯
小时候看，三角恋好揪心，沉香要救妈妈，玉儿要报仇，老是有误会，看的好捉急。,4,宝莲灯
陪伴我的整个童年时光，看了有很多遍，但是从来没有看完整过！,4,宝莲灯
童年记忆，→_→第一部骨科向的电视剧,4,宝莲灯
很好看，小时候天天看啊这是,5,宝莲灯
最帅的二郎神，最美的小玉，经典的沉香救母的故事，演员都很给力，好评。,4,宝莲灯
二郎神很帅啊，童年的回忆，经典的沉香救母桥段，片头曲还能哼上几句，天上掉下三圣母，生下沉香和爹住,4,宝莲灯
难道是我童年滤镜？？？我觉得挺好的呀，为什么会只有6.5分？,4,宝莲灯
我真的很喜欢嫦娥😘,4,宝莲灯
大爱小玉，重温了才发现沉香那么渣，脚踏两条船不说，还胆小懦弱，事事都让女人挡在前面，真是恶心,4,宝莲灯
看的时候觉得还好吧，尤其是沉香他妈朴诗妍好惊艳,4,宝莲灯
真狗血，真帅啊。,4,宝莲灯
以前cctv经常播我还挺爱看的，那时候的舒畅还是很美的，最喜欢焦恩俊演的二郎神,4,宝莲灯
看到大结局心疼舅舅,5,宝莲灯
好喜欢小玉啊！沉香也不错，可惜了这么一个有演技的好演员，现在都没什么消息了。,4,宝莲灯
那个时候真的没有选择权啊,4,宝莲灯
都是童年和小伙伴一起追过的剧，小狐狸真的好可爱，也很讨厌沉香这么的懦弱。,4,宝莲灯
好喜欢的电视剧,4,宝莲灯
舒畅的小玉是我童年女神，有情有义活泼可爱的小狐狸，谁会不喜欢呢！沉香就是个渣，在两个人之间摇摆不定，把两个人都伤得透透的。焦叔的杨戬古装男神，太帅了，试问有谁能hold住二郎神的盔甲和银色眼线呢？,4,宝莲灯
感觉焦恩俊陪伴着我的童年啊，儿时的回忆,4,宝莲灯
小时候很喜欢的神话剧，小玉真是活泼又可爱。,4,宝莲灯
光看焦哥哥的戏份，花痴啊,4,宝莲灯
这剧不至于这点分吧,4,宝莲灯
童年的时光，都在这部剧里。有时间还去回味,4,宝莲灯
演员很有料,4,宝莲灯
大家为什么要对自己的童年回忆如此残忍？,4,宝莲灯
喜欢丁香…喜欢林湘萍,5,宝莲灯
二郎神和孝天犬的神反转看得年幼无知的我一愣一愣的，四星给情怀,4,宝莲灯
论沉香，还是更喜欢这个版本的,4,宝莲灯
有人问我近两年看的印象深的电视剧是是什么，我说《琅琊榜》《宝莲灯》《大宅门》，后来一想，其实好多年没有认真看过电视剧了，宝莲灯我还以为是前两年的电视剧，其实已经过了十三年，当初和舅舅一起看的，现在早已物是人非，不由得哭了出来,5,宝莲灯
沉香哥哥（*/∇＼*）好喜欢，重温童年经典。这部剧居然有吻戏！小时候不知道，虽然是借位的！,5,宝莲灯
焦恩俊是我一直的男神，宝莲灯是小时候耳熟能详的故事，所以我特喜欢看。,4,宝莲灯
小时候超喜欢小狐狸呀小狐狸～我讨厌沉香讨厌讨厌讨厌,4,宝莲灯
曹骏，释小龙，郝邵文三个童星，就曹骏没怎么长歪，最喜欢舒畅的小狐狸，这里的每个女演员都很漂亮，服装发型场景都是无可挑剔，剧情也还行,4,宝莲灯
其实挺好看的，至少看完了。焦帅哥还是很帅的，舒畅不是很喜欢，不过，小狐狸演的很灵。,4,宝莲灯
小时候的经典,4,宝莲灯
精彩的神话剧，情节有逻辑，对白不白痴且三观笔直，重温发现布景特效摄影BGM也是良心得不行，4星改5星。沉香由幼稚一步步走向成熟，却被一些上帝视角的观众黑了十几年，为沉香不平。PS、印象最深是沉香为救小玉拼死打上三十三重天，以及成熟期的冒死救师。为不完美少年一路的辛酸和成长而感动。,5,宝莲灯
原来我很喜欢看古装啊！,4,宝莲灯
童年记忆！又是红白玫瑰梗，当然还是喜欢小玉啦！,4,宝莲灯
童年滤镜给四星，剧情也还是不错的，杨戬洗白之作啊😄,4,宝莲灯
因为陪着外婆看的，她很喜欢。那总是坐在电视机面前叫着开始了开始了。。,4,宝莲灯
我的童年菌,5,宝莲灯
分呀这么低，至少8.0，其实想打4⭐的,4,宝莲灯
重温了小玉cut。结局未免太大团圆了，尤其撕刘家村生死簿什么的太坑。。。沉香小玉看起来像早恋少年，一路情谊让人感动让人心动。八太子对丁香的守候真是难得啊……,5,宝莲灯
其实编剧的功力还不错 焦恩俊则塑造了一个很英挺的二郎神（补签）,4,宝莲灯
为焦二郎马克。,4,宝莲灯
童年,4,宝莲灯
最近重温老剧到焦恩俊系列，根本停不下来哈哈。年龄大了时候的电视剧说实话真的没怎么看了，电视剧感觉都是小学初中时候看的。但是现在看，感觉吐吐槽有一种别样的风味。二哥绝对是开自来水厂的不解释，跟谁打都要费心的打个平手，跟主角就要专业放水几十集，直到真相大白。不愧是司法天神，6到飞起。,5,宝莲灯
最喜欢小狐狸,5,宝莲灯
私心//,5,宝莲灯
小时候最爱看的印像最深的电视剧之一。 ,5,宝莲灯
哈哈哈，没想到曹俊长大了也挺帅的，喜欢这一对儿,4,宝莲灯
为了舒畅打四星 大反转神马的搞死我了,4,宝莲灯
当年和丁都很哈。,4,宝莲灯
也是回忆。,4,宝莲灯
神话剧这么拍已然不错了，选角还这么屌。,4,宝莲灯
太爱了，喜欢小玉，喜欢焦叔，真是太爱了，经典,5,宝莲灯
我滴二郎神，太爱了，这些天回顾真是喜欢,5,宝莲灯
不行 一定要为我的童年打个高分,4,宝莲灯
一部在那时候来说很好看，承包我童年的剧 了,5,宝莲灯
小时候完整看过这个来着，当时感觉还行挺好看的，可能因为还小……现在估计是不会看进去了吧……陪伴我的小学时光，强行四星。,4,宝莲灯
童年可爱看了,5,宝莲灯
剧情很紧凑 真的是精品了 男女主的年龄都不大 但是演技都很可以了,5,宝莲灯
当时看得热血沸腾啊!精彩 曹骏你哥小正太怎么隐退了!,4,宝莲灯
好喜欢小玉儿,4,宝莲灯
小时候的第一个男神就是曹骏！,5,宝莲灯
天上下凡三圣母，生下沉香和爹住,4,宝莲灯
为了曹俊和舒畅的cp,4,宝莲灯
不喜欢舒畅啊不喜欢舒畅,4,宝莲灯
二郎神这个角色塑造的十分真实。,5,宝莲灯
为啥这么低？平衡一下分数吧,5,宝莲灯
还挺有意思的，小时候看的津津乐道。我喜欢舒畅演的角色~这个沉香太小了。,4,宝莲灯
小时候每年暑假都放，所以看过很多遍，真的很好看，颜值高，演技好，舒畅那时候又美又灵，焦恩俊的二郎神真帅,5,宝莲灯
焦恩俊。。。。。。。。。。。。。。。,4,宝莲灯
只看二哥哥,5,宝莲灯
我记得当时自己好喜欢舒畅啊！！没到有她的画面我都会格外认真地看  一不留神  这么多年就过去了  看来我永远也参不透时间的真谛了,5,宝莲灯
2007 watch in China,4,宝莲灯
片尾曲太销魂了。我一辈子都忘不了。,5,宝莲灯
初中时候看这个那叫一个迷曹骏,4,宝莲灯
编剧还可以，能将这么多神话人物融合在一起，还能时不时地教导教导人。,4,宝莲灯
小时候超级喜欢看，女神小玉，舒畅美的。,4,宝莲灯
乱七八糟的...,5,宝莲灯
二郎神三界第一帅！！！超级希望最后二郎神能和嫦娥在一起啊在一起。舒畅的小玉也特别喜欢,5,宝莲灯
童年回忆啊，杨戬盛世美颜，沉香很可爱呀，三圣母也很美,4,宝莲灯
只记得当年觉得嫦娥二郎神超级般配。。。。。。,4,宝莲灯
我觉得还不错,4,宝莲灯
童年的回忆啊,4,宝莲灯
小学超爱这部剧的！！虽然曹骏现在长得我都认不出来了，然而依然是我童年男神！,4,宝莲灯
杨戬,5,宝莲灯
二郎神好帅,4,宝莲灯
四颗星都是给二哥打的，剧情不错，但反转的太快会吓到小朋友，，,4,宝莲灯
回忆,4,宝莲灯
当时真的不懂剧情制作演技，就是很爱看 很感人,4,宝莲灯
最喜欢的一版宝莲灯，好喜欢舒畅,5,宝莲灯
嘻嘻，当时觉得蛮好看的，那时候特别喜欢舒畅。为了时光滤镜和舒畅姐姐多打一星吧。对了，几个男的都挺帅的，当然不包括猴子猪他们啊。八太子我很喜欢，大概是因为他演的李陵我很喜欢？刘彦昌我很讨厌，大概是因为他演的吴刚特别讨厌？还有，嫦娥很美，不喜欢丁香。,4,宝莲灯
沉香救母，是一片孝心。特别喜欢这里的小狐狸小玉，还有美美的嫦娥，不错的神话剧。,4,宝莲灯
小姑娘的颜值和表演都超有灵气的，喵喵喵,4,宝莲灯
天上下凡三圣母，生下沉香和爹住～室友问：爹住是谁？？？,5,宝莲灯
天上下凡三圣母~生下沉香~和~爹住~,4,宝莲灯
这一版本的也是真的不错，剧集很长，但有些时候真的受不了某些剧情,4,宝莲灯
我爱舒畅！,4,宝莲灯
好久没有看到过焦恩俊演的电视剧了，舒畅真的好美啊，水灵灵的,4,宝莲灯
童年的记忆，很喜欢小狐狸啊,4,宝莲灯
虽然焦恩俊的二郎神很帅，但不得不说最后的剧情转折很生硬,4,宝莲灯
童年+1，舒畅演的小狐狸真的超级超级美~猪八戒和猴哥儿很逗比~还有主题曲也很有趣~,5,宝莲灯
加上后来的《前传》，时间轴上到这里从哪吒，杨戬，到悟空，沉香的故事就全完成了。不过有一点——天庭在华山事件之前为什么那么惧怕半人神？是害怕半人神混搭人类血统会泄露天机，还是害怕半人神在训练教育后的巨大战斗力？这个剧情没圆上啊……如果这么样看来天庭是相当种族歧视哦……,5,宝莲灯
沉玉一生推！,5,宝莲灯
童年的回忆,4,宝莲灯
至少我童年是真的喜欢啊,4,宝莲灯
追着看，很喜欢小狐狸...,4,宝莲灯
我只能如此:-_-,5,宝莲灯
这个我小时候天天看，特别喜欢，喜欢小玉，觉得那时候的舒畅最美了。还有沉香也很好。,4,宝莲灯
印象最深的是二郎神,5,宝莲灯
童年的沉香，嫦娥，还有焦恩俊,5,宝莲灯
这系列这部是我以前最喜欢的电视之一，觉得沉香好可爱，狐狸好可爱，二郎神好帅😂😂😂😂😂虽然挺坏的，还有哮天犬经典！,5,宝莲灯
宝莲灯，结局也就骗骗小朋友。。,4,宝莲灯
"焦恩俊古装又一个巅峰.我们都觉得丁香多余,配不上八太子,嫦娥虽然是这些年罕见的古装美女,也配不上焦二.",4,宝莲灯
以前看的乐此不疲，五颗星给过去的爱。,5,宝莲灯
二郎神❤-❤,4,宝莲灯
这件事的契机其实很奇怪。久未放空的大脑，压抑沉重的日常，悬而未决的梦，从很久之前出乎意料居然挂念到现在却生生错过的人，仿佛是第一次随机播放到的那时随便下载的孙楠的《不灭的心》，有些闸门就这样被打开了，却又发现有些门被永远上了锁。如果想要这样活下去的话有些梦是不能做的。真难过啊。,5,宝莲灯
不错,4,宝莲灯
好看啊,5,宝莲灯
很喜欢这部片子呀，焦恩俊的二郎神，舒畅的小玉，还有叫不出名字的嫦娥，沉香，丁香，三圣母等等等等，当初每天追的剧呀！演一遍看一遍，为什么豆瓣评分这么低呢？,4,宝莲灯
四星给曹骏和焦恩俊的颜~,4,宝莲灯
看过几次， 我对此片如此执迷是小时候的记忆，  这应该是按照古时候的书拍的， 我的曾祖父90多时，耳背了，有次在我家看到电视上放的是宝莲灯，他把椅子搬到了电视跟前，只离电视十厘米远 ，就跟看电脑屏幕一样，那时候的电视不是夜晶电视，这样看是很伤眼睛的， 我记得他说，是演的沉香求救母，  当时正在演和小玉的戏，我在想他看到会怎么样 ， 我曾祖父是清朝到现代的人， 现在早已经去世 ，我长大后，也许是对现实的憎恶 ，今天看到范冰冰和宋慧乔离婚的新闻  ，曾经恩爱的一对最后还是分手，又看到逃到美国的富豪xx爆光一些事情，包括范冰冰和做官的x事   ，我觉得正付.人类社会的阶层，黑暗，不公，让我不满意现实社会，  我很向往这样的生活，电视剧中的，人能做神仙，不会死，对爱情专一 ，爱上一个人就永远,5,宝莲灯
小玉,5,宝莲灯
二郎神是隐秘而伟大的boss,4,宝莲灯
“天上下凡三圣母～”,5,宝莲灯
当时一直以为二郎神是坏人，后来爷爷一脸惋惜的说二郎神其实是面恶心善，他是想帮助沉香的。,4,宝莲灯
这是我的童年呀 舒畅小姐姐太美了。,5,宝莲灯
看过的电视剧补录,4,宝莲灯
真的是童年回忆啊，跟喜欢小玉和沉香,4,宝莲灯
小时候的暑假。。,4,宝莲灯
革命里程碑啊~~~,5,宝莲灯
沉香太惨了吧,4,宝莲灯
小时候超级喜欢 焦叔真的是不老男神呢 我记得嫦娥姐姐超级美 舒畅也很漂亮,5,宝莲灯
哈哈哈，小时候特喜欢,4,宝莲灯
电视剧一遍一遍演,4,宝莲灯
不要问我为什么，觉得沉香和小玉永远是一对。,5,宝莲灯
完美的二郎神,4,宝莲灯
童年回忆，沉香小玉丁香都历历在目，这个是唯一看过的少年电视剧,4,宝莲灯
喜欢舒畅的杀马特发型,4,宝莲灯
这个导演很棒,5,宝莲灯
长大再看这个剧，才发现原来是一部很有深意的剧，隐含了很多东西，很有教育意义，很深刻。一部非常经典优秀的剧,5,宝莲灯
我觉得宝莲灯很好看啊！尤其是舅舅那条线，还有小玉也超美的，为什么童年神剧分这么低？,4,宝莲灯
喜欢嫦娥和小狐狸，然而这金手指也太大了吧，想当玉帝拿把斧头就行？？？,4,宝莲灯
初中看的？喜欢舒畅 ,4,宝莲灯
小时候看的，超级喜欢舒畅。,4,宝莲灯
片尾的“生下沉香和爹住”里的爹住是哪个困扰了我好久,5,宝莲灯
！！！！,5,宝莲灯
还是挺好看的。,4,宝莲灯
剧情很小白，漏洞颇多，亮点是焦恩俊扮演的二郎神，不但是史上最帅的二郎神，而且这个人物的性格刻画极其到位。另外，许多配角的表演也可圈可点。,4,宝莲灯
小沉香怎么能这么帅呢，舒畅那时候也太美了，可能小沉香是我小时候喜欢的第一个人物吧,4,宝莲灯
天上下凡三圣母，生下沉香和爹住，小时候疑惑了好久，爹住到底是谁。,4,宝莲灯
我觉得蛮好看啊，舒畅小姐姐那时候真好看，二郎神也帅气,4,宝莲灯
天上下凡三圣母，生下沉香和爹住~,5,宝莲灯
就爱二哥,4,宝莲灯
舒畅，焦恩俊。,4,宝莲灯
二郎神杨戬是真他喵的帅,4,宝莲灯
小时候看完过。前几天少儿频道放，花痴着焦恩俊的颜看完了一集，审美观果然会变啊，现在觉得焦那时候好帅好帅_(:з」∠)_,4,宝莲灯
有段时间挺多这种神话剧的，乍一看是戏说胡编，但是真的看也能看下去而且还津津有味自有逻辑，比现在的好多剧有意思多了，其实观众只想看好看的,4,宝莲灯
舒畅演的小狐狸 玉儿很美,5,宝莲灯
童年啊,4,宝莲灯
不错，可以看。舒畅真的有灵气。,4,宝莲灯
以前租碟子看，哇~好来劲~天上下凡三圣母~生下沉香和爹住~那个女主角好像是韩国人思密达,4,宝莲灯
刷了很多遍，很喜欢沉香小玉，直到现在还是不喜欢丁香的人设,5,宝莲灯
我当时说二郎神不好，我姐说你不知道往后看就知道啦他是好人（神？）。以及我站丁香……,5,宝莲灯
那会儿就爱看这个，比现在乱七八糟没逻辑的神剧好多了。焦恩俊简直帅爆了，卷发盘发都好看。舒畅也很美，可惜了，都没怎么起来。不过就是好看啦。,5,宝莲灯
小时候很喜欢的，喜欢小玉,4,宝莲灯
童年经典,4,宝莲灯
小狐狸,5,宝莲灯
mark,4,宝莲灯
我觉得还好啊，评分怎么这么低,4,宝莲灯
我的最爱，我的小玉，我的舒畅！,5,宝莲灯
这么多版本的宝莲灯，这一版大概是陪伴90后长大的，也是我比较喜欢的一部。,4,宝莲灯
可以吧！小时候还很喜欢看，很心疼忍辱负重的二郎神，对于沉香这个被上天眷顾的宠儿现在感觉一般般。,4,宝莲灯
曹骏虽然没有小时候那么可爱，但多了一分沉稳。整体故事还是不错的。,4,宝莲灯
喜欢二郎神和诸多美女。。,4,宝莲灯
二郎神演的小李飞刀演得真好……,4,宝莲灯
天上下凡三圣母，生下沉香和跌柱，跌柱呢？？？,4,宝莲灯
童年记忆啊 每天蹲在电视机前看,4,宝莲灯
小时候超级迷的，二郎神演的很立体。,4,宝莲灯
天哪噜，现在看就是场家庭闹剧笑话，玉帝和王母逗死我了,4,宝莲灯
剧情大改，，,4,宝莲灯
各种童年杀啊，我觉得拍得挺好。,4,宝莲灯
这个也是满满的童年的回忆啊！太喜欢二哥焦恩俊了，又帅又腹黑，最帅最喜欢的二郎神，在我心中没人能超越他的二郎神，这特效放在现在也很棒，这么多年了，中国特效真是一点没长进，这剧真是制作精良了，舒畅好美，剧情也挺好的,4,宝莲灯
小时候看的，别给分那么低呀,5,宝莲灯
舒畅好看,5,宝莲灯
#补标# 好看的,4,宝莲灯
在我心中地位非同一般的——儿童剧,4,宝莲灯
当时觉得里边的丁香特别漂亮啊，是某种程度上的理想型啊。,4,宝莲灯
CCTV各种频道常客了 里面舒畅的狐狸真的各种可爱人畜无害 各种天真烂漫还痴情美丽 跟小天使似的 装扮还好看 想藏口袋里,4,宝莲灯
吃丁香的长相 现在还是很喜欢,5,宝莲灯
在央视看的，当年觉得曹骏好帅啊啊啊啊啊，舒畅那时候特别美娃,4,宝莲灯
好喜欢这剧，当时就觉得小玉太有灵气了，剧情也非常好看，男主也还演过破案的也很好看😂😂,4,宝莲灯
分数这么低不合理,5,宝莲灯
给童年打分 为什么这些评分那么低,4,宝莲灯
二郎神那么帅，嫦娥你居然不喜欢！当然嫦娥也很好看，剧中最好看男女角色,4,宝莲灯
超喜欢焦恩俊啊啊啊啊啊啊啊,4,宝莲灯
童年回忆。补标,4,宝莲灯
不懂为什么低分诶，这剧真的质量可以,5,宝莲灯
比起现在的雷剧不知道好到哪里去了！焦恩俊太帅了！不过这个海报怎么回事？焦恩俊旁边那个白色头发女人是谁？我还以为找错了剧。。。。。。,4,宝莲灯
童年真奇怪...,4,宝莲灯
喜欢小狐狸，ps.二郎神的人设也有很大的颠覆！,5,宝莲灯
童年的剧评分怎么都这么低啊…个人非常喜欢这部剧。当初看过这部剧就彻底变成舒畅的颜粉。四五刷都不止了。一点都不讨厌焦叔，毕竟是三界第一妹控和颜值担当！【刚又回刷完，我的天居然有丁香这么可怕的角色，这次冲着小玉和二哥去看，多了许多新感觉。做人千万不要太恋爱脑，实力和事业最要紧呀。】,4,宝莲灯
天上下凡三圣母，生下沉香和爹住，沉香日夜哭着哭着哭着要寻母……,4,宝莲灯
鬼知道我当年看这现在看来是部雷剧的电视剧时，是有多喜欢舒畅的小玉！小玉对我而言就是这部剧的灵魂，加一星给小玉。可现在再让我看，我是怎么也看不下去的了，是真的蛮雷的。,4,宝莲灯
那时候真心觉得好看，但是从此对二郎神留下了一个非常不好的印象,4,宝莲灯
97的前来补标。小时候就这点快乐了，还记得那句歌词“你离我越远，痛离我越近”。顺带表白舒畅。,4,宝莲灯
相信大部分人认识舒畅都是从这部剧中的小玉开始的。灵动的小狐狸。,4,宝莲灯
这剧评分都这么低？啊？宝莲灯，华山救母的故事还是值得传下去的～最帅的二郎神啊❤️不知为什么，从小就觉得嫦娥那么美应该和又帅又棒的二郎神在一起啊……,4,宝莲灯
年纪大了真心喜欢看年轻人谈恋爱啊，舒畅和曹骏真是嫩出水啊，最爱的还是焦叔，身段太帅,4,宝莲灯
很不错，可是为什么这么低分,5,宝莲灯
没想到豆瓣评分这么低，个人真的很喜欢，小时候在电视上看的。高考完又看了一遍。这两天准备再看一遍，不知会不会有新想法。记得高考完那遍特别喜欢丁香。,4,宝莲灯
很喜欢焦恩俊的二郎神，黑白银三套服装都是帅出天际，白衣优雅如仙，黑衣凌厉如风，银装铠甲威严清冷，还有舒畅的小玉单纯可爱，但是非常不喜欢颜丹晨的嫦娥，太聒噪，有点长舌妇的刻薄，没有嫦娥的清冷幽雅善良，扣一星。,4,宝莲灯
那时候舒畅好可爱。,4,宝莲灯
小时候看很好看,5,宝莲灯
小时候很喜欢二郎神和嫦娥。,4,宝莲灯
不给五星对不起童年,5,宝莲灯
啊，我的童年啊...,4,宝莲灯
好看，我觉得应该算经典了吧！,5,宝莲灯
觉得分低了，小时候看得津津有味,4,宝莲灯
小学时假期最爱看的电视剧之一,5,宝莲灯
也是童年啊，小时候觉得剧情很精彩，看了很多遍,4,宝莲灯
特别喜欢舒畅演的小狐狸。还好最后她和沉香圆满地在一起了！,5,宝莲灯
特别喜欢舒畅演的小狐狸。还好最后她和沉香圆满地在一起了！,5,宝莲灯
分比我想的低诶 我反正可喜欢✌🏿,4,宝莲灯
同样是鲜肉，人家水平就是高,5,宝莲灯
哼！舒畅这么可爱漂亮，小玉跟沉香也情投意合两小无猜的，为什么不能有情人终成眷属！！我讨厌死女二了！,4,宝莲灯
很不错,5,宝莲灯
别问我为啥打五星 肯定不是为了剧情 我焦太美撑得起这样的分数 吐血美擦血美 刷脸开门美 放海也美,5,宝莲灯
当初觉得曹骏长的像林俊杰！那时候曹俊还很小吧，跟舒畅演对手戏一点也不觉得别扭。《爱上一个人》这首歌：“爱上一个人什么都不问他就是神”。超好看的三圣母。孙楠的不灭的心也很好听。后面主角们挺悲惨的，于是倒回去看他们三个人在书院无忧无虑的时光，那时候真希望时间永远就停在那里不要走了。,4,宝莲灯
这是童话，岂能被成人亵渎,5,宝莲灯
童年时间,5,宝莲灯
一口气35集，很怀念以前认真做剧的时代啊！最后表白二哥！整部剧的打戏都太帅了！,5,宝莲灯
分数低了,4,宝莲灯
童年记忆啊，当时超喜欢的嫦娥和二郎神的……,5,宝莲灯
现在看起来是有点雷哦，当时可喜欢辣。,4,宝莲灯
小时候大概是看不懂 重温了一遍 emmm…三圣母这个角色情商真的高并且十分美丽虽然她从第一集就被压在山下没出来过…剧情实在是狗血至极 但是！陪伴了我童年的剧我就要给四星,4,宝莲灯
这么好看的电视剧居然没上6分。心塞,4,宝莲灯
这部剧看了几次，总体来说还不错，真是太喜欢舒畅的小狐狸了,5,宝莲灯
刚重温过没多久又想看了，小玉后期的造型好看,4,宝莲灯
小时候的大爱。那一年的舒畅演的小玉，丁香，嫦娥仙子，三圣母都是大仙女级别啊。,4,宝莲灯
童年,5,宝莲灯
很好看呐小狐狸三圣母嫦娥二郎神八太子各个男帅女美，我要无限重温这部剧,5,宝莲灯
明明很好看啊！！！！！为什么评分这么低，焦恩俊帅，舒畅小仙女好看,4,宝莲灯
小时候也是看的超级嗨 啊,4,宝莲灯
这部剧每一集我都看了不下三遍，有的七八遍，甚至十遍的地方都有，因为中央电视台老回放。但是27集开头前五分钟，我永远错过，日了狗,4,宝莲灯
当时好喜欢哇。。。,4,宝莲灯
上小学时候还为了看全这个剧特意在电脑上一集一集看完的，那时候可喜欢小玉了，现在看这剧只觉得二郎神很帅。,4,宝莲灯
我宝莲灯才6分 不合理啊。曹骏帅爆了，舒畅太好看了！！！,5,宝莲灯
演员都是我喜欢的，小时候的我，大写的曹俊迷妹,4,宝莲灯
我太喜欢啦我的小狐狸！！！,5,宝莲灯
童年,4,宝莲灯
小狐狸真的可爱,4,宝莲灯
这么低的吗……,4,宝莲灯
＃补打卡＃,5,宝莲灯
童年系列,4,宝莲灯
童年系列，嫦娥和三圣母都美，到后来不喜欢小玉了。,4,宝莲灯
小时候看的了,5,宝莲灯
小时候嘛，谁没看过这么几部电视呢，这剧比魔幻手机还是好一点的，二郎神后面反转太大，以前太小记得蒙了好久才反应过来“雾草原来他是好人”，现在回想起来，这反转说不过去啊,4,宝莲灯
今天吃完饭发现我妈在看！！才想起来小时候好爱看，现在看看有点雷…我只想说我也想要这种舅舅啊,4,宝莲灯
还可以,5,宝莲灯
挺好看的啊😂。,4,宝莲灯
小的时候喜欢丁香，觉得太美了。后来长大了发现还是舒畅好看。哎呀红头发侯厚看！,4,宝莲灯
童年回忆啊，舒畅的小玉当时好美好美啊，还有三圣母，这个剧已经不知道看了多少遍了,5,宝莲灯
喜欢小玉沉香杨戬，丁香真的喜欢不了，哪怕后面变好了，依旧讨厌(T ^ T),5,宝莲灯
三圣母太美了。歌现在都能唱,4,宝莲灯
童年看的最多的电视剧，超喜欢焦叔。,4,宝莲灯
挺喜欢小玉和沉香的,4,宝莲灯
国产奇幻系列难得佳品，拍的有头有尾，一个简单的故事丰富成了跌宕起伏的35集电视剧，很不容易了。我觉得要为国产电视剧鼓掌，特别是当下这些烂剧横行，无法下脚的年代。,4,宝莲灯
其实沉香挺渣的，不爱就不要轻易给别人承诺啊，这个也喜欢，那个也舍不得。还有嫦娥，联接前传里，嫦娥人设有点婊啊，戏份真的太多了，都快忘了他老公是后羿了，杨戬喜欢嫦娥，把嫦娥当女神和知己，可嫦娥呢，哪里懂他呢。,4,宝莲灯
印象深的是焦叔的二郎真君,4,宝莲灯
童年的回忆了！记得那时候很喜欢！,4,宝莲灯
评分这么低。对不起这么好看的剧。,5,宝莲灯
小时候觉得沉香好帅,4,宝莲灯
舒畅么么哒！,4,宝莲灯
故事的结尾很感人,4,宝莲灯
儿时回忆,5,宝莲灯
小时候看的，三圣母太显小了，哮天犬印象深刻。,4,宝莲灯
小时候看的 我当时的梦想就是能娶到小玉。。。。。。。。。。。。必须5分,5,宝莲灯
《宝莲灯》是神话剧中浪漫与现实结合完美的一部神话电视剧#与大家熟知的动画片版本相比，电视剧版《宝莲灯》的故事与人物都有很大的变化，电视剧中的人物也比动画片中的多，情节线索也更复杂#《宝莲灯》原本是充满温馨感的寻母的神话故事，却被改编成了一个闹剧。,4,宝莲灯
童年记忆,4,宝莲灯
为什喵我小时候看过这么多剧……,4,宝莲灯
还蛮喜欢的，特别是焦老师，改变了以往的温和形象。,4,宝莲灯
贼喜欢,5,宝莲灯
小时候看的，看过无数遍。不知道为什么大多数人不喜欢，可它是我心中最好的电视剧之一。喜欢小玉和沉香，那个时候能拍成这样我认为很优秀，比起芒果台的各种奇幻雷剧不知道好多少倍。,5,宝莲灯
小时候很喜欢看啊！！！,4,宝莲灯
爱就一个字我只说一次，恐怕听到的人勾起了相思～,4,宝莲灯
看着上瘾,4,宝莲灯
记得当年在家里小厨房，冬天凑在炉子旁取暖，我妈在做饺子，我唱着片头曲～娘是我的幸福，我是娘的全部。我妈非常非常高兴幸福。有机会给我孩子看。,5,宝莲灯
严重被低分,5,宝莲灯
给四星吧，嫦娥很美，舒畅发型杀马特,4,宝莲灯
小时候超爱这个剧了 舒畅的小玉太可爱 第一个我超喜欢的女主 沉香渣男,5,宝莲灯
童年！！！！！小玉和三圣母都敲好看的！！！！结局也改的很讨喜！我爱了！,4,宝莲灯
焦恩俊舒畅好美,4,宝莲灯
我造这剧天雷滚滚，可当年就是看得废寝忘食。,5,宝莲灯
只记得这部的嫦娥了。,5,宝莲灯
童年回忆系列 舒畅真心好看,5,宝莲灯
小时候好看的剧太多了，百看不厌的好看，这部剧的三圣母好美,5,宝莲灯
童年记忆,4,宝莲灯
这剧不应该是这么低的分，至少7.5，这特效还有片头片尾曲还有剧情，整体的质量在当年已经是顶尖了好么,4,宝莲灯
前几天又重温了一遍，这么好看为什么才6.1分啊！剧情比现在的电视剧好了不止一点点,4,宝莲灯
评分居然这么低，童年回忆啊。,4,宝莲灯
小学暑假每天追的剧，现在想想，好些年没看神话剧了，四星,4,宝莲灯
其实我觉得还能看，我对小时候看的剧都比较宽容。但再次看到片头曲，整个人都不好了…,4,宝莲灯
五星都给焦恩俊颜值,5,宝莲灯
啊都是童年。,4,宝莲灯
嫦娥美爆了,5,宝莲灯
沉香挺好看的(❁´◡`❁)*✲ﾟ*,4,宝莲灯
想说的太多，干脆不说了。泪目的回忆。,5,宝莲灯
小时候看的，可以,4,宝莲灯
好看,5,宝莲灯
“天上下凡三圣母，生下沉香和爹住……”论——主题曲的洗脑性。,4,宝莲灯
这部剧的剧情好，演员演技也都在线，就是对主角的感情戏太狗血恶俗了，本来沉香劈山救母是很经典的故事，但是剧中却穿插各种男女纠缠的戏码反而显得主角不那么可爱了；剧中对二郎神的翻案倒是很让人耳目一新，可惜铺垫还是不够多，人设也偶尔有矛盾的地方，但瑕不掩瑜，总体来说这部剧很值得一看的,5,宝莲灯
沉香背五千本书的那段值得一看,4,宝莲灯
好看,4,宝莲灯
小时候觉得沉香16岁很可爱。也很有骨气。小玉好漂亮。童年的回忆，小时候每天都看，有笑有泪，好剧。,5,宝莲灯
美女云集,4,宝莲灯
舒畅多么好看,4,宝莲灯
五星五星！！！我的童年！！,5,宝莲灯
小时候看过的剧之一，颜值武打都很棒,4,宝莲灯
童年回忆啊，喜欢舒畅演的玉儿。,4,宝莲灯
小时候看的，情怀加一星。那时候我妈总说焦恩俊好帅，可是看着他那万年不变的离子烫真的太出戏了好吗,4,宝莲灯
戬沉,5,宝莲灯
我是娘的全部 娘是我的全部 娘痛苦我就—————不幸福～,4,宝莲灯
2005舒畅啊！,4,宝莲灯
爱死这部剧里面的舒畅了,4,宝莲灯
看的开心,4,宝莲灯
小时候天天守着电视看  当年的曹骏和焦恩俊真是美好,4,宝莲灯
啊娘痛苦我就不幸福～～hhhhhh脱口而出,4,宝莲灯
还是很喜欢的,4,宝莲灯
喜欢曹俊和舒畅！那个时候就希望他俩能在一起！,5,宝莲灯
舒畅是真的美,4,宝莲灯
舒畅的剧一直好看,4,宝莲灯
我喜欢舒畅 所以给五星。,5,宝莲灯
我觉得还不错啊~比较喜欢舒畅的样子,5,宝莲灯
小时候看过的印象很深是我最喜欢看的电视剧之一。很喜欢沉香和小玉,4,宝莲灯
总体上其实觉得很不错的，各个人物都还挺丰满，出彩的形象比比皆是，从可爱的小狐狸、娴雅的三圣母、温柔美丽的嫦娥（果断是我看过最美的嫦娥好吗）到性格复杂的二郎神（现在回想那结局大逆转很有斯内普教授的赶脚。。）、性格更复杂的孙悟空。。可惜配了那么个片尾曲，对不起真是救你不能了,4,宝莲灯
不错的，舒畅的小狐狸很好很可爱，和沉香也很配,4,宝莲灯
舒畅！,4,宝莲灯
小狐狸楚楚可怜~,4,宝莲灯
舒畅的小玉,4,宝莲灯
舒畅好美。。。两位女主都比阿俊高。。。囧 那个新加坡女子还老大年纪了 王母娘娘老弓着腰。。。剧情进展好慢 节奏很奇怪 就像每个人的台词不熟似的。。结局大跌眼镜 有点牵强,5,宝莲灯
超级喜欢小玉，真的很美……而且那个时候都拍的很好，说明是良心剧！！还喜欢嫦娥，也特别美,5,宝莲灯
童年!!那时候超喜欢舒畅！！,5,宝莲灯
童年的回忆啊，这部分不应该这么低！焦恩俊的二郎神真是又帅又经典！曹俊、舒畅那时又嫩演技还不错，好评！,5,宝莲灯
超喜欢曹骏、舒畅这一对。,4,宝莲灯
小时候挺喜欢的，特别是小狐狸和沉香这对，看到最后才知道二郎神是“卧底”，一边执行天条一边锻炼沉香救母，不容易。整部剧里最不喜欢王母。。。,4,宝莲灯
为舒畅。。,4,宝莲灯
那时候暑假经常放，小孩子们很喜欢看，喜欢小玉的造型，觉得那时候她真漂亮,4,宝莲灯
表白杨二哥和小玉,4,宝莲灯
舒畅演的小狐狸多么灵动,4,宝莲灯
舒畅的现在与当时星光熠熠的她不是很符合，而当时温婉的三圣母现在在韩国发展也是不顺。   哦哦， 剧里面造型都还可以。 最重要的是 特效 真的比现在某些 好很多。 百度百科反方观点还批评这部剧只注重特效来着…可是人家的内容也很不错啊。 没话找话…,4,宝莲灯
好吧我一直以为小狐狸是舒淇...囧...原来是叫舒畅....貌似喜欢的不能自拔啊= =！,4,宝莲灯
当年看这部超喜欢舒畅！,4,宝莲灯
喜欢沉香和小玉,4,宝莲灯
那时候觉得舒畅真的很美,5,宝莲灯
小玉!,5,宝莲灯
6.5分确定不是故意打低吗？不说别的，光这部剧的特效和纯音乐我觉得就算是十年后的这些古装剧也挑不出几个能比这部精良的了吧？宝莲灯真的是一代人的童年啊，沉香真是童年男神了，打戏干净漂亮身段好，现在再看一遍当初不懂的地方也懂了，太有教育意义了,5,宝莲灯
二郎神帅呀，舒畅的小玉美呀，剧里其他的女演员也都美，本来觉得二郎神是坏人没想到最后反转了。,4,宝莲灯
喜欢杨戬呀,4,宝莲灯
当时真的被舒畅惊艳到了,4,宝莲灯
四星给演员的演技和颜，因为尴尬的剧本给扣一星。,4,宝莲灯
舒畅太美了 颜丹晨也好美 焦恩俊简直童年男神啊|-|,5,宝莲灯
我心中的神剧,5,宝莲灯
唯一讨厌òᆺó丁香，二郎神太帅惹,4,宝莲灯
我觉得挺好看的啊，小时候的我就是很喜欢,4,宝莲灯
觉得这分不合理，宝莲灯还是不错的,4,宝莲灯
很不错的电视剧，不管是剧情，还是演员都很好，就是这分打的也太低了吧,5,宝莲灯
为什么小时候的神话剧都那么好看啊,5,宝莲灯
童年回忆,5,宝莲灯
小时候真的很喜欢啊 CCTV每次重播都会看的😂,4,宝莲灯
本以为任何的改革都需要巨大的牺牲，最后结局皆大欢喜，收官完美，编剧也太能扯了，有些太无理脑残推动情节的事不能直视，纯粹为了加戏。唯一给我意淫的是小狐狸和沉香的甜美初恋，可能虚加夸大，但是那种蠢蠢欲动，天真喜欢一个人，初次对一个人动心的害怕和爱护可以说成长过程中最难以忘记的记忆。,4,宝莲灯
沉香为了救小狐狸一个人打上三十三重天，印象深刻。,4,宝莲灯
童年最爱之一 表白舒畅曹骏,4,宝莲灯
为了演员最根本的演技,5,宝莲灯
小时候挺喜欢的,5,宝莲灯
小玉比丁香讨喜多了。,4,宝莲灯
舒畅真美,4,宝莲灯
小狐狸是心中的白月光，三圣母是个韩国人，古装扮相还行，就是说话嘴型对不上太难受了。,4,宝莲灯
7.0/10，小时候租了整部剧的碟片在家里看完的。,4,宝莲灯
舒畅太美了，其他人都给我滚蛋~,5,宝莲灯
原来剧情是沉香从贪玩因为四姨母的死变得成熟，又因为丧失功力重新学艺，最后二郎神洗白。,4,宝莲灯
补标,4,宝莲灯
为什么那么苛刻？站在2017年来看能把一个故事讲得完整通顺已经够靠谱了，何况还讲得跌宕起伏。演员都那么敬业，啸天犬说摔就摔绝不含糊，小狐狸天真可爱眼神清澈，八太子备胎备得让人心疼…最重要的是二郎神这个斯内普教授人设实在精彩，小时候看就觉得是大反派，长大后越看越心酸。,5,宝莲灯
虽然剧情不怎么样，但是舒畅在里面真的是超级美，还有焦恩俊演的二郎神好帅。,4,宝莲灯
焦叔，心疼死我了,4,宝莲灯
那时候的小玉可太美把，超级无敌可爱，现在脸垮了唉,4,宝莲灯
三圣母好好看。,4,宝莲灯
童年是真滴爱看,4,宝莲灯
整体来说还是可以一看的,4,宝莲灯
喜欢小玉，小时候的女神，可惜舒畅现在真的资源不好，看着着急,5,宝莲灯
  小时候觉得最漂亮的就是三圣母了，妈妈和我都喜欢看，都喜欢舒畅。,4,宝莲灯
天地无极，万里追踪,4,宝莲灯
明明就非常好看！哼,5,宝莲灯
剧本简直充实的过份。,4,宝莲灯
群戏处理的很好  而且看着很精彩啊  少有的良心国产剧  五星,5,宝莲灯
央视真是。。。。当年连续播是闹哪样。。,4,宝莲灯
剧中对于天庭规制的展示，很扯但展示存在的本身值得称赞,4,宝莲灯
当时很喜欢,4,宝莲灯
舒畅的小玉真的可爱极了，她也是我的童年女神呀，只是现在整容了我没那么喜欢了,4,宝莲灯
天上下凡三圣母，生下沉香和爹住,4,宝莲灯
喜欢宝莲灯里面的小玉！真的很好看，造型也很多，小时候还跟姐姐一起讨论过舒畅到底有几个造型的呢,5,宝莲灯
为了舒畅看的,4,宝莲灯
心中最经典的二郎神。,4,宝莲灯
一星给二郎神for 美颜,4,宝莲灯
舒畅好美！小时候超级喜欢这部剧！,4,宝莲灯
其实故事的主干、设定挺好的，但是有害的枝蔓多了点让剧太狗血了点……,4,宝莲灯
舒畅在里面是真的美爆啊！小时候觉得她最最漂亮了！,4,宝莲灯
小时候看的  每个女角色都是女神啊,4,宝莲灯
童年,5,宝莲灯
挺不错的，豆瓣评分太低了,4,宝莲灯
还是不错的,4,宝莲灯
当时看的时候特别着急什么时候才能救下他妈妈啊,4,宝莲灯
小玉沉香！！！,5,宝莲灯
以我当年的智商 这部片子我很喜欢 哈哈哈哈哈,4,宝莲灯
童年记忆啊！表白二郎神（其实不值五星，但回忆永远是最美的）,5,宝莲灯
童年的电视剧（暴露年龄了），前几天不知怎么就突然想看，然后又重温了一遍，虽然剧情挺魔幻的，但很喜欢沉香小玉和二郎神，所以打五星。焦叔太帅了，李寻欢和二郎神的泡面头造型很酷有木有，沉香小玉那时候都太嫩了（小时候不觉得，但现在很吃沉香的颜），两人演技简直吊打现在某些流量啊，而且前期甜甜纯纯的爱情深得我心嘿嘿，后期虐的让人心疼。一直很喜欢小玉，也不觉得沉香很渣（可能身上责任感重了些，再加上当时复杂的环境，但他始终是只爱小玉一个人的呀），对丁香其实也恨不起来（她前期风火雷电停太搞笑了），整部剧最喜欢的还是沉香小玉一起上路那段，结局小玉复活有点仓促了，完全可以再多拍几集沉香怎么怀念她，复活之后甜腻的小生活再到成亲～总之，小时候看没什么感觉，现在倒是多了一分对责任的理解，对亲情爱情友情的感慨吧,5,宝莲灯
那些年我看过的童年青春剧#,4,宝莲灯
童年回忆啊，焦恩俊二郎神，舒畅小玉，颜丹晨嫦娥，真不知道为什么又是在两个女生中纠结的剧情，明眼人看得出来喜欢的就是小玉啊，最先遇见的，有什么好纠结的。那时候看就觉得戬娥官配，哪里知道后来又拍了个宝前，真是气死人了。,4,宝莲灯
很好看的神话电视剧，里面的主题曲和片尾曲很好听。喜欢里面的人物。,5,宝莲灯
我的小玉,4,宝莲灯
N年前看的剧,4,宝莲灯
童年系列，回忆～,4,宝莲灯
五星全给二郎神,5,宝莲灯
二哥是三界内少有的大英雄，小玉和沉香前期又甜又萌的。,5,宝莲灯
看过的,4,宝莲灯
童年经典剧，主演年龄都好小哦，很喜欢舒畅演可爱的小狐狸妖，美美的，剧中人物选得都很合适，二郎神好帅，嫦娥好美哦,4,宝莲灯
小时候特别爱看,4,宝莲灯
小时候很喜欢看的电视剧，超喜欢焦恩俊演的二郎神啊和呆萌的小沉香。,5,宝莲灯
超级棒的反转！,4,宝莲灯
又一部童年回忆呀,5,宝莲灯
也疯狂的追过,4,宝莲灯
舒畅真的很好看,4,宝莲灯
童年！,5,宝莲灯
这两天重刷一遍，主角除了小玉其他都无感，主要是被哮天犬和猪八戒圈粉了！,4,宝莲灯
特别喜欢小玉,5,宝莲灯
小学时代暑假必备,4,宝莲灯
童年的回忆啊，还是可以的，就是有些造型好雷。不过里面人有好多漂亮的，三圣母啊小玉啊丁香啊嫦娥啊，还有龙三太子，二郎神,5,宝莲灯
好看,4,宝莲灯
觉得挺好看为什么分数这么低？,4,宝莲灯
这几颗星星是给焦恩俊的！,4,宝莲灯
童年回忆，情怀分,4,宝莲灯
童年,4,宝莲灯
片头曲和片尾曲都很喜欢,4,宝莲灯
焦恩俊之后，再无二郎真君。,5,宝莲灯
不明白为啥都说雷，，,5,宝莲灯
这个也是童年回忆了，当时也挺喜欢看的，对沉香不太感冒，喜欢小玉，喜欢这个版本的二郎神。,4,宝莲灯
天上下凡三圣母 生下沉香和爹住,4,宝莲灯
当时觉得很好看,4,宝莲灯
补标,4,宝莲灯
天上下凡三圣母，生下沉香和爹住……,4,宝莲灯
小学看的来着，当时觉得沉香特别帅啊！,4,宝莲灯
初一看的，当时特喜欢，也是那时候喜欢舒畅的！~为了舒畅给5星,5,宝莲灯
最近喜欢重温老剧，重温了宝莲灯后，发现男主沉香真的太让我喜欢了，虽然很多人喷他优柔寡断，心志不坚，但我就特别喜欢这种成长型的男主，男主一开始不过是个16岁的中二少年，换成现在青春期还没过呢，多多少少会有很多缺点，但最后却能推动天庭修改天条，其中的成长可想而知,5,宝莲灯
最近在补这个剧，剧情挺好的，喜欢小玉沉香，但不喜欢三角恋,4,宝莲灯
觉得二郎神的人设和哈利波特里的斯内普教授一样 反转的很突兀 但是碍不住小时候超迷沉香和小玉的cp ,4,宝莲灯
来看小玉！第四集出现！！！,4,宝莲灯
嗯，看了宝前……然后看宝正有点心累，纯为了舔颜,4,宝莲灯
还记得当年一家人追剧，嫦娥好漂亮，当然最喜欢的是小玉，三圣母好漂亮，然而最出乎意料的是二郎神。,3,宝莲灯
  最喜欢那只小狐狸，最初的单纯善良，不谙世事，多么可爱，后来因为姥姥而偷了灯芯，纠结痛苦，多么让人心疼,3,宝莲灯
表白焦恩俊 舒畅，勉强算看完了这部片子，雷……,3,宝莲灯
焦恩俊很帅，剧情接受无能.......,3,宝莲灯
最喜欢小玉，小狐狸萌萌哒,3,宝莲灯
别的不说，当时这电视很火呀，我最喜欢小玉，她和沉香之间历经磨难虐得我啊，不过最后还是有情人终成眷属啦哈哈～,3,宝莲灯
这部剧的歌太神了，我到现在还在记得😂天上下凡三圣母，生下沉香和爹住~~还有舒畅的小玉也是印象深刻，猪八戒的辫子，和梳辫子的小钉耙😂😂😂笑死了,3,宝莲灯
亮点多多，乔恩俊就是那么帅，男女主角现实中能一起就好了。,3,宝莲灯
其实我当年很萌二郎神×嫦娥的CP.....,3,宝莲灯
哈哈，童年的回忆啊。,3,宝莲灯
那时候的舒畅好嫩啊喜欢,3,宝莲灯
童年的回忆,3,宝莲灯
哈哈 喜欢小狐狸,3,宝莲灯
片头曲、片尾曲好评。喜欢舒畅，但不喜欢小玉;喜欢沉香，但不喜欢曹骏。,3,宝莲灯
焦恩俊的二郎神无法超越，演三圣母的虽然是个韩国人但很有书卷气，这版想站骨科。,3,宝莲灯
那时的舒畅才十几岁演技真的了得,3,宝莲灯
舒畅的戏基本不用担心演技，只要剧本过硬，基本就有保障。如果剧本不给力，那就可惜了舒畅的演技了。,3,宝莲灯
可惜了当年为什么没有焦恩俊cut为了看他我浪费了多少时间 三星全是给他的,3,宝莲灯
CCTV8和CCTV1经常播的电视剧，里面的歌好听,3,宝莲灯
这部剧是很久之前看的，只记得当时一集不落的都看了，其中对哮天犬的印象最深！,3,宝莲灯
剧是蛮雷的，不过创意性的把二郎神漂白了，嫦娥还是蛮漂亮的,3,宝莲灯
舒畅好美，焦恩俊很帅，没了,3,宝莲灯
《宝莲灯》是根据沉香劈山救母的故事而改编的古装神话电视剧，主要讲述了二郞神忍辱负重帮助他外甥沉香救母改天条的故事。本剧将浪漫与现实结合，是一曲天上人间喜结良缘，沉香救母惩恶扬善的赞歌。,3,宝莲灯
沉香一脸问题儿童的愤恨相。而且那个未婚妻装可爱装得未免太明显了点。,3,宝莲灯
小时候看个热闹，不用现在眼光去看，当时觉得还行，很喜欢舒畅。,3,宝莲灯
片尾曲超级雷！不过杨戬的设定棒呆了！大爱！,3,宝莲灯
少年的回忆，男主沒红起来。,3,宝莲灯
其实挺雷的，不过那个时候舒畅美,3,宝莲灯
额···总觉得舒畅比曹俊大很多似的，还有那个龙三到底多大了啊，不老啊真狠,3,宝莲灯
舒畅太美！！,3,宝莲灯
那时候的焦恩俊，还是帅的呀！,3,宝莲灯
小狐狸美死了，焦叔也是帅的，小时候很喜欢看，现在觉得有点扯淡,3,宝莲灯
还行吧，二郎神这个哥哥挺好的。但这部剧我不太喜欢。,3,宝莲灯
居然是个反转剧！！！还拍了前编……,3,宝莲灯
故事还行，造型挺雷，焦恩俊这造型实在是………一言难尽,3,宝莲灯
当初喜欢的是丁香，现在不知道了。。,3,宝莲灯
舒畅怎么就没红呢，那么美,3,宝莲灯
当时很着迷的看完了，只记住了沉香母亲,3,宝莲灯
虽然觉得很雷的一部剧，却也矛盾重重、内容满满。,3,宝莲灯
当时觉得沉香好好看哒！,3,宝莲灯
还行，就是为什么非要让小盆友演情感戏，完全不对路，不对路……,3,宝莲灯
又是三角四角恋,3,宝莲灯
我磕的CP没在一起。,3,宝莲灯
太囧了，我都看过。,3,宝莲灯
小玉和嫦娥都美美美……话说当年听片尾曲那句“天上下凡三圣母，生下沉香和爹住，沉香哭着哭着要寻母”一直在想为什么爹住不哭着寻母……沉香都谈恋爱了，然鹅我还是单身狗🐶,3,宝莲灯
一星给焦恩俊和嫦娥，一星给三太子和丁香，一星给舒畅和三圣母……就这样，不能再多了……剧太雷不解释,3,宝莲灯
猛然被焦大叔雷得焦焦的。,3,宝莲灯
焦的二郎神扮相绝了，相当帅气；舒畅林湘萍挺可爱。,3,宝莲灯
三圣母美 娘痛苦你舅不幸福 哮天犬狗的演技都那么好 黑白无常 挖地道 女装大佬 单纯狐狸 嫦娥猪队友 三口气 娃娃亲害死人 嫦娥漂亮 神仙打架 孙悟空出场 唠叨嘟囔 哮天犬和丁香站一秒 沉香中央空调 八太子就没把小玉当朋友过 丁香：你对我怎么就没那么忠诚呢,3,宝莲灯
其实以前看的时候还是觉得挺一般的,3,宝莲灯
从这部开始发现焦恩俊开始崩坏了……,3,宝莲灯
娘是~我的全部～,3,宝莲灯
天知道那时候我有多迷二郎神。。。还有一堆同人文（往事不堪回首,3,宝莲灯
一般般~,3,宝莲灯
热播的时候，大家都在看,3,宝莲灯
国剧评分：79/100 属于电视台不停播放躲都躲不掉那种。来自韩国的三圣母。,3,宝莲灯
喜欢三圣母和嫦娥，都很美好，但又不一样的感觉。,3,宝莲灯
我一直觉得沉香很渣,3,宝莲灯
其实我看的时候也被三角恋烦到不行，但比起卖惨的前传来我还是比较喜欢这部。特别是故作高冷的前传粉天天爱到正传找存在感还踩正传是儿童剧。。那麻烦你们去看你们的杨凄然好吗？前传我也是看过的，虽然看到后面无聊的家庭纠纷就没看了。。。,3,宝莲灯
这部也是童年了,3,宝莲灯
剧情完整，人物性格饱满又鲜明,3,宝莲灯
陪我弟和我妈看的。,3,宝莲灯
比前传要雷。一直觉得三圣母很韩腔，想不到真是韩国的。,3,宝莲灯
童年系列，每个台都在放，简直霸屏，现在看来，剧情简直拖的一比，可是当时觉得很好看，一直追。,3,宝莲灯
小时候觉得小玉好看，现在看来丁香的扮相才真叫美啊。。,3,宝莲灯
沉香最后还是救母成功了，好比唐僧西天取经啊。,3,宝莲灯
這劇央視重播了多少遍啊？1套播，1套播，1套播完3套播，3套播，3套播，3套播完8套播，8套播8套播，8套播完13套播……,3,宝莲灯
小学那些个夏天，每天都要伴着cctv1的焦恩俊的脸下饭才能吃完,3,宝莲灯
！,3,宝莲灯
那个八太子挺帅的,3,宝莲灯
"央视啊,就.....",3,宝莲灯
在家的时候看的。,3,宝莲灯
小时候经常看哒 剧情已经忘光了 就记得三圣母和小玉都超级美,3,宝莲灯
就那样吧,3,宝莲灯
主演贾宝玉。,3,宝莲灯
年轻时的记忆呀，可惜的舒畅没能火起来，反倒是刘涛大红大紫。,3,宝莲灯
当时真的觉得这个故事好长，一直觉得二郎神是个好人，看到结局就验证了。,3,宝莲灯
当时看这个电视的时候好像我妹妹很喜欢看来着，我没什么感觉就跟着我妹妹看的，还可以吧，我感觉有点雷人,3,宝莲灯
六年级的时候，大家一起坐在教室的电视跟前看。,3,宝莲灯
舒畅给3星咯..,3,宝莲灯
    这个剧里面的演员颜值都还不错哦，曹骏长得还挺帅的，就是个子不太高，不知道现在长高了没，舒畅的小玉真是漂亮，小狐狸惹人爱，演技也好，焦恩俊不必说了帅哥一枚，还有三圣母也是美女，丁香也还可以，但我更喜欢小狐狸。剧情嘛，适合青少年看。,3,宝莲灯
焦恩俊是我小时候的古装男神,3,宝莲灯
美美的小玉 执着的丁香 用心良苦的舅舅 ,3,宝莲灯
好奇怪呀，当年还把我看得如痴如醉的。,3,宝莲灯
这个。。不明白为什么那么多人迷这剧。。,3,宝莲灯
舒畅的小玉，焦恩俊的二郎神是我忍受他的唯一原因,3,宝莲灯
无法接受曹骏长大了的事实啊。,3,宝莲灯
焦恩俊演的那个舅舅啊......,3,宝莲灯
喜欢曹骏的表演,3,宝莲灯
小童星曹骏哪去了。,3,宝莲灯
幼儿三角恋，可以考虑看二郎神的精简版，最后一集可以考虑跳过去。洗白的太生硬了。,3,宝莲灯
这也是童年记忆了，当时好喜欢小狐狸呀，还有舅舅和嫦娥姐姐。有些地方比较扯，最后结局圆满,3,宝莲灯
此剧虽烂，但小狐狸太美了,3,宝莲灯
舒畅的小狐狸真的是她演古装我认为最好看的一部电视剧了，和曹俊饰演的刘沉香很很般配，剧情还是不错的，值得看。,3,宝莲灯
还不错，挺好看的。,3,宝莲灯
剧情不咋记得了，好像也是挺扯的，不过真心觉得舒畅那时候太可爱了，喜欢了好久,3,宝莲灯
小时候觉得曹骏很帅，舒畅很美，不小心大家都长大了。,3,宝莲灯
曹骏不错的在这部里面 但是舒畅就很奇怪 囧,3,宝莲灯
我想说：CCTV1还在放！,3,宝莲灯
焦恩俊！,3,宝莲灯
舒畅那会真的美。剧情有点欠缺,3,宝莲灯
小时候觉得舒畅就很好看啊 剧情什么的都很浮云,3,宝莲灯
小时候觉得这剧设定挺雷，但是挺好看，属于设定雷，三观正，逻辑在的剧。。一部剧设定可以大胆创新，但是三观正，人物情节有逻辑很重要。。。另外，我才意识到这剧居然和汉武大帝是同一年上映的。,3,宝莲灯
当初还很喜欢看呢，唉，年龄都很小的男女主角。日月星辰，只是陪衬，有你的地方，温暖如春。这歌词感动过我。,3,宝莲灯
哈哈哈，央视当年循环播放，觉得三圣母好温婉，最喜欢焦恩俊。,3,宝莲灯
焦恩俊凭着颜值，直接让我反叛了伟光正的主角，何况最后证明，颜好的人心也好，即使开始忍辱负重也是迫不得已为了保护家人,3,宝莲灯
很多的电视就是这样在电视台的轮番轰炸下看完的,3,宝莲灯
我只喜欢八太子和丁香,3,宝莲灯
嫦娥好漂亮,3,宝莲灯
有两个印象。二郎神怎么能这么帅？这么帅？这么帅？沉香他妈为什么是韩国人？韩国人？韩国人？,3,宝莲灯
其实都还算是合理的剧情拓展吧…二位女主都很喜欢…,3,宝莲灯
里面最漂亮的分明就是二郎神好吗，焦叔超级帅啊，三圣母也好好看，当时真的没有发现居然是韩国演员演的，嫦娥也很好看，小玉真的好水灵，舒畅那时候真的超有灵气，其实我还蛮喜欢丁香的，不太喜欢沉香，有点渣，更喜欢八太子，比较有担当，前面挺搞笑的后面有点虐，还好结局是好的,3,宝莲灯
补缺,3,宝莲灯
歌曲挺洗脑的，二郎神很帅。,3,宝莲灯
最后二郎神大反转。。。神,3,宝莲灯
服装妆发很雷很雷，但是剧情流畅，剧本扎实。,3,宝莲灯
沉香可帅了。。,3,宝莲灯
其实回头来看还是觉得有点雷,3,宝莲灯
原来有这么多集...都忘了快...,3,宝莲灯
焦～～～,3,宝莲灯
"又是一部00到05之间的电视剧,我小学的时候是有多爱看电视啊",3,宝莲灯
太扯了 太罗嗦了,3,宝莲灯
是个反转剧，二郎神到最后又变成了好人,3,宝莲灯
勉强吧,3,宝莲灯
沉香选的太小了，别的还好,3,宝莲灯
整部剧，二郎神最帅,3,宝莲灯
哈哈哈哈好媚的二郎神！,3,宝莲灯
儿时记忆。,3,宝莲灯
虽然是奇葩了点（大概是央视杀马特系列的鼻祖，尽管它还没有那么严重），拖沓了点，可是还不至于完全不可取。起码三观还是很正的，主题明确，惩恶扬善，沉香的成长，独立 亲情 爱情 友情都涉及到了，相比现在许多意味不明只是搞噱头无底线的片子还是好很多的。,3,宝莲灯
曹俊长大了 哎。。。,3,宝莲灯
小时候的剧。,3,宝莲灯
天上下凡三圣母，生下沉香和爹住，诶，爹住是谁？,4,宝莲灯
小时候天天看，觉得挺逗的，结局是有点离谱。,3,宝莲灯
童年回忆加持，喜欢小狐狸。,3,宝莲灯
磨磨唧唧,3,宝莲灯
剧情好看，扮相吓人,3,宝莲灯
现在再看一下这部剧，简直毁三观，嫦娥三圣母百花仙子，东海四公主违反天规知情不报，二郎神执法犯法罪加一等，沉香朝三暮四，典型的渣男属性,3,宝莲灯
我是冲演员看的= =但是实在太雷= =,3,宝莲灯
面冷心热的杨戬。,3,宝莲灯
当年中央八反复播,3,宝莲灯
噗,3,宝莲灯
可怕的央视。让我回家的时候无电视可看，只能看这个。,3,宝莲灯
我到底是陪我奶奶看了多少这种电视剧啊~~！,3,宝莲灯
童年的回忆啊，我是真的没有想到二郎神是好人，当时太天真……还是喜欢官配小玉和沉香……,3,宝莲灯
天雷滚滚，无法直视,3,宝莲灯
小玉,3,宝莲灯
我小时候好喜欢小玉的,3,宝莲灯
跟小弟没少看这个~,3,宝莲灯
童年记忆，二郎神和哮天犬，丁香沉香……,3,宝莲灯
你是我的全部。儿子。,3,宝莲灯
颜丹晨当年是真美,3,宝莲灯
童年经典宝莲灯,3,宝莲灯
虽然很扯，颠覆了以往的神话认知，但故事很完整，人物塑造也不错，就是细节上不能推敲，略青少向,3,宝莲灯
因为这部剧看了一系列魔幻手机，小玉真的好好看,3,宝莲灯
演哪吒那位。,3,宝莲灯
当年特别特别喜欢焦恩俊，简直巴不得二郎神统治世界。。。,3,宝莲灯
我基友的最爱,3,宝莲灯
三星全给舒畅,3,宝莲灯
二郎神和嫦娥姐姐的爱情是亮点。舒畅古灵精怪，颜丹晨仪态大方，都好迷人。,3,宝莲灯
小时候看的剧了，前不久还在和朋友讨论怎么都想不起来名字了，原来叫宝莲灯啊,3,宝莲灯
沉香太好看了,3,宝莲灯
很久之前看的了，剧情还行吧，就是感觉沉香有点渣，个人比较喜欢丁香，对小狐狸没啥感觉,3,宝莲灯
杨戬的痛苦，你们懂不懂……,3,宝莲灯
算童年回忆的一部了,3,宝莲灯
里面的歌至今都会唱😄,3,宝莲灯
小玉和丁香的颜都好喜欢，二郎神很帅,3,宝莲灯
小时候看过，不咋喜欢。。还是喜欢曹骏的哪吒,3,宝莲灯
童年记忆~~~,3,宝莲灯
评分有点低啊。。记得小时候蛮喜欢的呀,3,宝莲灯
舒畅,3,宝莲灯
小时候觉得曹俊好帅，那个时候的舒畅还没甜到发腻，丁香那种朴素的女孩才是我喜欢的类型，三圣母好美,3,宝莲灯
央视重播过几年，最喜欢小玉，当时讨厌死丁香了，最后小玉和沉香成亲简直深深地喘口气。回过头来看，丁香很漂亮。,3,宝莲灯
所有打星标准都是小时候看的时候的标准。,3,宝莲灯
换掉雷人的造型设计师，毫无章法的剪辑师，用古典文言打磨一下台词，删除灌水的情节加快节奏，这就是一部神剧。因为立意和故事都是很不错的，如果演绎成功，沉香这一形象可能到达哈利波特的位置，二郎神的苦心甚至能超越斯内普……当然了整部作品就是遗憾地在那里，我说的都是假设而已。,3,宝莲灯
高中时候全班每天一起看的,3,宝莲灯
是神话剧中浪漫与现实结合完美的一部神话电视剧,3,宝莲灯
好一个宝莲灯,3,宝莲灯
哈哈哈，以前好多同学一起追的，一晃都十年了,3,宝莲灯
反派都是卧底系列，洗白了二郎神，抹黑了王母娘娘。。。,3,宝莲灯
小狐狸吼吼看,3,宝莲灯
也是曾经很迷的一部片，脑残啊....- -,3,宝莲灯
天呐我居然还看过这种剧,3,宝莲灯
当时看的时候挺感动的，但我不喜欢丁香，为了加感情戏使剧情变得拖沓，焦恩俊挺帅的，舒畅挺美的，有点恶搞,3,宝莲灯
我一个侄子非常非常喜欢看的电视剧，他小时候以前常常追着我问，姑姑你是喜欢小玉还是沉香，要是我我就宁愿当沉香，因为他是一个很帅的男孩子。哈哈哈。,3,宝莲灯
童年,3,宝莲灯
主演是舒畅~,3,宝莲灯
结尾太扯。。。。,3,宝莲灯
初中看了好久～,3,宝莲灯
可喜欢沉香和小玉了！！讨厌丁香！！！焦叔长得太标致了！！,3,宝莲灯
曹骏长大后还是挺帅的   跟释小龙一批的童星吧   但现在怎么见不着了呢,3,宝莲灯
舒畅太甜啦，不太喜欢男主，人设有点渣，焦恩俊二郎神太帅了忍不住喜欢最后发现他是好人，当时可开心了,3,宝莲灯
当年看的时候总觉得曹骏舒畅未成年,3,宝莲灯
为二郎打电话,3,宝莲灯
原来主演是曹骏，我才知道。,3,宝莲灯
还行...,3,宝莲灯
雷剧，帅哥美女比较亮眼,3,宝莲灯
曹俊的沉香、焦恩俊的二郎神、可爱的舒畅、颜丹晨的嫦娥、,3,宝莲灯
三圣母是韩国人吧。还蛮有气质的,3,宝莲灯
这海报太雷了吧？老狐狸。。。,3,宝莲灯
为了2GG看的。额,3,宝莲灯
那奇葩的片尾曲我都会唱。,3,宝莲灯
喜欢舒畅妹子,3,宝莲灯
哈哈哈哈哈哈哈，这部剧里只有二郎神火了，出现了大量衍生同人,3,宝莲灯
补标,3,宝莲灯
当年很火，但我不喜欢,3,宝莲灯
补录,3,宝莲灯
好雷,3,宝莲灯
剧情改编烂演技烂，当少儿读物看吧,3,宝莲灯
好好的神话故事这么虐,3,宝莲灯
小狐狸,3,宝莲灯
小狐狸舒畅演得最好，嫦娥最美，焦恩俊依然帅气。虽然剧情有点雷，但还能看的下去。,3,宝莲灯
焦恩俊一直是童年的男神啊，最帅的就是二郎神的时候了,3,宝莲灯
童年。。。,3,宝莲灯
娘痛苦我就不幸福！,3,宝莲灯
一些添油加醋的东西很雷，但还是喜欢宝莲灯的故事,3,宝莲灯
小狐狸,3,宝莲灯
三星给杨戬，狗血三角恋太烦人了,3,宝莲灯
童年回忆，只记得龙太子最帅。。。,3,宝莲灯
二郎神卧底这个完全不能说服小孩子的bug记忆尤深！,3,宝莲灯
儿童剧。现在想想看儿童谈恋爱也是够雷的。最大都收获是get到了焦恩俊的二郎神。然后，喜欢丁香，黑化后的小玉很酷。,3,宝莲灯
当年也是一集一集追下来的这部剧好像有点给二郎神洗白当时感觉舒畅真漂亮,3,宝莲灯
舒畅那时候真水灵啊,3,宝莲灯
曹骏等于少时梦中情人。,3,宝莲灯
沉香你不懂舅舅的心。,3,宝莲灯
这时候就长大点啦，记得女演员都挺好看的，二郎神也很帅。好像有个角色叫丁香是不是，nnd对恶丑的男主角一片痴心不改气死我了，哈哈哈,3,宝莲灯
打发时间,3,宝莲灯
因为这个主题曲。他完胜！,3,宝莲灯
我的童年回忆，我的焦恩俊。。。,3,宝莲灯
当年的CCTV到底怎么想的,3,宝莲灯
央视蜜汁宠爱重播N次,3,宝莲灯
不喜欢故事发展,3,宝莲灯
有些情节挺雷的。,3,宝莲灯
挺适合老太太那辈的,3,宝莲灯
真童年回忆，小时候超喜欢看。依稀还记得那首歌😂“天上下凡三圣母，生下沉香和爹住…”舒畅的玉儿也是美的❤️,3,宝莲灯
童年,3,宝莲灯
小时候都看了些什么呀啊哈哈哈,3,宝莲灯
这个也看过……,3,宝莲灯
孝心是此剧的重头戏。就是年代太久远了,3,宝莲灯
这部剧的颜值被焦恩俊承担了......,3,宝莲灯
初中的时候迷过这个，这次算是补齐了以前看漏的部分。回头看看这四角恋还真是槽点满满，弹幕里有一大半都在撕来撕去。那些加入教育意义的桥段倒是毫不过时，虽然看起来有些硬，作为鸡汤也算是不错的。,3,宝莲灯
还行,3,宝莲灯
童年的回忆,3,宝莲灯
小时候无聊看的！,3,宝莲灯
这怎么说也是我的童年回忆 觉得舒畅超美（暑假在昆明 没日没夜的追着看呢）,3,宝莲灯
焦恩俊那时候太巅峰了，帅！童年经典，虽然剧情现在看来也挺烂的，毕竟老剧嘛,3,宝莲灯
你不要想不付出代价就得到任何东西。,3,宝莲灯
舒畅演的好好，焦恩俊太帅了,3,宝莲灯
已阅,3,宝莲灯
初一洗头死舅舅 沉香快去洗头啊,3,宝莲灯
我从小到大坚定讨厌刘彦昌（我也不喜欢宁采臣 除了哥哥那版）我实在不懂仙女为什么会爱上百无一用的书生，可能真的是没见过其他男人吧……但是我喜欢小狐狸 也喜欢杨戬（连带着不喜欢沉香）,3,宝莲灯
这部宝莲灯就记得演小狐狸的舒畅了,3,宝莲灯
就在刚刚一阵风吹过，恍惚回到初中时代，那种清凉和无忧无虑的夏日时光，还有内心渴望遇到喜欢的人的期待..被一切撞了感觉。有感知有情义，还是做凡人比较好~,3,宝莲灯
小时候觉得好好看 现在觉得真羞耻 还有那歌什么玩意,3,宝莲灯
😆😆😆😆😆,3,宝莲灯
这是一部很雷但是还是看下去的剧。,3,宝莲灯
突然想起初中看过好多这种剧啊 边写作业边看 看的都忘记写作业(￣△￣；),3,宝莲灯
挺不错的，可是我一直不喜欢小玉，一直。,3,宝莲灯
童年天天看啊，二郎神超帅,3,宝莲灯
来啊大家一起洗白啊。,3,宝莲灯
沉香救母,3,宝莲灯
二哥才是灵魂人物好嘛,3,宝莲灯
电视上天天放  不看怎么办,3,宝莲灯
早期的反转虐心梗，可能是后来许多网文作者的启蒙,3,宝莲灯
很讨厌各种神话剧，可谁让我喜欢舒畅呢,3,宝莲灯
小时候的回忆,3,宝莲灯
焦恩俊好帅，三圣母好美，小狐狸好美~,3,宝莲灯
寒假档的电视,3,宝莲灯
就记得里面演员都挺丑的，就三圣母长得还行,3,宝莲灯
现在看来太能水了23333,3,宝莲灯
补标。,3,宝莲灯
三角恋略狗血 当时朴诗妍多漂亮我还不知道她是韩国人 前两天看善良的男人感觉直接换脸了,3,宝莲灯
童年回忆 沉香x小玉 也是我第一次知道在天界故事里二郎神和嫦娥姐姐是那啥啥的关系,3,宝莲灯
补标。CCTV那时候天天播，不想看都不行。,3,宝莲灯
我想电视上放的话我还是会看的,3,宝莲灯
对这些演员无感,3,宝莲灯
小时候很喜欢,3,宝莲灯
早就看过了，还会唱主题曲呢。,3,宝莲灯
暑假就靠这玩意活了,3,宝莲灯
小时候看过太多遍了，舒畅真好看,3,宝莲灯
沉香和爹住哈哈哈哈,3,宝莲灯
小时候看的，片尾曲真是印象深刻。,3,宝莲灯
补标,3,宝莲灯
相比前传，本传轻松太多了，小时候被杨戬惊艳，仿佛一眼误终生感觉，内心一直在欺骗自己，自己催眠自己杨戬不是坏人，总有一天会被洗白，所以一直觉得这部给我很大的记忆怕只是杨戬了，而对于主角的情感，我就记得沉香很呆萌了，没办法，作为颜狗的我，喜欢迷人的人，总的来说，这部电视剧，如果不看前传，及格罢，一部沉香的开挂剧，为了爽儿爽，并无其他。,3,宝莲灯
这个二郎神前期让我恨的牙痒痒,3,宝莲灯
小时候央视放了很多次。那时喜欢古灵精怪的丁香，不过后面黑化了。当个轻喜剧看一下。后面剧情有点拖沓,3,宝莲灯
三圣母好漂亮啊，总感觉当年的那些人都淡出了娱乐圈,3,宝莲灯
",",3,宝莲灯
绝对的小学回忆,3,宝莲灯
小时候最爱看的剧之一，玉儿真美,3,宝莲灯
这个算经典了,3,宝莲灯
焦恩俊之后很少能有人演二郎神了,3,宝莲灯
当年很喜欢,3,宝莲灯
cctv8,3,宝莲灯
虽然挺雷 ，不过小时候追的挺开心。,3,宝莲灯
雷得很，但是小时候看得很开心,3,宝莲灯
剧本其实还可以，不谈演技，化妆和服装其实那个时候感觉还不错。,3,宝莲灯
沉香长大一点后就变得很丑，没有一丝少年气，焦恩俊和小狐狸不错,3,宝莲灯
觉得这一版的孙悟空特别帅,3,宝莲灯
小学片😂,3,宝莲灯
小时候看觉得还好，没那么多黑点啊。,3,宝莲灯
二郎神好评,3,宝莲灯
童年向 对二郎神印象深刻,3,宝莲灯
剧本其实还可以，不谈演技，化妆和服装其实那个时候感觉还不错。,3,宝莲灯
原来过去看的是这么雷的剧吗hhhh…………,3,宝莲灯
小时候看得欢啊,3,宝莲灯
小玉那时候挺水灵的,3,宝莲灯
喜欢二郎神和小狐狸,3,宝莲灯
这片子还行，,3,宝莲灯
一般,3,宝莲灯
颠覆了二郎神在我心中的样子，不过真帅啊，不喜欢丁香，小玉可爱。,3,宝莲灯
还行,3,宝莲灯
如果二郎神不是忍辱负重，而是如同其他宝莲灯一般是个大反派，那这部剧必然成为儿童剧了，狗血的三角恋不想再说了，沉香N多缺点，没有杨戬是大概是不会救出他娘了！,3,宝莲灯
砸炼丹炉改生死簿背天书修法术,3,宝莲灯
只记得二郎神反水的情节了。,3,宝莲灯
颜丹晨真是好看啊,3,宝莲灯
忘了。舒畅还是不错的。,3,宝莲灯
玉皇大帝，王母娘娘不食人间五谷。。。。。我也只能记住这点歌词了😂,3,宝莲灯
把一个简单的故事扩充成冗长的儿童剧。,3,宝莲灯
最早的神话传说的启蒙剧。,3,宝莲灯
我他妈讨厌死庞龙唱的那个歌了，关键我他妈还会唱,3,宝莲灯
帅气的二郎神其实一片苦心，看不得帅气的人吃亏。,3,宝莲灯
小学暑假……,3,宝莲灯
emmm虽然丁香不可爱，但也不喜欢小狐狸,3,宝莲灯
三聖母就是我女神啊,3,宝莲灯
那年暑假在家陪着弟弟一起看的……,3,宝莲灯
印象最深的就是焦恩俊的二郎神和舒畅的小玉。,3,宝莲灯
前阵子焦恩俊来主持个活动，青岛,3,宝莲灯
童年记忆,3,宝莲灯
魔性的主题曲,3,宝莲灯
童年,3,宝莲灯
补标 小时候觉得嫦娥真的好漂亮,3,宝莲灯
喜欢舅舅，女演员都好漂酿～,3,宝莲灯
囧,3,宝莲灯
小时候看过,3,宝莲灯
童年记忆,3,宝莲灯
打发时间还可以,3,宝莲灯
小时候还蛮爱看吧貌似男主还有三角恋情节么emm 好奇三圣母干嘛找个韩国人演 二郎神真的帅 还有刘晓庆王母娘娘啥的 这个不知道片头还是片尾曲超级洗脑的啊 现在都能记得 什么天上下凡三圣母 生下沉香和爹住 哭着要寻母⋯⋯所以我都记了些啥 没用的记了太多 怪不得考试总忘呢⋯⋯,3,宝莲灯
还是不错的,3,宝莲灯
三只眼都和人家姑娘结婚了，为什么还一副冷冰冰的样子。多伤人家心啊！,3,宝莲灯
以前的电视剧多有意思呀,3,宝莲灯
补标记,3,宝莲灯
改编有点过度,3,宝莲灯
因为舒畅,3,宝莲灯
  一直希望杨戬能够赶紧干掉沉香！熊孩子太招人厌了！,3,宝莲灯
舒畅很可爱。,3,宝莲灯
em...大制作的感觉，但是好像一言难尽,3,宝莲灯
小时候觉得舒畅超美,3,宝莲灯
二郎神好帅啊！！！,3,宝莲灯
孙悟空不错 二郎神的眼睛很着急,3,宝莲灯
补。,3,宝莲灯
你知道这八卦炉里的炉火为什么永不熄灭吗？这根柴，只能承载它燃烧的这段时间的责任，烧完了，就会变成灰烬，就要把它清除出去。否则，灰烬永远占着地方，新柴又加不进去，炉火就会熄灭呀!,3,宝莲灯
三圣母作为一个韩国人居然毫无违和感！,3,宝莲灯
小李飞刀演二郎神了,3,宝莲灯
啊，我的童年,3,宝莲灯
当年我最喜欢的竟然是那个基本全程面瘫的三圣母~,3,宝莲灯
小狐狸✺◟(∗❛ัᴗ❛ั∗)◞✺,3,宝莲灯
小时候零星地在电视上看过一点，感觉比现在所谓古装雷剧要好一些，剧情很流畅，起码能看下去。那些雷剧我都懒得评论了。,3,宝莲灯
当年很火的剧，三圣母和小玉好美！,3,宝莲灯
这个怎么说 里面填了太多改变的东西 还是当初的动画片好看,3,宝莲灯
焦恩俊是帅的，颜丹晨的嫦娥甚得我心。仅此而已,3,宝莲灯
   焦叔很帅，但有几个角色的造型真是一言难尽,3,宝莲灯
舒畅的小狐狸好看,3,宝莲灯
依旧不喜欢沉香和丁香的人设 和宝前一比更是太低幼了 ,3,宝莲灯
哈哈哈哈现在想想片尾曲也还是觉得好好笑阿，但就是喜欢舒畅和林湘萍阿。,3,宝莲灯
倒是挺有意思的，那时候时间太多，也看了很多遍,3,宝莲灯
初中升高中那会的电视剧，舒畅美呆了,3,宝莲灯
比另外一部差很多,3,宝莲灯
突然发现三观有问题 为什么都爱沉香 丁香的这种做法真的欣赏不来,3,宝莲灯
焦叔颜值HOLD住全场……剧情是什么可以吃吗……,3,宝莲灯
比较早的高清粗制滥造的电视剧，那个年代已经不吸引人了。焦恩俊就是负责耍帅的,3,宝莲灯
天上下凡三圣母，生下沉香和爹住~,3,宝莲灯
就记得片尾曲很欢快。2019.6.20这几天把宝莲灯二郎神cut看了一遍，我现在沉迷在焦恩俊的二郎神不可自拔，二哥哥好jin欲啊！哇靠！实在太帅啦！小学时看这部剧就觉得二郎神好看，现在看觉得天神就应该是这般模样啊！,3,宝莲灯
小玉 小狐狸,3,宝莲灯
这剧的片尾曲有毒，小时候完全被洗脑。喜欢小玉！,3,宝莲灯
7.8,3,宝莲灯
我家猫儿你堕落了~,3,宝莲灯
狗血直接跳，还不错。,3,宝莲灯
老觉得这剧土，是气质上的土。,3,宝莲灯
雷啊雷,3,宝莲灯
当做儿童剧来看挺不错的，曹骏的沉香很萌呀，舒畅的小玉也挺美的，感情戏不是很喜欢，其他方面还蛮好的，特效666,3,宝莲灯
还记得当年好讨厌二郎神，连带的焦恩俊这么帅在我心中都黑化了,3,宝莲灯
算不算央视儿童剧巅峰？,3,宝莲灯
又找到一个童年回忆😂😂,3,宝莲灯
焦恩俊的二郎神依旧帅气难当，但是他一会黑化一会洗白，看剧的观众心情起伏太大！,3,宝莲灯
儿时记忆，从头看到尾，就是对他们的妆容有点吃惊。,3,宝莲灯
从动画片知道的宝莲灯，虽然那部动画拍得一般，但这部电视剧相比就更逊色了，剧中二郎神的煞费苦心实在没有什么说服力，爱情线的拖沓也削弱了救母这一传统故事的经典题材,3,宝莲灯
偶然回想起这个主题曲。。。和室友洗脑了一天。,3,宝莲灯
生下沉香和铁柱hhhhh,3,宝莲灯
当时看的时候不要太喜欢哦,3,宝莲灯
童年美好回忆～,3,宝莲灯
童年记忆，喜欢华山女妖不解释～,3,宝莲灯
补录：背书,3,宝莲灯
小玉、嫦娥都挺好看的,3,宝莲灯
想到舒畅就会想到这部剧，小狐狸萌萌哒嫩嫩的，童年记忆啊～主题曲也是忒洗脑惹,3,宝莲灯
舒畅的小玉还行吧，颜丹晨的嫦娥很美,3,宝莲灯
以前好喜欢小狐狸！痛骂沉香无情汉。。,3,宝莲灯
舒畅真的好好看，美的不着痕迹，越看越美,3,宝莲灯
喜欢这些神话故事，沉香、二郎神、孙悟空、哪吒。只是技术能否奋起直追，更好一些呢。此片重在坚持，而沉香和小狐狸的爱情又比较虐心。,3,宝莲灯
一般喜欢，但舒畅不错,3,宝莲灯
喜欢曹骏和舒畅这对,3,宝莲灯
小学放过好几遍！我某一任男同桌特别喜欢小狐狸哈哈哈哈哈,3,宝莲灯
也就有点搞笑，没什么其他好看的，除了舒畅,3,宝莲灯
小狐狸真是太漂亮了。大爱,3,宝莲灯
喜欢舒畅！,3,宝莲灯
好喜欢舒畅，童年回忆戳,3,宝莲灯
喜欢看沉香和小玉，讨厌丁香，不喜欢爱情里面三个人的场景，幸好，最后的结局是好的。,3,宝莲灯
算是同类天雷剧的起源吗？——好吧我还蛮喜欢这里头的舒畅的,3,宝莲灯
小时候看的，当时被舒畅演的小玉迷得神魂颠倒,3,宝莲灯
舒畅啊舒畅，当时就是冲着舒畅看这部的，觉得她好适合这种角色啊，可惜红不了，奢望活色生香的角色能够让她小爆一下,3,宝莲灯
那时很喜欢舒畅,3,宝莲灯
那时候同学们都很讨厌老师拖堂不能按时放学回家，因为会错过这部电视剧,3,宝莲灯
三星全给小狐狸p(´⌒｀｡q) 心疼小玉,3,宝莲灯
原谅我看舒畅看动情了。。。曹骏 焦恩俊还好   刘晓庆欠揍的    刘涛。。。,3,宝莲灯
舒畅和三圣母好看。。,3,宝莲灯
舒畅演的挺好的，焦恩俊一如既往的威武,3,宝莲灯
只因为舒畅，其他垃圾,3,宝莲灯
舒畅美死了,3,宝莲灯
舒畅还是挺漂亮滴~,3,宝莲灯
哼 当年我还追着看呢 还苏小狐狸和沉香这对cp呢 丁香的牙齿 哎,3,宝莲灯
主题曲好雷人,3,宝莲灯
留下的印象很深。,3,宝莲灯
一直没懂为何三圣母要找韩国人来演，一听她唱歌就很出戏，林湘萍妹子很漂亮，可惜拍戏不多。,3,宝莲灯
童年啊，当年莫名其妙喜欢丁香。。。,3,宝莲灯
我是来表白舒畅的,3,宝莲灯
舒畅那时候多好看啊,3,宝莲灯
哈哈虽然有点雷但是还不错啦，舒畅很漂亮,3,宝莲灯
很好呀，童年的回忆，舒畅演技真的很不错，剧情还好吧，也很搞笑，现在偶尔还来刷几遍。,3,宝莲灯
对这部剧印象最深的是各种雷人造型,3,宝莲灯
看王母特别不爽，玉帝不像个男人，没尊严，小时候很喜欢,3,宝莲灯
有点累 但是舒畅里面还真挺好看的,3,宝莲灯
一到寒暑假就放放放,3,宝莲灯
标记下。,3,宝莲灯
最爱小玉！沉香的性格太优柔寡断了 不喜欢,3,宝莲灯
雷剧鼻祖。。。。,3,宝莲灯
童年的小狐狸～小时候觉得舒畅贼好看，各种讨厌丁香这个角色。,3,宝莲灯
小时候看过，蛮有趣的。,3,宝莲灯
这部剧出来的时候我才三岁呢  这得多少年了  ,3,宝莲灯
焦恩俊二郎神的扮相是经典。,3,宝莲灯
小时候电视台一直重播这部片子，剧情还是挺吸引人的。,3,宝莲灯
原来我姥姥家为了省钱没有有线台，每天只能靠看中央一台的宝莲灯度日,3,宝莲灯
童年记忆,3,宝莲灯
没有前传好看,3,宝莲灯
看焦恩俊的电视剧印象还停留在苍天有泪的坏人里，前半程真的以为还是坏人，好吧，这个好人我认投了,3,宝莲灯
小时候留下很深的古装神话剧,3,宝莲灯
焦恩俊个人秀啊哈哈哈哈,3,宝莲灯
非主流時代的雷劇小學時候挺喜歡的尤其是舒暢演的小狐狸當時覺得真美啊,3,宝莲灯
宝莲灯还是喜欢唐人林志颖版的，虽然那版二郎神很丑，但剧情很有趣也很感人,3,宝莲灯
焦叔真是神颜。。。,3,宝莲灯
这部电视被评为雷剧其实有点冤，其实题材蛮正能量的，剧情也不算差，众多演员中就刘晓庆用力过度傻了吧唧的，其他人都不错,3,宝莲灯
其实我觉得挺扯的,3,宝莲灯
我为什么看了这么多次啊,3,宝莲灯
还行吧，我不喜欢焦恩俊的长相，也可能是不喜欢他剧里的发型？？,3,宝莲灯
小狐狸好灵,3,宝莲灯
补标,3,宝莲灯
太拖了，CCAV很爱放,3,宝莲灯
啊，还挺好看的我记得,3,宝莲灯
经典,3,宝莲灯
男主和谁都姐弟恋既视感啊 ,3,宝莲灯
这几天刚刚又看了一遍，哈哈，虽然有点雷，但是演员演得还是挺好的，颜值也很高,3,宝莲灯
舒畅太好看了！童年记忆我不管我要多给一颗星！,3,宝莲灯
焦恩俊造型还不错，其他人就…,3,宝莲灯
童年记忆……,3,宝莲灯
初中看的⁄(⁄ ⁄ ⁄ω⁄ ⁄ ⁄)⁄,3,宝莲灯
童年暑假,3,宝莲灯
小狐狸,3,宝莲灯
当时还觉得挺好看的,3,宝莲灯
非常非常喜欢小玉，那时候以为沉香会跟丁香在一起，超级难过，结果好像难过早了(ﾟДﾟ)ﾉ,4,宝莲灯
远房哥哥那里挂水时看过,3,宝莲灯
年轻真好,3,宝莲灯
TV轮播神剧之一，还行还行。,3,宝莲灯
有点雷的一部剧,3,宝莲灯
一般，剧情没啥意思，焦恩俊的二郎神很惊艳,3,宝莲灯
小时候特别喜欢…,3,宝莲灯
印象中舒畅很美，焦恩俊有时候帅。,3,宝莲灯
三星全给我的二郎真君,3,宝莲灯
还记得曹骏演的少年大钦差,3,宝莲灯
童年,3,宝莲灯
剧情很扯，但当时还是很喜欢的...小玉和沉香看着好般配...,3,宝莲灯
不看到最后真不知道二郎神是个好人。小玉超级美貌啊！唉:-(,3,宝莲灯
娘痛苦我就不幸福……情怀,3,宝莲灯
为小玉打call！！沉香算不算一个渣男？？,3,宝莲灯
cctv最喜欢的...,3,宝莲灯
可以说是看过无数遍了，故事本身就不错，加上演得也还行。我看的时候站的官配是沉香和丁香的，不太喜欢哪个小狐狸。结局还蛮让我意难平的。另外，焦叔的杨戬算是经典了，最帅二郎神，哈哈。,3,宝莲灯
舒畅真好看。,3,宝莲灯
剧本身一般，但从此入了二哥的坑,3,宝莲灯
3.5,3,宝莲灯
经典！,3,宝莲灯
二郎神好帅！觉得二郎神和沉香才是一对,3,宝莲灯
小时候蛮喜欢看的,3,宝莲灯
有首歌小时候听得我神魂颠倒，晕头转向的！就是这么有威力！,3,宝莲灯
最大的雷点其实是主题曲和王母娘娘的造型。另外我能说我把前传、后传也一并看完了得么。。,3,宝莲灯
一直以为杨戬是坏的 没想到是好人 太反转了啊,3,宝莲灯
最后发现大boss杨戬竟然是个好人的时候简直不要太高兴，主角配角颜值都很高，整部剧轻松愉快，沉香小玉的感情懵懂而真挚,3,宝莲灯
童年回忆，哈哈哈,3,宝莲灯
看完部分评论笑抽，原谅我笑点低。我也想说：焦叔你挑挑戏啊！二郎神黑衣是很帅，但剧情真是被雷得，天呐。,3,宝莲灯
就是把动画片里所有人物的故事都添进来了,3,宝莲灯
太累了，表白舒畅，其他真的太雷了,2,宝莲灯
雷点无数 听主题曲就知道！,1,宝莲灯
天上下凡三圣母，生下沉香和爹住，和爹住~~~~~~,2,宝莲灯
小时候如此可爱的曹骏长大了悲催成如此的模样让我心痛啊,2,宝莲灯
最不喜欢曹骏的脸了！,1,宝莲灯
这是啥？？？我宁愿去看动画片,1,宝莲灯
焦焦，我是多么的爱你，可是还是被你雷了……,2,宝莲灯
颜丹晨的嫦娥很美艳~小时候很喜欢。,2,宝莲灯
傻逼二字，不说两次,1,宝莲灯
hhhhhhhhhh我是娘的全部娘是我的全部娘痛苦我就不幸福,2,宝莲灯
曹骏这孩子的苦逼脸！,2,宝莲灯
曹骏长歪了啊，以及剧情太狗，心疼舒畅演的小狐狸,2,宝莲灯
不喜欢，每次重播都感到好烦，现在发现沉香跟易烊千玺长得挺像。,2,宝莲灯
央视播了那么多遍简直是酷刑,2,宝莲灯
科幻下还是不错的，可那感情部分简直。。。太做了,2,宝莲灯
我爸爱看 囧～,2,宝莲灯
·························································,2,宝莲灯
不好看 满屏别扭 小时候看到这个就换台 给焦恩俊颜值➕一星吧,2,宝莲灯
这么个烂片为什么一放假就播.....,2,宝莲灯
很不喜欢啊,2,宝莲灯
曹骏哈胖！,2,宝莲灯
电视上看的,2,宝莲灯
！！！！！,1,宝莲灯
上网时代，老有人在旁边看这部，觉得特假,2,宝莲灯
听着开头曲就有切台的欲望,2,宝莲灯
两星,2,宝莲灯
李寻欢深陷二郎神,1,宝莲灯
神马乱4八糟,2,宝莲灯
老娘当年为毛要看这种东西……,2,宝莲灯
烂片看多了，就感觉好看了,2,宝莲灯
囧片……,2,宝莲灯
沉香看着是在是不舒服,2,宝莲灯
哈哈哈哈我还看过当年在华山拍摄时剧组在当地一个晚会的小品哈哈哈哈,1,宝莲灯
真的觉得曹骏所饰演的沉香挺萌的，虽然人设蠢萌蠢萌的，但后期法力强大后还是很酷的。,2,宝莲灯
庞龙唱的歌也很奇葩,2,宝莲灯
我真想不给星。但想起还有第二部呢。于是一总比二好。,1,宝莲灯
超烦舒畅在里头的角色。,2,宝莲灯
不怎么滴,2,宝莲灯
这会儿我就已经读高中了，郭云,2,宝莲灯
看了几集,2,宝莲灯
只喜欢焦哥哥,1,宝莲灯
看在杨戬份上,2,宝莲灯
焦恩俊你肿么了！,1,宝莲灯
不予置评。,1,宝莲灯
大胆妖怪！！！本皇岂能容尔等在此放肆！！！（泥垢,1,宝莲灯
聚天地之雷气。台湾拍过，我们也拍过动画。都比不上这部的尴尬。这么一弄，就乱套了。,2,宝莲灯
其实不用这么雷的！,1,宝莲灯
这也有点儿雷到我了……,2,宝莲灯
人家小时候在干啥，我不是看电视就是满山跑，父母从来不过问，报应来了，现在人某狗样的,1,宝莲灯
CCAV,2,宝莲灯
暑假果然又播了  娘啊娘啊的 听得我那个揪心,1,宝莲灯
沉香娘比他女朋友都漂亮...看到那么多人吐槽主题曲我就放心了,2,宝莲灯
这种CCAV滚动循环播放逼得人不看不行的我能说什么好呢。,2,宝莲灯
我看这个沉香演员真压抑,2,宝莲灯
我发现自己专看烂片,2,宝莲灯
坑爹啊,1,宝莲灯
较差！,2,宝莲灯
小时候如此可爱的曹骏长大了悲催成如此的模样让我心痛啊~,2,宝莲灯
毁了焦恩俊在我心中的形象,2,宝莲灯
为丁香看，因小玉弃,2,宝莲灯
这到底是救母呢？还是造反？怎么一个出世为人的小辈，就能和天庭对抗呢？孙悟空战斗力还不如沉香，太多值得吐槽的了。,2,宝莲灯
你们知道当时我的心情是什么吗尼玛我的泡面大侠李寻欢你跑来这里做甚！！！！！！还我风流倜傥的大侠来什么二郎神真心不适合你！！！！！！其实感觉焦恩俊自从演完泡面大侠就没帅过…………,2,宝莲灯
只记得二的要死的片尾曲了。。。,2,宝莲灯
片尾曲那叫一个蛋疼,1,宝莲灯
  没意思,2,宝莲灯
天上下凡三圣母，生下沉香和爹住。。。。。。。。。。呕。。。。。。。。。。。。。。。,1,宝莲灯
额滴个神 雷的外焦里嫩= =+,1,宝莲灯
别怪我爆粗，这鸡巴玩意儿是你妹啊！！！,1,宝莲灯
我觉得我们国家的小孩天天看这种片真的很可怜,1,宝莲灯
曹骏你长得敢不敢再歪一点,2,宝莲灯
烂片却每天都放看着贼闹心,1,宝莲灯
神马玩意啊哈哈哈哈,1,宝莲灯
真不喜欢这个沉香，还搞个红白玫瑰，讨厌,2,宝莲灯
此剧在 CCTV-1播过不止一遍吧,2,宝莲灯
我居然还看过这种剧，丢脸！,2,宝莲灯
看到这三个字，我脑袋里已经在循环“玉皇大帝王母娘娘不识人间五谷也犯错误也犯错误也犯错误………”救我………,2,宝莲灯
CCAV天天放呢，乐此不疲。,1,宝莲灯
老娘居然天天在家看，深受刺激,1,宝莲灯
那个夏天每天早晨的最佳喜剧片就是这个~~~~,1,宝莲灯
舒畅到底是个什么背景啊,1,宝莲灯
曹俊小正太张残了...,2,宝莲灯
两星给舒畅,2,宝莲灯
时间呐，，当初的那个开心小和尚，现在都谈情说爱了、、,2,宝莲灯
我实在不忍心让李探花这么堕落下去，除了这类剧，难道你没戏可接了吗？,1,宝莲灯
最後反轉還不錯啦，但是看楊戩那一臉正氣樣就知道他不是徹頭徹尾的混蛋。沉香感情線占劇情太多。,2,宝莲灯
童星长残了长残了残了残了了,2,宝莲灯
一直认为中国古代的神话是极好的素材，特别在特效包装上有很大的发展空间，但几乎没有人能做好。或许还是不能对电视剧期望太高吧。,2,宝莲灯
毁了曾经很喜欢的小和尚~,1,宝莲灯
可喜欢丁香和嫦娥了,2,宝莲灯
曹骏真的是太可惜了,2,宝莲灯
我肿么脚得一点儿也不好看呢？,2,宝莲灯
记得五年级看的都哭了，现在回头觉得雷。,2,宝莲灯
看过一集 特效和服饰挺雷的~,2,宝莲灯
雷剧当中算是看的比较多的一部……,1,宝莲灯
小时候看看津津有味真是口味不挑。,2,宝莲灯
我的莲花童子哪咤曹骏阿阿阿阿阿阿,2,宝莲灯
我小时候看的是动画片，长大了，彻底被人们雷到了,1,宝莲灯
以前就不爱看。 看了一部分吧。,2,宝莲灯
我当时还没有接受小县令已经长大的事实，和舒畅的感情戏看得我真是别扭啊。,2,宝莲灯
這兒有一群奇裝異服的神仙,2,宝莲灯
曹骏啊曹骏,2,宝莲灯
这么小的年纪谈情说爱真的好吗？,2,宝莲灯
无语,1,宝莲灯
不能再恶心了,1,宝莲灯
音乐和造型至今难忘。,2,宝莲灯
雷得闪闪发光。,2,宝莲灯
不好看,1,宝莲灯
那几年好像特别盛产魔幻雷剧 什么魔幻手机 魔剑生死棋 精卫填海 夜光神杯 欢天喜地七仙女 绝对计划 讲真比这几年的花千骨之流还要雷还要LOW 看似国产剧坏几年好几年或者一年比一年糟糕 其实烂剧一直都在且不少 拼的就是关注度了 结论：这届观众不行,1,宝莲灯
真心觉得难看、特别讨厌演二郎神那位仁兄,2,宝莲灯
主题曲难听绝种,2,宝莲灯
能拍得再烂点吗,1,宝莲灯
中央电视台放得我都烦了 ,1,宝莲灯
焦恩俊啊！你一入央视就完犊子了啊！,1,宝莲灯
我小时候觉得焦恩俊很帅的，就连苍天有泪里他演的是个大混蛋我都很同情他。后来他居然糊到要接这种破烂我那个心情……,1,宝莲灯
过家家,2,宝莲灯
如今的古装神话剧似乎是想做得不雷人都很难了！情节仍然是照搬动画片来的，但水平不知下降了多少个档次，而且还冗长得很！,1,宝莲灯
呵呵，当年看时特别恶心沉香他爹，逼着沉香和那个丁香在一起，自己与三圣母就是被迫分离的，明明自己体会到过与爱人分离的苦，却硬要分开沉香和小玉…臭不要脸！小玉真是支撑我看这部剧唯一的理由，当年边恶心边看电视的我不要太执着。,1,宝莲灯
雷人版魔幻现实主义,2,宝莲灯
难道就我一个人觉得焦恩俊长得很便秘么。。,1,宝莲灯
长大后的曹骏= =,2,宝莲灯
你妹的发型,2,宝莲灯
实在看不下去看不下去，一群傻子。,1,宝莲灯
没营养,1,宝莲灯
天上下凡三圣母，生下沉香和爹住。就算为了焦恩俊我也忍不了这首歌，太痛苦了。,1,宝莲灯
补录神话题材系列，焦恩俊当年是真好看，真好看。,2,宝莲灯
打发时间之作,2,宝莲灯
嗷嗷嗷 受不了这剧 央视你为毛不换一个,1,宝莲灯
这剧的颜值其实挺高，演技也还好，就是剧情狗血的过分,2,宝莲灯
主题曲啊  当初雷到我了,2,宝莲灯
这剧要是晚出生10年……应该能被注水成50集,2,宝莲灯
瞎改,1,宝莲灯
记得当时，看这片的那段日子，我考了我们班第二。,2,宝莲灯
属于小童星的年代！,2,宝莲灯
CCAV8万岁！PS.曹骏是目前我稍微能看过眼的长大后的童星了。,1,宝莲灯
天地良心这个真的是因为遥控器抢不过萌芽姐才看的,2,宝莲灯
实在是接受不了二郎神前面做了那么多坏事，害了沉香那么多次，到最后告诉我说他是好的，感觉前面都白看了。。。舒畅挺灵气的这里。,2,宝莲灯
真雷啊，从头到尾。,1,宝莲灯
三圣母真是白月光,2,宝莲灯
我怎么看下去的是因为沉香看上去太天然呆了么！为什么二郎神对沉香有着忠犬的人物设定！,1,宝莲灯
一个比一个雷人,2,宝莲灯
当年看的津津有味，现在呵呵呵,2,宝莲灯
姐姐挺喜欢看的，小时候我陪她看过，现在还记得主题曲。朴诗妍（三圣母）是韩国女演员，怪不得口型对不上。颜丹晨（嫦娥）比舒畅（小玉）好看多了。https://www.bilibili.com/video/av35074377,1,宝莲灯
雷，白瞎了焦恩俊。,2,宝莲灯
还能更雷吗,2,宝莲灯
央视雷片…当时喜欢那个八太子 觉得挺心疼…,2,宝莲灯
舒畅真可爱啊,2,宝莲灯
舒畅挺美的，其他就各种雷。,1,宝莲灯
神话故事,2,宝莲灯
#不忍直视，果断弃之#,2,宝莲灯
央视经典雷片,1,宝莲灯
不是因为中学记忆，真的很难看下去。矫情得一塌糊涂。不过嫦娥+三圣母确实好美！,2,宝莲灯
这显然是一款RPG升级游戏和谐版，最后王母说我要知道要改革但时机未到的时候就让我有杀人的冲动= =,2,宝莲灯
焦恩俊的唇线为什么这么深...,1,宝莲灯
造型太雷人了,1,宝莲灯
好吧其实我没有看全，但是这样的电视剧需要看全吗？,1,宝莲灯
为什么这么白痴的剧会在cctv播出？,2,宝莲灯
这部只看了几集，实在看不下去。。各种雷,2,宝莲灯
国产神话剧真是...一言难尽。,2,宝莲灯
一星杨戬 一星嫦娥~,2,宝莲灯
中二年纪看的中二片= =,2,宝莲灯
烂,2,宝莲灯
太雷了,2,宝莲灯
儿时很喜欢的一部电视。,1,宝莲灯
我居然竟然看过...,1,宝莲灯
拖沓,2,宝莲灯
其实这种剧看个乐呵就行了，还可以吧，至少大部分看完了，但也不会看第二遍吧,2,宝莲灯
看过一点 以前上学的时候 暑假总是播 这部电视剧真是恶心到我了……,1,宝莲灯
其实很雷也很烂…舒畅的小狐狸是我看下去的唯一动力,2,宝莲灯
站兄妹啊,2,宝莲灯
三圣母好美。最后剧情崩了,2,宝莲灯
很难看。,1,宝莲灯
绝对是我吐槽的对象！！！,2,宝莲灯
当年看完后真的觉得沉香怕不是个zz,2,宝莲灯
那时候大家都说小玉好看，我偏偏喜欢嫦娥，如今还能哼主题曲，可是已经过了十年了,2,宝莲灯
片头曲把我雷得外焦里嫩，怎么唱来着？“我是娘的全部。”,2,宝莲灯
里面也就焦恩俊能看了,2,宝莲灯
二郎神好美,2,宝莲灯
额…,2,宝莲灯
结尾好坑爹哈哈,1,宝莲灯
小时候看起来还可以，长大了再看，简直太幼稚了，就是儿童剧。沉香在一大堆长辈朋友的帮助下，在反派刻意的培养下，玩着玩着救出了母亲。,2,宝莲灯
把一个劈山救母的故事愣是叙述的无比婆婆妈妈。,2,宝莲灯
给有点颜值那个谁一心，男主角演的菜。,1,宝莲灯
没见过反派这么帅的,1,宝莲灯
一星给演员演技，一星给中华细犬。,2,宝莲灯
简直胡闹。。,1,宝莲灯
真心不喜欢~,1,宝莲灯
虽然不停重播。,2,宝莲灯
我小时候那么盲目能看电视剧居然都没看完…,2,宝莲灯
低龄向,1,宝莲灯
为了二郎神，两颗星,2,宝莲灯
特别不爱看！！二郎神好丑！从小就欣赏无能 特别是曹骏的长相啊 那个什么县太爷的时候也好讨厌！,2,宝莲灯
我妈的最爱 我的最讨厌,1,宝莲灯
在我个人认为这是拍得最烂的一部电视剧，东拉西扯,1,宝莲灯
哦 no，，真心不喜欢焦恩俊，沉香也，，，唉，，，,2,宝莲灯
这部剧，无论是剧情还是造型，真的都雷了！可能年纪大了滤镜不是那么多了哈哈哈……一分给焦恩俊，一分给三圣母，当年真的惊艳到我了！,2,宝莲灯
结局无法忍。。。。。,2,宝莲灯
0,1,宝莲灯
前传比较好看~,2,宝莲灯
烂~,1,宝莲灯
人是不少......,2,宝莲灯
朝廷台没事儿你播一遍，想不看见都难嘛……“娘是我的全部~~”这种主题曲……真的…………,2,宝莲灯
看了无数次，中央一上午三集连播。颜丹晨的嫦娥，刘晓庆的王母，游本昌的老君。,2,宝莲灯
无语问苍天啊！！！！,1,宝莲灯
懒得说了,1,宝莲灯
主题曲巨傻逼而且洗脑...低俗的绝佳代名词,1,宝莲灯
两星吧，一星是给特技，一星是它让我了解了宝莲灯的故事情节，其他的我就不说了，剧情狗血，台词雷人，，,1,宝莲灯
二郎神 男主 女主 还是不错的 嫦娥也不错 剧情不说了,2,宝莲灯
原先暑假常放的。,2,宝莲灯
主角真的很丑。,2,宝莲灯
渣渣,1,宝莲灯
妖魔鬼怪,1,宝莲灯
:)渣男  心疼小玉,1,宝莲灯
3,2,宝莲灯
雷人,2,宝莲灯
咳，至少说明我们电视剧行业还是有点干头的,2,宝莲灯
男主看着太小，与女主不搭。,2,宝莲灯
透着屏幕都能满屏扑来的辣鸡既视感。,2,宝莲灯
童年回忆，惊艳了舒畅，这个海报姥姥总让我感觉在cos石矶啊,1,宝莲灯
当年把我雷得不轻啊，我觉得宝莲灯适合拍成电影，电视剧太拖了,1,宝莲灯
天雷滚滚,1,宝莲灯
何其傻逼的宝莲灯,2,宝莲灯
毁了焦恩俊在我心中的形象,2,宝莲灯
本来是去回忆童年的。结果，还是应该让它活在回忆里。看了十来集。我印象里可爱的沉香，机灵的小玉都去哪里了。只觉得剧情无聊。舒畅还是很漂亮的。看弹幕把沉香颜值演技吹的天上有地下无还踩别人的真的接受无能。就还可以吧。也不用非得按头别人夸吧。有些人时代滤镜真的很厚，能不能告诉我在哪买的,2,宝莲灯
印象深刻，无聊至极,2,宝莲灯
两星是给的二郎神…,2,宝莲灯
烂,1,宝莲灯
感觉这部剧毁了我心目中的小李飞刀男神颜值,2,宝莲灯
对主题曲真的..记忆犹新啊。,2,宝莲灯
小时候看的时候又喜欢上女二,2,宝莲灯
不想说什么+1,2,宝莲灯
忍无可忍。,1,宝莲灯
雷剧……,1,宝莲灯
童年回忆,2,宝莲灯
天知道我小时候都是看过些什么(ﾟoﾟ;,1,宝莲灯
破坏白玉堂和李寻欢在我心中的形象，哎。。。。。,2,宝莲灯
那个时候觉得好神奇,2,宝莲灯
造型雷，情节拧巴，把二郎神洗得好白……虽然觉得舒畅不错，但不能给这部讨厌的雷剧打高分。,2,宝莲灯
不喜欢,2,宝莲灯
雷翻~,2,宝莲灯
只喜欢小狐狸！,2,宝莲灯
最美不过颜丹晨,2,宝莲灯
苦情啊,2,宝莲灯
呵呵……我居然看过这个……,2,宝莲灯
虽然是部烂剧 但是毕竟是我小学时候追过的一部电视剧 那个时候傻得不行 为了买一根冰棍 居然走了很远的路省路费 哈哈 太多回忆了,2,宝莲灯
二哥的故事没敢看全,1,宝莲灯
这绝对是主旋律，要不央视每年都放～,2,宝莲灯
太雷了，很多年过去后偶然听到主题曲快要笑死😂😂,2,宝莲灯
童年不喜欢系列,1,宝莲灯
主题曲吓尿,2,宝莲灯
瞎,1,宝莲灯
你大爺的 老子還以為這是一部戀母片,1,宝莲灯
小学时候的剧？舒畅好漂亮，林湘萍好漂亮，三圣母那个女演员也好漂亮(居然是韩国人！完全没有棒子味),2,宝莲灯
除了舒畅，其余滚粗,2,宝莲灯
垃圾,1,宝莲灯
一般，小时候看的。,2,宝莲灯
可惜了焦恩俊的演技。,2,宝莲灯
鉴于我老姨爱看 还是把分提一下吧 赶脚只要掺了新加坡人 电视剧都会往一个遥远的方向飞去 ps和惊涛大哥相比 焦大哥也不是神马省油的灯！！,2,宝莲灯
虽然是童年，但是我小时候也不是很喜欢看，没有其他选择。因为那时候娱乐匮乏，家里电视没有安装闭路线收不到台，只能收到央视一套和当地的影视频道。所以只能看这个剧。其实一般般。,2,宝莲灯
2015.2.22,2,宝莲灯
屎,1,宝莲灯
补标记,2,宝莲灯
挺雷的。,2,宝莲灯
我真的真的真的是喜欢不起来焦恩俊。,1,宝莲灯
啊啊啊啊啊 片子好烂 但是舒畅的小玉好喜欢,1,宝莲灯
造型略…中央台重复播放给洗脑了看得，后来发现雷得不得了orz还是喜欢舒畅的小玉的。另女二太老了，和曹骏一点cp感也没有。,2,宝莲灯
喜欢舒畅的扮相,2,宝莲灯
雷的不能够了。。。艾玛呀 貌似就舒畅还能看看,2,宝莲灯
舒畅妹子不错,2,宝莲灯
就舒畅还行,2,宝莲灯
一言难尽……,2,宝莲灯
林湘萍这么美，丁香还那么丑，造型怎么回事儿？舒畅小狐狸太好看了！男主演技挺灵的，但是剧情有点扯淡╰（‵□′）╯现在我觉得喜欢丁香那个龙太子好苏啊。。,2,宝莲灯
这剧真的雷,2,宝莲灯
焦恩俊,2,宝莲灯
这我特么都看过？,1,宝莲灯
演员，有点恶心~,1,宝莲灯
小时候真的CCTV天天放吧，印象很深刻的就是沉香最后得知二郎神是为了磨砺他才一直和他作对……还有用眼泪最后劈开华山救了三圣母。和小狐狸的打打闹闹以及最后成亲，都挺美好的。,2,宝莲灯
劳资小时候就是喜欢看这个你咬我啊,2,宝莲灯
忘了   就是追认吧,2,宝莲灯
儿时回忆。,2,宝莲灯
那什么，额(⊙o⊙)…，嗯，我看过,1,宝莲灯
外甥虐我千百遍，我待外甥如初恋。,2,宝莲灯
好假啊！,2,宝莲灯
从这部戏开始。。。CCAV开始播放各种狗血神话剧= =。这部戏的每一个角色每一个镜头每一句台词都让我想要一掌劈碎电视机。,1,宝莲灯
多一星给画质,2,宝莲灯
舞无语,2,宝莲灯
林湘萍不错。,2,宝莲灯
主要是看二哥哥的,2,宝莲灯
这两星里，一星半给焦恩俊，另外半星给舒畅，其他的就。。。。。。,2,宝莲灯
喜欢焦恩俊哎！,2,宝莲灯
不是很好看,2,宝莲灯
这是寻欢哥哥再度知名的一部戏，也是央视出品的神剧的开始！,2,宝莲灯
…童年回忆,2,宝莲灯
当时觉得二郎神怎么那么好看呐,2,宝莲灯
结局很意外,1,宝莲灯
cy很喜欢的一部，我当时就觉得不对劲，主题曲已经揭示了全剧水平。,2,宝莲灯
娘是我滴全部啊~,1,宝莲灯
天上下来三圣母生下沉香和爹住。。。。是这个吧。。。。呕,1,宝莲灯
前期讨厌丁香，后期讨厌小玉,2,宝莲灯
…为什么我连这部剧也看过啊？？？最记得焦的金粉眼影（扶额）,1,宝莲灯
喜欢丁香！！！,2,宝莲灯
焦叔太帅了。（林湘萍超好看，小时候没有get到。）,2,宝莲灯
多么痛的领悟,1,宝莲灯
那时候电视总是播，够烦的,1,宝莲灯
片头太恶心了,1,宝莲灯
雷剧典范，为焦叔加一星,2,宝莲灯
完全为了丁香。她为了保护沉香死的时候，难过了好久。,2,宝莲灯
主题歌太难听了，恶心,1,宝莲灯
当年感觉不错，现在想打脸,2,宝莲灯
小的时候看，喜欢嫦娥，颜丹晨实在太美了。,2,宝莲灯
无比堕落的花了一天追溯童年，然并卵，国产剧贯用傻逼剧情糟蹋美人。just，舔舔二哥。有痛只应天上有，受极却没有人攻（,2,宝莲灯
编剧是不是把自己小时候的YY场景写进去了……,1,宝莲灯
放在少儿频道播放。。,1,宝莲灯
2.5,2,宝莲灯
童年回忆吧,2,宝莲灯
见一次 秒换一次台,1,宝莲灯
简直就是一部雷剧，片尾曲有毒，当时听了还记住了，还会哼几句,2,宝莲灯
不太喜欢这版，发型太奇怪。,2,宝莲灯
特么的黑我们大圣！,2,宝莲灯
忘不掉每次去职校都有知名校友  哮天犬的扮演者…,2,宝莲灯
Mark ,2,宝莲灯
结局太雷了,2,宝莲灯
闲的蛋疼,1,宝莲灯
我真是被造型雷的受不了。,2,宝莲灯
舒畅多可爱啊，那个造型是啥玩意啊，看的难受，女角都一个个好看到飞起，嫦娥颜丹晨，圣母朴诗妍，真是满脑子都是美人，剧情是啥？反正挺emm,2,宝莲灯
只记得三圣母很美,2,宝莲灯
如果没有焦恩俊，绝对不会看这个剧的。,2,宝莲灯
太累了，表白舒畅，其他真的太雷了,1,宝莲灯
舒畅是美的！,2,宝莲灯
我挺喜欢丁香的。,2,宝莲灯
补标,2,宝莲灯
光看焦恩俊了。,1,宝莲灯
...,1,宝莲灯
槽点无数，我当初能看下去完全是舔颜来着。,2,宝莲灯
不知所云,1,宝莲灯
仿佛每一部电视剧都应该有那么个让人烦的不行的角色，否则编剧就不知道该如何往下编。,2,宝莲灯
……曹骏这感情戏啊…,2,宝莲灯
不明白为什么两位女主都要死一死，死了也算了，只活了一个……虽然我更喜欢可爱的小玉吧……,1,宝莲灯
除了美丽的嫦娥我什么都看不见。,1,宝莲灯
哈哈哈哈反正我没看完大结局？好像还有第二部？舒畅的小狐狸好！然后片头曲好玩！哈哈哈哈,2,宝莲灯
哎呀，这个这个，嗯....,2,宝莲灯
不说别的，宝莲灯这个故事我本身就很讨厌，拍得也不好看。,2,宝莲灯
反正我是看不下去,2,宝莲灯
沉香为什么不跟玉儿在一起？！！？！为什么！！？？！？？,2,宝莲灯
尽管有好些个童年回忆的新加坡演员，但也挽救不了这屎一样的剧在我心里的位置,2,宝莲灯
小时候觉得多好看啊,2,宝莲灯
童年,2,宝莲灯
当年身边的小朋友都喜欢 就是我不喜欢…,2,宝莲灯
喜欢看林志颖的宝莲灯！,2,宝莲灯
呕吐不已！！！！！！！！童年阴影！！！！！！！！！！！,1,宝莲灯
也不知道内男猪脚干什么去了后来,1,宝莲灯
长大了就变雷了,2,宝莲灯
男人的错女人的锅，二郎神好棒！焦恩俊后无二郎神,2,宝莲灯
记住李玟的主题曲,2,宝莲灯
记得很久以前央视八套经常放……,2,宝莲灯
填补了我和爷爷奶奶午饭前的空白时光。,2,宝莲灯
为什么要洗白二郎神？小狐狸闹哪样！,2,宝莲灯
不怎么样，虽然舒畅很好看,1,宝莲灯
颜丹晨和舒畅真的好美,2,宝莲灯
小时候还看得痴迷……没脑子,2,宝莲灯
醉了哈哈哈哈片尾曲超凡脱俗,2,宝莲灯
嫦娥姐姐漂亮，最帅二郎神，小玉也可爱。玉帝夫妻非常讨厌,2,宝莲灯
动画版宝莲灯多唯美精致，剧版毁经典,2,宝莲灯
算是。。。。童年吧,2,宝莲灯
舒畅怎么就不火呢😂,2,宝莲灯
剧情差。,1,宝莲灯
曹骏小时候挺可爱的啊。怎么越长越挫了呢？,2,宝莲灯
我就不明白為什麼小時候別人都跟我談起這個電視劇……,2,宝莲灯
－　－最不喜歡這個版本的寶蓮燈,2,宝莲灯
难看,2,宝莲灯
看的时候没啥就是焦恩俊太帅了妈的,2,宝莲灯
喜欢小玉,2,宝莲灯
简直无语 居然我看过这个,2,宝莲灯
拖剧情，架构单薄。,2,宝莲灯
cctv还在放,1,宝莲灯
黏性较差，没想过回看,2,宝莲灯
雷剧,2,宝莲灯
天上掉下三圣母，生下沉香和爹住。爹住是谁，哈哈哈。为什么每次仙女下凡都要找书生。当时觉得三圣母哥哥好帅啊。希望可以像沉香在那个小屋里读书一样，我读很多，出来时间却没变，多好。,2,宝莲灯
央视拍的？,1,宝莲灯
丁香对沉香的喜欢太莫名其妙了，一开始还支持沉香和小玉，一转眼知道沉香是从小指腹为婚的未婚夫就喜欢上了。小玉也是，说要放下，转头又反悔。沉香觉得亏欠丁香太多要放下以前感情，怎么又对小玉藕断丝连;决定要毁婚和小玉在一起，转头又反悔。这个太纠结了，剧情有点狗血,2,宝莲灯
这颗心是给服装道具的,1,宝莲灯
宝莲灯前传更好看……,2,宝莲灯
感觉丁香对沉香的喜欢来得莫名其妙，明明一开始认为沉香和小玉是一对，后来知道沉香和她指腹为婚就喜欢上了，挺奇怪的，不怎么喜欢丁香为爱去伤害别人，觉得她和八太子会比较适合。,2,宝莲灯
不理解当年的自己。。。,2,宝莲灯
很幼稚的一部电视剧,2,宝莲灯
娘痛苦我就不幸福。一生都忘不了这奇葩的歌词。,2,宝莲灯
三圣母换人了，唯一亮点焦恩俊。,1,宝莲灯
古装剧已经无聊得无敌了。,2,宝莲灯
童年最烦男主角，以及第二烦女二（白蛇传女二最烦）,2,宝莲灯
为了焦恩俊看的，真的好雷啊,2,宝莲灯
剧情实在接受无能。讨厌主角团，表白杨戬,2,宝莲灯
萌萌的曹骏,2,宝莲灯
细思极坑,2,宝莲灯
那时候就觉得剧情真拖沓啊啊啊,2,宝莲灯
讲真，主要是因为我不爱看。,2,宝莲灯
剧情太烂,1,宝莲灯
娘是我的全部。。无语,2,宝莲灯
这个造型也跟闹着玩似的，我一直断断续续的看过，get不到点,2,宝莲灯
真帅啊,2,宝莲灯
还可以啊，焦恩俊好帅啊！剧情也还可以吧！,2,宝莲灯
谈恋爱，神仙恋爱好像就是它开始的,2,宝莲灯
烂到非常啊！,2,宝莲灯
雷点无数 听主题曲就知道！,2,宝莲灯
二郎神杀人也为了磨练沉香 编剧编的太不能自圆其说了吧,2,宝莲灯
还能再二逼一点么？,1,宝莲灯
娘是我的全部啊娘是我的全部,1,宝莲灯
2017年以前所看，做此标记。太拖沓了。,1,宝莲灯
真不知道我妈怎么看下去的…,2,宝莲灯
没觉得好看但有时看看还是能看得下去的,2,宝莲灯
雷剧吧，可以把焦恩俊的镜头单剪当视频素材，就这点用途了，焦恩俊非常俊美，几个女主角色也不错，曹骏长的好路人，八太子很帅的，当备胎可惜了,2,宝莲灯
三圣母是真美，焦恩俊是真帅，剧情是真雷。曹俊的脸还是很符合我心中沉香的形象的，可惜从救母主题上跑偏一心专注三角恋去了，服化道一股浓浓廉价cosplay风，收视居然能那么高我也是服,1,宝莲灯
看的特别尴尬。片头曲，剧情，片尾曲，都尴尬的不行。上学时每次吃午饭电视都在放这个，被逼着看完的,2,宝莲灯
不过沉香妈妈谁演的，好漂亮。,1,宝莲灯
片尾太亮了啊哈哈哈哈,2,宝莲灯
我就想知道，为啥cctv老放它？,1,宝莲灯
哎哟我天 王母娘娘和玉皇大帝在天上得知你们拍的这部片子 一定愁死了,2,宝莲灯
说实话，我是为了丁香看，为了小玉弃。,2,宝莲灯
妖孽。,1,宝莲灯
哇，那个烂啊,1,宝莲灯
烂片，极其讨厌主题曲“娘啊娘的”,1,宝莲灯
差点儿毁了我心中的动画版宝莲灯,2,宝莲灯
硬着头皮看的,1,宝莲灯
……,1,宝莲灯
x,1,宝莲灯
没印象了，大概是和着广告一起看的。,1,宝莲灯
ca,2,宝莲灯
讨厌死着不了特别是歌曲超难听！,1,宝莲灯
片尾曲是亮点啊,1,宝莲灯
哎!畜生,1,宝莲灯
娘是我的一切~~~~~娘你妹啊恶心不恶心孝心不是这么显摆的好吧,1,宝莲灯
难看,1,宝莲灯
我只想说，cuo~,1,宝莲灯
但是神马也阻挡不了曹骏出来的时候我瞬间碎裂的狗眼！此般雷剧没有个相称的雷曲怎么对得起这么多钛合金狗眼。“天上下凡三圣母，生下沉香和爹住，沉香日夜哭着要寻母我是娘的全部，娘是我的全部，娘痛苦我就不幸福”，这个由著名天雷歌手庞龙演唱的旷世雷曲终于可以给这部雷剧画下了完美句点。 ,1,宝莲灯
我表示，那些年很爱神话吗？,1,宝莲灯
为什么中国电视剧的质量会这样~~~~,1,宝莲灯
小时候听到这歌词震颤得难以忘怀。。天上下凡三圣母，生下沉香和爹住？？？这片放央视播，你们是认真的么？但是我好认真地看了好多集啊，CP我还是站沉香X小玉狐狸，但我也好喜欢丁香啊（林湘萍真灵气。,2,宝莲灯
情节傻逼。人物傻逼。台词傻逼。男主角最傻逼。,1,宝莲灯
好雷的剧情，好雷的造型，二郎帅哥被糟蹋成什么了,2,宝莲灯
舒畅！舒畅你怎么了！,1,宝莲灯
焦恩俊有够恶心了！,1,宝莲灯
央八我唾弃你！,2,宝莲灯
娘是我的全部。。。。扔下沉香和爹睡啊！！！！！！！,2,宝莲灯
当年租了一整套碟，看了两集，恶心坏了，马上还了，银子打了水漂。,1,宝莲灯
受不了央视一遍遍地播！！！,1,宝莲灯
谁能告诉我，这究竟是为什么！！！,1,宝莲灯
去去去,2,宝莲灯
只记得美女很多的样子。,2,宝莲灯
除了小玉和二郎神都讨厌，各种原因,2,宝莲灯
我喜欢女二，这大概是我第一次不喜欢男主女主的剧吧,2,宝莲灯
感觉天雷滚滚啊,2,宝莲灯
三圣母特别好看,2,宝莲灯
小时候看的津津有味，刚在B站看了几个片段，发现沉香真是个带孝子啊，为了没见过几次面的亲娘，连着牺牲两个老婆眼皮子也不眨一下，啧啧,2,宝莲灯
以前老是哼那首主题曲。,2,宝莲灯
烂片 把小时候看过动画片对宝莲灯这个故事的美好印象都打破了,1,宝莲灯
焦恩俊这次扮相美美美，主演小时候是不是演《九岁县太爷》的？那片儿演得挺好，但这个宝莲灯剧情简直滚犊子,2,宝莲灯
曰 （音yue）,1,宝莲灯
亵渎经典！剧情烂！,1,宝莲灯
好像从这开始，央八热衷此类雷剧...,1,宝莲灯
曰 （音yue）,1,宝莲灯
神作！！可惜没看完~~~真他妈可惜！！,1,宝莲灯
emmm是回忆了。,1,宝莲灯
难看，奇葩，里面每一个人都让人讨厌是怎么回事。男主女主男二还有一大堆配角都让人神烦,2,宝莲灯
非常喜欢演员，但剧情……太有问题了,2,宝莲灯
除了二郎神焦恩俊超级帅外，这部剧整体好恶心啊,1,宝莲灯
简直是我的童年阴影，每次那个片尾曲天上掉下个三圣母一响起来，当时年仅10岁的我都想骂脏了,2,宝莲灯
2017/10/19	2	这剧要是晚出生10年……应该能被注水成50集,2,宝莲灯
剧情雷人 人物刻画的挺蠢的 演员选的还行,2,宝莲灯
两星给焦恩俊,2,宝莲灯
主题曲 吐了.得知是庞龙哥唱的之后又吐了,1,宝莲灯
真君饶命！,1,宝莲灯
一群SD。。。XD,1,宝莲灯
不想say系列,1,宝莲灯
童年回忆…,2,宝莲灯
周Sir暂时没有评论什么。,2,宝莲灯
小时候电视放。和手机还珠格格一样恶心！,1,宝莲灯
女主角他妈演要好的多,1,宝莲灯
我是想打5分的，只能狠心打2星了。沉香很轻浮，不能脚踏实地。能走到最后完全是靠主角光环+导演帮助。焦恩俊的二郞神真的好帅，人物性格和表现完美。可惜是反派BOSS（虽然最后洗白）！！！,2,宝莲灯
难看，是真心难看,1,宝莲灯
没看完,2,宝莲灯
小时候电视放。和手机还珠格格一样恶心！,1,宝莲灯
小时候看一是没有电视可看，二是为了焦恩俊……焦美男就是在央视魔幻手机那种沙雕剧里搞洗剪吹都还有颜值……,1,宝莲灯
当时就觉得剧情很搞笑，大人看的时候偶尔就跟着看。反正不是喜欢看的,2,宝莲灯
总感觉蛮弱智的，动画比这个好,2,宝莲灯
中央台那会天天播，怎么着都看完了，现在看是挺雷的，不过我觉得曹骏还好，小时候尽看他演的电视了。,2,宝莲灯
主题曲真尼玛洗脑,1,宝莲灯
,1,宝莲灯
童年的经典与回忆。,2,宝莲灯
