你们的良心都被恶搞吃干净了,5,长江七号
挺好看的电影啊，长江七号很可爱*^o^*，家里还留着公仔呢，徐娇演得假小子真不错,4,长江七号
啥都不记得了。只记得满大街到处都是七仔玩偶。,4,长江七号
&#34;爸爸，天上好像有飞碟~ 儿子，那是你眼睛里的眼屎~&#34; 娱乐至上，贺岁片就应该这样，有哭有笑，很放松，适合减压！适合很多人一起看个个笑的像个傻逼似的……,5,长江七号
周星驰自编自导自演的作品。一只外星小狗的故事。,4,长江七号
我竟然没有打分？记得这个电影还蛮可爱的。故事情节比现在好多电影好太多了，演员演技都很好。,4,长江七号
这部电影拍得还是很不错的，里面徐娇的演技真棒，把小迪这个男孩子塑造得毫无违和感，当时真的没有发现她是女孩子，里面的七仔太萌了，七仔变成布娃娃的时候哭了,4,长江七号
配音问题是最大问题,5,长江七号
徐娇小时候就是个男孩子，现在好像很喜欢cosplay，七仔很可爱。,4,长江七号
曾经一度以为徐娇是男孩子的举手。长江七号好萌啊！,5,长江七号
从这部电影认识到星爷，认识到无厘头的搞笑，知道一部电影除了能单纯拥有搞笑的剧情外，也能从搞笑里感叹温情，一部电影不仅仅能逗笑观众，也能感动观众，认识到那搞笑的言语面孔之下人内心最纯粹的感情，那才动人,4,长江七号
周星驰自导自演，这部影片的故事极其简单，短短的90分钟内，所有的剧情发展像极了一部普通的家庭电影，从开始将目光盯住屏幕，人们便很难将视线移开。《长江七号》更像是一部小人物的悲喜奇遇史。 影片的故事讲述了一对父子相依为命的故事，直到我们熟悉的周星驰出现。,4,长江七号
很早之前看的电影，只记得那时候我确实感动哭了，喜欢长江七号，评分高一点,4,长江七号
小狄爸爸复活时忍不住哭了   逝去的亲人能够复活是件多么幸福的事,4,长江七号
经典啊！！！！！！后来的后来才知道那小孩竟然是个女孩，啧啧，厉害了,4,长江七号
七仔真係好得意！,4,长江七号
印象中一直是满头青丝的年轻的周星星，长江七号里却已经生了华发，那时还年少的我不敢相信他已经老了，原来周星星也会老！,4,长江七号
当年那个假小子已经出落个亭亭玉立了,4,长江七号
难得的星女郎这么小，也难得的周星驰把电影题材放到孩子的背景上来，记忆深刻,5,长江七号
不知道为什么评论很多都说不好看 当时还记得自己看哭了 还有很多好笑的点啊,4,长江七号
特别魔性的喜欢七仔，内容虽然依旧是周星驰似的的夸张搞笑，但反应出来的情感也很真诚，挺好的。,4,长江七号
初中时 学校统一放映的 很好看 我还哭了呢 那是我最后一次看到星爷在电影中出现了 好怀念,4,长江七号
挺好看的一部喜剧，星爷就是喜剧界的典范。,4,长江七号
没想到长江七号里的这个小男孩是个小女孩反串的  好可爱,4,长江七号
我怎么感觉这是一部不错的片子呢？,5,长江七号
小时候应该每个人都渴望有一只小七吧，最后很感动，小七舍命救了小狄的爸爸。不过还好，后来它又活了，桥的那一边还涌过来了一堆～,4,长江七号
小时候还是挺喜欢的，当初完全没看出来小狄是女孩儿，有段时间还买了好几个七仔的公仔。,4,长江七号
当初怎么也想不到那个小男孩居然是徐娇，有搞笑，有催泪，挺好看的,4,长江七号
蛮好看的。,4,长江七号
长江七号，光看名字，还以为是中国卫星或是火箭名呢，自以为是的认为与科技有关！然而看了影片发现自己错的离谱，这个是讲外星人👽的故事！小狄爸爸为他捡了一个毛绒玩具，恰好是外星人！还是星爷无厘头是搞笑，但此片情感基调有点凄凉！,4,长江七号
嘿嘿,4,长江七号
喜欢萌萌哒七仔,5,长江七号
现在徐娇长大了。长江七号也是经典了。,4,长江七号
原来父子俩心酸打蟑螂是来自星爷童年的经历呀！,4,长江七号
童年回忆啊,4,长江七号
跟妈妈一起看的，CCTV6，想起以前爱妃给我讲述的情节，那情景还历历在目。我和妈妈笑得前仰后合，真是开心，希望这一刻永远延续。现在我对亲情电影的抵抗力为零，可能是越来越老了吧,5,长江七号
有意思,5,长江七号
太多的人只能看懂搞笑的周星驰，而看不懂悲伤的周星驰，他们觉得周星驰只能是、永远是、必须是无厘头的，恐怕只有我们星迷能够体会其中滋味吧。,5,长江七号
看完的晚上乱做梦，梦中还大叫大笑，吓着老妈了，我还真是单细胞生物啊 OTZ,4,长江七号
和WYN一起看的。。。她还看哭了。。。,5,长江七号
感人的结局！,5,长江七号
7.1,4,长江七号
美娇......,4,长江七号
和张弛白宇，星美,4,长江七号
挺好看的呀，当年真没看出来，徐娇是个女孩子。,4,长江七号
56,4,长江七号
小女孩演的小男孩不错,4,长江七号
2008-2-10 22:40:45 7/6.5(1652)  换个心态，换个角度，应该看到头发花白的周星驰做出的努力,4,长江七号
有点煽情,4,长江七号
还是有一些搞笑的地方的。比如倒霉老师的脸……幸福果然是消极的。幸福是不通过努力就可以得到。所有的美好都是要通过努力去获得的。让人很困惑。农民工的生命需要太空狗去救。看着很辛酸。,4,长江七号
真是不错,4,长江七号
怎么星爷越来越吕克贝松了...,4,长江七号
不懂中文的小宝贝也能看得不亦乐乎，顶星爷！,4,长江七号
笑过哭过，有什么不好？,4,长江七号
看过很多遍，基本上都是陪弟弟妹妹看的，很感动，但感动的程度随着看的遍数的增加在减少~,4,长江七号
不感动，但还是挺喜欢的,4,长江七号
适合儿童大人一起看,4,长江七号
2008年。,4,长江七号
不看你搞笑了    看别人真的笑不起来,5,长江七号
好看,4,长江七号
"挺逗的.星爷的片子很好识别,平民化的搞笑手法,不滥情的道德优越.",4,长江七号
原来是励志片,4,长江七号
七仔早就了D仔,4,长江七号
能一部片子里面全是小桥段也不容易撒..,4,长江七号
周星驰用心良苦啊,4,长江七号
影院看的，只是奇怪，工人孩子也上贵族学校？,4,长江七号
我爱小七~,4,长江七号
挺煽情的，呵呵,4,长江七号
星爷的风格变了····,4,长江七号
o(╯□╰)o,4,长江七号
一定要当成温馨的家庭片来看,5,长江七号
很多人说不是周星驰成熟的喜剧，可是我很喜欢这部！,4,长江七号
和四宝的武昌电影院首行,4,长江七号
当时七仔shi的时候都哭出来了·······,5,长江七号
父女情 死小孩,4,长江七号
喜欢七仔,4,长江七号
期待了2年的CJ7没有让我失望，我也没有想过会失望，只要有星爷的认真劲就足够了（正宇琼天）,4,长江七号
初中看的，当时感觉不错，也许以成年人眼光看会更苛刻。,4,长江七号
没有功夫精彩，但是7仔很可爱 ,4,长江七号
竟然没有标记这部片子，不科学。看了不止一遍，电视重播的时候也会看看，比较喜欢徐娇的表演，七仔看多了也比较呆萌，笑中带泪，周氏喜剧人生。,4,长江七号
其实挺好玩的,4,长江七号
星爷成了徐娇的配角……不过说回来，特效做的还是不错的，国产片中比较完美的特效了。,4,长江七号
刚上映时跟老婆说这是儿童片，9年后的现在，我六岁的儿子看的津津有味,4,长江七号
我数一、二、三，你却再也醒不过来……,5,长江七号
七仔。。。太可爱了。。。,5,长江七号
返璞归真不是坏事，功成名就也不是坏事，挺好的。,4,长江七号
七仔太可爱了~~,4,长江七号
很好看很感人，徐娇很适合小狄这个角色,5,长江七号
假专业，真傻逼 分析个屁 我笑了，死去活来,4,长江七号
比较可爱,4,长江七号
小学看过的，当时很感动，这情分就给个四星吧,4,长江七号
长江七号玩具从此风靡。,4,长江七号
20080203 10：30am 金逸5号厅，别人的赠票，本来是第一排，结果我挤到了最后一排，应该是我年前看过的最好的电影了,4,长江七号
周星驰脱去了搞笑的外衣演技了一把。长江七号毛绒玩具到处都有卖,4,长江七号
长江七号在我家箱子里,4,长江七号
星爷也温柔,4,长江七号
"星爷,抱",4,长江七号
张雨绮胸好大//shy,4,长江七号
想象力丰富 风格混乱,4,长江七号
徐娇超级棒,4,长江七号
只因为爱这个曾给我快乐的人……,5,长江七号
小七特别可爱，“爸爸”也特别辛苦,5,长江七号
。。。,4,长江七号
除了搞笑，更觉感人．可爱的七仔．,4,长江七号
多年前看的，其实我还挺喜欢的吧 ==,4,长江七号
星爷开始转型了,4,长江七号
做表情那一段好厉害啊……放烟花……,4,长江七号
很好笑,5,长江七号
不知道为什么居然让我感动的稀里哗啦，怎么了这是？,4,长江七号
为了七仔加颗星,4,长江七号
其实还是哭了，因为我有父亲情节什么的,4,长江七号
星爷还是很深刻地~,4,长江七号
天使,4,长江七号
四星：打字幕的时候，很意外，这么快就结束了？这就结束了？这么快就结束了，说明电影不错，让时间变短了；这就结束了，说明电影小段子多，却没有高潮，没有完全释放情绪。,4,长江七号
"长江七号太萌了,其它没什么好说的,星爷一辈子都在演悲情的小人物,竟然也成为了喜剧演员.",4,长江七号
天啊，我的童年咧！和妈妈一起去电影院看的，很感人呢！！当年七仔真的很红！！,4,长江七号
进入新千年，随着星爷的急流勇退，香港电影无厘头模式已经结束了。,4,长江七号
没有搞笑起来 憋的紧,4,长江七号
徐娇真是千年一遇。,4,长江七号
童趣，真挚。,5,长江七号
还蛮感人的。,4,长江七号
不骂人，不打架，多读书，做一个对社会有用的人。看哭了,5,长江七号
万全是冲着星爷的名字看的,4,长江七号
小绿球球儿还是挺有意思哒~,4,长江七号
7仔！,4,长江七号
7仔。,4,长江七号
"蛮好的么,简简单单，还有香港电视剧，电影的英语名总是那么不知所云。",5,长江七号
有意思 特别有意思,5,长江七号
感觉是星星最后一部好电影,5,长江七号
"很感人,就是很喜欢星爷教育儿子时候的样子,幽默的他终于成熟稳重咯...",4,长江七号
除了&lt;喜剧之王&gt;最爱这部,4,长江七号
父子情是看点,4,长江七号
不知道这个是星爷的倒退还是进步，至少这片子不错,4,长江七号
"起码看了5,6次了 还是很好看的 总之就是给小孩子看的",4,长江七号
我哭了~,4,长江七号
周星驰值得尊敬。,4,长江七号
  很好，但没有预期那么好，况且片子片长还不到九十分钟，怎么看都有圈钱的嫌疑，相比之下，《美国往事》就太值得人尊敬了,4,长江七号
好看的儿童电影,4,长江七号
anyway，我还是喜欢这部周星星滴作品。徐娇演的好，七仔好乖，老了啊,4,长江七号
国语版。精神支持周星驰的第一部儿童电影（行为还是支持了盗版）。有些人思维定势太严重。,4,长江七号
可爱的七仔,4,长江七号
七仔好可愛！！！很好看的電影,4,长江七号
挺有创意的，看到片里的星爷那么落魄真的很难过。,4,长江七号
从前看星星的片子流过这么多眼泪么~？,4,长江七号
周星驰是个有赤子之心的人，国内这么干净的电影很少见了。,5,长江七号
我觉得很可爱啊。,4,长江七号
星爷毕竟老了。,4,长江七号
我想弄只小七～,4,长江七号
真的比我想象的好看,4,长江七号
"上至我下至我弟弟, 一家老小都笑中带泪了.",4,长江七号
我喜欢外星狗,4,长江七号
还好，其实还好,4,长江七号
橋唔怕舊，最緊要受。,4,长江七号
10——8分。小姑娘演得不错，就是情节简单了点。,4,长江七号
可以了 这年头 这种片子 不错了,4,长江七号
给小朋友看的催泪片,4,长江七号
记得是大下雪天在电影院看的，七仔死的时候我还哭了。,4,长江七号
不错啊…挺有趣的…,4,长江七号
"是一部非常有诚意的电影(诚意,中国的电影多么缺的东西...)",4,长江七号
有周星驰 就够了,5,长江七号
开头cosplay了一下功夫，囧了一下，亲情很伟大,4,长江七号
七仔挺可爱。,4,长江七号
7号太可爱了~!!!!!,5,长江七号
不要诧异。我确实特别喜欢这部电影，不仅我喜欢，我老爸老妈都很喜欢。这样的星爷还真是头一次见到，这样的古灵精怪的“小男孩”也是头一回看到，这样的外星生物也是头一次见到。还记得那年满大街的“七仔”吗？电影的影响力不言而喻。爆笑，温馨，感动，催泪。星爷的电影越来越不局限于无厘头喜剧了。,5,长江七号
怀念当年的尹天仇，正如怀念当年的柳飘飘。从良了，就别再来找我。,5,长江七号
其实是部很可爱的儿童片,5,长江七号
好喜欢长江七号,4,长江七号
徐娇很可爱呀当时,4,长江七号
笑声与泪水兼并。,5,长江七号
七仔——理想化身,5,长江七号
又一部为数不多的讲父爱的电影。,4,长江七号
其实失望多一些，但是里面7仔的表现还是很努力,4,长江七号
星爷的剧本再怎么差，价值观还是很正的，况且分镜节奏配乐演员也绝对完爆一大批国产商业片，难能可贵的是那些草根下最朴实的感动多年来从未改变，童话反差现实，感动之外我看到了很多悲哀,4,长江七号
因为周星驰,4,长江七号
好久没看这么感动好玩的电影了。,5,长江七号
有了周星驰，生活好滋味。,5,长江七号
喜欢“毛七” ,5,长江七号
我想说的是，人终究不能永远疯闹下去。所以我接受周星驰转变。但这个故事的确也太简单了。,4,长江七号
卑微中的那一点温情还有点星爷的风格,4,长江七号
我的初恋,4,长江七号
看得又哭又笑……,4,长江七号
7仔太可爱,4,长江七号
徐娇倒是很赞，可惜现在不行了。,4,长江七号
你不去强求，星爷的电影还是很好看的。其实我觉得它怎么也值7.5，只是这是星爷的作品，所以大家过于苛责。,4,长江七号
最囧不过结尾大把长江7号 真tm商业 ,4,长江七号
三刷电影,5,长江七号
经典,5,长江七号
充满温情和人文关怀，永远支持星爷！,5,长江七号
好怕看这类电影。。。努力加油,4,长江七号
其实并不比星星同学以往的片子差,5,长江七号
为什么那么多人差评这部电影？虽然有很多夸张的地方，但是真情部分是真的打动人了。这五星是打给星爷的，笑中有泪有真情。,5,长江七号
不怎么好笑，不过还是有些感动,4,长江七号
星爷转型力作~,4,长江七号
可爱温馨的电影，笑中带着泪,5,长江七号
嘿嘿 周星驰终于安静一点点了 ,4,长江七号
当初全家人一起去电影院看得，温馨得很。,5,长江七号
我想要只外星狗...,5,长江七号
因为七仔实在可爱，呃。。,4,长江七号
看这部电影，是所有周星驰电影中我流泪最多的。,4,长江七号
。。。。。。。。。。。。。,5,长江七号
坐在后面剧透的小朋友真可恶。。,4,长江七号
一出童话，有什么不好,4,长江七号
一看到他爸爸死，就看一回哭 一回,4,长江七号
没办法，还是在影院狂哭了一记。,4,长江七号
比集结号还感动。。。。穷，但有尊严的活着,4,长江七号
带有鲜明的周氏风格，除了孩子的表演，其他实在算不得太出奇,5,长江七号
 周星驰 ,4,长江七号
无论怎样都要看看.,4,长江七号
7仔还是很可爱的，星星演得也好好,4,长江七号
当时真的好喜欢七仔，专门买了各种型号的七仔,5,长江七号
不是搞笑的星爷，依然棒的不行。,4,长江七号
笑到最后想沉默,4,长江七号
星爷无敌~,4,长江七号
这么多人说不好看 可我真心觉得很不错啊,4,长江七号
儿童片,4,长江七号
7仔，sit,4,长江七号
儿童片你们干嘛要求这么高拉！,5,长江七号
长江七号。,4,长江七号
不能总希望周星驰总是以前那种风格，这样也很好，我想这才是完全他自己的电影,4,长江七号
只要是星爷的就挺,4,长江七号
蛮好玩的吧。,4,长江七号
还是有星爷的味道,4,长江七号
喜欢片子的质感和表达起来的张力,4,长江七号
好坏与否早已经变得不那么重要了，这或许就是人们常说的情怀吧，儿时用DVD翻来覆去看过太多遍，那会儿多么希望自己也能拥有一只可爱的七仔啊！至今回想起来，许多片段仍旧记忆犹新。想象大胆奇特，故事情节流畅，有笑点有萌点有泪点，还要什么？有时候，豆瓣上的某些评论才真是让我觉得匪夷所思……,4,长江七号
星爷的转型之作，温情却不失笑料,4,长江七号
好可爱的公仔，好想买一个回家拧它的脸……,5,长江七号
七仔最后救星爷那段儿，看得我眼眶有点润。,4,长江七号
分是给小朋友的,4,长江七号
刚看完被告知徐娇是女孩，吓到了,4,长江七号
总而言之我还很感动,4,长江七号
第一次看，是和我八、九岁的表弟一起。当时觉得很感人，后来就经常放给我的学生们看。个人觉得电影里周星驰教育徐娇那段话不罗嗦。而且这部电影也很适合中小学生。张雨绮好美，周星驰挑女演员的眼光向来不差。可惜的是，从此以后银幕上再看不到星仔。不过，电影圈里多了个星爷。,4,长江七号
老了 于是稳重了 平和了 温情了 ,4,长江七号
张雨绮和徐娇的成名之作，一部充满笑意和温情的电影！,4,长江七号
七仔长得真可爱,4,长江七号
我认为挺感动,4,长江七号
看在是在宁波拍的份上 很喜欢,4,长江七号
其实我偷偷哭了，和金在电影院看的。,5,长江七号
星爷还是那个星爷。,4,长江七号
貌似大家对这部电影的评价普遍不高，但是本片制作也很精良，演员都很出色，也许只是题材稍微低龄化了点而已。,4,长江七号
星爷新作，转型,4,长江七号
继承了周星驰一贯的风格，在此之上又增添了温馨和感人的元素，描述了小男孩的一段成长的历险，让观众在欢笑中体味父爱如山，可谓不可多得的上乘之作。,4,长江七号
父子情感动我了。,4,长江七号
感人的喜剧片，可爱的七仔~,4,长江七号
很温暖，我是真心地想要一个七仔，看的是白话版，但是很多字幕没有翻译好。,5,长江七号
独具个性的电影人，敬佩＋喜欢...,4,长江七号
"周小狄,真可爱",4,长江七号
觉得蛮好的吖。很温馨很友爱。不许星爷变化变化？,4,长江七号
很好看,5,长江七号
身分低微。但有骨气。又是这样。,4,长江七号
狗狗可爱.,4,长江七号
好中意那两位男老师呀~,4,长江七号
小时候看哭得不得了 然后买了一个七仔的玩偶挂在胸前去上学,5,长江七号
还不错吧,4,长江七号
和《功夫》有很大差别，长江7号只能算一部小制作的童话片，不过外星狗的特效很好，几个小朋友的表演也很出色。张雨绮的配音太假了，太花瓶了，看来《功夫》里面黄圣依演了个哑巴是占了大便宜。片子感人也不缺搞笑，还恶搞了N多大片。周星驰想表达的东西也表达的很充分，非常羡慕他现在可以随心所欲，只不过3年才拍了一部片进度太慢了，应该一年一部嘛，我会去捧场的。,5,长江七号
作为华语片来说已经算很不错的了。,4,长江七号
不是星迷，不喜欢无厘头，所以并不期待这个片子，可正好误打误撞看到了这并不无厘头的片子，还蛮喜欢，呵,4,长江七号
曾看  阿星用七仔来代替了自己,4,长江七号
七仔。,4,长江七号
"不太好打星的...太搞了,那个徐娇太灵了...言语很搞笑,还带有点点讽刺及少许Black Humour...",4,长江七号
当星爷开始改变路线。。。,4,长江七号
延续周星星水平,4,长江七号
我觉得还是挺好看的~好喜欢那个小东西，表情超级可爱！,5,长江七号
小徐娇还不错。,4,长江七号
七仔太可爱了~~~o(∩_∩)o,4,长江七号
6.4豆瓣你TM认真的吗,5,长江七号
cj7.2008.CN.DVDRip.XviD-PMCG,4,长江七号
不晓得千万个小狄的爸爸能不能带着小狄去电影院看这部电影,4,长江七号
算是星爷这几年有品位的作品了 跟功夫 七龙珠 太极相比,4,长江七号
电影院，和JC。七仔红了，星仔后期喜剧作品。,4,长江七号
三,4,长江七号
比想象好多了,5,长江七号
《E.T.》+《大雄的恐龙》+《校园霸王》+《功夫》+《哆啦A梦》，很萌！,4,长江七号
感动．．．,5,长江七号
徐娇这小丫头日后应该有大发展。星仔戏份好少啊。还有七仔表情show那段很赞。,5,长江七号
怎么说呢，没上映前拼命的想看，看了之后也没有很深的印象，故事很老套，结局很粗糙，冲着星爸的面子给个推荐吧,4,长江七号
这部片才6分……唉……,5,长江七号
看在7号的份上。。星爷啊星爷。。,4,长江七号
我认为挺好的，真的挺好的,5,长江七号
可爱的“七仔”~~~,4,长江七号
星爷的不能错过,4,长江七号
有星爷就好！,4,长江七号
星爺還是很有才的。,4,长江七号
这样的干瘪能做到大起大落，就可以了。,4,长江七号
是看在七仔的面子上给了4星，确实很喜欢那个小东西,4,长江七号
周星驰新作品 思想有余搞笑不足 表演上没什么太大的突破 外星玩具狗造型不错 中间穿插回顾了以往作品中的经典段落 有点失望,4,长江七号
我记得我还哭了呢,4,长江七号
星爷老了帅得蛮有味道的。,4,长江七号
连小朋友都有周星星的风格了，不过故事情节太简单，特效也远不及功夫的水准呀．７仔确实很可爱,4,长江七号
虽然我们穷，但是我们不去偷，不去抢。,5,长江七号
简单温暖的小故事,4,长江七号
"没别的,喜欢~",5,长江七号
变成布偶比较逗,5,长江七号
不知道为什么分这么低。。,4,长江七号
狐狸超超喜欢七仔！！真的，超超喜欢！片子倒在其次了,4,长江七号
不明白怎么分那么低，七仔我的最爱！导致电影看完后疯狂到处买七仔的公仔～娃娃机抓了三个，买了五个，我个人认为是星爷最温馨的一部片子了,4,长江七号
从良的周星驰。,4,长江七号
我一直觉得星爷的片子仍有可圈点之处，只要观众不是只喜欢大话西游那口的。,4,长江七号
哎哟哟！！好多蟑螂呃 囧囧囧 徐娇现在好米粒~小时候演男生笑起来活脱脱一个小韩庚 囧 七仔太可爱鸟 T//////T 今晚决定抱着它睡觉！,4,长江七号
希望中国更多有科幻电影,4,长江七号
感人啊~第一部表现农民工的作品~,4,长江七号
反正我看哭了又看笑了,4,长江七号
支持宁波~！徐娇好可爱~,4,长江七号
第二部电影就开始复制手迹，多拽啊，手法无一不滥但看时全在穴上，演员腔调全是星星派。从功夫开始俺就容易被星爷莫名感动，夹夹缝缝都好像看到他的心情。,5,长江七号
寓教于乐，不错 //20080210 End!,4,长江七号
用错误的心态去看了一部好片...也只有在3天后才发现他、它、她的好,4,长江七号
在我所熟悉的地方拍的片子。光电影院就看了三遍，虽然只是中偏上。,4,长江七号
这个也是觉得不错,4,长江七号
不管别人，反正我觉得结局感人,4,长江七号
七崽...,5,长江七号
七仔好萌 星爷老了啊！,4,长江七号
在国内已经是很好的科幻电影了,4,长江七号
温情与搞笑交织的星爷,4,长江七号
星爷不搞笑了，变煽情了,4,长江七号
有些像《The Pursuit of Happyness》 与《E.T》的结合 很有诚意的亲情片~,4,长江七号
喜欢那个农民工爸爸拿饭盒那段,4,长江七号
我也想要一个外星狗狗~~~！！！aaa~,4,长江七号
擅长做鱼宴的大厨花了三年的时间烧出一盘豆腐,4,长江七号
我觉得最神奇的就是，小男孩都是小女孩演的，小女孩是小男孩演的,4,长江七号
看哭了。。。,4,长江七号
我也想买个七仔....,4,长江七号
陪儿子又看了一遍。7仔，我们爱你！,5,长江七号
有点难过。,4,长江七号
很温情的电影,4,长江七号
七仔很萌，徐娇也好萌阿,4,长江七号
mark,4,长江七号
七仔超萌的，而且父子情那段也很感人,4,长江七号
弱得可爱~,4,长江七号
充满人情味的星爷的片子,4,长江七号
"很不周星驰的电影. 并没有脱离亲情片一般的结构框架,但鉴于可爱的七仔和浓浓的温情,给四颗星",4,长江七号
话说阿七让我哭惨了 最后太催泪了 P.S. 看了半天都不知道那小孩原来是姑凉家家的 惭愧啊,4,长江七号
我还是比较喜欢雪纳瑞，不是7号也还蛮可爱的。。。,4,长江七号
第一部没有笑容只有泪水的星爷电影。,4,长江七号
不和星爷以前的片子相比，所以4颗星,4,长江七号
七仔~~~~,4,长江七号
周星驰收山的那部片子吧，没有了他登场的片子，都烂得不能看。这部片子，整体水平还是很高的，当然，金牌配角们仍然悉数到场,4,长江七号
很好看，长江七号真的好可爱，星爷好厉害,4,长江七号
星爷也是童心未泯的主儿，伤不起啊,4,长江七号
下一代的霹雳贝贝。我要代理长江七号的那陀屎...假设7仔是坨长毛的青团，那便便的味道应该是...豆沙,4,长江七号
温情,4,长江七号
小丫头和七仔是亮点,4,长江七号
我要一堆七仔！,4,长江七号
星爷老了，玩伤感了。成大艺术家了。,4,长江七号
虽然剧情比较普通~但是我哭了~另外~女主角身材没的说~~,4,长江七号
爱七仔~~~~~~,4,长江七号
难得看到这样的星爷。。。,4,长江七号
"如果是现实生活,那么小狄怎么办..",4,长江七号
七仔很可爱,4,长江七号
穷人的心酸与快乐,4,长江七号
因为你是周星驰，所以我们都相信你,5,长江七号
7仔~~,4,长江七号
2008/02/03 @ apm,5,长江七号
一部真实的反映了社会现实的电影，对白是值得细细体会的。笑着流泪,4,长江七号
补分，喜欢,4,长江七号
还是很喜欢父爱片儿的~~~,4,长江七号
感觉他的电影标志性的无厘头在淡化。。。,4,长江七号
没有周星驰以前的电影搞笑的过瘾，小孩还是演的很好,4,长江七号
周星驰自己可能也厌倦了重复。,4,长江七号
都说星爷选徐娇肯定是按XXX的样子来选的哈哈哈,4,长江七号
小孩挺可爱,4,长江七号
可爱的徐娇~~~,4,长江七号
"周星驰的回忆之作,笑中含泪",4,长江七号
其实还是可以很温馨的。  只要星星在，不管他有没有变成老星星。,4,长江七号
我就喜欢他邋里邋遢的~,4,长江七号
没想象中好 但有徐娇就够了,4,长江七号
虽然没啥搞笑，但是个人认为不错，也不能把周星驰就定位在一个框子里了啊～,5,长江七号
影片英文名称是A HOPE。我想：如果把这个愿望从电影中删去，就是星爷悲剧大成之日。,5,长江七号
温情细节,4,长江七号
冲着七仔才打的高分的:D,4,长江七号
真可爱啊~！心酸又温暖啊。,5,长江七号
就记得七仔还挺可爱的 ~,4,长江七号
徐娇小时候演得多好啊！多感人啊！戏多有趣啊！七仔多可爱啊！分怎么都那么低！,5,长江七号
"童趣的电影,但是无法望及前人",4,长江七号
温情版，个人偏爱这种,4,长江七号
七仔系可爱的 徐娇演的也不错,4,长江七号
其实就周星驰说他觉得他自己很英俊那比较搞笑。哎,5,长江七号
因为听到了熟悉的disco音乐，加一星。,4,长江七号
中信. 小时候回忆,5,长江七号
老片子了，偶然在电影频道上重看了一遍。典型的周星驰式的喜剧，笑中带泪。,4,长江七号
配乐非常喜欢，“我要考一百分！”,4,长江七号
cute ,4,长江七号
分儿咋这么低呢。。。。,4,长江七号
温馨片吧，星爷转型了,4,长江七号
笑后又想哭的典型。。。,4,长江七号
星爷最新的科幻喜剧 又推出了两位星女郎徐娇和张雨绮,5,长江七号
可爱的,4,长江七号
七仔,4,长江七号
也没那么糟，只不过不是你们记忆中的周星驰了,4,长江七号
剧情照搬多啦A梦，没创意但很可爱！,4,长江七号
走温情路线了么。,4,长江七号
周星驰的电影一定的看,5,长江七号
感动的哭了然后给晨晨姐看到了。。真是的~,5,长江七号
周星驰怎么那么悲情了呢？,4,长江七号
把我看哭了，还好有七仔反转，喜剧的外衣，悲剧的内核，只有星爷能做到。,5,长江七号
星爷很有想法··但总觉得怪怪的···之前有部电影··十大恶人以前叫长江十侠，长江一号，长江2号····里面7号是江别鹤,4,长江七号
我七仔的公仔還在呢，兩塊錢買的,5,长江七号
08/09/02  7仔很可爱^^,4,长江七号
"感觉很不错的一部电影,周星星同学的电影开始有了点好莱坞的风格,国际化了.本姑娘挺喜欢.",5,长江七号
小七仔~~！！,5,长江七号
我爱徐娇小朋友,4,长江七号
以小见大  感人,4,长江七号
可爱的七仔。,5,长江七号
我不要多拉A梦了，我只要七仔！,5,长江七号
退到幕後了啊...,4,长江七号
力挺星爷~,5,长江七号
周星驰没有娇娇演得好~,4,长江七号
周星驰我爱你！长江七号实在是太可爱了！,4,长江七号
慢慢来转变,4,长江七号
长江七号很可爱~~,4,长江七号
很温情的星爷,4,长江七号
啊啊啊啊,5,长江七号
挺好看的~,4,长江七号
周星驰最好的一部电影，除非你看不懂,5,长江七号
还行.,4,长江七号
七仔真可爱~,4,长江七号
简简单单。,4,长江七号
这个也就是特效,5,长江七号
印象深刻的 是小狄要东西 爸爸不给买 打他的那场戏 ,5,长江七号
这也能哭~~~哎，我的眼泪泛滥,4,长江七号
星爷几年磨一剑，果然没有白费功夫，很有意思，很童心，很有笑，小孩和小七都很可爱,4,长江七号
七仔还蛮可爱的。,5,长江七号
同学聚会居然去集体看电影 这真是个脑残的决定。。。。,4,长江七号
看的直想流泪，做个好爸爸不易,5,长江七号
随还说不错嘛~就是小七太尼玛像玩偶了TT后来和河童和铁巨人比较下，还是唯诺了点,4,长江七号
我真的很想看呐!!!,4,长江七号
"哎,心酸",4,长江七号
周小狄是女的！！！my god,5,长江七号
自己的恶搞..,4,长江七号
永远不要放弃,4,长江七号
这是个寓言,4,长江七号
那个胖妞 你好猛。,4,长江七号
这分数我惊呆了……长七在我心里top3。小狄的哭戏看一次哭一次，亲情永远最打动人,5,长江七号
其实我觉得还是不错的，有点被感动了。长江七号真的好可爱啊。,4,长江七号
。。。,4,长江七号
啊啊啊啊啊啊啊，这个还是很感人的,4,长江七号
美好的故事。童年的幻想。,4,长江七号
还行。,4,长江七号
还好星爷还有一颗童心,4,长江七号
很感人很温馨小女孩很可爱……,4,长江七号
星爷表现一般，总体是不错的，徐娇女扮男，感觉怪怪的，外星人很萌，张雨绮花瓶。,4,长江七号
高一，网吧，一个人，7块钱的网吧劣质套餐，逃课的夜晚。,5,长江七号
那个时候就觉得张雨绮美！,4,长江七号
再看一遍，再看一遍,4,长江七号
张雨绮黑发长裙 回眸一笑 美,4,长江七号
还好，但为什么要那么久。。。就因为特技么。。。,4,长江七号
电影院看的，感觉还是很不错的，无论其他的怎样，在各大导演都在挤破了脑袋拍一些飞来飞去的大片时，星爷把视角放在了内地的民工身上，这本身就让人感动,4,长江七号
有点幼稚 不过还不错,4,长江七号
适合全家老少一起看的一部喜剧电影！,5,长江七号
如果电影中的星爷没有被外星狗救活.........,4,长江七号
谁喜欢的小七谁来买。,4,长江七号
"其实还是可以看的,看到后面还觉得挺感人的",4,长江七号
为毛最后我内牛了,4,长江七号
星爷要转型...？,4,长江七号
当时买了影碟，和弟弟一起床看了好多好多遍,5,长江七号
周星星不一定永远玩无厘头。永远喜欢无厘头的人是一定不喜欢浪漫主义元素的。,5,长江七号
这应该也算是国产科幻片吧！,4,长江七号
还是不得不加上来。想一下星爷的电影也真是不错的。,4,长江七号
这多的一星完全是给星爷的...,4,长江七号
CCTV6在播，这部电影离“优秀”有一段距离，但是我喜欢这里面的星爷。,4,长江七号
大悲大喜,4,长江七号
我就是喜欢这部电影，不想说再多,4,长江七号
星爷太sexy...,4,长江七号
七仔很萌！,4,长江七号
从此以后，鲁豫就有了七仔的称号,4,长江七号
结尾太扯,4,长江七号
真的笑中有淚。,4,长江七号
你是外星人派来入侵地球的嘛？噗~~~~,4,长江七号
可惜结局不太好..暴露了是儿童片~~,5,长江七号
2007-02，和老婆看~,4,长江七号
人总是在变，拍出自己的真心才是星爷了不起的地方而不是别人给他的无厘头标签。何况拍出了最温暖的父爱。,5,长江七号
胖小妞巨搞,4,长江七号
看来当年大家挺严格的，我记得当时很火，我看了也还挺好看的,4,长江七号
兄弟姐妹影院欢乐行-0-,4,长江七号
我真的哭过艾,5,长江七号
不吹牛，不大家，做个有用的人···,5,长江七号
今天中央六在放，顺便就看了。并没有之前评价的那么差，大街上一度泛滥成灾的外星狗公仔长的莫名其妙，但电影里是实在可爱的。这部电影真的还不错，好看，有少许意义的诉求，就够了。相比起来，那些将周星驰以前的电影搬出来然后对这部指指点点哀怨之抱憾之的态度，反而像个烂苹果，发出阵阵酒馊味，让人倒胃口，而他们却自以为端着的是陈酿。有什么意思呢？,4,长江七号
等呀等，等呀等，终于等到清晰版的了。我看着还不错嘛，星爷，不要管其他人怎么说，你想怎么拍就怎么拍，还给我们贡献几部好片再退休呀～,4,长江七号
温情,4,长江七号
还是更喜欢星爷早期的电影,4,长江七号
依然爱,4,长江七号
上大学的时候看的，周星驰总是能把小人物拍得这么有灵气，张雨绮的表现真不错。,4,长江七号
怎么说呢，大家都在骂，我想说两句好听的，可不知道从哪说起。,3,长江七号
不一样的星爷也不错，7仔很萌，偶尔看一下这种的，让心情放松，感觉还可以。,3,长江七号
还是挺感人的片子,3,长江七号
七仔挺可爱，但是当建筑小工是不可能让孩子在那么好的学校读书的。,3,长江七号
被长江七号给萌到，好可爱！剧情还可以，最喜欢的一幕是长江七号的其他族人也一起来地球～,3,长江七号
其实周一直在创新和思考，在电影里加上自己想要表达的东西。,3,长江七号
看周星驰的电影，感受的是一种善良。他在表现小人物的辛酸，他在给予小人物以希望。穷人也有梦想，世间总有真情。周星驰用他的善良，在唤醒我们对童年的记忆的同时，也让我们忘却了成人世界的残酷。哪怕只有片刻，也是好的。,3,长江七号
电影是感人的，但不够吸引人！,3,长江七号
温情，家庭，人性，搞笑结合的很不错！,3,长江七号
七仔挺可爱的七仔挺可爱的七仔挺可爱的,3,长江七号
2.5 能看出为什么周星驰不想再演戏单却依然可以当导演。他的肢体和外部表情僵硬，和喜剧题材本身的节奏非常不协调。但他的影像思路其实还在往前走。我觉得现在周星驰的银发形象可能不再喜剧了但依然非常有银幕魅力。想象一下如果他出现在杜sir的黑社会3里会是多有挑战性的气势。,3,长江七号
还是可以吧，只不过更喜欢星爷没当导演之前的电影。,3,长江七号
还不错，周星驰总能把小人物演的又好玩又心酸,3,长江七号
星爷的电影还是不错的，当年的假小子也已经变成了一位亭亭玉立的青春美少女，不错。,3,长江七号
这算是星爷风格最弱的影片了吧？相依为命的父子生活和星爷总有点那么不合。,3,长江七号
一般，不太喜欢,3,长江七号
父爱如山，童年幻想出来最好的朋友。嗯，不知道自己说什么，不过片子还是可以看的,3,长江七号
现在已经忘了剧情了，只记得七仔玩偶很可爱,3,长江七号
看矇了！！,3,长江七号
这部作品并没有多好的呈现出星爷的特质，感觉是星爷比较弱的作品这一，纯属个人意见。,3,长江七号
一般，并没有什么笑点。,3,长江七号
和莎莎在西北影城看的,3,长江七号
还行,3,长江七号
哎。。,3,长江七号
9&#39;@080218,3,长江七号
某个画面会心酸 我总觉得星爷这部电影出发点不单一 时间证明我想多了,3,长江七号
七仔好可爱，星爷延续了他的无厘头，笑点还是有的。,3,长江七号
我咋觉得你就不适合严肃呢 ,3,长江七号
在电影院难得能再被逗乐，不愧是星爷~,3,长江七号
一般的情节，只是动画的长江七号真的很可爱，算是中国做得最好的动画形象了。,3,长江七号
"星爷拍的,所以给三星.",3,长江七号
我加你有点晚了。。。。,3,长江七号
败在戏剧冲突,3,长江七号
结尾让我想起了《红气球》恩……当然，还有ET。,3,长江七号
merchandising很成功,3,长江七号
又是部转型作，都快变成幕前客串了。,3,长江七号
烂片补记,3,长江七号
周星驰也算是主演？不如功夫好看,3,长江七号
星爷低龄化不适合你,3,长江七号
和朋友一起看的，开心就好,3,长江七号
星爷让我们失望了。。。,3,长江七号
……无话可说,3,长江七号
这个不好，很不好。,3,长江七号
新一代的周星驰电影我都不太习惯，家里至今还有七仔的毛绒玩具,3,长江七号
回头是案啊,3,长江七号
最后一幕很可爱。,3,长江七号
里面那个毛绒玩具挺可爱滴～,3,长江七号
我必须向星星道歉 之前一次看只快速浏览了片段所以很多搞笑桥段没有看到 今次通篇看下来觉得部分细节还是保有“周氏喜剧风味”的 只是这次星星自己的表演太大陆儿童剧太主旋律 所以让很多拥趸不免失望 希望他接下来不论是自己导的监的还是演的片子都能重振喜剧之王雄风。,3,长江七号
有些地方挺感人的 徐娇的小男孩演得很好 那时候真以为她是男孩子,3,长江七号
长江7号很可爱,3,长江七号
儿童剧,3,长江七号
说实话，周星驰真够聪明的。,3,长江七号
其实还可以,3,长江七号
和老爹一起看的呢。7号救小狄爸爸的时候真的很感动呢！小7好可爱啊！@Home,3,长江七号
忘收了,3,长江七号
最扛不住煽情片了。,3,长江七号
七仔很萌呀 ,3,长江七号
星星有颗童心，敬仰。,3,长江七号
星爷的戏份明显减少了。,3,长江七号
没那么好看,3,长江七号
和猴叶去电影院啊。。父女情还是感人的。但我很讨厌七仔 不知道为甚,3,长江七号
我其实想给三星半  ,3,长江七号
小七挺可爱的。,3,长江七号
小孩应该挺喜欢，大人难免觉得俗套。笑料不算多，虽然略带想象力，但剧本还像未完成的一样，和星爷之前导演的几部作品相比，则只会软弱更多。不可否认星爷是个有追求的创作者，思考和创新的同时，不难看出他依旧保留着自己的那份童真，可能他的创作比以前弱了不少，但与其说他变了，其实我们变得更多吧,3,长江七号
小7还挺可爱的啊,3,长江七号
几好~,3,长江七号
一不错的儿童片儿,3,长江七号
周星驰纯属友情出演，目的还是为了捧徐娇。,3,长江七号
不怎么好笑的喜剧,3,长江七号
中国香港,3,长江七号
周星驰怎么老成这样~,3,长江七号
真没看出来是个小丫头，现在穿女装看着反而不习惯了,3,长江七号
没有想象中的难看...,3,长江七号
我觉得挺好的。发自内心地笑，发自内心地哭~,3,长江七号
6分,3,长江七号
2008-02-12.,3,长江七号
我爱毛茸茸~,3,长江七号
女老师的形象超级不喜欢，再说也太肥了点吧。台词功力不够，跟赵薇一个毛病。,3,长江七号
还行,3,长江七号
徐娇、小七和蟑螂兄弟们的演技还不错了啦,3,长江七号
七仔！,3,长江七号
一般啦,3,长江七号
看在7仔可爱的份上给个还行~,3,长江七号
演员很不错，长江七号很萌，就是故事无趣。,3,长江七号
不知道说什么好,3,长江七号
消遣,3,长江七号
我擦荷兰台居然放这个，而且还全程带字幕的，就是翻译得比较离谱。,3,长江七号
星爷，你老人家……最不想看到的就是你老了,3,长江七号
这种温情路线，额。。。般般子咯,3,长江七号
周星驰这部电影估计是在讲他小时候。星爷可是从贫困中一步一步走出来的,3,长江七号
想要做卓别林，就要大开大合。,3,长江七号
可以一看。据说片中的小宠物正在热卖中。,3,长江七号
丢，周星星煽情也TM有一套,3,长江七号
2008.5.16 娱乐不够，感动不足，要怎样？,3,长江七号
"星爷啊,你果然没啥看头了.",3,长江七号
温情不足 粗糙有余,3,长江七号
一般般,3,长江七号
很明显的感觉到本片的幼龄向,3,长江七号
7仔好可爱,3,长江七号
其实挺无趣的  不是我厌了就是我喜感想吐了,3,长江七号
水准太一般,3,长江七号
星爷的味道消失殆尽。,3,长江七号
···,3,长江七号
孩子看看。张雨绮红了。张雨绮旗袍装惊艳，就是这嗓子。。。,3,长江七号
已经是要拖着看了,3,长江七号
"比想象中好啊,不过周星驰这点戏也算主角么...",3,长江七号
星爷不上不下的较尴尬的作品~,3,长江七号
温情片，教育片。星爷换套路了，不商业了,3,长江七号
星爷，你的时代结束了额么？,3,长江七号
不觉得有多么好看,3,长江七号
其實係一部low tech嘅現代粵語殘片?不過7仔真係好可愛,3,长江七号
小孩表现太一般了。,3,长江七号
想买一个长江七号玩啊～～,3,长江七号
6。,3,长江七号
星爷老矣，尚能饭否,3,长江七号
居然有点小感动……片中最不和谐的就是那些硬搞笑，纯温情就够了啦,3,长江七号
徐娇表现相当不错,3,长江七号
有遗憾才有了及格分,3,长江七号
老实说一直不太能get到星爷的点，这部算是get得到最到位的了,3,长江七号
看着挺欢乐的~,3,长江七号
我一直以为它是鸡。。。。小狄这个名字太内涵了！这个动物要火！星爷果然势利,3,长江七号
看在星爷的面子上，多给一颗。,3,长江七号
有点失望的说,3,长江七号
不觉得好看,3,长江七号
星爷彻底老了，已然沦落为一个毫无生命力的票房符号。,3,长江七号
还是和你一起看的～～～,3,长江七号
是儿童片把,3,长江七号
一堆娃娃都是女生来的···诶··,3,长江七号
刚开始有点恶心，最后又挺感人的，最最后又很囧。,3,长江七号
他真的老了,3,长江七号
有几段让我很不爽,3,长江七号
还行~,3,长江七号
多给它一颗星是因为他的立意和献给孩子的缘故。,3,长江七号
星爷的电影变味了,3,长江七号
七号好萌&gt;&lt;,3,长江七号
我讨厌张雨绮,3,长江七号
感觉就像是去富侨做按摩，架势做够了，就是不够爽,3,长江七号
不大喜欢，好单调，感觉,3,长江七号
配音问题是最大问题 ,3,长江七号
星爷作品越来越烂了,3,长江七号
感人,3,长江七号
除了这个女孩挺可爱~~别的我就没觉得有啥可乐的了~,3,长江七号
说是喜剧片 它不够好笑 说是剧情片 它不够曲折 说是感情片 它又不够感人 说是科幻片 就这么一个橡皮弹力小人儿 你能说它能科幻到哪里去？,3,长江七号
看到3区dvd发布，尽管是1cd还是立马下载观看了，毕竟是星爷作品，本来想去捧场阳光场的，12－15的票价感觉还是高了些，毕竟口碑平平。主题感觉有些过时，不过父子情表现的还是到位的，外星宠物的设定实在缺乏新意了些，整个剧情也比较中庸，老师身材不错，怀念那个纯粹无厘头的星星童鞋...,3,长江七号
周星驰的温情,3,长江七号
嘛嘛地,3,长江七号
不给力啊星爷,3,长江七号
周星驰最烂片之一,3,长江七号
千万别因此一蹶不振啊周星星。,3,长江七号
可爱的狗狗成为亮点,3,长江七号
电影频道看的 7仔搞笑,3,长江七号
星爷配角，徐娇上位。,3,长江七号
儿童教育..,3,长江七号
"冲这可爱的小东西去看的,确实可爱.从出场便开始受欺凌,最后还付出了生命,善良得让人愤怒.这可悲的人世.",3,长江七号
无厘头从良 ,3,长江七号
剧情简单了点。,3,长江七号
一般般,3,长江七号
2008.1.30 长虹影院 Mtime时光网,3,长江七号
艰辛的背后。,3,长江七号
给小孩子看的科幻片还不错,3,长江七号
和小侄儿一起看的，他看电影笑，我看他笑,3,长江七号
可能是星爷长大了,3,长江七号
至今想不通老师怎么会看上一个农民工。,3,长江七号
长江七号曾经勾过多少小孩儿的心啊。,3,长江七号
七仔好玩~,3,长江七号
傻傻的剧情，放松一下不错。,3,长江七号
果然是从良了,3,长江七号
"又一次星爷纯真童心的展现,可惜剧本弱了点;徐娇的表现虽然可圈可点,但某些状态下过了",3,长江七号
这还是赶巧了，走电影院门口赶上了首映，就进去看了~,3,长江七号
好早了 记得当时挺失望的,3,长江七号
周星驰,3,长江七号
手法粗，唯一亮点在懒洋洋的派头,3,长江七号
星爷在培养下一代啊~！小家伙演得还不错~,3,长江七号
周星星玩科幻还是不行。,3,长江七号
依然是无厘头，但是感觉周星驰做导演和编剧就没天分……,3,长江七号
7仔很可爱，其他的就没什么亮点了,3,长江七号
大忽悠,3,长江七号
是个好故事，不是好喜剧，也不是很特别的故事，可以想象人和人拍这样一部电影，可是周星驰应该更特别点。,3,长江七号
唉,3,长江七号
周星驰最差的电影 没有之一！,3,长江七号
以前看星爷的电影的感觉不在了，挺难过了，真心觉得自己老了。,3,长江七号
好东西都在预告片里看光了,3,长江七号
期望越大，失望越大，估计周星驰再也拍不出&lt;喜剧之王&gt;了,3,长江七号
&#34;他并没有说过他很厉害啊!难道是我误会了?是不是我错了?我真的错了!!&#34;,3,长江七号
失水準,3,长江七号
啊？,3,长江七号
没什么亮点的电影...,3,长江七号
09.1.16好像事隔多年的感觉。还行吧。为星爷，虽然是三星其实也跟吴宇森的三星截然不同。,3,长江七号
星爷老了。。,3,长江七号
编剧惨点儿……中国儿童剧怎么都那么脑残……,3,长江七号
随便看看,3,长江七号
周星星的电影，很难不支持啊,3,长江七号
只能说，还行。,3,长江七号
小星星看哭了,3,长江七号
总算做起配角，狗还可以,3,长江七号
星星这次发挥不好,3,长江七号
周星驰还是当演员好,3,长江七号
面对白发苍苍的星仔不知道该说什么,3,长江七号
我们虽然穷，但我们不偷不抢，星爷就是星爷,3,长江七号
爷俩给奄奄一息的七仔挂盐水啥的实在太可爱了,3,长江七号
蛮适合小朋友看的。7崽真可爱~,3,长江七号
星爷还是演电影比较靠谱，不过七仔实在是太可爱了~,3,长江七号
转型？休息吧,3,长江七号
感动不了我,3,长江七号
周晓狄，你这个低俗肤浅、人面兽心的学生！~,3,长江七号
喜欢结尾得复古舞曲!,3,长江七号
因为是周星驰所以要求总要高一点,3,长江七号
徐娇还是留短发好看,3,长江七号
以前看的，虽比不上功夫，但是我觉得还好啊！,3,长江七号
没看完,3,长江七号
都是你,3,长江七号
-________-&#39;&#39;,3,长江七号
看了开头被雷到了，这哪里是喜剧片，这分明是暗黑系，看到老成那样头发胡子都花白的民工星爷我觉得太虐心了，再看看他的工作环境生活条件，真是惨到不能行。简直比苏乞儿还要底层。许多地方遭到了疯狂剧透所以许多感触荡然无存，比如开头的吃便当和最后一堆CJ7跑出来。星爷的戏份真不多，但是这个不搞笑只专心爱儿子的父亲他演得很好。林子聪戏份也很少，如果没有那幕人后道歉就完全被忽视掉了。这个片子另个特色是所有新人演员从念台词到表演方式无不透着一股很生硬很做作的气息，就像一群不会演戏的人在演戏，应该是故意的吧。,3,长江七号
多的一星给徐娇，小女孩很棒,3,长江七号
网上看的，失望啊,3,长江七号
我等到这盘豆腐时还是很失望的,3,长江七号
三星还是给七号的。星爷的确有何不食肉糜之误。不过，星爷这么做已经很难得了。,3,长江七号
原来你是个女生么！？,3,长江七号
记得看到长江七号死去时还哭来着。。,3,长江七号
星爷老矣……,3,长江七号
周星驰很善良的,3,长江七号
这回感触不深 星爷的片就是适合以后再回味 前段看功夫又觉得感动的不行,3,长江七号
5分,3,长江七号
。。。我都忘了我看过这个了,3,长江七号
星爷～,3,长江七号
那个   7号很逗~其他没什么大的亮点,3,长江七号
哪儿来的那么多蟑螂啊,3,长江七号
周星星开始打亲情牌 ,3,长江七号
看过,3,长江七号
唉，星爷……,3,长江七号
我忽然想起我看过这玩意。,3,长江七号
剧情嘛，不说了。那只太空狗肯定看过《演员的自我修养》。,3,长江七号
儿童片，嗯,3,长江七号
不喜欢啊,3,长江七号
七仔很可爱,3,长江七号
一般吧。,3,长江七号
哦～他怎么能不犯贱了呢,3,长江七号
周星驰最垮的一部电影,3,长江七号
就楞是看出了点ET的味道,3,长江七号
七仔好有爱~！,3,长江七号
堆填区不合适了，打回娘胎吧,3,长江七号
还行,3,长江七号
徐娇真能逗人乐，哭戏也蛮能感染人的，很可爱。,3,长江七号
很温情的喜剧片啊。。小男生很亮眼。。,3,长江七号
电视不断播。。。不用讲了吧,3,长江七号
當周星馳變得那麼正氣凜然，當說教變得那麼露骨明顯——電影還會好看嗎？,3,长江七号
星爷当老师了。,3,长江七号
比较适合小孩子看，不过还是很感人！,3,长江七号
谁来给我买个长江七号的公仔啊..,3,长江七号
真没看出来小狄是个可爱的小女孩演的~真把她当男的了~~感觉这次周星驰没怎么发挥搞笑才能，他自己的戏份也不是特别多~这部电影故事不够饱满，有点显单薄了~但是，我有哭呢~,3,长江七号
不懂，这是堕落还是回归。不过周星星的造型，好正@_@,3,长江七号
我喜欢7号毛绒玩具和缺电版,3,长江七号
没有功夫精彩，但是7仔很可爱,3,长江七号
等着看下一步,3,长江七号
哎。。纠结的片子。,3,长江七号
作，太做了，适合带儿童看。,3,长江七号
神经,3,长江七号
这是星爷的电影？,3,长江七号
周星驰，快回来！,3,长江七号
只是有点怀念里面出现的钱业会馆、老外滩，even第三医院,3,长江七号
非常无厘头地无厘头,3,长江七号
sunny那首歌选的不错，7仔蛮可爱的，各位反串的小朋友也是笑点之一~,3,长江七号
其中的夸张搞笑剧情还是很有周星驰的调调。,3,长江七号
有失水准,3,长江七号
对周星驰没有什么想法很久了。,3,长江七号
只有徐娇是亮点。,3,长江七号
心情不好的时候看这个都能哭。。。,3,长江七号
星爷 拍得最一般的电影 七仔是亮点,3,长江七号
长江七号已经热卖了,3,长江七号
故事有点单薄,3,长江七号
以前不笑。现在不哭。真是对你很没感觉。,3,长江七号
电影院,3,长江七号
奇怪我为什么要看。。。哦，陪别人而已,3,长江七号
很现实意义啊,3,长江七号
情怀很好，可是整个剧本太单薄了。。。,3,长江七号
七仔很可爱，然后。。。。没了,3,长江七号
给小朋友看不错的电影,3,长江七号
还行，被张雨绮惊艳到了，好美，丰满又有气质。,3,长江七号
凭星爷的名还能给个三分，老实说这其实是部儿童励志片,3,长江七号
能当导演的演员不是好主角,3,长江七号
"不好意思,再好我也只给三星",3,长江七号
仍然周星驰,3,长江七号
周星驰果然老了,3,长江七号
进电影院捧星爷的场，是老少皆宜的电影，全片出彩部分集中在七仔身上，星爷纯配角，对周星星的期待远远超过这部电影,3,长江七号
我咋觉得你就不适合严肃呢,3,长江七号
比起星爷以前的电影，不算杰作~,3,长江七号
"星爷老矣...都说徐娇反串很精彩,但我终究觉得做作了!",3,长江七号
周星星的二流作品,3,长江七号
星爷镜头不多呀。。,3,长江七号
不能因为结尾烂就否定过程啊~跟兔子一起看的,3,长江七号
其实是部励志片。,3,长江七号
http://www.tudou.com/playlist/playindex.do?lid=3413558&amp;iid=15447656,3,长江七号
08年高一，在音乐教师同一班同学一齐睇嘅，我觉得几好笑架！,3,长江七号
只三星因为星爷；够三星因为徐娇。,3,长江七号
星爷温情作，不太感冒！,3,长江七号
七仔太可爱了,3,长江七号
我想更多的是 可怜天下父母心,3,长江七号
星爷老了啊,3,长江七号
不喜欢那个黄绿的球球，造型丑。关键是某人还陪某人去看过。,3,长江七号
升天造型真有阿童木的范儿。,3,长江七号
红衣女鬼出来那点儿我在电影院里喊出声来了我会到处说吗？,3,长江七号
就这么回事吧，许多桥段来自从前的作品。,3,长江七号
这还是星爷么？,3,长江七号
变形天线宝宝,3,长江七号
长江七号很可爱呐~~,3,长江七号
徐娇是个小女孩我看过后续报道才知道，这里反串了,3,长江七号
桥段老，配乐糟。七仔造型还好。,3,长江七号
星爷的一次转型 还算成功,3,长江七号
基本上是哄小孩儿。。。,3,长江七号
有几个人能懂得他这份童真,3,长江七号
不是很喜欢周星驰的电影，刻意的而且是无厘头的搞笑让我不舒服。不过，很喜欢长江7号这个外星小生物其实。,3,长江七号
7仔无罪,3,长江七号
败笔,3,长江七号
星爷的表演好少啊,3,长江七号
只觉得长江7号长得很可爱...,3,长江七号
和爸爸，在万达~,3,长江七号
原来星爷给我们讲了一个温情的故事。。。,3,长江七号
……,3,长江七号
演技都好烂.....,3,长江七号
星仔真的老了，所以我们叫他星爷...,3,长江七号
额~星爷真的是什么都玩的好啊~,3,长江七号
星爺真的沒梗了...,3,长江七号
女，女孩？！,3,长江七号
好耐人儿......,3,长江七号
还蛮...无聊的,3,长江七号
"小D知道爸爸屎了的那一段,我哭的特别凄惨.",3,长江七号
徐娇和7仔是唯二亮点,3,长江七号
加了一分同情分,3,长江七号
有些无聊，但总体来说还看得下去,3,长江七号
小狄长的挺好看。。,3,长江七号
2008.3.28.18:35...小人物.有的人质疑电影里缺少了周星驰特有的那种理想元素.其实...7仔本来不就是周星驰小时候的一个梦想么...看完后更多的是思考...我们完全有理由去期待下一个周星驰将给我们带来怎样的快乐...,3,长江七号
这次无厘头的制造者是个外星物种,3,长江七号
原來是反串啊。。。,3,长江七号
是不是想~讲父子情再加上中国版ET?,3,长江七号
总比少林足球好,3,长江七号
这部比起前面那些部貌似不太好看哦，巧合的是刚好隔了4年又到了考研的年纪...星爷，你的档期感觉跟我好相似哦，呵呵~~,3,长江七号
星爷，我支持你，虽然这个实在不怎么样。。。,3,长江七号
徐娇呵呵~还好吧 三星够了,3,长江七号
给小朋友看的电影,3,长江七号
大巴片3,3,长江七号
2008 4 5 ,3,长江七号
周同学无感。。。,3,长江七号
就里面小七还蛮可爱的，别的没什么看头,3,长江七号
其实 没想到会是这么平庸甚至无聊的作品 考虑到本意是想感人的 还是三星吧,3,长江七号
虽然电影是在宁波取景的，我看得还是心如止水,3,长江七号
个人认为星爷最成功的一部作品，虽然还是很无厘头，但多了很多单身父亲抚养孩子的艰辛~父子对手戏真的很出彩，当第二天早上小狄醒来，发现爸爸又躺在他身边时，没有对白，默默但坚定的抱住了爸爸，怎么也不松手~那一刻，瞬间泪奔~,3,长江七号
纯粹捧星爷的场才去影院看的，忆起90年代的星爷。,3,长江七号
七仔 七仔可爱了,3,长江七号
这个真没意思,3,长江七号
我看不惯徐娇。。。周星驰你还是走喜剧比较好,3,长江七号
妈的 哭了,3,长江七号
儿童片,3,长江七号
唉,3,长江七号
周星驰的情感片,3,长江七号
"其实我不想添加这部..但本着对星爷的尊重,我添加了",3,长江七号
觉得挺无聊的,3,长江七号
真的，除了《大话西游》以外，周星星的片子很少有能打动我的，尽管如此，周氏喜剧的风格以及星女郎的存在都还是吸引我的因素，可是本片三个要素都不具备，真不知道该说什么好了。最主要的是父子之情这个主题处理得不够煽情——毕竟周星星是搞喜剧出身的嘛。,3,长江七号
一般般,3,长江七号
七仔很可爱，但不是机器猫。那个作弊方法真的很华丽丽。,3,长江七号
周星驰吗，不是完全的感人戏码又不是完全的搞笑戏码，时代已经过去的意思吗？,3,长江七号
盼了那么久的周星驰，可是，这部真的很低幼。。。,3,长江七号
失望,3,长江七号
一般般。,3,长江七号
感觉还行，但是没有什么理由看第二遍,3,长江七号
女主角太烂了，配音更烂,3,长江七号
多年后还是难以相信是个女的演的,3,长江七号
就是很一般的电影。没有什么特别的周星驰的感觉。,3,长江七号
穷人家的故事,3,长江七号
喜剧还是杯具,3,长江七号
最后被感动到鸟！不错！,3,长江七号
时代终于瓦解了...,3,长江七号
星爷确实老了。。。,3,长江七号
小人物，太小人物了！小人物就是生活！七仔，看过一个月内都超爱。,3,长江七号
拍给孩子看的童真无比的作品,3,长江七号
电视上看过，补一下,3,长江七号
比起同期上映的《大灌篮》，还是这部好看点，那娃居然是个女孩。周星星演起慈父还怪不习惯的。,3,长江七号
达来~达来~,3,长江七号
没有想象中那么烂。。相反还觉得有些感动。星爷怎么就不能拍一部童话片呢,3,长江七号
星爷之后就没电影了吧,3,长江七号
很温暖，感觉像是星爷向ET致敬呵呵~,3,长江七号
竟有一点点感动  就是结局太囧,3,长江七号
周星星向自己致敬，虐待小動物讓人心里難受,3,长江七号
江郎才尽之作,3,长江七号
情节其实还行，但是结局……不是很好,3,长江七号
还是有智慧的小幽默，就是有点宣传过度。我恨剧透,3,长江七号
一般，不如功夫惊艳,3,长江七号
很平淡 换风格了 貌似我有点不习惯。。,3,长江七号
此片到目前为止仍然证明着星爷已经江郎才尽了,3,长江七号
"如果是連續劇短片我會給四顆,作為一個電影來說就三顆",3,长江七号
周星驰老了,3,长江七号
周郎才尽,3,长江七号
七仔~文学评论课看的。,3,长江七号
想要长江七号,3,长江七号
温情牌.  星爷打得不伦不类...   老了 .  无厘头也不适合他了.  ,3,长江七号
长江7号,3,长江七号
  完全找不到笑点.    还迟到后进场的,3,长江七号
老了~,3,长江七号
现在的周星驰电影早就没有当初的风范了，但是这部电影还是看的我很感动！,3,长江七号
很萌,3,长江七号
"张雨绮扣分,七仔加分,还是三分.",3,长江七号
与宋冰、杨婷在万达,3,长江七号
一般，徐娇好玩,3,长江七号
还有待提高，有些喜剧段子太生硬了,3,长江七号
他老了 不过他尽力了,3,长江七号
给穷人一个梦。可那是富人做的梦，和穷人有关，但无关。,3,长江七号
就觉得七号很可爱，美女很有气质 而已，太一般了,3,长江七号
唉，觉得没什么意思。有点失望的。,3,长江七号
还行吧，就是小孩演的好没感。。。,3,长江七号
我不喜欢小孩子当主角,3,长江七号
哭啊,3,长江七号
风格很不同啊~,3,长江七号
越来越想念《喜剧之王》，星爷，被再用高科技堆了好不？影片11分钟左右的那小段探戈音乐不错，还有片头音乐，像80年迪斯科。,3,长江七号
看在星爷的面上给三星……,3,长江七号
七仔~,3,长江七号
星爷转型了 或许以后我只能在字幕里见到他的名字了 A Stephen Chow`s FILM,3,长江七号
星爷的童真,3,长江七号
要搞笑没搞笑，要亲情没亲情。不知道为啥要看。,3,长江七号
只因为你是星爷~~,3,长江七号
可怜的7仔,3,长江七号
和爸爸一起去看的电影院，觉得没有想象中那么搞笑．,3,长江七号
周星星不再啊~,3,长江七号
我喜欢,3,长江七号
我也想要长江7号,3,长江七号
看完的后遗症:不~要~逼~我~,3,长江七号
just so-so,3,长江七号
江郎....,3,长江七号
长江七号太可爱了！,3,长江七号
温情脉脉，但印象不深~,3,长江七号
没感觉,3,长江七号
想象有余搞笑不足,3,长江七号
“低科技又低级趣味，害我被老师骂又被同学笑。”,3,长江七号
无法超越以前。,3,长江七号
很难笑的一部星爷电影,3,长江七号
一直纠结于徐娇的性别中....,3,长江七号
长江七号比周星驰要好看,3,长江七号
7仔长得好奇怪= =,3,长江七号
七仔很可爱,3,长江七号
SUNNY！,3,长江七号
20080130,3,长江七号
昨天才在中央六台完整的看了一遍。,3,长江七号
搞笑片段不多,3,长江七号
先看过长江七号爱地球，再看的这个长江七号。觉得卡通版的好看多了，台词也好，内容也有环保主题，对小孩来说更有意义。周星星那种干巴巴的叫唤用在古装片中还算搞笑，用在这种片中真是很恶心。,3,长江七号
美娇....,3,长江七号
这片太CCAV了,3,长江七号
唉其实我看到泪目,3,长江七号
很失望的一部电影。,3,长江七号
大陆片~~哎~~只是长江七号比较可爱些,3,长江七号
其实我觉得剧情不咋地。。就那七仔是萌点,3,长江七号
虽说是十足的标题党，但星爷在里面的扮相还实在招人疼,3,长江七号
当年好像很火,3,长江七号
好可爱的七仔啊^_^,3,长江七号
很多桥段确实笑不起来，也不感动。。。,3,长江七号
是一贯的无厘头搞笑，然后有些悲伤内核。从这部电影开始，真的意识到星爷已经老了。,3,长江七号
如果没有毛绒球和小迪就啥也没有。气质倒是依旧周星星。,3,长江七号
三颗星给对星爷的失望 也给七仔靓到不行,3,长江七号
在电影院看地。还行吧，比较乱。,3,长江七号
2009.4.28,3,长江七号
很久之前看的，忘记了感受，唯独对七仔最为深刻。,3,长江七号
剧情很简单，很俗，但是看到弱小的七仔救爸爸时我还是不争气的哭了...而且当最后无数个七仔冒出来时，我又哭了...,3,长江七号
不是说不好，只是说跟《功夫》比差很远,3,长江七号
般般~,3,长江七号
这。。表示现在一想到里面的小男孩其实是个女的还是有点令人作呕-   -,3,长江七号
看了三分之二~~,3,长江七号
死那会还是哭了..,3,长江七号
我最喜欢的一段，就是向《功夫》致敬的镜头。还有音乐，配乐很成熟，很成熟。,3,长江七号
作为一部普通的电影来说呢，还是不错的，整部电影感觉很成熟，只是一点都不周星驰了。,3,长江七号
剧情不是我的菜 一般 星夜表现的父亲的艰辛不错,3,长江七号
星爷是草根出身，所以每部片子最后都会回归小人物的悲与喜，虽然七仔很可爱，可是对这个片子我却很无爱,3,长江七号
对他一直不感冒 。,3,长江七号
=_=除了留下一点周边，似乎没有惊起市场的什么。星爷的功力，让人担心。,3,长江七号
2009.11.17,3,长江七号
"7仔的形象完全可以进入中国电影萌物前三,设计牛逼.电影故事很简单,配音咋咋呼呼的听着耳朵疼.周星驰可能是想开始认真讲一个故事,但是习惯了被段子双关串起来的粤语插科打诨,这样的正经搞笑既不好笑也没能把故事讲得更深入.",3,长江七号
电视上看过一部分 ,3,长江七号
生活中劣质七仔太多 觉得它不可爱了 ,3,长江七号
好吧，我承认我哭了，但我不承认比《功夫》好看。虽然七仔很可耐很可耐，呆摸这剧情太简单点了的说。不过，当别人说“最不喜欢周星驰的片子”时，我还是毫不思索脱口而出“周星驰是我偶像”，无论如何，我期待星爷的下一部作品。,3,长江七号
据说徐娇像我小时候，那就多给一颗星吧,3,长江七号
没什么好说的 没有功夫来得惊喜,3,长江七号
温情,3,长江七号
最后出现那么多太空狗，心里有点发毛啊~,3,长江七号
当时在电影院看的!!很儿童的片子，太帅的民工，好可爱的7仔！！！,3,长江七号
看不明白，真的看不明白。为什么呢？,3,长江七号
有点失望啊,3,长江七号
金逸影城 30RMB,3,长江七号
这个实在是...,3,长江七号
相信这是周星驰的心血之作，只是脱离了香港来写一个大陆的故事，实在不是他擅长的地方。,3,长江七号
改拍温情片了,3,长江七号
毫无新意,3,长江七号
当年期望很高 温柔的星爷不习惯 他的常见元素还是很多的,3,长江七号
一般,3,长江七号
都是好评论，可惜有给高分有给低分。虽然是悲喜剧，但或许因为512的缘故，不能很好的理解，虽然在看了评论恍然大悟后，还是遵从自己当时的感觉吧。。。,3,长江七号
从第一个镜头开始就做作到极点。星爷已经和以前不一样了，他脱离底层太久，只剩下空洞无力简单粗暴的穷富、善恶、好坏两分法。富人一律丑角，仙女一律仙女。不再草根的星爷。,2,长江七号
完美地演绎了做作,2,长江七号
周星驰烂片自此始。,2,长江七号
巨讨厌这部片！巨讨厌！还有那个丑死的公仔！,2,长江七号
这个电影当时特别火，我看完之后，除了感觉七仔挺可爱，其他没有太大感觉。,2,长江七号
完全看不下去，俗套死了,1,长江七号
张雨绮好美，不得不说周星驰的眼光真好。,2,长江七号
太幼齿了 O__O&#34;…,2,长江七号
给小娃子们看的,2,长江七号
2008.3.27 烂，十岁以上不要看。,2,长江七号
星星陨落。,1,长江七号
張雨綺 !!!,2,长江七号
瞎扯淡,2,长江七号
我就要看你搞笑的 转型太失败,2,长江七号
笑中带泪真是一种非常拧巴的行为。,2,长江七号
too幼稚,1,长江七号
给孩子看还不错,2,长江七号
这是一个儿童片！,2,长江七号
这部片子滴亮点是徐娇真的真的好像男孩啊！！！,2,长江七号
完全不觉得有什么好 不是电视上播绝对不会看的,2,长江七号
里面的小男孩是女的一刚。。。,2,长江七号
江郎才尽,2,长江七号
大壮妞最出彩,1,长江七号
无聊无聊,1,长江七号
儿童剧？儿童杯具……,2,长江七号
无语，老套。甚至带点无聊和幼稚。,2,长江七号
受不了，麻死了 ,1,长江七号
和周星驰早期的电影怎么能比噢,2,长江七号
星爷老了，老的有点快,2,长江七号
"除了七仔很可爱外,其他都很烂.为什么小孩子一定要说改装版琼瑶台词.- -很恶心.",1,长江七号
乐点在何方,2,长江七号
看得都快哭了，实在是很烂！,2,长江七号
装13烂片 无聊到要死,2,长江七号
不好玩,2,长江七号
一点都不好笑,2,长江七号
完全不想说这是喜剧片,2,长江七号
不喜欢周自己导演的电影,2,长江七号
勉强挤出点笑容，什么，还要老子哭，麻痹的，卧槽,2,长江七号
星爷俺想以前的你了 ,1,长江七号
可惜星爷最巅峰的时候我还不曾爱看电影。,2,长江七号
真一般,2,长江七号
真没想到我会给星爷的电影打一星...,1,长江七号
无语了····,1,长江七号
费那么大劲，拍这么个东西出来，唉~bullshit,1,长江七号
干脆转成温情路线算了,2,长江七号
烂片，不说什么了,1,长江七号
看了，看完了，标签上，没了,2,长江七号
笑料老掉牙了 新意也沒了 除卻周星馳還是周星馳,1,长江七号
其实整片的亮点在于蟑螂。,1,长江七号
煽情煽过头了，让人恶心，星爷，对不住，我实在没法看完它~,2,长江七号
星爷 还是想看你撒娇,2,长江七号
怎么看都不舒服。,2,长江七号
都不想说自己看过这个,2,长江七号
一般般，虽然每次都哭,1,长江七号
火兰,2,长江七号
此片适合10岁以下小朋友观看。。但情侣在情人节时一起看还挺轻松的。。星爷再也回不去了,2,长江七号
周星驰变得不好笑了,1,长江七号
有些失望,1,长江七号
我受不了打击。,2,长江七号
这部电影唯一值得称道的是它推出了人人都爱的七仔。,2,长江七号
把全国人民当傻瓜,2,长江七号
其实很幼稚。。。,2,长江七号
大家都对周星驰要求比较高，期待比较高，我也一样。对于我来说我希望他永远停留在周星星的电影中，那是属于他的电影。而星爷在变，而且不知道为什么变成了这样，是拍给孩子看的电影吗？有点儿不明白，至少接受不了这样的周星驰。而这部影片给我留下最深印象的竟然是几首复古的舞曲，唉。,2,长江七号
周星驰的第一次垃圾片 ,1,长江七号
很一般,1,长江七号
不好看啊,2,长江七号
星爷老了,2,长江七号
无聊,2,长江七号
其实没什么好看的。。,2,长江七号
真不是我说.....转型转的有点囧！,2,长江七号
烂透了,2,长江七号
边吃晚饭边看还是不错的,1,长江七号
华人电影史第一烂片,2,长江七号
失望啊！,1,长江七号
不喜欢。。。,1,长江七号
许仙后继有人了,2,长江七号
星爷老矣，尚能笑否?,2,长江七号
三年前看的,1,长江七号
垃圾。,1,长江七号
不咋样呀,2,长江七号
和XY，YFZ在美嘉看的，大失误啊！雷死人不偿命,2,长江七号
nothing to me,2,长江七号
星爷还是脱离了群众啊,2,长江七号
居然还是在电影院跟我爸看的=   =,2,长江七号
欲哭无泪！周星星死了！！！！,1,长江七号
只记得好多小强啊……,2,长江七号
烂！,2,长江七号
"周星星同学你变得主旋律了,让我失望了...",2,长江七号
"烂得不能再烂了,侮辱观众的智商",2,长江七号
我最讨厌的就是做作到死的小朋友 = =！！！ 浪费了我买的贵宾票！！,2,长江七号
这个电影唯一带给我的只有张雨绮，没有她这个电影本身一无是处，空洞的虚假的说教，星爷好好的当好你的演员才是王道啊！,1,长江七号
劣质儿童片……霹雳贝贝＋妈妈再爱我一次,2,长江七号
很失望..但有些桥段还是很搞..,2,长江七号
我长大了.,2,长江七号
星爷很狡猾,1,长江七号
为差评略尽绵力,2,长江七号
完全无语,2,长江七号
"星爷还是适合演戏=,.=",2,长江七号
看得想死，不是笑死，更不是无聊死，是被周星星气死的,2,长江七号
没有意思,2,长江七号
其实只能算看一半，我搞不懂我看周星驰如果是为了陶冶情操的话。我为什么放在这？,1,长江七号
星爷老了，搞笑不再。,2,长江七号
20块的学生票+一把落在电影院的雨伞+推荐失败遭到朋友逼迫下请的夜宵=HARD FEELING!,2,长江七号
周星驰玩自己,2,长江七号
幽默和深度总是难以平衡,1,长江七号
实在是很烂的片子，不值票价。太一般了，本来算比较差也行，不过这年头星爷还弄这种，太失败了。,2,长江七号
20080202 2025 UA Shatin,1,长江七号
之所以没算喜剧是因为我看完居然没笑过,2,长江七号
算了，总之我不喜欢,2,长江七号
受不了，烂的真蛋疼,2,长江七号
星爷老矣,1,长江七号
烂……开始用特技加用以前桥段制造笑料了……星爷没落了……,2,长江七号
烂演技+冷笑点+幼稚情节+星爷是配角……烂片。也就那个电脑动画我才多扔一颗星出来。,2,长江七号
为毛，我觉得好无聊,2,长江七号
Stephen Chow的没落……,1,长江七号
做作了,2,长江七号
星爷老了,2,长江七号
很失望啊很失望.一部科幻亲情伦理惊悚爱情的四不像电影.,2,长江七号
也许是有史以来星爷拍的最烂的片子,2,长江七号
星爷所有片之中最垃圾的一部,1,长江七号
小短片,2,长江七号
嗯……无话可说……太无趣了……,2,长江七号
不是我们的良心都被恶搞吃了，而是打着恶搞的幌子去换良心那根本就不是恶搞，也TM换不来良心。,2,长江七号
周星驰技穷了……,2,长江七号
好欠揍的孩子,2,长江七号
"不好,没有张力,或者说一点力量都没有",2,长江七号
不该看 是给小学生看的,2,长江七号
失望，真的很失望,1,长江七号
咆哮教,2,长江七号
不知道小鸣看完了有没有觉得像期待中的搞笑，我是只在前面部分笑了几声，也已经想不起来了。倒是觉得最后一幕直接截下来作QQ糖玩具狗广告还挺好的。,2,长江七号
后来我回忆在电影院看过的最难看的电影。无数的电影在我脑中交错……但是最后我选了我给了三张电影票钱的长江七号,2,长江七号
失望,2,长江七号
看豆瓣上有人说很怕看到周星驰江郎才尽的样子，是啊，真的希望看到曾经那个周星驰，《大话西游》《国产凌凌漆》里的那个周星驰。只要再出一部这样的作品，相信周星驰能使所有电影人黯然失色。,2,长江七号
七仔太可爱了 想亲亲 ,2,长江七号
真够烂的,2,长江七号
我真的没有笑、,2,长江七号
"42一张票,非常不值.",2,长江七号
似乎从功夫开始，周星驰的电影就不再能让我爆笑又心酸。,2,长江七号
down,2,长江七号
一蟹不如一蟹,2,长江七号
我异常讨厌徐娇,2,长江七号
"虽然赚了我的眼泪鼻涕和人民币,但真的很一般..",2,长江七号
莫名的就是讨厌徐娇,2,长江七号
不是特别的好笑 只是比较冷 感觉如此之差完全是因为周星星以前的片太精彩 以至于有落差,2,长江七号
一点都不喜欢,2,长江七号
星爷下坡路的里程片！,2,长江七号
扯淡。。。,1,长江七号
故事不完整至此，劇本竟然會寫成這樣，真讓人無話可說。,2,长江七号
小七蛮可爱的,2,长江七号
不要再讓我看到那個綠球了……,2,长江七号
蛮失望。。等了那么久做出来的电影 ,2,长江七号
从良的周星驰,2,长江七号
所有未成年角色的性别都是颠倒的....,1,长江七号
080210,2,长江七号
恶心,1,长江七号
你说这等烂片叫我连考虑它要表现的情怀的心情都没有。,1,长江七号
"只有打蟑螂的部分笑了,還有!..七寶好醜",2,长江七号
让我失望……,2,长江七号
看完后，我对我很喜欢的周星驰失望了,1,长江七号
狗很不错,2,长江七号
有很多牙嗔的幽默,2,长江七号
差强人意,2,长江七号
星爷最烂片。,1,长江七号
星爷，俺想你了，可是不是长江七号,2,长江七号
很差！烂剧本，童真带暴力……,1,长江七号
CJ7,1,长江七号
一则玩具广告。,1,长江七号
有点失望．,2,长江七号
灰常一般，恶俗！,2,长江七号
要不是朋友一起要去看，我也不想大年夜的跑去电影院看这烂片。给小学生看看还行。,1,长江七号
那时候可喜欢七仔了 超级可爱 还记得给我推这部电影的人 很久没有联系了 希望她一切都好,2,长江七号
娃哈哈，大中午和老爹蹲电影院，虽然搞笑～励志，但是其实吧，如果不是星爷的电影，或许就连2星都没了，汗，不过永远支持周星星，娃哈哈哈。。。。,2,长江七号
幼稚片,2,长江七号
当周星驰蓄须垢面故作深沉之后，仍循笑中含泪理念拍出来的东西就难免滑向做作矫情，因为你煽情的部分失去了等量诙谐的照应与平衡。这是长江七号的最大问题。但也并不意味着，一旦转回以笑为尊还能重现往日辉煌，特别是自己退居幕后借由新人代演之后。这就涉及到伍迪艾伦指出的另个喜剧特质：（邓、林等）你们明明没有喜剧天赋，只是在用戏剧演法去装喜假嗨。,2,长江七号
on hu flight,2,长江七号
星爷最失败的一部了,2,长江七号
失望,2,长江七号
虽然一向不待见星爷，这个片子愚蠢的立意和五元式便餐的快而无当也难叫人满意，但细节上的想象力和CG还是蛮叫人刮目的，至少我们俩都笑且萌翻了好几次，诶诶诶，明珠暗投呀~,2,长江七号
不喜欢,2,长江七号
如果我还在上小学可能会觉得拍的不错,2,长江七号
剧情偏弱,2,长江七号
刻意的东西太多了。,2,长江七号
不要逼我骂人~,1,长江七号
讨厌徐娇没道理。,1,长江七号
笑点低,2,长江七号
原本可以挺温情的，但是由于周星驰本身用在自己身上的烂梗都用在了他儿子身上我觉得拉低了整个片子于是我绝对不手软,1,长江七号
实在是什么都没有，只是那个宠物可以大卖了,2,长江七号
啥东西,2,长江七号
 周星驰 ,1,长江七号
CJ7不如叫纯洁七号，星爷在试图从滑稽中脱离，寻找幽默。不过这种尝试有些单调了。我说，看完后对童年无所唤起的人是可怜的。但是，这电影的价值也只能是一点唤起。它够温馨不够隽永。,2,长江七号
我觉得是星爷最差的一部。抛开什么感人深度啊不说。我不知道这部的定位是什么，星爷对我来说就是喜剧，可是这个从头到尾，我连笑都没笑一下，失败，失败中的失败！想起以前看星爷的片，笑得肚子疼的时候，不禁感到时光一去不反的难过,2,长江七号
完全就是鸡肋片子。傻狗,2,长江七号
星爷骗我们好苦，通篇低级特效，通篇说教。。。。,2,长江七号
说实在，很失望、、、换作别的任何导演，都能猜中结局。。。,2,长江七号
。。。。。。,2,长江七号
我发现我看过的烂片还真不少,1,长江七号
不怎么样……完全不是星爷的风格。狗也不可爱，小孩们的表演都很做作！让我想起前段时间另一个电影《宝葫芦的秘密》没啥意思！,1,长江七号
还是喜欢看星爷以前的作品……这部，就算了吧……,2,长江七号
失望！,2,长江七号
差点看睡着了,2,长江七号
wd,2,长江七号
很难看,2,长江七号
集合了各种烂，还煽情，星爷你是肿么了？,1,长江七号
星爷想要转型，多少有个艰难地过渡期，但愿会越来越好，另外，还有小女孩，我看好你哦,2,长江七号
星爷不行了,2,长江七号
糟糕。,2,长江七号
其实从小到大一向挺喜欢周星驰的，只不过人终究会变吧，过去的感觉很难找到了。徐娇在演戏上倒是蛮有天份的,2,长江七号
也就能骗骗小孩了,2,长江七号
意外发现小男主其实是小女生,2,长江七号
周星驰黔驴技穷。,1,长江七号
开场十分钟，传来熟悉的配乐，想起黑暗中的舞者。看完了，，，寒。配乐很棒,1,长江七号
也就长江七号的形象还算可爱,2,长江七号
不得不说，星爷已经不复当年了。。。至少我已经不复当年了,2,长江七号
让我想起了小学的包场电影~愣是没把我煽哭~其实早就不对他抱任何期望了~只是现在连好笑都不见了~颓~,2,长江七号
。。今天在中央六台看的。。,2,长江七号
星爷吃老本的韩国三流电影,2,长江七号
不知道想说什么,2,长江七号
 垃圾···········,2,长江七号
假,1,长江七号
离开了吴孟达，离开了制作团队，星爷真的江郎才尽了吗？虽然七仔的确很可爱，但是这部综合了功夫+食神+少林足球++++的大杂烩=一个烂字,2,长江七号
退步...,2,长江七号
没啥意思，七仔还比较可爱,2,长江七号
養條狗就行了,2,长江七号
周星驰尝试拍拍恐怖片吧,2,长江七号
我居然只给了2星,2,长江七号
全是冷笑话。。。。。,2,长江七号
很一般,2,长江七号
为了让人知道我对它评价很差 我给了一颗星 我不是真的要给一颗星的。。。,2,长江七号
好傻……,1,长江七号
草，超级无敌烂片,2,长江七号
烂,2,长江七号
什么乱七八糟的，星爷，你是不是有点过了~~,2,长江七号
想成为大师的周星驰，总差那么一点感觉,1,长江七号
承认吧，我们的星爷已经没有了,2,长江七号
好吧，我真不喜欢徐娇,2,长江七号
他不再是我以前认识的星星了？,2,长江七号
看完后有点失望，好像就是一部ET版宝葫芦……,2,长江七号
周星驰,1,长江七号
有点失望,2,长江七号
最烂的周星驰。,1,长江七号
"这一年往电影院跑得颇勤.. 大俗烂片,外星狗我也还想整一只来玩呢",2,长江七号
失败的作评,2,长江七号
陪领导看的，恶。,2,长江七号
周星驰是个好演员，但有些角色并不适合他,2,长江七号
巨长的商业广告,2,长江七号
当看到大街小巷到处叫卖着这个绿色的小东西后，再看了这片，亮点也就是帅气的“男主”了，不过这姑娘现是大了，不咋样了。,1,长江七号
星爷，我无语了。。。。。。。。。。。,2,长江七号
2008.终于看到周星驰翘尾巴了。这么大岁数了，给自己圆一个梦也可以理解。但能不能得到其他人的共鸣是个问题。,2,长江七号
在都市森林拍的哟~,2,长江七号
本来只想给1颗星 但看在还算可爱的七仔面子上……,2,长江七号
简直不喜欢。,1,长江七号
星爷不应该这种风格啊,2,长江七号
两星为了狗一样可爱的毛绒玩具,2,长江七号
无厘头的笑中有泪，星爷始终不熟悉眼泪,2,长江七号
期望值太高了,2,长江七号
唉……,2,长江七号
哎，周星驰水准越来越差了,2,长江七号
烂!,2,长江七号
草泥馬真難看,1,长江七号
囧..和宝葫芦的秘密有异曲同工之妙..,1,长江七号
除了七仔和徐娇，没有一处是值得看的，很做作，脱离社会。,2,长江七号
我也想要一个七仔,2,长江七号
BT。忘了他是谁,2,长江七号
老实说，失望,1,长江七号
创作能力已然不再,2,长江七号
我完全没找到笑点。当他们都觉得很好玩，尴尬了 这一直在我心中是个结。,2,长江七号
凭什么说这是部喜剧？,1,长江七号
感谢周星驰让我刷了好多部,2,长江七号
星爷已经退步到用语言来重复电影主题。,1,长江七号
啧、演的什么啊、,2,长江七号
要不是张雨绮，我连一颗星都不赏脸给周星驰,1,长江七号
星爷的心意我们领了。星爷，这种题材真的不适合您,2,长江七号
完全没有亮点,2,长江七号
哪里是亲情片嘛......,2,长江七号
矫情了点,2,长江七号
我觉得导演在骂我傻逼,1,长江七号
看了一半就不想再看了,1,长江七号
徐娇现在就是妖精,2,长江七号
可以的话，我一星都不打。,1,长江七号
看之前觉得这么晚才看有点说不过去，看之后觉得这电影拍成这样更说不过去……,2,长江七号
正如我所言，星爷不是当年的星爷了···,2,长江七号
烂!,1,长江七号
这部就没意思了·,1,长江七号
垃圾作品，玩具推銷廣告。,1,长江七号
这个是神马!我真的不懂!星爷你是怎么了!,2,长江七号
周星驰的烂片。,1,长江七号
不是一个“很差”可以形容的。虽然是星爷，但是我还是毫不吝啬的给了他1颗星！这是唯一一部我快进看完的，星爷的电影！星爷啊，老了...,1,长江七号
女扮男装,2,长江七号
周星驰江郎才尽之作，典型烂片。,1,长江七号
一再重複的笑點 ,2,长江七号
周星驰真心不适合当导演。。。,2,长江七号
功夫儿童版.失败.,2,长江七号
七仔还是满可爱的,2,长江七号
無聊..,2,长江七号
电视上看的,2,长江七号
没骨气的小孩和养不起小孩的家长一样讨厌...,2,长江七号
期待ing,2,长江七号
哄小孩的~无聊~脑残们的最爱。,2,长江七号
什么乱七八糟的！,1,长江七号
江郎才尽,2,长江七号
crap，为哄小孩儿才看的。,2,长江七号
糊弄小孩儿的，可是不知道现在的小孩还是不是这么好糊弄。,2,长江七号
比较失败,2,长江七号
靠可爱的不明生物作卖点，还不如拍3级片,2,长江七号
星爷退步了,1,长江七号
。,2,长江七号
只是没想到两个小演员都是女儿身。。。,1,长江七号
"很苦涩,很无力",2,长江七号
垃圾，怎么都越老片越垃圾,2,长江七号
扯,2,长江七号
想起一次吐一次。,1,长江七号
0星更合适。,1,长江七号
实在是太令我失望。,2,长江七号
很失望~,2,长江七号
和宝宝在奥斯卡看的,1,长江七号
一路快轉,2,长江七号
我记得很清楚~看这部电影的进场的时候正好碰到上一场散场的一对情侣，他们说电影不好笑不好看。后来我和谷谷看完以后也是同样的感觉，周星星是一流的演员，二流的导演,2,长江七号
至少我觉得不好看,2,长江七号
一点都不感人,2,长江七号
献给弱智。,1,长江七号
感觉没有以前的作品那么好笑了，星爷不是主角，像是要退居二线。被一个小孩子和一个小生物抢去了风头。,2,长江七号
太一般了,2,长江七号
"不得不说,星爷沉了",2,长江七号
真对不起“喜剧”那两个字，但是星爷的存在，不管自毁名声与否，他都是创造了时代和神话的人。,2,长江七号
星爷荧幕前的灵魂不见了……,2,长江七号
星爷俺想你了,2,长江七号
连笑料都没有可笑性了,2,长江七号
不喜欢这片子，没有搞笑也没有感动，和我所认识的星爷相距太远了。一想到现在的他已经满头银发，又与过去的好搭档们恩断义绝，或许真的是心力交瘁无以为继了吧。但愿我是错的。,2,长江七号
完全...無感...就好奇香港真的好多蟑螂嗎，來了之後發現果然路邊飯館隨處可見真的好噁心。,2,长江七号
超烂 像个超长版广告,2,长江七号
看不下去了。。,2,长江七号
no comment,1,长江七号
看不下去。,2,长江七号
太老套了，小朋友们可以去看看,2,长江七号
星爷当归当归？,2,长江七号
烂片,1,长江七号
mood killer!!,2,长江七号
长江7号还真是只有长江7号值得看一看,2,长江七号
星爷 你很堕落啊,1,长江七号
老矣……,1,长江七号
这还是周星驰的电影吗...,2,长江七号
俗濫了無新意的劇情，連搞笑的場景都有些做作，星爺演來格外吃力。,2,长江七号
"几乎找不到他原来表演的精华,故事情节和人物塑造趋于平淡.",1,长江七号
恨无聊 就比大灌篮好点,2,长江七号
失败中的失败,1,长江七号
面具化的人物。还有生活在底层的孩子想象得势后的嚣张——“是你们逼我的”，以及之后对长江七号的虐待，全篇的坏影响,1,长江七号
实在不喜欢那孩子,2,长江七号
其实周星驰真的让我很失望了....,2,长江七号
真人版儿童动画片。。。。。,2,长江七号
周星星果然老了！,2,长江七号
我也不知道哪来的印象，觉得这片应该是个好片。带着高预期看的电影基本上结局都是被蠢哭了卧槽。,2,长江七号
别消费过度,1,长江七号
浪费我电影票钱~~,2,长江七号
Sunny,2,长江七号
Miss the old 周星星,2,长江七号
看过他电影里觉得最烂的一部,1,长江七号
對不起沒看完,2,长江七号
很一般很一般很一般,2,长江七号
那个绿色的东西，非常之讨厌！,2,长江七号
太无聊了。七仔造型好可爱。,2,长江七号
没有想象力,2,长江七号
去死一死吧,2,长江七号
从儿童片角度，本来还算合格，但感觉剧情才开个头，尚未展开就收尾的实在莫名其妙，为何多人编剧总会造出这种垃圾故事？特效尚可，外形毛娃娃的形象设计也还算萌的，不过包括星爷自己在内所有演员都演的太随意，张雨绮更是负分演技，还没两位胖子有吸引力。剪辑也瑕疵颇多，也就梦境那段还算有趣,1,长江七号
星爷老矣，尚能饭否,2,长江七号
莫非是我要求太高？,2,长江七号
多希望不是周星星拍的,2,长江七号
星爷你回香港去吧 和谐社会太危险了,2,长江七号
没劲,2,长江七号
看得犯困,2,长江七号
幼稚死了,2,长江七号
丑陋！,2,长江七号
唉，你学乜人拍卡通片啊,2,长江七号
星爷江郎才尽～故事生硬，桥段老套、特技粗糙、演员毫无突破～很烂,1,长江七号
周星驰又让我失望了,2,长江七号
靠，什么烂片,2,长江七号
配音好生硬，情节真是简单，不知道能看出啥来，这种不念实际的老爸，只能是害人,2,长江七号
一次大胆的尝试,2,长江七号
周星驰 ,2,长江七号
星爷的这部片子打动不了我，即使它很努力渲染亲情,2,长江七号
冷到了。。,2,长江七号
呃……咋不笑了呢，星爷~笑片比较有灵性,2,长江七号
没什么好推荐的,2,长江七号
蛮失望的吧，除了毛茸茸的七仔的设定还算可爱。另，我懂张柏芝，我懂朱茵，我懂张敏，我懂张曼玉，我懂钟丽缇。。。但我实在不懂黄圣依，这次，我又不懂张雨绮了,2,长江七号
故人终究只在故土。,2,长江七号
两星给父子（女）情吧,2,长江七号
看了一小半．．．不喜欢,2,长江七号
江郎才尽,2,长江七号
星爷，我知道你不容易，但别这么糊弄人可以吗？,2,长江七号
这是不伦不类的中国版ET还是多啦A梦。。。。。,2,长江七号
跟一群小朋友看的，小朋友们兴趣索然，我也兴趣索然,2,长江七号
很失望..但有些桥段还是很搞..,2,长江七号
星爷 这是什么烂片,1,长江七号
虎跃快客...,2,长江七号
哈哈，浪费这好身材,1,长江七号
"一直对星爷不感冒，我看过的电影ms只有《逃学威龙》，还是因为两次的Xmas Party。CJ7前段时间出现在几个朋友的想看list里，DNA也讨论了几次，真正打动我的却是在Reader里看到的那篇短短的digest（Recommended By Jade），很温暖。http://tengjingshu.blogcn.com/diary,13528855.shtml",2,长江七号
没看完整，真心觉得没意思。,2,长江七号
不喜欢周星星走亲情路线==,2,长江七号
周星驰的终极堕落！,1,长江七号
虽然是宁波片要支持，但实在是不算好片,2,长江七号
星爷的转型我有点受不了，更要命的是片中人物的演技，做作的可以了……,2,长江七号
看在那只大眼睛毛茸茸的东西很可爱的份上..,2,长江七号
弱智！,1,长江七号
很没有新意的在中央六看的 我是喜欢没心没肺的纯喜剧 突然加了温情 还真...不适应...,2,长江七号
星爷的这部完全不好玩,2,长江七号
陪不同的人看三遍《长江七号》是一种折磨。笑料和哭点都生硬得像千年干尸。,1,长江七号
失望,2,长江七号
有点扯~泪点也有点扯,2,长江七号
非常无聊到极点,1,长江七号
2008年2月15日 北京万达 搞笑还是煽情？不可爱的角色们 笑不出来的星爷,2,长江七号
哦,2,长江七号
看过就算的片子。,2,长江七号
到底想表达什么?,1,长江七号
星爷转行的失败之作，虽然有几个亮点，但是故事实在是太烂了,2,长江七号
又是一部没看到结尾的电影,2,长江七号
看过的周星驰最烂的片......,2,长江七号
什么鬼,2,长江七号
看完了之后，我们就记住了张雨绮穿旗袍的样子。,2,长江七号
我觉得不好看,2,长江七号
笑不出来很无奈...,2,长江七号
太做作了吧也。。。,1,长江七号
星爷，你太叫我失望了,2,长江七号
so so ~,2,长江七号
无趣,2,长江七号
神啊，下次还看周星星不,2,长江七号
说实话，没看懂,2,长江七号
星爷也不行了,2,长江七号
烂,2,长江七号
我怎么就这么不喜欢周星驰呢,2,长江七号
消磨时间可以的。,2,长江七号
啥也不说了，我只给了一颗星。,1,长江七号
很不想这样评价周星驰。但是，真的很差。就像现在中国的动画片样的水准。,1,长江七号
7仔！,2,长江七号
翻来覆去的桥段,2,长江七号
为何我总是尴尬,2,长江七号
星爷转型之作……,2,长江七号
失望,2,长江七号
6.1/10,2,长江七号
不好玩~,2,长江七号
他从良了……,2,长江七号
……一般性,2,长江七号
周星驰想要突破搞笑的套路，但是失败了。,2,长江七号
星爷老了```,2,长江七号
.........徐娇才是星女郎,2,长江七号
这不是我杯茶。,2,长江七号
一般垃圾，周星驰完蛋了,2,长江七号
我真心看不下去,2,长江七号
故事是哄孩子的呀,2,长江七号
卧槽尼玛，片子烂到大粪一样也就算了，为什么大大小小的人都要无缘无故虐待那只可爱的小动物。卧槽尼玛。一无是处，烂到无以复加。,1,长江七号
难看至极,1,长江七号
2013.03.10,1,长江七号
略看,1,长江七号
江郎才尽,2,长江七号
观影时总期待星爷会在下一秒会发出特有的淫贱笑声然后开始各种无厘头乱搞，结果这种镜头到结尾都没出现，只能让人感慨：星爷转型的失败不是他自己问题，而是像我这样千千万万的周星星脑残粉。故事俗套，男孩不讨喜，最可气的是到最后竟然都没逆袭！,2,长江七号
可谓是黔驴技穷~,1,长江七号
对不起，我欣赏不了导演周星驰，完全就是在磨灭演员周星驰的才华。,2,长江七号
本来要给一星，但是想想，还是加一星，对一代大师的致敬~,2,长江七号
实在..不太感冒,2,长江七号
我怀念那时的尹天仇 如同我怀念那时的柳飘飘。,2,长江七号
"9th February 2008,with Aileen,@Kunming",2,长江七号
难看。,2,长江七号
演得最好的是七仔,2,长江七号
怎么可以想出这么丑陋的长江七号,2,长江七号
就是小演员可爱卡通还行,2,长江七号
出电影院的时候觉得七仔好萌 然后烂大北行的盗版怎忍直视,2,长江七号
烂！周星驰你只是个演员！浪费我的钱～,1,长江七号
劣质科幻，诚意不足。,2,长江七号
骗了孩子坑了爹,2,长江七号
星爷的烂片,1,长江七号
看过最烂的片，没有之一,1,长江七号
cctv-6,2,长江七号
o係上海睇。全場大笑時，我笑唔出。或者，係我政治不正確。星爺不只為香港大老爺們服務，還得照顧十三億同胞的需要。,1,长江七号
周星星该退休了。。,2,长江七号
算不算港版《爸爸再爱我一次》 with Yu,2,长江七号
我一直在想往水里加蔗糖和芥末是什么滋味,2,长江七号
"女主做作,情节通俗,小孩演的也很做作.",1,长江七号
不知道该怎样形容..总觉火候还不到,2,长江七号
完全不行啊,2,长江七号
没有星爷的味儿了，。，,1,长江七号
就觉得还挺失望的,2,长江七号
看得很无聊，快睡着了,2,长江七号
在周星驰的电影里面算没啥意思的一部。还是我没看懂？,2,长江七号
烂片,2,长江七号
