我必须承认，这种豆瓣上很多人给两星三星的片子我也会看出眼泪来，在葛优和舒淇说，你可真够调皮的，比我还不省心那。,4,非诚勿扰
你要找个帅哥就别来了，，，你要真是一个仙女我也接不住。心眼别太多，岁数别太小。台词句句经典。,4,非诚勿扰
＂钱不是问题，真正缺的是朋友。最近这些年我经常感到非常孤独，那个时刻就很想念你们。＂心有戚戚焉。,4,非诚勿扰
我觉得这个剧是喜剧之外还是一部温暖的片子，很喜欢，演员的演技真的是没话说，连眼睛都会说话，喜欢里面的音乐，很好听！,4,非诚勿扰
这个是否属于公路电影？片中景色还挺美的。正义的三，好色的老男人的故事。,4,非诚勿扰
舒淇这妞，挺不错！,4,非诚勿扰
那时的电影还是很有感触的，那时的导演也是用心的。,4,非诚勿扰
不管怎样，这片当年我还是会打五星的，日本的风景可还真美,5,非诚勿扰
挺有意思的，以相亲为主题的电影拍成这样很不错了。,4,非诚勿扰
很喜欢这部电影，演员的演技真的是没话说，连眼睛都会说话，很喜欢里面的音乐。,4,非诚勿扰
比起现在上映的国产喜剧烂片 重温非诚勿扰起码能让我又笑了一次 挺温暖的一部片子,4,非诚勿扰
前幾天終於看了『非誠勿擾』。其中，我最感動葛優的一句話，當舒淇跳海自殺獲救後，他說：『甭管摔成什麼樣，我都接著。』我頓時飆淚。有時女人在愛情中的傻，不是真傻，而是生命中的難關，遍體鱗傷之後，再也沒有跨越的力氣。葛優的話，是理解，是心疼，更是包容，讓被接住的她，跨過愛情，重獲新生。,4,非诚勿扰
大熊大熊,4,非诚勿扰
虎头蛇尾。,4,非诚勿扰
笑笑不爱笑,4,非诚勿扰
某位童鞋说我很像某人……,4,非诚勿扰
反戈,4,非诚勿扰
两个人之间就是有一种气味相互吸引。,4,非诚勿扰
&#39;非&#39;诚勿扰,4,非诚勿扰
其实就是些有品位的白领白领 ,4,非诚勿扰
加上了~~,4,非诚勿扰
和LN一起看的……08年平安夜……Gray Nano,4,非诚勿扰
好啊,4,非诚勿扰
贺岁片！,4,非诚勿扰
还好呀，感觉不错，没说的那么烂。,4,非诚勿扰
段子很好笑,4,非诚勿扰
2009.12.25,4,非诚勿扰
比2强点，介个情节怎么就那么……,4,非诚勿扰
我喜欢冯小刚电影里面呢京味,4,非诚勿扰
挺逗儿的。,4,非诚勿扰
沉静小品,4,非诚勿扰
亮点在于深深地爱上北海道！！,4,非诚勿扰
当时还小，除了subaru摩托罗拉和那xx白酒，基本没看出来广告………………其他很温柔。,4,非诚勿扰
故事差拿段子拼凑，但至少能逗乐！,5,非诚勿扰
你干嘛在我看这个片的时候跟我说这句话呢？？？？？？？？？？？？？？？？？？？？？？？？？？？？？？？？？？,4,非诚勿扰
葛大爷的电影都超棒的啊，而且故事画风也好爱，节奏又缓，超喜欢这部,4,非诚勿扰
我和她看得最后一场电影吧，在新昆明，呵呵。,4,非诚勿扰
冯小刚的电影越来越像赵本山的小品，尽管。。。。。。但也别无它可以更期待，每年就指望着二位过新年了~,4,非诚勿扰
一场风险投资的爱情，if you are the one，报以真心please！不过，故事在极力强化的东西还是让人不胜唏嘘，这个真诚稀薄的世界，是电影从反面表达出的现实。,5,非诚勿扰
秦奋在教堂忏悔的那一幕让我印象犹为深刻。 ,4,非诚勿扰
看完很想结婚，很喜欢葛大爷这样的男人。。。。,5,非诚勿扰
再不相愛就晚了,4,非诚勿扰
with mommy 2009.02,4,非诚勿扰
三星半。其实女子比冯小刚想象中坚强的多。从此可以看出，冯小刚大概总和懦弱保守的女人打交道。,4,非诚勿扰
特别喜欢葛优，因为他特别北京。从小到大成长环境里出现的很多男人身上都有他的特点，真是亲切极了。,4,非诚勿扰
最后成就了江苏卫视的非诚勿扰么,4,非诚勿扰
喜欢他们的爱情，喜欢电影里对the one的注解。,4,非诚勿扰
挺好玩。,5,非诚勿扰
初看惊艳~难得为大陆电影喝彩一下~,4,非诚勿扰
舒服,5,非诚勿扰
我看到了未来```,5,非诚勿扰
这是半夜躺在宿舍的床上看完的 在葛大爷忏悔的那段 完全刹不住闸的笑啊 完全把寝室的都吓醒了  大半夜的抽风 就是我这样的了 ,4,非诚勿扰
有那么点意思 可现在这样的人还真是多啊。。。,5,非诚勿扰
有人说这是烂片，可我觉得这在烂片中算是好片了。,4,非诚勿扰
给四颗星完全是因为一帖子分析其实本电影暗线是小白邬桑和秦奋的悲凉故事~,4,非诚勿扰
笑着哭。。,4,非诚勿扰
21世纪什么最贵 和谐,5,非诚勿扰
情节发展在结束之前有了既定的轮廓，那是一条对爱情问寻的道路，也许，就应该是痛定思痛后才可气定神闲，再无变更。能与之相守，是幸福的吧。,4,非诚勿扰
逗,4,非诚勿扰
解闷儿。,4,非诚勿扰
冯小刚还是没让我失望,4,非诚勿扰
我觉得是靠葛大爷撑起来的，没有@suimong 说得那么好看啊……可能的确不是我喜欢的风格吧……,5,非诚勿扰
我也会那样么？,4,非诚勿扰
21世纪的相亲时代从此爆发！,5,非诚勿扰
si tu estas lo solo,4,非诚勿扰
摔成什么样儿我也得接着。我就给感动了。,5,非诚勿扰
好笑就是硬道理。,4,非诚勿扰
看的时候老B打电话来说 我觉得舒淇演的哈个人特像你,4,非诚勿扰
这部很赞！,4,非诚勿扰
新颖，很好,4,非诚勿扰
SO~,4,非诚勿扰
小剛這個拍的不錯,4,非诚勿扰
很圆满.很开心.,5,非诚勿扰
"发现葛优还蛮帅的~范伟整个一Sb~~舒淇一般~~北海道,尘世的天堂~~//征婚的剩女大都残废类~~",4,非诚勿扰
很有爱的电影，笑坏我了,4,非诚勿扰
真是好片，可惜舒淇坏了汤。,5,非诚勿扰
太他妈好笑了 哇哈哈,5,非诚勿扰
我居然在9岁的时候坚持看完了，第一部冯小刚。,4,非诚勿扰
肚皮快笑破啦！,5,非诚勿扰
风景很美。西溪且留下。和北海道。最后的哈皮安定还算美好。是光看着舒淇就可以评4星的电影。,4,非诚勿扰
走形的不折腾 喜剧入手正剧收尾 很适合当贺岁影片 但能再拍点生活状的影片嘛？,4,非诚勿扰
我就是俗，怎么地,4,非诚勿扰
舒淇实在太美了。,4,非诚勿扰
一星给徐若瑄的惊鸿之美，一星给葛大爷的贫嘴，三星给舒淇。这部片子里的舒淇让我想起一个人……,5,非诚勿扰
一直觉得很好看，直到去了日本就觉着还是不及在大陆那段好看！是思乡情仇吗？还是贺岁片里来个差点就悲剧的结局让我有点儿失望呢？ -- 2009-2-22,4,非诚勿扰
真不像冯小刚的电影,4,非诚勿扰
还算不错的混合剧 如果不喜欢我 就请不要打扰我 对吧,4,非诚勿扰
有点不像中国电影的感觉,4,非诚勿扰
舒淇很美,4,非诚勿扰
我更喜欢笑笑自杀成功的结局。不过那样好像就不贺岁了。“錢對我來說不算事兒，就是缺朋友。”看著秦奮走出車的背影被他的這句話感動著。不喜歡笑笑一臉的怨念，她死了我就更愛這片。馮小剛是人才，他的賀歲片最珍貴。我再上一次進電影院還是《集結號》那會，怎么說馮導的片子我一定要為票房做點貢獻。,5,非诚勿扰
我觉得挺好看的。喜欢秦奋这样的男人,4,非诚勿扰
中间有段，当邬桑开车开着开着唱那首《星》的时候，确实令人动人，中年危机的孤寂感尽显，就这一段我多给了一星。7.5,4,非诚勿扰
商业痕迹重了点，北海道的灯塔很美,4,非诚勿扰
很冯小刚。,4,非诚勿扰
爷就是一俗人 爷还真挺喜欢这混进公路片行列的广告片 最后一星独给一把好声音的LAURE,4,非诚勿扰
经典的冯氏幽默，我喜欢舒淇，一定要去北海道,4,非诚勿扰
虽然葛优充斥的冯导的装逼范儿，但还是不错的广告片嘛,4,非诚勿扰
葛优 舒淇 贺岁 ,4,非诚勿扰
爱上北海道。。,5,非诚勿扰
很不错，但有一点含含糊糊,4,非诚勿扰
反正我笑了,4,非诚勿扰
俗世点滴，中年风景，难逃熙熙攘攘，却屡见深情。,4,非诚勿扰
"虽然后面略显拖沓,但整体非常好看故事画面融为一体了.",5,非诚勿扰
教堂忏悔笑死,4,非诚勿扰
因为这部剧，开始喜欢舒淇。,4,非诚勿扰
因为种种事情在凌晨4点多钟醒着，看到过感受过这个城市的清冷、疏离和空旷的人，可能会更理解《非诚勿扰》所代表的那种让人觉得游移不定的情绪。,5,非诚勿扰
if you are the one,4,非诚勿扰
 冯小刚 难道温情,4,非诚勿扰
剧情俗烂，但是演员实在太镇场，加上无敌美丽的北海道……不过说实话，好多人说这是文艺片，还真算不上……,4,非诚勿扰
葛大爷征婚记。乐的平淡，乐的慧心,5,非诚勿扰
后面的部分就不太喜欢了，但是前面很经典！,4,非诚勿扰
无关痛痒到撕心裂肺,5,非诚勿扰
冯小刚回归之作~这才像他~~把我妈看的乐的哦~~~,4,非诚勿扰
有那么点意思，我是说舒淇……,4,非诚勿扰
北海道姐妹花蛮搞笑的，可以作为风光旅游片来看，看了超想去北海道旅游,4,非诚勿扰
北海道旅遊相關部門咋不給馮導頒個特別貢獻獎啊?...豪華遊輪北海道幾日遊神馬地那陣子火爆各大旅行社...,4,非诚勿扰
If you are the one.,4,非诚勿扰
舒淇是这么多年一直在心底的女人。,4,非诚勿扰
徐若瑄加个星。,4,非诚勿扰
我笑啊笑 哭啊哭 脆弱啊脆弱,4,非诚勿扰
冲这个风景,4,非诚勿扰
邬桑为什么会哭？,4,非诚勿扰
20090110 东区小卖部,4,非诚勿扰
冯小刚的那些小智慧。分歧终端机 233,4,非诚勿扰
虽然在影院睡着了 但回忆起来还是有很多愉快的地方,4,非诚勿扰
冯大爷，葛大爷，你们辛苦了~,4,非诚勿扰
这个还算有冯氏幽默的感觉。,4,非诚勿扰
我的教堂太小了。装不下你的罪恶,4,非诚勿扰
本不应该给这么多颗星星的··但舒淇跳下去时真的很难受~~~葛优可算在感情戏里也出了回彩··,4,非诚勿扰
结尾当断则断就更好了。,4,非诚勿扰
就他说“摔成什么样我都接着”的时候，我没忍住。,4,非诚勿扰
对谁都不能说。太委屈了。,4,非诚勿扰
"馮小剛 人性 生活 冯远征 葛优 舒淇 喜剧 非诚勿扰 彭浩翔&#39;s IDEA                         当那个人在车上开始哭起来时=100/10, All movie 9/10",5,非诚勿扰
各种社会问题，各种社会现象，还是满真实的。,4,非诚勿扰
冯小刚果然是票房灵丹妙药,4,非诚勿扰
冯小刚算是五代导演中最靠谱的.葛优是个劲道的好演员.集合08年所有关键词.值得观看,4,非诚勿扰
2008-12-18，值得一观，有《征婚启事》的影子。邬桑的那一哭和葛优的“摔成啥样子我都接着”。开头风投的段子和油轮以及筒子中的未来我感觉是某种善意的暗示。,4,非诚勿扰
贺岁片来说笑点够多，北海道风光也不错,4,非诚勿扰
冯式贺岁片总不会让人太失望,4,非诚勿扰
还不错哦！~搞笑又不失味道,4,非诚勿扰
我是来看神州行代言人的,5,非诚勿扰
台词绝对精彩,4,非诚勿扰
再看一遍，还是不错。,4,非诚勿扰
贫,4,非诚勿扰
我感觉：可怜的小教堂，可怜的神父...,4,非诚勿扰
谈不上失望 不想对小刚同志那么苛刻。葛大爷还是那副贼样子 还是那口北京话就够了,4,非诚勿扰
内地大龄男士版的《征婚启事》,4,非诚勿扰
贫,4,非诚勿扰
挺有意思,4,非诚勿扰
补看啊。真心喜欢上了。真好看耐看就像舒淇。冯+葛的又一部力作。比之前贺岁片更有新意。非诚勿扰=大龄海归男征婚记+痴情空姐女还魂记。一些配角都不错有搞笑也有露脸。日本那段是亮点重温友情获得挚爱。差点以为那一跳救不回来了。干净的北海道要去要去要去~~~看的是粤语版不知会不会变味。,5,非诚勿扰
太矫情!,4,非诚勿扰
特逗 就是剧情单薄了点,4,非诚勿扰
几乎爱上舒淇了,4,非诚勿扰
冯小刚的好处，是他对时代精神气质的敏锐。,4,非诚勿扰
投资了人生，就牵挂它一生，不管是爱情还是友情。,4,非诚勿扰
我对相亲不感兴趣。,4,非诚勿扰
四星给的是美丽的舒淇和美丽的杭州,4,非诚勿扰
逆流而上，道阻且长，所谓伊人，在水一方。,4,非诚勿扰
只是始终觉得笑笑是不甘心的,5,非诚勿扰
没有笑笑的地方还满好笑的~~,4,非诚勿扰
斯巴鲁特辑,4,非诚勿扰
略带文艺腔但不失幽默的拖沓贺岁片.,4,非诚勿扰
我们用母语吧,4,非诚勿扰
把使劲搞笑和廉价哭泣放在了一起。,4,非诚勿扰
比想象的好看...觉得葛优也不是那么丑..,4,非诚勿扰
这个的看。。,4,非诚勿扰
老冯的一贯风格,4,非诚勿扰
葛大爷们儿,4,非诚勿扰
秦奋貌似二十年后的我,4,非诚勿扰
有人忏悔能忏悔葛优那么久吗~,4,非诚勿扰
冯小刚果然不是个简单的导演，过年的喜剧片还能这么不显俗气，强~,4,非诚勿扰
车晓那我笑疯了啊...一年一次...笑死我了啊,5,非诚勿扰
适合娱乐,4,非诚勿扰
"我知道为什么邬桑哭,也理解秦奋对这段感情态度的变化.这部电影不适合当贺岁片看,因为这真不是喜剧.要想理解邬桑为什么哭,就得先知道他哭的时候唱的歌是什么意思",4,非诚勿扰
贫,4,非诚勿扰
一贯的调侃，风景很美。,4,非诚勿扰
冯导唱的这出吧，前戏特过瘾，高潮也来了，可惜早泄了...汗，我可真流氓，我怎么这样了。不行，得尽早寻个葛优这般的嫁了，少在这世上惹事了。,4,非诚勿扰
挺乐的~,4,非诚勿扰
忏悔能忏悔到神父腿抽筋，这种人居然还活得这么滋润，天理啊！,4,非诚勿扰
2008-12-31 16:06:56 7.2/8(74) 所谓贺岁片，姜还是老的辣。葛大爷在典型冯式片里还真是十年如一日的有味道,5,非诚勿扰
北海道风情与优美配乐,4,非诚勿扰
四星半。风格不统一是弊病。,5,非诚勿扰
非诚勿扰...,4,非诚勿扰
冯远征太nb了！经典台词。,5,非诚勿扰
并不觉得如传说中那般精彩,4,非诚勿扰
基本上影片名没什么用,4,非诚勿扰
还不错 台词挺乐,4,非诚勿扰
征婚,4,非诚勿扰
其实吧，挺逗的。。风景太爽点也。,4,非诚勿扰
还不错，难怪小刚同志对票房那么有信心,4,非诚勿扰
某些地方莫名其妙的小正经，也不晓得为了撒子。,4,非诚勿扰
人生若只如初见。。。,5,非诚勿扰
7,4,非诚勿扰
不错~,4,非诚勿扰
日式气息，冯氏幽默，剧情单薄，赏心悦目，广告过多,4,非诚勿扰
那么多人打1星，至于那么对人不对事儿么？我就打5星，平衡一下。,5,非诚勿扰
日本那长长的路啊,5,非诚勿扰
简简单单拍部好看的电影，推荐去听电影原声带,4,非诚勿扰
你不诚，我不扰。,4,非诚勿扰
只喜欢在北海道的部分,4,非诚勿扰
拼凑得还算成,4,非诚勿扰
很好的爱情喜剧，喜欢冯小刚这样风格的电影，另外，北海道很美，非常向往。,5,非诚勿扰
舒淇，西溪，北海道,4,非诚勿扰
不错 听冯小刚讲爱情 别有趣味,4,非诚勿扰
就这么着吧 比别的乐呵点儿,4,非诚勿扰
毕竟代表了国产片最高水品,4,非诚勿扰
冯氏回归之作~  别他妈跟我扯艺术，谈深度，爷早受够和谁比深沉了，爷我就喜欢传统冯氏这个套路的，扯个蛋，挣个钱，乐呵乐呵得了。生活只需要暴露，而从不缺乏解读。看看笑话，其余的咱心里清楚就得咧~,5,非诚勿扰
跟那谁一起看的…加颗星吧,4,非诚勿扰
北海道好漂亮，好喜欢日本。这片子确实拍得非常不像冯小刚。葛优还是一如既往地卖弄着，但是对手却换成了舒淇。片子快结束时，舒淇沉进水里时的那段配乐喜欢死了。,4,非诚勿扰
一见钟情不是你一眼看上我，或者是我一眼看上你，不是看，是味道，彼此被对方的气味吸引了、迷住了。气味相投你懂吗？,4,非诚勿扰
半颗给冯远征 半颗给舒淇 一颗给葛优 2颗给冯小刚,4,非诚勿扰
4遍了吧。。我喜欢这句英语翻译。if u are the one...,5,非诚勿扰
长得那么漂亮 吃了怪可惜的 不如留着生小熊 啊哈哈,4,非诚勿扰
葛优是个宝。笑段子太多，彻底冲淡了感情戏，想认真认真不起来。图一乐可以,4,非诚勿扰
这是一对普通而平凡的人彼此相互在生活里打捞的过程，异常精彩！,5,非诚勿扰
笑死人了,5,非诚勿扰
葛优很逗,5,非诚勿扰
很侃，很动情，很温柔，很美,4,非诚勿扰
还不错的段子电影，跟老爸在电影院看的，日本风光很美，教堂忏悔那段确实笑哭了。,4,非诚勿扰
北海道好美,4,非诚勿扰
很赞 为什么喜剧片 我还是有冲动哭呢？！突然发现，葛优 真的 太可爱了。,4,非诚勿扰
纪念和她的一段故事,5,非诚勿扰
我想去北海道~~~~·,4,非诚勿扰
    李米之后08年另一部感动到我的电影。,4,非诚勿扰
上海电影院 豪华厅 两片连映（15元）,5,非诚勿扰
好看。我喜歡。,4,非诚勿扰
看电影是一种感觉，至少我看完觉得还不错。邬桑有点倒胃口。,5,非诚勿扰
美丽的北海道 故事中的故事,4,非诚勿扰
冯小刚的作品一如既往，没有突破也不失水准。葛优的角色应该是定做的，演起来顺风顺水；舒淇真不错，特别是刚出场的戏，很有感觉。但这两个人还是有点不来电，嘿嘿~~,4,非诚勿扰
虎头豹尾 啤酒肚……,4,非诚勿扰
广告太滥 有的地方散了 可是我看着舒淇和葛优就这么一会哭一会又笑着哭了 我想着舒淇给我做个好榜样的 可是她竟然寻死了 明天 明天给我一个新的开始你会吗,4,非诚勿扰
其实想打三星半。还是四星吧，少了半颗在开头不好看,4,非诚勿扰
因为承载了足够多，所以感触如此深——深重、深沉。我想着性冷淡、想着西溪，想到不可收拾、覆水难收。电影总有个好结局，我呢,4,非诚勿扰
很美,5,非诚勿扰
每次小刚的贺岁喜剧片都能多少引领一堆新的流行语，这部里头逗乐的对白也贼多，能不能成为经典有待时日验证。影片打一开头就向彭浩翔致敬，其实也是给他做广告，看毕边上有人乐呵道，“哈哈，这玩意还真有发明者来着！”（－评语：恩，记得补课。）影片广告片、风光片的痕迹比较明显，不过既然是商业片么，很正常，没违规操作。相亲啊、爱情主线啊都没啥好说的，虽然俗套，倒也实在。影片基本继承一贯的冯氏幽默衣钵，看着还是挺舒畅，相比同档的另外几部笑点跌破发行价的喜剧片，真的值回票价多了去了。,4,非诚勿扰
"还不错,冯小刚这次拍出一些日本电影的味道,那种沉默加简单对白的沧桑存在感,很日本味,很美化的感觉,幽默是来自于葛优本身,感情不是我喜欢看的部分,也许正是我所逃避的..",4,非诚勿扰
编剧太赞了！！~,5,非诚勿扰
怒赞，笑抽了，尤其教堂那段，葛优对舒淇的感情也没的说,5,非诚勿扰
舒淇这妞真不错...//片子开头结尾那十几分钟有毛用啊！？,4,非诚勿扰
重看。,5,非诚勿扰
马马虎虎,4,非诚勿扰
虽说评价不佳、但是我很看好这部片子中的故事~,4,非诚勿扰
葛优,4,非诚勿扰
葛大爷·你真招我喜欢～～,4,非诚勿扰
第一次毫无感觉，今天重温，竟意外喜欢上这个片子。或许不仅仅是这个影片带给我什么，而是我自己改变了什么。葛优淡淡的温情，舒淇爱的撕心裂肺，仿佛都是我现在。愿我能找到这样可以一辈子的人。,4,非诚勿扰
9000点……,4,非诚勿扰
风景可以得五星，男主角太丑，倒扣分。,4,非诚勿扰
北海道还行,4,非诚勿扰
很( ^_^ )不错嘛！赞一个~,5,非诚勿扰
台词很幽默，王钠是现实生活中的秦奋。这部电影我很喜欢。,4,非诚勿扰
台词经典,4,非诚勿扰
好想谈恋爱,4,非诚勿扰
我哥哥会打断你的腿的！,4,非诚勿扰
明明标注着非诚勿扰牌子的葛优却被完全不诚心的舒淇所扰。。。片子里流淌着淡淡的爱，一种距离的爱，默契的爱，so~09年非诚勿扰。,5,非诚勿扰
最喜欢冯远征那一段，每次看每次笑到爆,5,非诚勿扰
没事干解闷..,4,非诚勿扰
贺岁片 就是这种范儿 冯小刚的老本行啊 不过看枪版看得累死老子了,4,非诚勿扰
我很不好意思的说。我看的枪版。但是依然值得五星。有我喜欢的冯小刚。舒淇。葛优。,5,非诚勿扰
葛大爷真是绝了！,4,非诚勿扰
是不甘《永失我爱》的失败 还是冯导心里真藏着个秘密纯爱小花园 ,4,非诚勿扰
因此喜欢舒淇。,4,非诚勿扰
舒淇因为年纪大了，不自觉的向实力派靠拢了,5,非诚勿扰
"还蛮搞笑的,舒淇在里面好美哦",4,非诚勿扰
挺孤独的,4,非诚勿扰
光阴飞逝，冯氏喜剧依旧,4,非诚勿扰
带着一丝文艺的气息,4,非诚勿扰
调侃的一路,4,非诚勿扰
考完大学英语锁着门防检查在宿舍里和皮娟，ZT一起看的~~~有点让我想起……,4,非诚勿扰
明明是贺岁片，偏偏要这么纠结、这么悲，虽然结局是Happy Ending，但总感觉是为Happy而Happy，不是很自然。这片美女真多啊，徐若瑄、胡可、罗海琼、车晓我都觉得很漂亮，但是舒淇和那个墓地女除外，我始终不明白舒淇到底哪里漂亮了。看到舒淇被裹成木乃伊躺在病床上我忍不住笑出声来，实在太逗了，绝对比范伟的那几个镜头更有喜感。,4,非诚勿扰
尤喜里面的日本歌曲,5,非诚勿扰
宣传夸大了，并没想像中的好看。,4,非诚勿扰
if u r the one.,4,非诚勿扰
第一部比第二部好看！！！,4,非诚勿扰
葛优大爷真是适合这种角色。,4,非诚勿扰
要说NB，还得是人家冯小刚！,4,非诚勿扰
依旧“冯-葛”式幽默，第三者的爱情故事既具时代特色，也为后面的故事增添色彩,4,非诚勿扰
就因为这个 喜欢的舒淇,5,非诚勿扰
想要被熊撕碎身体还是被人撕碎心,4,非诚勿扰
总算看到一部优质国产片。,4,非诚勿扰
葛优演的真棒,4,非诚勿扰
葛优演了那么多年哭戏还是这么烂,4,非诚勿扰
"黄舒骏7年前说,台湾的女孩舒淇最美...即使放在今天也不过分啊",4,非诚勿扰
在奇迹面前，平庸现实里的所有陈规陋俗和规则束缚，都会化为齑粉。,4,非诚勿扰
冯导的幽默还是那么实在，而且深度依旧,4,非诚勿扰
真的覺得，葛優搭配舒淇太讓人感覺欣喜了，所以，加上故事還不錯，感覺就會很好了,4,非诚勿扰
葛式痞子幽默...舒淇美态毕露...有关婚姻..中年危机..都市困惑..,4,非诚勿扰
喜歡舒淇,4,非诚勿扰
商业气息很重  不过还是喜欢葛大爷,4,非诚勿扰
故事很简单 道理很深刻 画面很优美 台词很幽默,4,非诚勿扰
20090308 19”,4,非诚勿扰
是夸大了还是现实，找个靠谱的媳妇儿就这么难？,4,非诚勿扰
还行。,4,非诚勿扰
一年一次，确实不靠谱。,4,非诚勿扰
某些段子还凑合，对主旋律没什么感想,4,非诚勿扰
居然有点小清新,4,非诚勿扰
《不再让你孤单》的李佩如，《非诚勿扰》的梁笑笑，心中暗想，这两个角色的性情也许都像极了舒淇本人，那份执着，那份专一，甚至那份为爱舍弃生命的淘气。葛大爷是人民艺术家，没跑。,4,非诚勿扰
在一个特别的时刻偶然共振,4,非诚勿扰
嗯，其实我挺喜欢这电影的。,5,非诚勿扰
再次佩服小刚的故事设计,4,非诚勿扰
不敢定性为喜剧,4,非诚勿扰
北海道的风景媲美爱尔兰。与P.S. I love U的境界雷同，重点都放在描绘感情执著的女性，企图在旧爱中寻找出口，修复那颗滴着血，破碎且纠结的内心。,4,非诚勿扰
一个小三的心灵救赎史+北海道旅游推荐,4,非诚勿扰
意外的冯式幽默，意外的好看,4,非诚勿扰
大陆很久没优秀的“小电影”了,4,非诚勿扰
风景不错 段子不错  ,4,非诚勿扰
很清淡,4,非诚勿扰
真逗!哈哈哈...,4,非诚勿扰
冯远征很惊艳o(╯□╰)o,4,非诚勿扰
幽默！！舒淇很美~看完想去北海道！！,4,非诚勿扰
谁爱谁多些，谁伤的多些。,4,非诚勿扰
后半段略沉闷,4,非诚勿扰
有点儿意思,4,非诚勿扰
小有感觉，很来感~,5,非诚勿扰
浪漫+公路,5,非诚勿扰
  片子从头到尾都是笑点，并且巧妙的插入2008最重大的事情：地震、风投、股灾、经济危机、小三事件、这么多事件一点不显突兀，冯导功力深啊！他很懂女人，笑笑这样深情的女人，当她跳出第三者的角色，也会对打动她的男人一如既往。女人不容易打动，可是如果当女人真正被打动，他会对这个男人付出所有的真，真的，就像林忆莲的一首老歌：女人独有的天真，和温柔的天分，要留给真爱你的人！女人看来现实却柔暖的内心，我想冯导是懂的。秦奋跟邬桑离别时，对他的好朋友说：“钱对我来说不算什么，我想朋友了。”脑中闪过是维克多约会阿米莉亚，维,5,非诚勿扰
舒淇越来越有味道了,4,非诚勿扰
好看！,4,非诚勿扰
景色不错，OST也可以！因为葛优的对白，加1星！,4,非诚勿扰
感觉有点做作哩！,4,非诚勿扰
葛大爷的部分台词挺经典的,4,非诚勿扰
额···有点笑点还算特别~,4,非诚勿扰
能让我乐的就是相当不错的电影！不过我觉得结局太喜庆...死啦死啦滴才完美啊!,5,非诚勿扰
第一部还是有点新意的！,4,非诚勿扰
那个极北之塔H&amp;C也出现了啊 跳海太牵强了，把她救上来那渔船更牵强,5,非诚勿扰
瞧着后海那外景的广告啊~我想北京~~,5,非诚勿扰
2008/12/20王府井，新东安影城，dyl,4,非诚勿扰
见识了日本北海道优美的风景,4,非诚勿扰
8分，原来的冯小刚又回来了。,4,非诚勿扰
爱情风光片,4,非诚勿扰
葛老哭了```我笑不出来了```,4,非诚勿扰
如果真的在后面埋下了小白的凄美爱情故事，就应该给满分,5,非诚勿扰
北海道很美,4,非诚勿扰
冯氏幽默？,5,非诚勿扰
舒淇  舒淇  舒淇  舒淇  舒淇  舒淇 ~~~,4,非诚勿扰
唉，其实不该打四星“推荐”的，因为看完以后我心里很堵。。。,4,非诚勿扰
继续冯氏幽默～,4,非诚勿扰
还不错的爱情喜剧，慢节奏加上北海道的风景，很舒服,4,非诚勿扰
春夏秋冬 那个北海道 开始的地方 结束的地方 再开始的地方 老男人 实诚的美女啊 。。。。 真痛心疾首 别再擦肩硬过了,4,非诚勿扰
在电影院看挺好的,4,非诚勿扰
北海道太美了！！,4,非诚勿扰
葛优真爷们儿！,5,非诚勿扰
搞笑加明星加广告,5,非诚勿扰
日本是很美的。。,4,非诚勿扰
搞笑不断又耐人寻味,4,非诚勿扰
看着有点累，几个片段的累加凑成一个完整的故事。能让笑笑跟着秦奋还真是让他捡着个便宜了。,4,非诚勿扰
我就喜欢看葛优贫,4,非诚勿扰
耍贫嘴+美丽风光，还不错~~,4,非诚勿扰
秦奮和梁笑笑,5,非诚勿扰
让我想哭的是友情,4,非诚勿扰
有点失望啊。。。男女主角都是我的最爱。。。,4,非诚勿扰
葛优忏悔时 用手去挡阳光的舒淇太好看,4,非诚勿扰
还是冯氏贺岁片经典的台词和味道，把今年发生的一些大事都拿来“开涮”了,4,非诚勿扰
冯！,5,非诚勿扰
北海道开始，北海道结束,5,非诚勿扰
介乎三到四之间,5,非诚勿扰
发着烧看完了电影，内牛满面……,4,非诚勿扰
还是可以一看的,5,非诚勿扰
舒淇真美啊，,4,非诚勿扰
其实我最喜欢邬桑,4,非诚勿扰
我的笑点集中在前半部分各种不靠谱的相亲桥段~~~,5,非诚勿扰
推荐时因为葛大爷和北海道的风光！,4,非诚勿扰
还是超喜舒淇的清冷模样儿,4,非诚勿扰
停滞一直叫我看 于是就看了,4,非诚勿扰
西溪且留下。,4,非诚勿扰
爱的不仅是情节，更是情结,4,非诚勿扰
舒淇確實越來越有味道了,5,非诚勿扰
其实那样也挺幸福的,4,非诚勿扰
非常喜欢,5,非诚勿扰
推理情节加一星,4,非诚勿扰
真心不觉得差,4,非诚勿扰
这部前半部分欢乐，后半部分沉重。。。最后听到邬桑一个人再唱起《星》...简直忍不住流泪,5,非诚勿扰
冯远征很牛,4,非诚勿扰
冯氏喜剧，商业片拍的炉火纯青了。,4,非诚勿扰
朋友，爱人，还有北海道的碧绿金黄,4,非诚勿扰
看过的最难过的喜剧。,4,非诚勿扰
第一次发现西溪满美的,4,非诚勿扰
舒淇对葛优说的那话我也在博客里讲过，现在听起来真觉得TMD欠揍~,4,非诚勿扰
台词很经典、、,5,非诚勿扰
挺逗的,4,非诚勿扰
我也爱和谐,5,非诚勿扰
干净的北海道、美丽的舒淇。,4,非诚勿扰
21世纪什么最贵？和谐！,4,非诚勿扰
彭浩翔的道具，真是非常可爱~,4,非诚勿扰
我特别懂后来日本人在车里哭那段,4,非诚勿扰
有笑点　够意思(其实葛优的存在本身就是笑点了,4,非诚勿扰
有了孩子气的葛优，什么都亮了,4,非诚勿扰
挺有意思的,4,非诚勿扰
還不錯啊，一如既往的馮氏，缺點是軟廣做得太硬了……,4,非诚勿扰
冯小刚和葛优，感动常在...,5,非诚勿扰
这年头，能看懂，能娱乐就是好片，要求不能高。应该有3星半的等级，四舍五入吧。,4,非诚勿扰
太搞笑了,5,非诚勿扰
心痛的感觉,5,非诚勿扰
前面那段乱七八糟的征婚好累赘。葛优演得不怎滴哈，舒淇比他好多了,5,非诚勿扰
男人的确要成熟。。,4,非诚勿扰
"2009.1.6看的,冯小刚总算风格回归了,长得漂亮的女的怎么都是性冷淡和身怀鬼胎呢......还有典型的冯式贺岁片的的温情和人文关怀,靠",4,非诚勿扰
前一个半小时给五星 冯氏电影的结局为何总是宛如尿急,4,非诚勿扰
结尾差极了。,4,非诚勿扰
味道,4,非诚勿扰
还是喜欢不见不散,4,非诚勿扰
因为和某人和看，值得纪念。,4,非诚勿扰
不存在所谓精神和肉体分离的爱情,4,非诚勿扰
这是一部好电影，告诉我们很多人很多事本该是怎么样的。。。,4,非诚勿扰
感觉很好，超出预期。电影里的北海道符合我对天堂的想象。秦奋是个好男人。,4,非诚勿扰
破碎的心需要真诚的心来拼合..,4,非诚勿扰
補,4,非诚勿扰
以后我和她的结婚旅行一定要去北海道,4,非诚勿扰
高压之下偷闲一笑，还指望什么呀,4,非诚勿扰
笑点还不错。,5,非诚勿扰
还是第一部比较给力。,4,非诚勿扰
笑笑，笑笑，舒淇的一笑，便是傾城傾國。,4,非诚勿扰
总想再看一遍！,4,非诚勿扰
其实就是冲着葛优跟舒淇看的 剧情一般般 不过风景不错~~~,4,非诚勿扰
文艺片看多了后可以拿此片调剂心情,5,非诚勿扰
不是喜剧 是一部爱情悲剧,4,非诚勿扰
舒淇是森女吗？她穿衣服挺舒服的,4,非诚勿扰
给我一台分歧终端机我就能翘起整个地球~看这片子就图个乐呗,4,非诚勿扰
"感觉像兜里揣着别人的钱是的,花完了还得给人家还回去。嗯，我还是还回去吧",4,非诚勿扰
冯导一贯的风格和水平,4,非诚勿扰
上海影城1厅 20081229,5,非诚勿扰
2009年1月3日 北京 小西天 中影电影院,4,非诚勿扰
有趣就是王道,5,非诚勿扰
好画面 好故事,5,非诚勿扰
葛优确实挺逗的,5,非诚勿扰
应该再看一遍儿,4,非诚勿扰
非诚勿扰，sodesu。,4,非诚勿扰
谢谢它陪伴我度过这个郁闷的夜晚……秦奋是个很可爱的老男人！,4,非诚勿扰
虽然没有之前的那么精彩，也算很不错啦～,4,非诚勿扰
在影院看了三遍。。。,4,非诚勿扰
招行的广告费看来给的不少阿,4,非诚勿扰
舒淇和葛优怎看怎么不搭调。就一北京老大爷们儿和一小资妞对牛谈情，像贫不是贫，又和情调不搭边儿。不过音乐不错。,4,非诚勿扰
让我在心里保留你的位置……,5,非诚勿扰
找个逗你开心的,4,非诚勿扰
其实还不错的,4,非诚勿扰
好几个片段都挺经典的,4,非诚勿扰
为什么总有一些镜头让我想起你。,4,非诚勿扰
旁边的姑娘笑的时候，感觉很踏实,4,非诚勿扰
葛大爷还不错,4,非诚勿扰
葛优绝对的实力派。,5,非诚勿扰
孽缘,4,非诚勿扰
一個人看也逗。,4,非诚勿扰
惊艳舒淇。,4,非诚勿扰
非诚，勿扰。,4,非诚勿扰
爱过一个人。。。,4,非诚勿扰
久违的冯氏幽默,4,非诚勿扰
笑笑很爱笑 多少是发自内心?她总是在喝酒....其实谁都救不了谁,4,非诚勿扰
一部让人看完觉得五味杂陈的喜剧片。虽然情节有些牵强，感觉象是很多个小品凑起来的，但总体不错。上年纪的人看了会有很多共鸣的吧－－比如我这样的。嘿嘿,5,非诚勿扰
如果现实只能焦虑无奈，我们就更需要喜剧来解脱。,4,非诚勿扰
通透。,5,非诚勿扰
台词特逗，但舒淇和葛优……怎么看怎么别扭,4,非诚勿扰
我觉得我现在对一部电影好不好的评判标准就是，1，轻松，2，适当的内涵，3，不会让我睡着。BTW，舒淇真是...风韵不减啊。,4,非诚勿扰
挺好的 看完 人至少不觉得累···,5,非诚勿扰
有笑有泪,5,非诚勿扰
剧情也就那样 演出倒是很好,4,非诚勿扰
挺好看的,4,非诚勿扰
从头笑到最后~赞的,5,非诚勿扰
有点意思~~,4,非诚勿扰
舒永远那么美~可惜看片的那天，身边坐了一个傻乎乎的家伙，总是笑得很莫名，扰了少许兴致~,4,非诚勿扰
09年1月15日美嘉 最近加班加疯了，看这片轻松了不少，难得还比较实诚，人或许贫，但真实。舒淇演得不错,4,非诚勿扰
这样看来导演很不错，这种时代里还忍得住认真做事。,5,非诚勿扰
好片！看懂了,5,非诚勿扰
四星半,5,非诚勿扰
又是个选择的问题，爱你的，你爱的，对你好的，对你暧昧不清的，真心的，假意的，怎么选？爱情保质期有限，我想，其实人们都知道应该怎么选，就看愿不愿意了（舒淇美，风景美，音乐美）,4,非诚勿扰
还不错的,4,非诚勿扰
他内朋友叫乌桑 神马狗屁名字,4,非诚勿扰
就冲葛大爷的那段自我介绍  就该给 这分,5,非诚勿扰
这么好看的风光片 值5分,5,非诚勿扰
日本北海道的旅游业，江苏卫视的节目。这部电影的意义好大……,4,非诚勿扰
葛优很有意思,4,非诚勿扰
有一些可笑的点，可是没到天下无贼的地步，笑点基本在葛优身上，最后范伟出来没有太大效果，搞笑的人也疲劳了。总之是没有高潮。,4,非诚勿扰
这事儿就真的这么重要吗？是的,5,非诚勿扰
洗具谈不上，很现实。,4,非诚勿扰
北海道被拍的很美..,4,非诚勿扰
这是喜剧，但我哭了。。,5,非诚勿扰
就那点破事儿，你还真以为捞上来就能忘了？,4,非诚勿扰
葛优 哦哦~,4,非诚勿扰
这片儿还是挺多经典语句的,4,非诚勿扰
冯小刚回归喜剧，并且喜剧不断添加文艺感，这样的电影对我是很受用的~~~万达的观影环境到底没话说，把电影所有能呈现的优点毫无保留，音乐，迷人的景色，还有带着文艺气的中国喜剧~~~~亲爱的，我记住我们一起看电影的场景，我透过电影看见你的笑~~~~,4,非诚勿扰
感觉还行，葛优式幽默，也有贺岁电影的娱乐性，但是有拼凑的感觉，剧情一般。舒淇给人种淡淡的感觉，淡淡的忧伤，淡淡的快乐，淡淡的幽默，很舒服。,4,非诚勿扰
冯小刚终究未能明白自己想讲的故事风格，正如全片的电影音乐，风格不一。除却风格不一这点，大部分音乐真的很好听，把故事的境界提升到另一个层次。最爱的段落是葛优与老友分别后，老友驾驶在北海道路段上，唱歌到泪流满面。,3,非诚勿扰
不切实际的拿来主义跟胡乱拼凑。当然，段子还是好笑的。,3,非诚勿扰
打发时间而已，一般，没传的那么好看。,3,非诚勿扰
1，这么多年的一个观察，我觉得一定对，喜欢舒淇的男的基本都是直男癌患者。2，这片的画面构图、景别设计、光线造型和色调氛围是国产电影里少见的舒服顺畅，吕乐确实是有水平的DP。,3,非诚勿扰
葛大爷的幽默感被冯小刚展示的淋漓精致,3,非诚勿扰
发现自己对国产爱情片的要求其实真不高，逗逗嘴解个闷，有养眼的美女，摄影舒服就行了,3,非诚勿扰
哈哈哈,3,非诚勿扰
山寨版《恋之风景》,3,非诚勿扰
相親所引發的一場愛情故事。,3,非诚勿扰
这样的幽默生活化,3,非诚勿扰
拼了小命的让我们笑反而不好笑,3,非诚勿扰
If.You.Are.The.One.2008.DVDSCR.XviD-ZYM,3,非诚勿扰
凑合,3,非诚勿扰
没什么感觉,3,非诚勿扰
中年危机，美女，搞笑,3,非诚勿扰
冯导还是以前的贺岁档来的好，前景让人担忧啊。,3,非诚勿扰
诗意批判现实主义,3,非诚勿扰
故事有点俗套。,3,非诚勿扰
相亲部分好玩,3,非诚勿扰
1.20,3,非诚勿扰
又来一个失望的！,3,非诚勿扰
我爱小樽,3,非诚勿扰
三星半，台词依旧是亮点,3,非诚勿扰
如果我当时打分会给四星，但现在想想，这部片就是冯小刚小段子的大集合,3,非诚勿扰
其实这是一部风景片，两颗星打给范伟，一颗星打给我也去过的那些城市，谢谢！,3,非诚勿扰
王菲姐姐唱呀唱，我把心给了你，身体给了他···很干净，很空白，大有哗众取宠之嫌，可惜啦葛优大哥,3,非诚勿扰
你快要屎了,3,非诚勿扰
就那样了吧～,3,非诚勿扰
其实就是一次心灵救赎的旅行。,3,非诚勿扰
吃饭的时候正对着电视 遥控器不在我这儿...,3,非诚勿扰
精致吗？超长版的小品吧... ....,3,非诚勿扰
风格充满了冯氏电影和葛式表演的味道。范伟的表演和桥段是个小败笔。,3,非诚勿扰
不管怎样...破坏别人家庭就是不对...他们夫妻和不和睦是他们的事儿...轮不到你在当中插一脚...However...真的很想去趟日本...,3,非诚勿扰
不怎么样。不过它的同名相亲节目倒是很出名。,3,非诚勿扰
说是喜剧吧，我觉得没那么可乐；说是爱情吧，我觉得没那么深刻。,3,非诚勿扰
冯小刚对不见不散当年的自己的致敬与回归...却不禁染上这10年的风尘,3,非诚勿扰
一部鉴证葛优苍老的剧情片,3,非诚勿扰
也没想象里那么差啦，植入广告什么的可能因为我看的不认真也没注意到几个，中产阶级白领的爱情咱也闹不懂，就是开头巩新亮俺看了四五遍，顺便截了个桌面。。。,3,非诚勿扰
用朋友的一句话:这不是提倡第三者运动么?,3,非诚勿扰
小女生對老男人 看別人的故事 留自己的淚啊~~~~~~,3,非诚勿扰
看完这部片子，我记住的也只有罗海琼那句“我哥哥会打断你的腿的”。徐若瑄还是一如既往的美。,3,非诚勿扰
http://movie.douban.com/review/4477079/,3,非诚勿扰
中看的不靠谱，靠谱的才中用。,3,非诚勿扰
有意者电联，非诚勿扰。。。。,3,非诚勿扰
小品加广告.,3,非诚勿扰
太贫了,3,非诚勿扰
征婚需要擦亮眼,3,非诚勿扰
喜剧糖衣下个一颗悲剧弹，明显感觉到冯郎有些才尽了。不明白为什么这么多人喜欢舒淇，她只能让我想起欧阳锋,3,非诚勿扰
从这部电影开始get到舒淇的女人味儿了，确实很动人,3,非诚勿扰
新瓶装旧酒，有点小失望,3,非诚勿扰
当过小三的女人觉悟高。,3,非诚勿扰
真真偷工減料，顧左右而言它，劇本應當不錯，最後缺額不倫不類,3,非诚勿扰
中年幽默。,3,非诚勿扰
特不爱看这种 但我给合格星 我也缺朋友,3,非诚勿扰
好吧，说句挺无奈的，看到后半段的时候，我无聊的……拿起了眉夹……战斗去了……囧,3,非诚勿扰
...,3,非诚勿扰
奉劝冯导，多搞笑，甭纯情,3,非诚勿扰
说文艺不文艺，说喜剧不喜剧，只能说是风景片了！,3,非诚勿扰
舒淇和葛优，很不搭。。。,3,非诚勿扰
葛优忏悔那段儿我笑了，冯小刚自大腕后就没出好作品,3,非诚勿扰
还凑合，但不算特别好看,3,非诚勿扰
没觉得特逗，笑了两三次吧,3,非诚勿扰
恩挺好的我喜欢舒淇但是不知道为什么她在这部电影里老让我想起周迅,3,非诚勿扰
看 葛优也可以拍小清新的,3,非诚勿扰
节奏好慢，有模仿《征婚启示》嫌疑，台词是唯一的亮点,3,非诚勿扰
钻石王老五和纯情小三。竟然没标记过。,3,非诚勿扰
剧情一般，冲着葛优来看的，舒淇的颜真的很适合大荧幕,3,非诚勿扰
相亲那段很亮点。其次，片中的广告实在太多。太多太多太多……,3,非诚勿扰
just so so,3,非诚勿扰
没有舒淇就好了,3,非诚勿扰
男女主演都是偶喜欢的,3,非诚勿扰
风景美,3,非诚勿扰
一般,3,非诚勿扰
http://www.dearclass.com/thread-131-1-1.html,3,非诚勿扰
虽然连起来有那么点别扭 但是故事说到这份上已经不错了 中国商业片总算跳出他妈的古装圈圈了,3,非诚勿扰
剪40分钟吧 太慢了 另外这不叫浪漫 叫闹心,3,非诚勿扰
外强中干的一部片,3,非诚勿扰
要说是喜剧也没问题，但其实就靠葛大爷内一张嘴跟那儿白霍了，而舒淇跟边儿上呢基本就一棒槌。,3,非诚勿扰
日本真干净,3,非诚勿扰
重复之前的风格，没有太多的惊喜，是一部水平之作。,3,非诚勿扰
我了了个擦！又被和谐了！！！豆娘我不就放个地址么！擦！,3,非诚勿扰
"老男人都可以很有魅力,当然前提又是要有钱",3,非诚勿扰
葛优的语言有点意思，北海道取景很棒，其他没什么亮点，宣传很到位，期待也不小，但是剧情过于平淡导致给我感觉一般，影片带来的冲击力几乎没有，不比天下无贼。,3,非诚勿扰
前面还挺好笑，后面就像烂糟爱情剧。,3,非诚勿扰
只有最后路上唱着歌哭泣再加上被海盗的风景那才是4星的标准，冯导我只看你北海道部分，那是高于商业的部分！,3,非诚勿扰
最好的那几个都各奔东西了,3,非诚勿扰
很冷很秀丽。2016.3.19重看，看梁笑笑是怎么生活下来。是哥哥先看的，然后我也想再看一遍。他没有挽留她，没有不放手的人其实更应该给他好评。我也一样一度要喝酒喝酒。都结束了。,3,非诚勿扰
一部急就章的喜剧片，还过的去，但不过瘾。,3,非诚勿扰
导演老了，票房不好卖了。,3,非诚勿扰
期待愈多 失望愈大,3,非诚勿扰
U r the one,3,非诚勿扰
看看，笑笑,3,非诚勿扰
贺岁片没一部好看的,3,非诚勿扰
拍着轻松演得舒服投资不多收益不少,3,非诚勿扰
普普通通爱情片。,3,非诚勿扰
后端太正经了。只喜欢前端。我真是受不了葛大爷一本正经。。。,3,非诚勿扰
工匠的作品，有点敷衍了,3,非诚勿扰
没有觉得很好只是出现在了这个贺岁的时期。看了罢了。这不并不怎么让我觉得有值得回味的,3,非诚勿扰
三星半。仍旧是冯小刚老路子（这次骨子里是纯爱片。。） 堆一些貌似好笑实际上对剧情、人物没什么意义的段子  这四颗星纯粹娱乐分  冯小刚仍旧是中国最聪明、最市侩的导演 舒淇的角色最触动我,3,非诚勿扰
这个系列真垃圾,3,非诚勿扰
有部分是经典，可惜全剧总体比较差！冯小刚也开始让人失望了！,3,非诚勿扰
冯郎才尽了,3,非诚勿扰
与其说是爱情片不如说是风景片,3,非诚勿扰
￥160，一部超长的广告片,3,非诚勿扰
前半部还好,3,非诚勿扰
舒淇很漂亮 冯小刚很商业 葛优很本色 范伟很喜感 一切都恰到好处。,3,非诚勿扰
"心在你这,能容我偶尔身子开下小差么",3,非诚勿扰
7.0/6.9,3,非诚勿扰
因为徐若瑄~,3,非诚勿扰
只听到了四分之一的对白,3,非诚勿扰
新春贺喜。看着乐呵！,3,非诚勿扰
前半部分很经典、后半部分很俗套,3,非诚勿扰
还是挺好的。三星半。,3,非诚勿扰
一般，冯氏幽默还是说话比较逗。@云南,3,非诚勿扰
征婚能征到舒淇，徐若瑄这种，一定有诈,3,非诚勿扰
不知道我不觉得有多好,3,非诚勿扰
你们不爱不恨，让我不喜不悲。,3,非诚勿扰
频繁小小的笑料。,3,非诚勿扰
还是小冯的耍贫嘴电影,3,非诚勿扰
记得舒淇跳到海里那段还不错,3,非诚勿扰
真是相声+小品另加一风光片了，冯的电影越来越精细工整，色彩音效俱佳，舒淇的表现和融入性都使我眼前一亮 。但故事不连贯使我处于游离状态。,3,非诚勿扰
没有舒淇就什么都好,3,非诚勿扰
秦奋就像十年前的刘元...如果不是葛优演的话，大概也不会继续看下去这部有点矫情的“爱情喜剧”了。最好笑的部分是前面那些各自来征婚的--炒股的胡可、一如既往神叨叨的罗海琼还有扮gay的冯远征--虽然他们都十分的“刻板印象”。,3,非诚勿扰
葛优好帅,3,非诚勿扰
就葛优可爱,3,非诚勿扰
看完之后吧，不知道该说些什么。到底是个什么东西呢。感觉舒淇的故事铺垫得不够深入。所以让我不断地问，至于吗？然后，风景挺美的。好想要那套西溪的房子，这个广告打得妙~,3,非诚勿扰
搞笑,3,非诚勿扰
电影院看的，就记得北海道的风景了,3,非诚勿扰
为什么大家都说多么多么的好，我的感觉却那么一般呢？,3,非诚勿扰
恶心的广告。,3,非诚勿扰
虽然葛优的嘴皮子还是耍得有趣，但片儿真是一般,3,非诚勿扰
难得说,3,非诚勿扰
中国电影往往就是这样，口碑和票房不是成正比的。,3,非诚勿扰
为甚没有张靓颖的一瞬间= =,3,非诚勿扰
后一半也太拖沓了点。,3,非诚勿扰
中国大陆,3,非诚勿扰
一般吧。,3,非诚勿扰
待我平复一下心情，再回头细说。。。,3,非诚勿扰
不错，台词挺逗的,3,非诚勿扰
本来觉得为毛要在开头搞个这么个傻×的发明，原来后来还有呼应，这个搞笑。但笑笑那大难不死也着实太狗血了。。。,3,非诚勿扰
葛优不错。,3,非诚勿扰
看着舒服 其实这片子挺文艺的 把范伟去掉就真文艺不贺岁了 舒淇命不错,3,非诚勿扰
有人说冯小刚再也回不到10年那个冯小刚了，因为他不够市井，也不够愤怒了，我深感同意。可以看得出他在人人追逐名利的巨浪里变得服帖了。依然会笑，依然会流行台词，只是甲方乙方的那种亲切质朴的味道再也没有了。每一个导演早期最本色的作品都值得珍惜，王家卫也好，张艺谋也好，或许再搭上陈凯歌，徐,3,非诚勿扰
玩票儿之作，切勿当真,3,非诚勿扰
7分,3,非诚勿扰
馮小剛果真是騷死了一把...去日本旅遊了一圈拍了一堆美景的空鏡頭回來以及植入各種廣告，笑過就算了,3,非诚勿扰
摄影谁啊。。相当好。。,3,非诚勿扰
北海道的画面很美，葛优的演技也没得欠缺，可总觉得情节没有发展起来,3,非诚勿扰
我居然考虑了一部电影的时间要不要重新看一下。。。算了。。还是不要了。,3,非诚勿扰
画面很漂亮,3,非诚勿扰
不错啊...虽然故事挺俗套，不过冯小刚的精髓约莫着是：咱不图啥，就图给观众逗个乐...吕乐镜头里的北海道太美了，不看大荧幕绝对可惜...植入广告还是铺天盖地，剪刀手的痕迹是明显到低级了...,3,非诚勿扰
肉鬆了，疲態了，沒稜角了，愛傷感了，秦奮老了，舒淇老了，馮爺老了，我老了,3,非诚勿扰
无感！,3,非诚勿扰
亮点在日本风情和邬桑的泪，有那么一会儿我觉得舒淇是挺白羊的,3,非诚勿扰
小情小调加上家乡的风景，凑合吧！,3,非诚勿扰
分歧终端机自重呀,3,非诚勿扰
冯远征你终于！,3,非诚勿扰
喜欢他也喜欢她，但是很难笑出来。,3,非诚勿扰
我喜欢那个房子 还有 我也想去北海道了,3,非诚勿扰
2008，杭州，庆春电影世界，补登豆瓣。,3,非诚勿扰
大概由于之前偏见太重，这部电影还是给了我一点惊喜,3,非诚勿扰
留下不少经典语录,3,非诚勿扰
一想起这是冯导的亲身经验 我就浑身不舒服,3,非诚勿扰
葛大爷演什么都是他自己，废了~,3,非诚勿扰
给三星委屈，给四星心有不甘，三星半最适合。电影中的许多段子之前都听过了,3,非诚勿扰
据说有超级复杂的隐藏情节 看了N多猜想都没明白,3,非诚勿扰
其实看葛大爷就够了，舒淇是丑没话说了。,3,非诚勿扰
舒琪真丑……故事好。,3,非诚勿扰
冯导，您拍纯爱？ 一锅杂烩,3,非诚勿扰
离题作文，就看阅卷老师好哪口了。,3,非诚勿扰
很温情，有点101次求婚的意思了。老冯好像有点老了。,3,非诚勿扰
冯小刚居然模仿彭浩翔！！！,3,非诚勿扰
音乐不错,3,非诚勿扰
荒谬的前提下上演荒谬的爱情，除了那组相亲的情节外几乎没有笑点。当然，有人说这根本不是一部喜剧片，那么……本片就完全没有看点了。,3,非诚勿扰
商业的不能在商业的片子,3,非诚勿扰
小三的圆满结局,3,非诚勿扰
王朔附体,3,非诚勿扰
为什么觉得没有当年的味道了,3,非诚勿扰
二星半吧，,3,非诚勿扰
just so so ,3,非诚勿扰
结尾多余了,3,非诚勿扰
作为贺岁档 有点不痛不痒 敏感的选材看了就不舒服 加之冯小刚没招了 失望大于期望 好在还能看完,3,非诚勿扰
"比想象中差点,勉强看看吧",3,非诚勿扰
北海道是最好的演员,3,非诚勿扰
方中信这个烂货,3,非诚勿扰
风景很漂亮，剧情实在是不适合我等屁民啊！,3,非诚勿扰
冯导的片不可少的元素：范伟、葛优、插入性广告。这部居然还搞成了风景片，还随大溜搞了把gay。。。,3,非诚勿扰
和谐,3,非诚勿扰
整部片子我印象最深的竟然是开车离开的邬桑的歌声和眼泪。,3,非诚勿扰
台词大过电影,3,非诚勿扰
这个故事好似真实，但愿结局真的是美好吧,3,非诚勿扰
太精道了,3,非诚勿扰
喜欢在日本的部分，风景很美,3,非诚勿扰
冯葛的技术活~遇上了金融危机，于是票房火了~只能是一般的电影···,3,非诚勿扰
大奶秘书，狗血剧情,3,非诚勿扰
短途大巴上看完的，看完了，下车了,3,非诚勿扰
很搞笑,3,非诚勿扰
没多少的诚意的粗制滥造，也不算爱情片，亮点除了相亲，就是那句中年感悟：“钱对我来说不算事，就缺朋友。最好的那几个都各奔东西了，有时候真想你们。心里觉得特别孤独。”,3,非诚勿扰
不好笑。,3,非诚勿扰
清冷如鎖骨,3,非诚勿扰
短片合集,3,非诚勿扰
小三，暧昧之类的我不喜欢，不是我的类型,3,非诚勿扰
我早已被撕裂。。。  为撒我都没有笑，反而觉得有点堵。。,3,非诚勿扰
不伦不类- -,3,非诚勿扰
感觉不错,3,非诚勿扰
导演，葛优，舒淇都有越来越窄的趋势,3,非诚勿扰
台词好 舒淇美,3,非诚勿扰
有点意思。主要还是台词取胜。,3,非诚勿扰
葛优的比喻砸一打一个形象呐!!??学起来学起来··,3,非诚勿扰
总是期望一开始就非常美好，却想不到巨大的代价才能换来幸福结局。,3,非诚勿扰
分歧终端机借用彭浩翔。,3,非诚勿扰
第一部比第二部好看,3,非诚勿扰
我擦，分期终端机彭浩翔发明的啊，哈哈哈哈。,3,非诚勿扰
一起去……,3,非诚勿扰
恩~只是不太喜欢舒淇和葛优的爱情...,3,非诚勿扰
冯氏幽默似乎有点玩不转了,3,非诚勿扰
一还算不错吧,3,非诚勿扰
只有脚底擦清凉油那里我笑了，妈妈说她们插队的时候确实那么恶作剧过,3,非诚勿扰
结尾太无力了,3,非诚勿扰
舒淇跳下去就该死了,3,非诚勿扰
我只想知道分歧机和整部影片有何必然的联系,3,非诚勿扰
哈哈 此片经典在葛优与范伟对戏，舒淇演的很有感觉,3,非诚勿扰
馮氏幽默，相親的題材屢見不鮮，這部絕對是扛鼎之作。,3,非诚勿扰
风景~~重点在风景~,3,非诚勿扰
北海道真的很漂亮,3,非诚勿扰
我也愿意,3,非诚勿扰
随便一个北京侃爷都能贫成这样,3,非诚勿扰
冯小刚最差的电影。,3,非诚勿扰
好多地方根本不知道大家为什么在乐,3,非诚勿扰
一部热闹的片子，整场下来，影院的笑声此起彼伏，台词都很用心，有些像在看相声，冯导对台词表现出了前所未有的依赖；也是部美丽的片子，北海道、三亚、杭州，处处拍得很漂亮，不负责任地勾起了我明年想出去走走的强烈欲望；不过，感觉片子太满了，冯小刚有些贪心，似乎什么事都想说，什么话题都想聊，可到最后，许多东西都只是草草带过，而且，看待事情和处理事情的许多态度都不为我所认同。不过，只是娱乐，反正我也已经在电影院笑过，又何必去计较那么多咧，嘿嘿……,3,非诚勿扰
武昌电影院，亮点是“一年一次”还是建国？,3,非诚勿扰
舒淇说个Z话呀 咥的不行,3,非诚勿扰
北海道和杭州西西,3,非诚勿扰
简单的爱情故事吧。。。。/这次在12个小时的大巴上又看了一次，车窗外飞掠而过的无边无际的戈壁荒漠和片中北海道美好的景色对比强烈，倒是多了一点不一样的感觉。身边同行的人表示他羡慕秦奋这样的直接简单幻想却不脱离现实的状态，只是毕竟只有电影才有范伟花百万买那样一个发明吧。。。,3,非诚勿扰
我真是不知道你想表达什么内容，而且因为你我还把刘爷惹毛了。。。,3,非诚勿扰
"太商业.不喜欢.葛优和舒淇,完全不搭",3,非诚勿扰
一般，除了葛优之外都不怎么好笑。,3,非诚勿扰
方中信貌似演每个戏都那一个表情那一个眼神吧 = =,3,非诚勿扰
狗尾啊狗尾，太可惜了...中间还是小感动的...唉...,3,非诚勿扰
跟我妈一起去看的跨年片儿，舒淇巨美，最美的空姐！,3,非诚勿扰
风光片+土鳖爱情片,3,非诚勿扰
葛神！,3,非诚勿扰
不是说我是欧美范儿，这部电影确实没什么好看的，笑点也不多，反正觉得没什么意思，就是有方中信这个老帅哥,3,非诚勿扰
幸亏两大主角撑着,3,非诚勿扰
今天重看，想不到画面原来是这么好，风光旖旎，精致淡雅。舒淇的表演也特别到。冯小刚在努力地想证明自己可以拍其他类型的片，照样可以赚得金满瓢盆，但少了原来独树一帜的冯氏幽默，风格逐渐转淡的冯小刚，总是显得有点小心翼翼。邬桑的日本小曲和尚雯婕的音乐实在是添彩不少。彭浩翔也实在是调皮。,3,非诚勿扰
文艺又喜剧，注定不和谐。,3,非诚勿扰
哎,3,非诚勿扰
冯导在我家附近的火车站拍过天下无贼，抛去甲方乙方，基本可以概括为人比戏精彩，他可别也江郎才尽啊，至少我认为他还有才可尽。,3,非诚勿扰
没意思 没冯氏风格 除个别笑点勉强搞笑,3,非诚勿扰
其实这是一部风景片,3,非诚勿扰
我循规蹈矩地配合地笑了,3,非诚勿扰
葛优 全看你面子,3,非诚勿扰
北海道的風景好美~,3,非诚勿扰
一个女子的悲伤爱情。,3,非诚勿扰
2008.12.30@华星。别把它看做贺岁片，就不会有那么多失望。很喜欢舒淇。,3,非诚勿扰
葛优的笑话比较有意思，舒淇在里面过于文艺了。。。,3,非诚勿扰
并非人人能做彭浩翔,3,非诚勿扰
两年前了，不大记得了。。。,3,非诚勿扰
葛优和舒淇…挺奇怪但是却满融洽的一个组合~,3,非诚勿扰
北海道旅游风光宣传片,3,非诚勿扰
没感觉,3,非诚勿扰
“感谢分歧终端机发明者：彭浩翔”,3,非诚勿扰
舒淇太迷人,3,非诚勿扰
冯小刚已经没有能超越手机的片子了- -,3,非诚勿扰
你妈的，你就这么不争气end up like that?我不会相信的。,3,非诚勿扰
吕乐 摄影,3,非诚勿扰
过年了，就乐呵乐呵吧！,3,非诚勿扰
其实看的不就是北海道的风光和葛优的耍贫么，而且前者&gt;后者...,3,非诚勿扰
开头好玩。,3,非诚勿扰
不知道为什么那么多人说他好看,3,非诚勿扰
可以祭奠一段历史了，虽早已笑着拥抱大海。,3,非诚勿扰
更喜欢英文名。。。亲爱的，一切都是命中注定,3,非诚勿扰
没什么想说的,3,非诚勿扰
葛优太可爱了,3,非诚勿扰
北海道的风景还是不错的。。其他没啥感想了,3,非诚勿扰
印象最深的是邬桑在车里的哭戏orz 再有就是中国放着大好河山干吗非要去北海道拍一段戏？,3,非诚勿扰
赚钱之作,3,非诚勿扰
冯氏对白,3,非诚勿扰
当时就在抉择是去看叶问好，还是看这个好，结果去看的这个，也没什么遗憾，因为这两电影半斤八两。,3,非诚勿扰
你说坐我前面那大妈咋就那么得瑟捏,3,非诚勿扰
配角比较闪……,3,非诚勿扰
西溪地产推广片。。。,3,非诚勿扰
葛大爺在教堂懺悔最逗。各種整人損招簡直聞所未聞。腳心扇風就尿炕什麽的……傳說中造就了一代徵婚王牌節目的電影 其實沒太留下什麽印象。,3,非诚勿扰
这部在长途汽车上看了N次的片子，竟然还没评价过…,3,非诚勿扰
冯导，表现变差了嘿...,3,非诚勿扰
北海道的绝美风景。,3,非诚勿扰
风景还行,3,非诚勿扰
就台词搞笑点，冯氏幽默总有那么几个热段子~,3,非诚勿扰
个么未免太北海道观光局丝带楼了，N多桥段完全是配合景点来凑剧情：忏悔教堂、露天风吕、纳豆温泉蛋、四姐妹居酒屋、有熊出没、大片向日葵、某个最佳观海处……冯小刚真是软文达人啊，一根爱情主线就全“和谐”了，偶是客户也爱死他了……,3,非诚勿扰
还是没法把葛优和舒淇搭配上。风景拍的蛮好看的,3,非诚勿扰
冯导再度尝试商艺结合 但还是比较生硬…… 舒淇是萌点,3,非诚勿扰
凑合，觉得2更好点,3,非诚勿扰
"剧情无力,葛优一个一个的讲笑话小则给大家听",3,非诚勿扰
浪费我的银子,3,非诚勿扰
北海道！,3,非诚勿扰
就冲着舒琪去的,3,非诚勿扰
一般，舒淇很美,3,非诚勿扰
冯式幽默没错,3,非诚勿扰
一般得不能再一般了,3,非诚勿扰
温暖人心谈不上，不过岁末看看北海道的风光，听进去了几句台词也蛮贴心的。,3,非诚勿扰
其實想給3顆半星的.,3,非诚勿扰
just not that into it.,3,非诚勿扰
三星半，除去结尾，挺逗。,3,非诚勿扰
要不是舒淇，要不是葛优，这样的电影提都没人提。冯小刚也老了？,3,非诚勿扰
有意思么?…………有啊,3,非诚勿扰
多年前 我还是个熊孩子 家里的长辈围一圈看这电影 哈哈笑的时候 我都是最茫然的一个 印象深的估计就是教堂那一段了 如果现在我再看 我只觉得舒淇的演技太差劲了  这是一部成功的北海道观光片,3,非诚勿扰
葛优的不好看电影之一,3,非诚勿扰
喜欢舒淇~~~&gt;w&lt;想去北海道！,3,非诚勿扰
实在话，前半部风格比较重些，后面往艺术片路上走了，但是我不喜欢，只是喜欢单纯的冯式（+葛优式）喜剧,3,非诚勿扰
我不是很喜欢这部不知道为什么,3,非诚勿扰
挺逗貧的。印象最深的是「哥、你可真白」。,3,非诚勿扰
没你想得那么糟啦。不过，除却观光式的镜头，对社会世俗的下流肯定，以及让人忍俊不禁的低级情爱，还有片末那个谄媚般的圆满结局和全线飘红的乐观主义，我什么也没有看见。这就是我们中国人想要的贺岁大片么？也许吧。,3,非诚勿扰
娱乐笑果不错。煽情没啥必要。分歧终结机，很有趣。以你中有趣的事儿并在一起，就不错。,3,非诚勿扰
葛大爷好贫啊,3,非诚勿扰
很有爱啊,3,非诚勿扰
顶着明天还有一场不大不小的考试的压力，看完了这个片子。同学说如果在三分钟内下好这个片，我就陪她看。结果迅雷太争气了，我也就跟着乐了一回。本来也没对这片报什么期望，看完就看完了。整体感觉广告实在太多了点，GAY那段演得不错，神父那段挺好玩。其他就记不住了。,3,非诚勿扰
我一老百姓看得还是多高兴的 可是您到底是想讲个什么故事呢,3,非诚勿扰
不晓得票房杂就到咯三亿,3,非诚勿扰
除了老导演的淡定，别的都是闹剧。,3,非诚勿扰
"舒其真是一仙女,冯远征真是一角儿",3,非诚勿扰
头尾两个笑点不错，其他没任何亮点。,3,非诚勿扰
有人有一句概括非常准确 风光片加台词秀,3,非诚勿扰
前40分钟还行，到了日本就只看北海道风景了！,3,非诚勿扰
广告不自然,3,非诚勿扰
面对“中年”冯小刚的一声叹息,3,非诚勿扰
期待值过高,3,非诚勿扰
嗯……感觉自己智商低下，不都欣赏这部贺岁大片……感觉冯小刚的编剧没有以前靠普，感觉葛优这回的角色不够以前靠普，总之这片在我看来就是谈生活不靠普、讲爱情不靠普、说婚姻不靠普、议人生不靠普、撑搞笑不靠普、举浪漫不靠普、打温情还是不靠普……总之的总之，大大偏离预期，看了感觉很不靠普……,3,非诚勿扰
麻得我一地鸡皮,3,非诚勿扰
2008-12-29,3,非诚勿扰
前后不连贯,3,非诚勿扰
广告片！当然，段子还是好笑的.....,3,非诚勿扰
扮熊的部分很萌，扮日本人的部分很欠，忏悔的部分很冷，自杀的部分很俗。一直挺喜欢舒淇，连同她的过去一起喜欢。,3,非诚勿扰
相了又分，分了又相。无底洞啊,3,非诚勿扰
风景不错,3,非诚勿扰
三颗星都是给优子的。,3,非诚勿扰
看忘记了，知道挺逗,3,非诚勿扰
西溪和北海道好漂亮啊,3,非诚勿扰
金逸,3,非诚勿扰
离开了王朔、刘震云、刘恒、甚至石康，才看出冯小刚讲故事的能力还真是一般。一个靠耍嘴皮子吃饭的导演开始玩意境玩空镜头的时候，美工的本色就露出来了,3,非诚勿扰
"老实说,00年以后冯小刚的作品就在走下坡路,基本他自己做编剧出来的本子质量都很一般,这部片子更是彻底沦为北海道观光宣传片和Subaru广告.怀念刘震云/王朔做编剧的年代",3,非诚勿扰
风景还不错，其他一点没啥,3,非诚勿扰
冯小刚还是更适合拍这种片子,3,非诚勿扰
那电影院好冷啊……,3,非诚勿扰
小刚已成特色菜。这回真贴心。,3,非诚勿扰
Quand je me regarde，一半的星给了这首歌,3,非诚勿扰
原谅我越看葛优越猥琐,3,非诚勿扰
没耐心,3,非诚勿扰
纵观真的一般 但是男女主角都有些人情味在里面 值得看第二遍,3,非诚勿扰
挺贫挺乐,3,非诚勿扰
这是老男人的性幻想吧,3,非诚勿扰
 一年一次的笑料你还要回味一辈子？,3,非诚勿扰
略低于期望值,3,非诚勿扰
错是不错 可总觉得是偷别人东西似的,3,非诚勿扰
其实我没看完，看了好几遍都滞留在他们北海道回来的路上。总觉得就那样完了算了，太认真累。,3,非诚勿扰
几句台词不错,3,非诚勿扰
还算是个贺岁档喜剧。,3,非诚勿扰
"能说啥呢？这种片拿2亿票房，我为其他电影鸣不平啊。哪里对得起票房,要什么没什么，植入那么多广告，这可是大赚了一笔啊，这世道，有些人你不服不行。",3,非诚勿扰
更多是一部喜剧而不是爱情片,3,非诚勿扰
一直没机会看，今天翻出来看看，没想到比我想象中的好。。。里面好多些逗趣又很有道理的话，结尾我还以为邬桑会挂掉。。翻转一下= =看来我太重口味了。。。。囧,3,非诚勿扰
女主角是笑笑 而已,3,非诚勿扰
孽缘啊,3,非诚勿扰
葛优真的老了,3,非诚勿扰
‘舒淇在演她自己，葛优在演他自己，两个人一点都不搭’。舒淇一味的悲伤和忧郁，葛优自顾自的搞笑和逗贫。,3,非诚勿扰
当年是为这个最高票房片贡献了票子的,3,非诚勿扰
只能说葛优是不可多得的喜剧人才，舒淇跟他搭戏毫不违和，冯远征叔叔的演技震慑了我。不论如何，这还是中国喜剧里较为出色的一部。,3,非诚勿扰
只是把年前没看完的继续看了。,3,非诚勿扰
近來喜歡喜劇卻不喜歡完美。臺詞有意思也白癡。喜歡舒淇。美的自然。不管是婚姻或者愛情。非誠勿擾。,3,非诚勿扰
我都不好意思添加,3,非诚勿扰
结尾不自杀我就打四颗星,3,非诚勿扰
就像各种婚恋问题走了个过场。,3,非诚勿扰
......,3,非诚勿扰
前半部對白精煉，主角是四十多歲的男人去相親，題材算是新鮮，可惜後半部倒像戀之風景之類的劇情，特別是不甘心當第三者的怨女的忠貞，缺乏往事的鋪塾，難見情真。,3,非诚勿扰
第二次一个人去电影院 北海道的景色让我鸡皮疙瘩一阵一阵的起...邬桑最后开车那段一直以为要出事,3,非诚勿扰
起码比拼盘的那部电影好看的多，婚姻成为很严重的社会问题，于是，相亲不可避免。但是，相亲不适合所有人，同理，婚姻也不是适合每个人。在没有未来的爱里纠缠着，恍惚间仿佛看到她本人的情感状态。铺天盖地的广告证明它是十足的商业片，没关系，能让人放松的就是好片子。电影大片里的生活总是有距离，动则飞机静则国外某海滩，在这里，回归到了生活。不是一针见血，是层层剥离，情感就这样晾晒在眼前。无法改变的生活，退化的友情，无望的爱情，都需要激情来点燃来释放来改变，当然，忏悔就有点矫情了。没有失望就是好电影，尽管，有点小遗憾。,3,非诚勿扰
三见也中不了情~,3,非诚勿扰
挺做作的一故事，乍看就像已經過氣的網絡小說橋段。,3,非诚勿扰
笑点都很干,3,非诚勿扰
葛优居然也拍这种感情片了，，总觉得看的时候会有搞笑的结局，直到最后也是正常发展，反而觉得不自然了。,3,非诚勿扰
摄影:吕乐,3,非诚勿扰
第一次觉得舒淇这么讨厌。。,3,非诚勿扰
关于舒淇想不开跳海自杀的那个情节，实在很突然，太牵强了~~~也许导演是觉得就那么平平淡淡让他俩好上没什么意思，必须置之死地而后生，所以安排了那么个桥段，很不和谐啊~~~还说呢，21世纪什么最宝贵，和谐~~~,3,非诚勿扰
看到葛优和范伟在玩分歧终端机就没再看下去 太二了。。。一点也不好笑……（没看完所以给个不上不下的评价,3,非诚勿扰
"I HAVEN&#39;T FINISH TO SEE THE MOVIE, I DONT&#39;T LIKE.",3,非诚勿扰
正是由于这部电影，西溪湿地一夜爆红，成为杭州热门景点。,3,非诚勿扰
没想象的好,3,非诚勿扰
想当然不是聪明，也不是有主见，是自我沉迷,3,非诚勿扰
喜欢三姐妹和熊的那段,3,非诚勿扰
2011,3,非诚勿扰
没什么意思，不知道他发明的那个机子干什么使～,3,非诚勿扰
太安静了,3,非诚勿扰
太墨迹了，风光片，葛优很假，舒淇倒不错,3,非诚勿扰
笑笑说：怎么TM叫笑笑,3,非诚勿扰
我是真爱上你了,3,非诚勿扰
还挺有趣的,3,非诚勿扰
落差太大，感觉老葛和舒淇在演两部电影。老冯自我调侃。,3,非诚勿扰
不好看。冯远征演的娘娘腔算是冯小刚眼里的GAY的形象了吧？无奈。,3,非诚勿扰
冯小刚转战一圈回归喜剧。带着大制作的功底，但是却没拍出想落叶归根那样的味道，风景摄影和故事和而为一的东西。,3,非诚勿扰
一点都不搞笑 只是北海道真的很漂亮,3,非诚勿扰
其实我感觉一般啊 到底还是跟我爸妈一起看了。。。,3,非诚勿扰
招商引资来的。话说葛大爷那下嘴唇儿可真够性感的~~~,3,非诚勿扰
吼。冯小刚的东西都挺喜欢的。,3,非诚勿扰
实际可看性还挺强,3,非诚勿扰
冯导这几年是不是在找寻着什么？？【一见钟情，是一种味道】,3,非诚勿扰
散!跟从八楼掉下来的玻璃一样散!,3,非诚勿扰
既不搞笑，也不文艺，两头不讨好。,3,非诚勿扰
哎呀呀，就是喜欢舒淇,3,非诚勿扰
两个人去看，看之前手机被偷了，于是看得心神不宁，清楚记得那是零八年的平安夜前一天╮(﹁_﹂)╭,3,非诚勿扰
听人说还可以，在线看好容易找到，凑和，和以前拍的东西没什么区别，依旧沿袭葛优特定角色定位的个人路线——靠一张贫嘴一副厚脸皮一颗光头把一条件不错的妞。北海道景色到是比剧情更吸引我``冯先生您别骂我,3,非诚勿扰
装逼犯,3,非诚勿扰
除了舒淇 其他没的看,3,非诚勿扰
舒淇好美,3,非诚勿扰
邬桑、舒淇和四姐妹,3,非诚勿扰
6分,3,非诚勿扰
最大的贡献是这个名字。,3,非诚勿扰
一直比较自然，结尾仓促了点,3,非诚勿扰
广告无处不在,3,非诚勿扰
看就好好看吧。千万别想太多。一解构就什么都没剩下了,3,非诚勿扰
哪有你们说得那么烂么，除非你们没看够女人不坏之类的～中规中矩的一部冯氏+葛氏贺岁喜剧片～,3,非诚勿扰
笑点一半很奇怪 一半很要害 能自嘲能胡侃的都是老意思 看中后半段的日式意蕴渐丰 可是又有些羊头狗肉 哑谜跌 莫非一时不能适应。有人作势反广告，我倒觉得挺小乐趣的，类似于数数看的那种游戏，反正露骨得又不难看~  最大的问题，其实莫过于小冯导演的男女三观耶，可惜一时也没人有心思扮敏感,3,非诚勿扰
舒淇真美！,3,非诚勿扰
想评2.5的,3,非诚勿扰
真心拍成了电视剧,3,非诚勿扰
场景和色调不错，其他就～～,3,非诚勿扰
经典台词：天天越狱累不累啊。还有葬礼那段。结尾真扯，不过还有续集我估计也会看,3,非诚勿扰
去影院看了两遍……被迫……,3,非诚勿扰
回归《不见不散》,3,非诚勿扰
我能不能不要脸的说一句：我在梁笑笑角色性格里看到了自己的影子。回味一下觉得不那么好了……,3,非诚勿扰
杭州 北海道 ,3,非诚勿扰
北海道的景还是很美的。,3,非诚勿扰
it hurts,3,非诚勿扰
北海道和以舒淇为中心的众美女们,3,非诚勿扰
冯小刚的得意之作，小投资大收获，但个人认为唔多岩南方人口味。,3,非诚勿扰
10——7分。最初舒淇跟葛优在某饭店里喝酒的戏非常显示演技，可惜越往后演得越差。节奏也偏慢，明显有凑时间长度的嫌疑。整体来说没外界说的那么好看，也不如冯氏过去的几部贺岁片让人有印象，只能说平平又平平。对了，冯远征演得也是不错地，我喜欢。,3,非诚勿扰
一颗星给优美的日本田园景致。。,3,非诚勿扰
舒淇的确不漂亮，可是她安静坐在窗边的样子，真的很美。,3,非诚勿扰
电影院~午夜场？！嘿嘿,3,非诚勿扰
不喜欢舒淇,3,非诚勿扰
中年人才会爱看吧,3,非诚勿扰
对白较贫，冯氏特色，但表烂用,3,非诚勿扰
开头那段相亲……,3,非诚勿扰
山寨电影。。。,3,非诚勿扰
也就那样吧。,3,非诚勿扰
"首先,葛优和舒淇真的不适合演情侣;其次,为啥非要去日本取景啊? ",3,非诚勿扰
风光片+广告,3,非诚勿扰
2009 笑一笑,3,非诚勿扰
给舒淇葛优三星,3,非诚勿扰
没找到主题,3,非诚勿扰
虽然嘴角偶尔会上扬，但几乎没有畅快地大笑过，不过瘾~,3,非诚勿扰
亮点：眼镜娘,3,非诚勿扰
没什么太大意思,3,非诚勿扰
2008年12月31日，北鼻生日，万达电影院。,3,非诚勿扰
其实是部烂片，纯粹的卖嘴皮子了。,3,非诚勿扰
没有期待的可笑。是个路人过多的风景片。还不如幕后的被挖掘的8g吸引人。,3,非诚勿扰
第三排...很动感的位置.,3,非诚勿扰
要结婚的话，如果不能跟爱的人在一起，至少，要是知己。,3,非诚勿扰
说实话，预告片比电影本尊更出彩。,3,非诚勿扰
葛大爷演得不错，蛮对的起平民影帝的称号。,3,非诚勿扰
too much commercial.,3,非诚勿扰
冯导 葛爷 这就是保证,3,非诚勿扰
广告有点多,3,非诚勿扰
葛优的台词，基本句句经典。结尾太差劲了，那个买葛优发明的人怎么觉得就是被赵本山忽悠买轮椅的人。★★★☆,3,非诚勿扰
冯氏幽默,3,非诚勿扰
一贯的水准，一样的搞笑,3,非诚勿扰
比想象中的要强,3,非诚勿扰
除了葛优说话有点逗，其他啥都没了,3,非诚勿扰
模仿的痕迹,3,非诚勿扰
据说是男生都爱看 女生就不怎么感冒 果然我是不觉得好看,3,非诚勿扰
一般,3,非诚勿扰
一般吧。。1、2差不多的差。,3,非诚勿扰
舒淇挺纯的~配上北海道的美景就越发出挑了。。。,3,非诚勿扰
没想象的好,3,非诚勿扰
如果不把它当喜剧挺好的,3,非诚勿扰
更像是段子电影，点睛之笔是老哥们们。,3,非诚勿扰
“真他妈傻，摔成什么样我都得接着”我承认我泪奔了，谁都实诚过，但不是都会遇到”秦奋“。,3,非诚勿扰
其实我就为了方中信。好想去北海道。,3,非诚勿扰
好笑 却没有逃过以前的风格 仍然不自觉的想到了 不见不散等等 还是那个葛优 换了多少个片子 还是同一个人,3,非诚勿扰
当葛优说“我是真爱上你了”，当舒淇跳下去，当邬桑开车开着开着哭了……我深深地靠了。难道这不是一部一盆散沙的电影吗？,2,非诚勿扰
什么TM玩意,2,非诚勿扰
板着脸看完。神马玩意儿。,1,非诚勿扰
我在最后的几分钟，当那个人在车上开始哭起来时，才终于明白了这部片子大概想讲的并不是爱情，而是物欲横流的现代人背后，所欠缺的那份真诚和理想主义，实心眼吧，就像里面所说。不过实在太俗了，遍野都是虚伪浮华的小资气。还在最后强行加一个金融危机的话，真和谐，真多余啊，我日。,1,非诚勿扰
抄袭，滥俗，广告片,2,非诚勿扰
拍的甚嘛玩意儿这是,2,非诚勿扰
你不诚，我不扰。东拼西凑搞这样的电影出来，直接一星。,1,非诚勿扰
没故事可讲的故事,2,非诚勿扰
冯小刚不会拍感情戏，也不会拍风景，搞得跟风光片似的。一个电影光讲几个笑话不能算好电影，全靠葛优撑场才算看完了。现在冯小刚不能没有葛优。给1颗星是因为退步的太厉害，正剧拍不好可以理解，连喜剧都找不到感觉了就没借口了吧？唯一的一个算是有趣的发明还是彭浩翔的主意orz,1,非诚勿扰
挺烂,2,非诚勿扰
看半路我竟然睡着了。,2,非诚勿扰
有那么几分味道，只是剧情太散、太长，故事的连贯性比起《天下无贼》《唐山大地震》都要差很多，有拼凑的嫌疑。,2,非诚勿扰
旧笑话+没意思,2,非诚勿扰
冯小刚那些成功的电影一直是在一种荒诞的语境下进行叙述的，但到这片子就彻底变成了荒唐；除了圈钱和玩票，我想不出这片子有什么意义。,2,非诚勿扰
没多大意思,2,非诚勿扰
爆米花电影，没有好与坏，消磨时间而已,2,非诚勿扰
很多人看见葛优就笑，都成一种习惯了；陈国富的故事，彭浩翔的发明，王朔的语言风格，现实话题的抖机灵……都见证了这部作品的乏善可陈~~,2,非诚勿扰
神马玩意儿~~~~,2,非诚勿扰
我一直在等电影结束...,2,非诚勿扰
庸俗的搞笑，,2,非诚勿扰
别让葛大爷演情感戏.,2,非诚勿扰
操。,2,非诚勿扰
木意思,2,非诚勿扰
别浪费时间去电影院看了！,1,非诚勿扰
扯与作，没说葛大爷,2,非诚勿扰
哎哟妈啊，酸死我了！,2,非诚勿扰
那就不打扰了,2,非诚勿扰
高中观影战果,2,非诚勿扰
都什么玩意啊,2,非诚勿扰
crap,1,非诚勿扰
十分特別格外普通啊...是哪裏來的那麽多好評?,2,非诚勿扰
无趣；鸡贼；冯导不是个好编剧,2,非诚勿扰
不得不说，这是冯小刚近年来最差的电影,2,非诚勿扰
难看 无聊 恶心,2,非诚勿扰
你聪明，但我不喜欢你,2,非诚勿扰
完美诠释“不SB不牛B就是有点装B”,2,非诚勿扰
流水戏,2,非诚勿扰
快进着看的,2,非诚勿扰
烂片 不说了,2,非诚勿扰
电影的魅力就是把一个普通美女变成一天线宝宝,2,非诚勿扰
期望过高，结果就只能给2星,2,非诚勿扰
没觉得好啊，奇怪了,2,非诚勿扰
a piece of trash,1,非诚勿扰
一般般，么感觉有很多可以笑的地方。。。发现某个XS不错,2,非诚勿扰
咋想得安排那么多个厅放,2,非诚勿扰
抄袭，滥俗，广告，东拼西凑，一盘散沙，全片甚至连一个统一的风格和想法都没有。这应该是冯小刚最差的电影，哦，应该是第二差，第一名是：《非诚勿扰2》。,2,非诚勿扰
实在不喜欢这部- - ，不喜欢舒淇，虽然这部片子似乎挺受欢迎，但我看了之后，总觉得就只是一个老男人在相亲，最后意外碰到一个美丽的空姐的故事。挺无趣。,1,非诚勿扰
前半部是爱呼，后半部是恶俗文艺。,2,非诚勿扰
陈国富贡献了征婚启事 冯小刚贡献了私藏段子 可惜这东西根本不算是一部电影 连好莱坞烂大街的资金周转商业片都比这高明一万倍,1,非诚勿扰
我是看vivian的。。,2,非诚勿扰
前面还行，后面真是又臭又长。。。。。,1,非诚勿扰
有够烂,2,非诚勿扰
好吧，我本来以为这片还是有些意思的，结果所谓的“分歧终端机”还是抄的彭浩翔……,2,非诚勿扰
我看的到底是一部电影还是两个小时的加长版广告片？,1,非诚勿扰
前半截相亲很有意思 后半截跳海太没意思,2,非诚勿扰
高成本广告片,2,非诚勿扰
于是，我还在电影院吃过蛋炒饭。,2,非诚勿扰
到底哪逗了，没看出来,2,非诚勿扰
冯小刚傻逼 ,1,非诚勿扰
难看，。。。。。。。。。。。垃圾,1,非诚勿扰
葛优，您太装13了,1,非诚勿扰
支离破碎 平淡无聊,2,非诚勿扰
如果按冯小刚以往的水准打分的话，有没有一星半= =……,2,非诚勿扰
两颗星星都是给风景的。,2,非诚勿扰
看了就会忘记的烂片。。。,2,非诚勿扰
今年国内的大片都犯了同一个错误，念字幕,1,非诚勿扰
原来的冯小刚哪里去啦?,2,非诚勿扰
冯小刚用一种及似自己便溺了的手法硬生生的把一个十分钟的小品拍成了两个小时的电影。还问观众：我拍的好不好看？对此我只想说：qnmd。,1,非诚勿扰
論馮導演的淪落,1,非诚勿扰
俗烂。,2,非诚勿扰
冯小刚贺岁片里比较差的一部，很无聊很没趣，又见华谊华丽丽的明星阵啊！,2,非诚勿扰
乏善可陈，不太靠谱。今后没2亿票房都不好意思跟人打招呼了，经济危机勒不紧中国人民的荷包，你们他妈的可劲儿造去吧,2,非诚勿扰
都叫非诚勿扰了 你也太没有诚意了吧导演……,2,非诚勿扰
真tm浪費錢.幸好不是我出錢,2,非诚勿扰
没看完··,1,非诚勿扰
段子质量不行了啊。,2,非诚勿扰
因为是冯导的，所以觉得不好,2,非诚勿扰
我到现在也不能理解为什么大家都觉得好。一星葛大爷一星舒淇。,2,非诚勿扰
平平淡淡，无聊的情绪泛滥,2,非诚勿扰
笑点抖露的太傻逼了，全是语言。,2,非诚勿扰
i hate 舒淇,2,非诚勿扰
除了一点北海道风光，什么都没看着~最让人失望是，台词一点儿也不经典了……,2,非诚勿扰
除了葛优 没有任何亮点……不就是抄袭爱情万岁吗,2,非诚勿扰
为了范伟加了一星,2,非诚勿扰
太他妈矫情了,1,非诚勿扰
连台词都听不下去。。。,2,非诚勿扰
挺好的电影 被名字带坏了,2,非诚勿扰
不知所云,2,非诚勿扰
陈国富是想学好莱坞策划个经济危机在爱情中的想象性解决不？但经冯导一弄，呈现出的是一台东拼西凑的相声小品晚会。套用《集结号》里的一句话：“炸碎就捏不到一块去了。”当葛优坐着游艇泡着大蜜，钱也不成了问题，草根的“根”也就彻底秃噜散了。,2,非诚勿扰
基本上属于没有创意，没有想法，没有笑料的贺岁片。太让人想到《征婚启事》了，幸好有葛优撑场，邬桑是一亮点，舒淇身材一如既往得好。每次笑得很开心的时候，导演就给你来上一壶，看得心很累；每次葛优的笑容爬满脸上，强大的孤独感就会渗进心里，刀枪blue.,2,非诚勿扰
没意思的很，有点愚乐大众了,2,非诚勿扰
盛名之下，不过如此,2,非诚勿扰
这片讲了个什么故事？葛优别拍爱情片了,2,非诚勿扰
掐头去尾 算是个喜剧,2,非诚勿扰
学校组织 高中也没怎么去电影院看过电影 也没怎么看过中国电影 其实压根就不怎么看电影 所以当我在电影院里听到【性冷淡】这三个字的时候 我受到了极大的冲击 中国电影...不...是广电总局已经开放的这种地步了吗！,2,非诚勿扰
非常没感觉   完全没笑点,2,非诚勿扰
实在是够无聊的,2,非诚勿扰
糊里糊涂的。。我妈倒是挺来劲儿。。。,2,非诚勿扰
相个亲也能矫情出个电影来,2,非诚勿扰
如果要写婚姻时代的困窘和茫然，又何必要做出文艺清高的语调。,2,非诚勿扰
假感情 落伍了,2,非诚勿扰
5星那些人是怎么想的=..=难道没人跟我一样觉得这片儿编剧编得很烂么?!冯小刚你改名儿叫冯江郎了吧!,2,非诚勿扰
又一中年片。为啥不拍一侦探系列片，把葛优那点啰嗦和幽默用上。,2,非诚勿扰
谁他妈跟我说这是喜剧？为什么只要舒淇一讲话我就开始哭。。。,2,非诚勿扰
真恶心。,1,非诚勿扰
莫名其妙,2,非诚勿扰
最后那段中信证券真是太雷了。,2,非诚勿扰
没劲,2,非诚勿扰
目前为止冯小刚最差的一部,2,非诚勿扰
延续的冯导而已，这类作品《不见不散》已经是冯导无法企及的高峰了,1,非诚勿扰
邊手縫邊看的片，挺輕鬆挺靠譜的娛樂片兒,2,非诚勿扰
不知道好在哪 除了舒淇,2,非诚勿扰
不知道这种烂片分怎么那么高,2,非诚勿扰
我没用笑。,1,非诚勿扰
理解不了，也不好笑，始终不明白人怎么会自己走路走成这样，不同情不欣赏更没任何感觉，负责的人对自己首先要负责,2,非诚勿扰
太商业.,1,非诚勿扰
正文无聊，闲笔写意,2,非诚勿扰
13 出来北海道的风景 都是烂货...,2,非诚勿扰
这是旅游片么…剧情很散乱，就会耍贫嘴。,2,非诚勿扰
没感觉,2,非诚勿扰
冯小刚电影里面我最不喜欢的就是这个烂片~,2,非诚勿扰
文艺的调调里掺了葛大爷怎么看都不对味啊..,2,非诚勿扰
全是商!  $给1星.,2,非诚勿扰
烂，但让我不爽的是我竟然还花了钱……,1,非诚勿扰
冯小刚的东西越来越垃圾了，这是不得不承认的。之前的夜宴是一次纯粹的拙劣跟风，这回回归叙事喜剧了，但拍得不伦不类，爱情和喜剧交杂在一起，剧情也十分无聊，台词虽然还是一贯的逗贫，但经典程度和搞笑效果都和之前差太远了。可以看出来片子越来越功利，所涉及的一些当前热点也只是呼应一下电影院中的观众，没有长久生命力，炒作越来越凶了，可悲。,2,非诚勿扰
最不搞笑的冯氏贺岁片,2,非诚勿扰
无聊+假！！！,2,非诚勿扰
就连分歧终端机都是抄《AV梦工厂》里的，你还有什么好说！,2,非诚勿扰
公款旅游,2,非诚勿扰
模仿作。,2,非诚勿扰
北海道觀光部門感謝您。,2,非诚勿扰
属于自己明白但没给人讲明白,1,非诚勿扰
电影本身值一颗星，葛优再值一颗星。,2,非诚勿扰
本片是冯小刚等人拿着投资方的钱拍了一路家庭录像拼接而成。回国后将家庭录像重新剪辑，卖个全国大众观看。,2,非诚勿扰
除了喜剧 我根本不懂爱情,2,非诚勿扰
╮(╯_╰)╭只是葛优说话有点好笑，烂片,2,非诚勿扰
她有时像笑笑,2,非诚勿扰
其实，我真不觉得这片儿有啥可乐的地方…,2,非诚勿扰
本来想勉强给个三星的，但是鉴于跟着本片又出了个三俗的节目，过在不赦，就给两星了。,2,非诚勿扰
"除了漂亮的风景和火辣的秘书,一无是处",2,非诚勿扰
"二逼片,看在舒淇和大波女秘书上,多给一颗星",2,非诚勿扰
一点也不好笑。冯就喜欢拍这种暧昧片，从《一声叹息》、《手机》就是。看来的确需要电影分级制度。,1,非诚勿扰
冯式幽默江郎才尽了。,1,非诚勿扰
散乱。最近看冯导在一个谈话节目中供认，这是他那一代糙老爷们梦想的投射。诚哉斯言。,2,非诚勿扰
无才无德无气量，奈何天朝有土壤，投机倒把捞票房，国师巨导美名扬。七条微博喷粪汤，誓为婊子争牌坊，丧心病狂缝小肛，送君一星做狗粮。,1,非诚勿扰
没啥意思，段子不多。,2,非诚勿扰
就是编剧实在太烂了.~给两个都是给的舒淇华语女演员的顶尖台词功底的。,2,非诚勿扰
为了看北海道才下的，后面忍不住快进了,2,非诚勿扰
我怎么会没有点评..那正反打的镜头啊我却。不过跳水内段被老贾总结为什么象形蒙太奇还是可以借鉴的 我恨无比强烈毫无艺术感的软广告= =,2,非诚勿扰
冯小刚讲故事的能力也下降了。,2,非诚勿扰
江郎才尽？,2,非诚勿扰
真是无聊啊。这配乐该去死！,2,非诚勿扰
我特讨厌舒淇。偏偏我的朋友们很喜欢她的电影。,2,非诚勿扰
真的是很闷！,1,非诚勿扰
都说了非诚勿扰了嘛,2,非诚勿扰
矫情。2011.02.12.,2,非诚勿扰
两星是给美丽的北海道！PS：不打算看第二部了，原因有品味的人都知道！,1,非诚勿扰
巨型广告片,2,非诚勿扰
烂到可以看一下的地步，还没烂到必看的地步,2,非诚勿扰
垃圾，本想打一星的，不过好歹跟我家小妞电影院看的，有她所以加一星。,2,非诚勿扰
一点都不好……冯小刚还会不会讲故事了？！如果不是因为北海道的风景那么美，我一定要打一星！,2,非诚勿扰
刚看完青春梦工厂  发现冯小刚你原来抄袭功力有点厉害啊   那时候我还在被窝里看这部电影看了三遍 谁年轻的时候没有傻逼过 2011.9.14 23:00,2,非诚勿扰
烂,1,非诚勿扰
乱七八糟的一堆故事。。。,1,非诚勿扰
很做作，太用力，你要全篇那么搞笑我还认了,2,非诚勿扰
笑了，但也仅此而已,2,非诚勿扰
骗钱de,2,非诚勿扰
无聊至极。故事太差。,2,非诚勿扰
多给一颗星是给葛优的，剧本太差。,2,非诚勿扰
还能更无聊点么 ==,2,非诚勿扰
你还可以更肉麻一些.没关系的.,2,非诚勿扰
不好笑，冯导要对我负责任,2,非诚勿扰
耍嘴皮。,2,非诚勿扰
看热闹,1,非诚勿扰
没劲,2,非诚勿扰
当第二顺位的教科书,1,非诚勿扰
如果不是开头就倒死我胃口的话,2,非诚勿扰
还不如夜宴呢。。。,1,非诚勿扰
找个实在的，非诚勿扰,2,非诚勿扰
以为是喜剧来着，没想到是爱情片。。。 而且话说为什么英文标题是If you&#39;re the one...,2,非诚勿扰
骗钱之作，半部旅游宣传片……,2,非诚勿扰
笑笑这样的率性mm，现在也只有在电影里。,2,非诚勿扰
很无聊尤其中后段,2,非诚勿扰
多打的一星给葛大爷。舒淇回去唱你的干你娘的车巴好了 别现眼 ,2,非诚勿扰
个人认为，冯的电影里最差的一部。,2,非诚勿扰
就当是看风景吧,2,非诚勿扰
像水一样淡淡地流过,2,非诚勿扰
冯小刚的贺岁愈发符合中年男性的口味了,2,非诚勿扰
欢迎24位女嘉宾登场,1,非诚勿扰
小三从良……记么？好吧我承认我看得很闷,2,非诚勿扰
风景+广告+北京爷们儿耍嘴皮子,2,非诚勿扰
无聊的剧情 有趣的对白,2,非诚勿扰
不仅抄袭彭浩翔的创意，剧情还他 妈 像坨屎，我真不明白这么无聊的片子有什么意思，那帮给5星的脑残都是我孙子,1,非诚勿扰
都是什么神人给五颗星啊？,2,非诚勿扰
冯小刚你怎么了！！？,1,非诚勿扰
备忘Mark。差点没拼成Fuck！PS：除了吕乐的摄影还不错。,1,非诚勿扰
冯小刚最缺诚意之作，不如看看风光片和去BBS-Humour版考古过期帖,2,非诚勿扰
哎~~可怜的 av,2,非诚勿扰
我一直不明白为嘛此电影陆续看过无数次我都不能完整的看完……,2,非诚勿扰
真不喜欢。。,2,非诚勿扰
相当失望,2,非诚勿扰
冯小刚沦陷,2,非诚勿扰
我一直在等电影结束...,2,非诚勿扰
当年冲着葛大爷去看的,1,非诚勿扰
一颗星是打给导演那张脸的。,1,非诚勿扰
北海道很漂亮 除此一无是处 ,1,非诚勿扰
12月31日骗走我160元,2,非诚勿扰
像不见不散，可是差太远！我狠狠心，给个两星！,1,非诚勿扰
lan。。。,2,非诚勿扰
这片当时叫好声一片，但是我和老公就是没看出什么名堂来。最后总结为：此曲只应凡间有，神仙眷侣不听闻~ 哈哈哈~,2,非诚勿扰
当年看着电影出去抽烟了,2,非诚勿扰
看了两个礼拜都没看完- -  ,2,非诚勿扰
什么鸟剧情,1,非诚勿扰
没诚意,2,非诚勿扰
蠢,2,非诚勿扰
太难看了 侮辱我智商..,1,非诚勿扰
不知所云,1,非诚勿扰
无聊到没看完 ,1,非诚勿扰
有葛优总有亮点，总还搞笑。只是电影其他的，毫无印象。,2,非诚勿扰
也就比海角七号强点,2,非诚勿扰
小三多作怪，广告凑热闹。看得心好累囧。,2,非诚勿扰
真没意思,2,非诚勿扰
整部片都是葛优和舒淇在对白 没意思 ,2,非诚勿扰
冯小刚完全是抄袭！！！大家去看看彭浩翔的青春梦工厂。里面分歧终端机那段是一模一样的，连道具和名字都是一样的额，鄙视冯小刚！！！,1,非诚勿扰
没找着笑点……,1,非诚勿扰
堪比夜宴水平的冯氏烂片,1,非诚勿扰
非诚勿扰，就是警告一个叫非诚的人，不要随便扰民！后来这个叫非诚的改名叫二马小刚了。,2,非诚勿扰
十分制也就值三分。四舍五入吧，便宜冯了。,2,非诚勿扰
多么中年男人视角的电影啊。既看不上这样的男人，也看不上这样腻腻歪歪的女人。M那个手机挺好，从它我能讲一个比这电影更有意思的事儿,2,非诚勿扰
这种大杂烩，就是价值观单一的风景片,2,非诚勿扰
问题是还有那么多人觉得好看而且感动的不行！,1,非诚勿扰
风景片儿版的赵本山耍嘴小农小品,2,非诚勿扰
挺没劲的,1,非诚勿扰
感想同非2,2,非诚勿扰
纯广告片！！,2,非诚勿扰
太骚瑞了,1,非诚勿扰
不喜欢,2,非诚勿扰
难看透了！,1,非诚勿扰
2+ 这些四星五星都是怎么给的……,2,非诚勿扰
我发现我看过的烂片还真不少 也是电影院    旁边坐了特殊的人但依然不能消除我心中对此片的恶心感,2,非诚勿扰
这两星完全是给杭州的,1,非诚勿扰
一半明媚一边忧郁啊，冯导偶问候你的二奶！一句话总结《非诚勿扰》大概就是：小三心中苦，备胎用情深。,2,非诚勿扰
真的是很烂很烂。。。,2,非诚勿扰
。,1,非诚勿扰
真TM一坨shit，分歧终端机还抄的彭浩翔的段子。,2,非诚勿扰
剧情都忘了。。。,1,非诚勿扰
一颗给舒淇一颗给向日葵地,2,非诚勿扰
冯小刚现在又狂又次，活该你得花柳,2,非诚勿扰
次奥，无聊爆了。,1,非诚勿扰
好闷 剧情很松散...如果没有舒淇我连10分钟都坚持不了...,2,非诚勿扰
从影片的第一秒开始，我怀疑难道是一部电视剧？到了影片的最后一秒，我确信这的的确确是一部电视剧,2,非诚勿扰
太没劲了,1,非诚勿扰
不得不说冯导实在不是一个合格的编剧 而这部电影过后 已经没有那个大陆导演让我期待了。。。,2,非诚勿扰
风景贼好看,2,非诚勿扰
很同情那拨说这片子很好的人。。。还跟我争，我气坏了！,2,非诚勿扰
我的miumiu,1,非诚勿扰
烂片。困了。,2,非诚勿扰
不明白这样的一个春节晚会小品串联为什么能赚这么多钱？,1,非诚勿扰
看了一半死活找不到笑点,1,非诚勿扰
骗钱＋世纪雷片,2,非诚勿扰
垃圾,1,非诚勿扰
狗血爱情,2,非诚勿扰
说实话，我没看懂……不是因为太有深度没看懂，而是真不知道怎说什么——最后的印象是，风景真好,2,非诚勿扰
真的觉得不好看啊！葛大爷太丑了！他每次亲近舒淇的时候就像猪在拱白菜，我一下子就出戏了！我真是个肤浅的人！,2,非诚勿扰
天呐，我那是增票进去滴~,2,非诚勿扰
就当风光片看看吧，其他实在是乏善可陈,2,非诚勿扰
无聊,1,非诚勿扰
肉麻当有趣，骗我时间,2,非诚勿扰
只有开头.没有结尾.,2,非诚勿扰
一般,2,非诚勿扰
好无聊啊好无聊,2,非诚勿扰
离开了编剧的冯小刚开始捉襟见肘，公路片被拍成了一个个烂段子，而且做作无比，一点也不好笑。,1,非诚勿扰
终于看到分歧终端机是抄谁的了。,2,非诚勿扰
电影院看的 花我大洋 失望 以至于现在没法提起兴趣看2.,2,非诚勿扰
不喜欢冯小刚。,2,非诚勿扰
非诚勿扰，怎么可能,2,非诚勿扰
回北京的动车上补。大概就没打算讲故事。1.5,1,非诚勿扰
我一点儿都没有被感动……怎么办哪……,2,非诚勿扰
冯小刚江郎才尽？,1,非诚勿扰
一个小三的故事。,2,非诚勿扰
庸俗＋肉麻，真不知道拍这个电影干嘛？！！,1,非诚勿扰
好歹也是和老妈一起看的，加1颗星,2,非诚勿扰
基本没意思 扯淡片,2,非诚勿扰
烂片~~~就知道迎合,2,非诚勿扰
我真不觉得好笑诶,2,非诚勿扰
為了性感的舒淇……,2,非诚勿扰
喜剧不够爆笑，文艺片又拍不出那个范儿。失败。,2,非诚勿扰
一般的不能再一般。。,2,非诚勿扰
剪辑有点弱 剧情有点弱 但最弱的还是配乐,2,非诚勿扰
不知道要干什么。舒淇的大腿仍然嗷嗷好看。,2,非诚勿扰
恶心的一米,2,非诚勿扰
冯小刚的堕落,1,非诚勿扰
我草泥马啊能不能现实点别装13装小资。根本就是抄台湾的征婚启事,2,非诚勿扰
抄袭片！,1,非诚勿扰
乱七八糟的风景宣传片……,2,非诚勿扰
真火啊，居然周末票都售罄，排到23点10分，看得我一直眼皮打架，一上来的噱头就是抄袭彭浩翔的Av梦工厂，顿无好感，往下看到陈国富的名字出现在故事与监制栏里，于是葛优的征婚实在很难让人不联想到陈10年前的成名作《征婚启事》，同性恋卖墓地等等笑料自然是炒炒人家的台湾冷饭，倒是老百姓们还是钟爱冯葛搭档，个个笑到抽筋，我中途还睡去5分钟，舒琪十分不适合这个装B的冷美人角色，台词也是过分的京味瞎贫，幸好葛大爷一流的演技撑起了全剧，无论如何反正图个贺岁的乐，强过无耻披着文艺外衣的马匹屁片梅兰芳。,2,非诚勿扰
珍爱生命，远离国产电影！！,2,非诚勿扰
感想：北海道风光不错。范伟很搞笑。范伟秘书不错。,2,非诚勿扰
咱不带这么忽悠人的。,2,非诚勿扰
一路走好！,1,非诚勿扰
完全不明白这片子的主线好在哪里……,1,非诚勿扰
十年前觉得可以打一星，现在看屎都不如,2,非诚勿扰
这搞笑不足啊~,1,非诚勿扰
好着呢,2,非诚勿扰
除了耍嘴皮子，还是耍嘴皮子...,2,非诚勿扰
我说一无是处会被说是装逼伐？,2,非诚勿扰
范伟。。,2,非诚勿扰
sb,2,非诚勿扰
首先，剽窃彭浩翔，而且剽窃的虽前后呼应但中间13不靠。其次，前面是喜剧片后面是文艺片，而且是糟糕的文艺片。最后，葛优老师，您下次演戏能不能换个调调？,2,非诚勿扰
我就给北海道风景和温泉各一星！,2,非诚勿扰
2分完全是给葛优的那场哭戏，剧本烂透了,2,非诚勿扰
日本风光纪录片,2,非诚勿扰
只是没有勇气。,1,非诚勿扰
烂片一部。反正我是不懂这部电影存在的意义，要表达什么？完全胡编乱造凑时间。,2,非诚勿扰
不伦不类，莫名其妙，恶心做作，浪费时间！,1,非诚勿扰
风光片啊,2,非诚勿扰
3次。,2,非诚勿扰
广告太多。娘的，当个小三还理直气壮的！,2,非诚勿扰
20090208,2,非诚勿扰
分歧终端机是彭浩翔的发明吧~,2,非诚勿扰
非诚就别上映,2,非诚勿扰
喜你个头，只有moto的旋转新机让我惊叫下，您怎么就没劲了呢？我都没看完就困了。,1,非诚勿扰
广告大片啊~,2,非诚勿扰
别人折磨你，你又折磨我，这就是命中注定,2,非诚勿扰
这片儿纯属蒙钱，去电影院看你就太二,1,非诚勿扰
个人感觉很无聊的片子……浪费时间啊……,1,非诚勿扰
太TMD烂了，冯小刚这大忽悠！！,2,非诚勿扰
我都不知道该怎么吐槽了= = 这片子就跟结尾曲一样都是瞎拼乱凑到一起，真是走出了自己的混搭风格哈哈哈哈哈哈。,2,非诚勿扰
舒淇说话那个腔调啊……,2,非诚勿扰
无聊嘛,2,非诚勿扰
哎～ 不是我那杯茶～,2,非诚勿扰
冯小刚装嫩，方中信装忧郁，舒淇•••••他妈连句普通话都不会说。情节一丁点笑点都没有，秦奋的性格是我最讨厌的，还以任性为美••••••烂片乎！,1,非诚勿扰
那个卖灵位的女人出来之后，这片子就变得一点都不好笑了，完全的流水账，硬演出来的温情，我能看到结局是因为我一直以为后面有亮点，结果越来越糟糕,2,非诚勿扰
不喜欢。不搞笑。,1,非诚勿扰
葛優的對白頗為搞笑~！,2,非诚勿扰
就是不喜欢  ,2,非诚勿扰
没啥亮点可说,2,非诚勿扰
看的是被切掉过的盗版碟……没办法只能给个两星,2,非诚勿扰
我是真的觉得不好看,2,非诚勿扰
头一回没看懂大陆片！不过还是深刻了解了植入广告的营销战略。道听途说，华谊兄弟只为这片子投了500万银子。,2,非诚勿扰
无聊,2,非诚勿扰
福州，新年第一部电影。,1,非诚勿扰
晚节不保？,2,非诚勿扰
无聊的一腿,2,非诚勿扰
还是有些真诚的东西，但是植入式广告太多,2,非诚勿扰
非常没有诚意的电影，强烈 不 推荐！,1,非诚勿扰
这种片基本上让理工科的兄弟们看完会觉得自己很愚蠢，因为完全搞不懂电影的内在逻辑。,1,非诚勿扰
烂片。,2,非诚勿扰
从头到尾都没笑出过，原来这不是喜剧片，是部爱情片，可作为爱情片这男主角寒颤点。作为北海道的旅游宣传片还是很适格的。,2,非诚勿扰
葛大爷说舒淇有种弱不禁风的气质。,2,非诚勿扰
最长的广告大串烧,1,非诚勿扰
娱乐片，玩玩而已。,2,非诚勿扰
舒淇很好，葛优也不错，北海道很好，摄影也很好。可惜为了看这部片子，害得我感冒了，立马就不爽了。再加上抄袭AV的分歧终端机。给你两颗星都算我对的起你了。,2,非诚勿扰
我可能是对这个题材不感冒吧 是在看不下去了,2,非诚勿扰
所谓的贺岁片。久仰。够无趣的。葛优这爷们儿现在能演的就自己了。,2,非诚勿扰
舒琪跳海特別減一顆星,2,非诚勿扰
抄袭拼盘加广告，迷糊愚昧可悲的中国人。十足垃圾！,2,非诚勿扰
bullshit...,2,非诚勿扰
笑点不仅不好笑而且很低俗。,1,非诚勿扰
Hotel stuff,2,非诚勿扰
"最开始看了中间一段还蛮期待的,看完了全片却很失望...",2,非诚勿扰
这两个人怎么这么不搭啊...,2,非诚勿扰
葛优的北京腔越听越烦,2,非诚勿扰
我把话放这儿，他这一页你是还没有翻过去，一旦翻到新的这一页，你照样会一心一意。,2,非诚勿扰
有钱就可以拍风光片了呵。戏差谁也没辙。剪得太松散。要不是北京市供电局停了两次电，一次精彩的剪辑都没有。节奏差。没戏剧结构。讽刺隔靴搔痒。关雅荻也不知道夸什么，他们公司发行的么。,2,非诚勿扰
结构很松散很松散，葛优还是好笑的。舒淇演技是用力的，北海道是美的！！！,2,非诚勿扰
顶多也就值这点分！,2,非诚勿扰
你凭什么拿最佳导演,1,非诚勿扰
冯小刚很能讨巧。,2,非诚勿扰
冯小刚不会拍感情戏，也不会拍风景，搞得跟风光片似的。一个电影光讲几个笑话不能算好电影，全靠葛优撑场才算看完了。现在冯小刚不能没有葛优。给1颗星是因为退步的太厉害，正剧拍不好可以理解，连喜剧都找不到感觉了就没借口了吧？,2,非诚勿扰
神马玩意儿啊，为了看2还要先看1。,2,非诚勿扰
剧情超牵强~~~,2,非诚勿扰
我想笑但是笑不出来,2,非诚勿扰
葛优演，不合适吧,2,非诚勿扰
不管怎么说，没圆就是没圆。,2,非诚勿扰
我怎么觉得这么难看,2,非诚勿扰
除了开头有范伟的一段还比较冷幽默以外，其余就是标准的风光导游片了。。。,2,非诚勿扰
把好几个品牌拉过来，串成一个故事的广告。,2,非诚勿扰
看之前听太多人夸奖这部片子 所以抱的期望有点儿大 但可惜和我的价值观不符 没有被感动,2,非诚勿扰
隔靴搔痒,2,非诚勿扰
不像传闻的那么好笑，看得很失望,2,非诚勿扰
垃圾！ 冯小刚你是收了杭州市政府多少钱？！,1,非诚勿扰
一直睡，最后被邻座推醒,1,非诚勿扰
日本旅游风光片~ ,2,非诚勿扰
无聊…,1,非诚勿扰
失望之极,2,非诚勿扰
Not convincing at all. There&#39;s no way 笑笑 would fall for someone like 秦奮.,1,非诚勿扰
胡拼乱凑之烂作，剧情老套，让人花钱看广告，不值。,2,非诚勿扰
剧情有点莫名其妙，这回故事没说好，而且配乐也很突兀,2,非诚勿扰
不靠谱。大龄青年征婚指南,2,非诚勿扰
有钱人征婚泡妞玩儿呗。,2,非诚勿扰
真烂 我还以为可以看看呢,1,非诚勿扰
当时也跟着笑了，不过，这种电影，一次管够，没有任何欣赏意义。而且，一直觉得主题很世俗。,2,非诚勿扰
38,2,非诚勿扰
贺岁片当然可以这样烂,2,非诚勿扰
分歧终端机...浩翔哥也有这么一机器啊,1,非诚勿扰
笑点缺失…,2,非诚勿扰
那段同志内容让我极不舒服 广电总急的剪子遇见冯导就不使了么 就由着他这么误导大众？,1,非诚勿扰
在巴士上放,2,非诚勿扰
一分都不想给,1,非诚勿扰
他们都沧桑了,2,非诚勿扰
不是我对冯小刚有成见,2,非诚勿扰
我还是非常不欣赏冯氏幽默。,2,非诚勿扰
葛优和舒淇的搭配十分奇怪,2,非诚勿扰
浪费时间啊,2,非诚勿扰
不为爱情，为友情感动。。,2,非诚勿扰
是葛优在撑场子,2,非诚勿扰
就那小秘。。。,2,非诚勿扰
看完记不住 居然两个多小时...你以为是电视剧呢,2,非诚勿扰
08年看过的最烂片,1,非诚勿扰
故作高深幽默的对白也挽救不了这个单薄的故事。口碑这种最东西也并不是那么可靠。,2,非诚勿扰
"冯导在向十全九美不断向前的道路上,为中国以及友邦的广告事业做出了不可磨灭的贡献//强烈推荐把那个争端机作出来当周边卖,和彭浩翔四六开",2,非诚勿扰
烂啊，烂，烂啊，烂，就这样重复下去吧。,2,非诚勿扰
电影频道播了四五遍才看完……磨叽无聊……,2,非诚勿扰
081222 非常反感明目张胆的插入式广告，整个片子做的如旅游风光片。不过葛大爷还是魅力依旧滴,2,非诚勿扰
在电影院里睡得很香,1,非诚勿扰
那时笑笑坐在车里，看着窗外北海道的风景，阳光轻轻洒在她的脸上，我第一次觉得舒淇是美的，那是一种慵懒的，静静的，还带一点忧郁的美。（PS：至于整个电影其他部分都是shit）,2,非诚勿扰
已经可以和张艺谋的电影相媲霉了,2,非诚勿扰
两个星给开头的征婚广告,1,非诚勿扰
"风景美,葛优一如既往地耍贫嘴逗闷子,但剧情实在很肥皂",2,非诚勿扰
那个分歧终端机到底怎么回事？是不是抄袭？,2,非诚勿扰
屎片,2,非诚勿扰
护舒宝一星伺候,1,非诚勿扰
2颗星给葛优的那段征婚启事,2,非诚勿扰
那些征婚片段还可以,2,非诚勿扰
是谁说好看的？,1,非诚勿扰
星星全是给舒淇的,2,非诚勿扰
这部片后期最大的影响力就是江苏卫视推出了同名相亲节目。,2,非诚勿扰
。。。。。莫名其妙我也不知道哪好了 那个时候炒的这么火= =很一般很一般很一般啊= =。。。。。。。。。。。。。。,2,非诚勿扰
哪个傻逼拍的 ,1,非诚勿扰
冯导真的不适合假正经拍纯爱片,1,非诚勿扰
两星只是个人评价。全场未笑一次。,2,非诚勿扰
1 Jan 2011。我发现这怎么着它陪伴我过了又一个孤身寡人的新年它真的还不如第二部一直拖着才看完尤其结尾忒不给力我说不过我也萌生了去相亲吧的念头。,2,非诚勿扰
我妈说她觉得特别好看,2,非诚勿扰
凑,2,非诚勿扰
商业片 看个热闹,2,非诚勿扰
一颗星给葛大爷,2,非诚勿扰
2人看的,1,非诚勿扰
除了姑娘和景就没什么好看的了。和大伙尤其是alan和十一一起看才是重点。,2,非诚勿扰
无聊,2,非诚勿扰
7.0分太高了,2,非诚勿扰
磨磨唧唧的，好无聊,2,非诚勿扰
除了一开场那个黑框OL令人心旷神怡之外……就剩下对白和莫名其妙,2,非诚勿扰
导演想去北海道玩了。,1,非诚勿扰
什么玩意儿！！！,2,非诚勿扰
先看的书，后看的电影。只能说这是部在商业上运作很成功电影。舒淇的表演做作，让人看得与书中那个形象差得很远。所有的故事看起来都很矫情，不喜欢，不喜欢。很怀念冯小刚的【甲方乙方】。,2,非诚勿扰
又是一部看了1就不打算看2的片,2,非诚勿扰
情节太一般，老葛的冷幽默用来调剂的话效果会很不错，若是长篇大论的话就有点让人反感了；虽然影院里不时地暴出浅薄的笑声，但我从头至尾仅仅真实的笑过一次：当我看到那只上发条后就眉飞色舞的脸谱的时候。,2,非诚勿扰
冯小刚的电影我其实就看过两部，夜宴和大地震，两部看过的我都打一星，没看过的也都打一星。,2,非诚勿扰
精华广告小品剧,1,非诚勿扰
葛大爷要撑起一部片子不容易吧。,2,非诚勿扰
第一部让我在电影院睡着的电影,2,非诚勿扰
这是一个什么基拔故事，舒淇在里面真让人讨厌，从头到尾板起脸，真他妈刻意，完全感受不到角色该有的情绪，只看到矫揉造作和故作悲伤,2,非诚勿扰
真没看懂…葛大爷配舒淇太怪了…广告植入做得太差了…简直就像广告剪成的电影…,2,非诚勿扰
不晓得有啥好看的,2,非诚勿扰
开始还比较紧凑，后来就脱轨了~~,2,非诚勿扰
全仰仗几个绝妙段子,1,非诚勿扰
公司培训住在酒店里，翻点播单翻到了以前看过的这个，这种电影。。。。有啥意思？,2,非诚勿扰
作为贺岁档满成功的,2,非诚勿扰
如果说不靠谱的浪漫以及北海道旅行需要什么基础的话，可不可以说，这基础是某人失败的投资？英镑变日元，真心想跳海的人，应该是他吧！,2,非诚勿扰
在我看来，无非是剧组想找个出国旅游的机会,2,非诚勿扰
《非诚勿扰》前面喜剧的快速相亲不错，可惜逆行成后面北海道那慢悠悠的调，看得真难受。,2,非诚勿扰
既抓不到笑点也抓不到泪点，就一白开水片儿啊……,2,非诚勿扰
垃圾电影。不过金葵花卡是我的目标,2,非诚勿扰
喜剧就是喜剧，有葛优就是喜剧，干嘛说什么爱情啊~没劲,2,非诚勿扰
"景是很美啦;但冯小刚你就是不适合拍爱情,承认吧,太作了",2,非诚勿扰
实在有点无聊,2,非诚勿扰
要給私人訂製打分才發現這套居然漏了標記..幾乎已經忘記觀影感受進而受該導演愈漸低劣質感的影響而給出低分算不算不公正呢？,2,非诚勿扰
给一颗星纯粹是因为没有更少的了。,1,非诚勿扰
想看非2才来看的非1，结果看完1后连2都不想看了！这不是糟蹋咱葛大爷嘛！,2,非诚勿扰
大概是给中产的中年人拍的。本人无感。,2,非诚勿扰
不过并不算是冯小刚影片中最经典的。,2,非诚勿扰
希望越大，失望越大,2,非诚勿扰
不会讲故事的广告片,2,非诚勿扰
一声叹息,1,非诚勿扰
格调低而且笑点不高。,2,非诚勿扰
真一般的商业片,2,非诚勿扰
模仿彭浩翔的分歧终端机 完全没必要嘛,2,非诚勿扰
看的我睡着了...冯导 您杂不搞笑了呢,2,非诚勿扰
