中国最nb的片,5,疯狂的石头
最可贵的一点是没把观众当傻子。国内电影都指着这样儿拍就行，嗯,5,疯狂的石头
学大烟枪学Snatch学得很足嘛..套了国风的外壳，很多内容（比如杀手的山寨货等等）也符合国情，就是画面欠点火候.黄渤为本片中最亮眼的配角.,5,疯狂的石头
从这部开始爱上黄渤,5,疯狂的石头
聪明的宁浩，能走多远？,4,疯狂的石头
国内好电影,5,疯狂的石头
难怪老外会看不懂。重庆话版太接地气啊，简直笑死爹了～～～～～～～～,4,疯狂的石头
重温。别说，这片还真能经得住考验，也不是简单一句模仿盖里奇或多线叙事就能概括的。特别里面几组的人物都不仅仅是作为结构故事制造笑点等功能性的存在，而是几乎每位出场人物塑造的有头有尾性格鲜明紧扣主线笑果突出，还贴近生活反映现实，这就很难得了，在这方面石头其实做的比烟枪还要好点。,4,疯狂的石头
真好玩,5,疯狂的石头
真大很有趣,4,疯狂的石头
有技巧的娱乐片,4,疯狂的石头
故事情节环环相扣，演员都特别棒！黄勃真是，太抢眼了！,5,疯狂的石头
很精彩，算是里程碑式的作品，带火了同类型的各种电影好几年经久不衰,5,疯狂的石头
算比较经典的黑色喜剧片了，影帝真不是盖的,5,疯狂的石头
虽然有《两杆大烟枪》的影子，但仍然是中国最优秀的多线叙事电影之一。,5,疯狂的石头
不是那种冲着观众卖力吼着 笑啊 你笑啊 的电影 是实实在在的搞笑,4,疯狂的石头
宁浩式经典喜剧之一，幽默的不肤浅,4,疯狂的石头
你问我这片看什么我告诉你看世情。,5,疯狂的石头
这部片子出色的原因不是这个剧本有多牛逼，《两杆大烟枪》的整体思路在前，宁浩所做的只是好好地拷贝；但他把盖·里奇那阴冷的伦敦范儿完美地转化成了火辣的重庆味儿，这才是关键。,5,疯狂的石头
这才是成功的中国影片,4,疯狂的石头
节奏超级紧凑，一环扣一环，黄渤太搞笑了，宁浩差不多是年轻一代最有才华的导演,4,疯狂的石头
黑色幽默，发人深省,5,疯狂的石头
"故事情节错综复杂, 无厘头的搞笑中,看出小人物的辛酸。",4,疯狂的石头
这天生日。掌门请我们一共七个人在万象城贵宾厅躺着看的。很奢侈，很舒服，谢谢她和我的朋友们。,4,疯狂的石头
很不错的电影，从这里认识黄渤的，很有才的一个人！,4,疯狂的石头
宁浩的经典喜剧，演员选的真好，形象贴合。演技都很棒，好玩搞笑。,4,疯狂的石头
"本片以极小的成本，生动地讲述了一个黑色幽默的故事。",4,疯狂的石头
真的挺不错的，幽默又不失深意的一部作品！各个角色都很有特点！,4,疯狂的石头
巧妙的故事，绝妙的配乐，不俗的剪辑。 　,4,疯狂的石头
问我为什么那么喜欢黄勃，无条件的去支持他的电影，就是因为疯狂的石头啊,5,疯狂的石头
群像诙谐而精彩，诸多黑色幽默名导致敬的意味，川普有范，宁浩展现出欣喜的才华，尽管现在的眼光看剪辑摄影布景都略显粗糙，但是质朴的幽默是后来作品都没有的。宁浩走上商业道路开始自掘坟墓，拍了心花路放飘飘然。而石头带给华语电影的惊喜和捧腹是不能磨灭的。一连串的巧合，时空错位的拍法有新意。,4,疯狂的石头
现象级的电影了。,4,疯狂的石头
演技派 最爱青岛大妈 哈哈,4,疯狂的石头
再搞笑也弥漫着挥之不去的浓重黑色，不知道为什么我看到的是绝望，一部回味无穷的老电影,4,疯狂的石头
黑色幽默电影，演员演技非常好，喜欢电影的节奏，色彩，值得一看,4,疯狂的石头
我是石头，我很疯狂,4,疯狂的石头
剧情不错，演员不错，是一部好电影,4,疯狂的石头
我觉得很好啊，是黑色幽默喜剧，里面有好多的笑点让人捧腹大笑！里面的几个演员真的演的很好！,4,疯狂的石头
不错的喜剧片,4,疯狂的石头
缺点如下：不少稚嫩粗糙的摄影、甚至有些辣眼睛的美学、莫名其妙冒出来的配乐、略显拖沓的结尾。其他过分的戏剧性和巧合还是融合于整体风格的。应该是目前看到的最接地气的关于中国城市文明的探讨，那种藏污纳垢的病态的美简直要溢出了。《全世界》对重庆的呈现多么狭隘愚蠢浅薄……,4,疯狂的石头
很诙谐的幽默，这部剧火了黄渤，郭涛,4,疯狂的石头
《疯狂的石头》是一部非常疯狂和有趣的电影，故事巧妙，配乐绝妙，剪辑不俗。,4,疯狂的石头
这搭配不错，很有戏！,5,疯狂的石头
那时小的看这片还有些智力困难,4,疯狂的石头
大爱的一部，太接地气太有意思了，小人物的搞笑，笑点密集贴近生活，全程无尿点！！,4,疯狂的石头
搞笑,4,疯狂的石头
黑色幽默，剧情不错，演员更不错，个个演技派！,4,疯狂的石头
搞笑够疯狂黄渤从这电影里出来,4,疯狂的石头
满满的中国味儿的喜剧电影，接地气儿，各种梗接连不断，从头笑到尾，哈哈,4,疯狂的石头
笑的根本停不下来的一部影片！几位主演真的是很用心的表演！,4,疯狂的石头
挺有趣的黑色幽默影片，重庆话版真接地气。,4,疯狂的石头
国产独立里程碑作品,4,疯狂的石头
的确是向《两杆大烟枪》敬礼的片子。模仿没有关系，什么都是从模仿中学来的，只是希望模仿后能激发属于自己的灵感进而创新。,4,疯狂的石头
黄渤和徐峥从这里开始出名……,4,疯狂的石头
国产经典，很有本土黑色幽默味道。,4,疯狂的石头
大陆喜剧经典之作，黄渤最后从井底爬出看一次笑一次,5,疯狂的石头
具有中国特色的黑色幽默片，令人捧腹之处比比皆是，好看~~,4,疯狂的石头
还挺喜欢这部电影滴  有趣有惊险,5,疯狂的石头
很欢乐，还不错的电影,4,疯狂的石头
黑色幽默，很接地气，不是那种硬拗笑点的喜剧片。,4,疯狂的石头
黑色幽默的喜剧效果，用反讽的方式映射出人生百态。,4,疯狂的石头
三星半。盖里奇式的多线索交叉叙事与凌厉剪辑，搭配后现代气息十足的技法拼贴与恶搞。可惜幽默度还是不够。不管怎么说，宁浩的本土化改造还是挺有含金量。（7.5/10）,4,疯狂的石头
石头不是很疯狂，赛车觉得更疯狂。,4,疯狂的石头
重温。感叹各种铺设几近完美！,5,疯狂的石头
虽然盖·里奇味儿浓厚，但它就是引人入胜,5,疯狂的石头
不错，喜欢,5,疯狂的石头
充满笑点,4,疯狂的石头
小信号和小手机，加顶你个肺，最后还了结了两条生命……,4,疯狂的石头
两杆大烟枪看不下去结果看山寨版倒是津津有味...真心好看，盖里奇式镜头，戏谑的音乐，乃至魔幻的重庆破败美学，都让人surprisingly喜欢，加之恰到好处的黑色幽默更是绝了。,5,疯狂的石头
with u~,4,疯狂的石头
模仿盖·里奇和SABU像那么回事，幽默的地方能让人发笑，比很多人强得多,5,疯狂的石头
奇幻国土的奇幻寓言,4,疯狂的石头
几乎07年所有的流行语都出自这一部电影,5,疯狂的石头
我只是不喜欢西川话,4,疯狂的石头
值得表扬的国产片儿，认真滴搞幽默的人都是值得表扬的,5,疯狂的石头
闹归闹，乐归乐。,4,疯狂的石头
大爱用锤子砸取面包,4,疯狂的石头
所有的巧合都是寓意，所有的追求都是秘密，的确是很好看的翻版。,4,疯狂的石头
Haiz...,4,疯狂的石头
还可以~,4,疯狂的石头
没有两杆大烟枪好看，但已经着实不错了,4,疯狂的石头
我以前没标记“看过”么？,4,疯狂的石头
石头,4,疯狂的石头
有一个美丽的传说,5,疯狂的石头
不是神仙但是一条路,4,疯狂的石头
8 拍得真够糙的，演得也就那么回事，剪辑节奏也有点快……但是毕竟是小制作，人家好歹也花了力气编剧，没有功劳也有苦劳，没有苦劳也有疲劳……,4,疯狂的石头
笑，大笑，暴笑。你还想奢求多少快乐？,5,疯狂的石头
《无人区》被毙了!,4,疯狂的石头
10年后重看，仍然觉得好，仍然是宁浩最好的。,5,疯狂的石头
上大学前和老妈看的。,5,疯狂的石头
难得大陆拍的这么精彩黑色幽默电影,4,疯狂的石头
猛戳我笑点！！！！！！！萌的一塌糊涂！！！！！！！！！,5,疯狂的石头
疯狂并快乐着的中国本土电影,5,疯狂的石头
有才。,5,疯狂的石头
NB,5,疯狂的石头
媽呀  笑死我了   &gt; &lt;，中前段非常好。后面有点闷，不过已经很好了，估计是近几年来，内地最好的影片,4,疯狂的石头
竟然没有标注过！,5,疯狂的石头
國內電影人的一次小嘗試，結果還不壞……,4,疯狂的石头
因为有老烟枪在，只能评4分，这个没办法。,4,疯狂的石头
雅与俗的碰撞，潮与土的冲击，一群活在底层、心却不甘落后于时代的小市民，“疯狂”只是一种不协调的外露,4,疯狂的石头
不是吧，我记得之前收藏过啊，去看房回来的路上，车子放的本来还以为很灾难呢，结果不错啊！,4,疯狂的石头
挺搞笑的片子，拍摄手法令人印象深刻,4,疯狂的石头
抽象 具象都是笑料,5,疯狂的石头
黑色幽默，很喜欢,4,疯狂的石头
这也是SKA,4,疯狂的石头
哈哈啊。。搞＝3＝,4,疯狂的石头
公共厕所吗，想来就来想走就走？中国的电影，投资越小，反响越好。,4,疯狂的石头
开启内地黑幽跟风潮。,4,疯狂的石头
这才是TM的应该拍的国产商业电影，起码从商业片的角度上看，从投资回报率看，《石头》成功了，虽然模仿的痕迹明显。8分,4,疯狂的石头
7.0/7.7,4,疯狂的石头
中国希望就这么陨落了,4,疯狂的石头
很有喜感~ 好喜欢,5,疯狂的石头
当年看完了以后立马又看了一遍！！！！(̴̅ͤ̈́̈́̂̒̄̄́͂̃ͩ͑̀͟б̞̰̹͇̰̯͚̹̻͕̼̬̯̺̘ͥͭ̐͗ͧ̚͟͠ω̱̥͎̫̥͖͉̮̲̥͙̺̯̝̉̄͑ͩ,5,疯狂的石头
我喜欢聪明的导演,5,疯狂的石头
"继周星驰以后所看的相当有水平, 又好笑的电影",5,疯狂的石头
还行吧。,4,疯狂的石头
a crazy movie,5,疯狂的石头
诚心之作,5,疯狂的石头
此片竟然忘了马，作孽啊,4,疯狂的石头
赤裸裸的学习两杆大烟枪和投蒙拐骗啊,4,疯狂的石头
草根式的幽默喜剧。黄渤演技相当风趣，郭涛潦倒的样子不好看，徐峥你演奸商不是很到位。总体来说恶心的挺精彩。推荐！,4,疯狂的石头
罗汉寺门口的井盖由此出名,4,疯狂的石头
真棒,5,疯狂的石头
真好玩~！,4,疯狂的石头
做的挺成功。,5,疯狂的石头
一个宁浩引发的疯狂。,4,疯狂的石头
06.08.23,4,疯狂的石头
笑毁。,4,疯狂的石头
重庆，盖里奇式,4,疯狂的石头
低成本的票房轰动，内容上适当的模仿，但台词很原创，值得学习,4,疯狂的石头
太棒了,5,疯狂的石头
宁浩导演的经典喜剧电影，影片内容非常接地气，贴近生活反映现实，另一特色是有方言，让人感觉更真实。,4,疯狂的石头
小成本制作中的超级经典咯,5,疯狂的石头
哟，这个真的好！,5,疯狂的石头
介于是国产电影，给五星,5,疯狂的石头
盖里奇《两杆大烟枪》那一套 非线性叙事 环环相扣的剧情铺垫 300万的成本玩得非常出彩 惊喜之作！！,5,疯狂的石头
我看了7遍了！,4,疯狂的石头
是我喜欢的为数不多的国产片，真的很有创意，笑点十足，宁浩我喜欢,5,疯狂的石头
小成本，大收获,5,疯狂的石头
有智商的电影才是好电影,5,疯狂的石头
狗日，高科技，无人驾驶！~这句把我笑翻了！~,4,疯狂的石头
我顶你个肺！,4,疯狂的石头
真真假假~我也弄不清的~,5,疯狂的石头
对影片本身的惊喜多过于对片中包袱的反应,5,疯狂的石头
中国式黑色幽默,4,疯狂的石头
灰色幽默,5,疯狂的石头
就是结尾有点马虎，别的都很不错,5,疯狂的石头
宁浩初长成！,4,疯狂的石头
虽然是小制作，但还是有些许不敬业~ 但带给我们的足够了！,4,疯狂的石头
开创了一种电影,4,疯狂的石头
节奏感很好，演员也很有张力，黄渤不愧是实力喜剧演员,5,疯狂的石头
很重的痕迹模仿盖·里奇的 两只大烟枪 与 Snatch ，拍出来还是不错。MD，陈凯歌还模仿黑泽明勒，所以模仿还是讲得出些东西来。,5,疯狂的石头
"小成本怎么了,国产怎么了. ",4,疯狂的石头
恩，挺牛比了，人家致敬得相当代三个表。,4,疯狂的石头
看過的少數算得上的國產片之一。,5,疯狂的石头
聪明的宁浩，能走多远？,4,疯狂的石头
国产片拍到这个程度真的很不容易,4,疯狂的石头
时隔几年回头去看，当初新颖的剧情结构（在国产片而言）确实勾人眼球。,4,疯狂的石头
中国大陆,4,疯狂的石头
国产小成本戏剧的大效果,5,疯狂的石头
比较经典的喜剧，哈哈,5,疯狂的石头
让你看看什么是专业,5,疯狂的石头
高中的时候和好朋友在录像厅看的，只记得笑得很high~,4,疯狂的石头
模仿的很有中国特色，好片,5,疯狂的石头
赞就一个字，这样的片子，目前来说大陆最上乘了杯具( ⊙ o ⊙ )啊！,5,疯狂的石头
不错~,4,疯狂的石头
模仿盖里奇的风格,4,疯狂的石头
平民喜剧加黑色元素加现代叙事,4,疯狂的石头
非常有新意的电影！,5,疯狂的石头
进步奖；另外，太像盖里奇的Snatch了吧？,4,疯狂的石头
疯狂的不只是石头,4,疯狂的石头
恩，这才叫喜剧片呢~,5,疯狂的石头
黑色幽默,4,疯狂的石头
看了这片子我才知道中国电影还是有救的。,5,疯狂的石头
近年最好的国产喜剧片,5,疯狂的石头
我居然没收藏过石头。。。。。。。。。。。。。。,4,疯狂的石头
继续mark，虽然借鉴了创意但是好歹这个是良心作，后续的赛车真心看不得,4,疯狂的石头
难得!,4,疯狂的石头
中国的喜剧也可以这么让我笑，中国电影有希望了！（抚须淡然一笑）,5,疯狂的石头
宁浩的时代来临了。,5,疯狂的石头
让死了一样的国产电影又活了,5,疯狂的石头
！！,4,疯狂的石头
想家的时候看一看。,5,疯狂的石头
顶你个肺！,4,疯狂的石头
从多角度看一个问题,4,疯狂的石头
"这个我一定要说,实在是太赞了,去年的快乐一半归功于它",5,疯狂的石头
喜欢得不行好么，台词至今都霸占着口头禅好么。,5,疯狂的石头
DVD,4,疯狂的石头
难道那一年，这部片不是一个奇迹？,5,疯狂的石头
这么有名的片子这么晚才看是以为我一直对这种类型不感冒，今个一看这结局立马让我想起了《买凶杀人》&amp;《夺命金》。五颗星给编剧！,5,疯狂的石头
bmw别摸我哈哈哈,4,疯狂的石头
没什么好说的，直接5星吧~,5,疯狂的石头
中国的黑色幽默,4,疯狂的石头
牛逼,5,疯狂的石头
老片子，看过，标记一下。,4,疯狂的石头
中国电影的新希望,5,疯狂的石头
模仿剽窃抄袭，只要搞得好，就是好作品,4,疯狂的石头
我爱你亲爱的姑娘~,4,疯狂的石头
有两杆大烟枪的痕迹，不过无妨，笑得好欢乐，支持国产！五星！,5,疯狂的石头
源于生活，高于生活，哈哈,5,疯狂的石头
小成本电影的巅峰！,5,疯狂的石头
想不出这剧本多少人一起写出来的,4,疯狂的石头
过这么久再看一遍，还是觉得很好看，很经典。剧本、剪辑、演员和配乐都很赞，小制作的典范。,5,疯狂的石头
牌子！班尼路~,5,疯狂的石头
实在是应该狂夸一下这部影片，如果走的是大片，高投资大明星大场面，那简直就是不堪设想的精彩！,4,疯狂的石头
老子要的是翡翠~~,5,疯狂的石头
喜欢~,5,疯狂的石头
中国电影新台阶,5,疯狂的石头
黄渤井下那句脏口~着实给力~,5,疯狂的石头
本土化的特性。,4,疯狂的石头
听说是借鉴了法式的幽默,5,疯狂的石头
在火车上看的这部神作，笑得让我身边的一个大叔几次用疑似看精神病患者的眼神看着不是抽搐的我。喜欢其中模仿碟中谍等电影的小桥段。剪辑很棒，节奏很紧，笑点很有吸引力。不错不错~,5,疯狂的石头
没话说,5,疯狂的石头
节奏紧凑，多线叙述，环环相扣，找不到半点纰漏，而且惊喜连连，当你觉得事情快要终结时，剧情却又峰回路转了~国产黑色幽默的神作之一~,5,疯狂的石头
@王府井w个个,4,疯狂的石头
暴笑呀，肚疼,5,疯狂的石头
 黑色幽默 。,5,疯狂的石头
经典!太经典了!大陆难得拍出俗出水平来的片子.,5,疯狂的石头
黑马就是黑马，故事那么好。。,4,疯狂的石头
拍的算是不错的了，叙述手法也挺好,4,疯狂的石头
后半部分有点单薄。看在大陆最近这几年就这么一个像样的导演份上，加一星！,5,疯狂的石头
惊喜连连,5,疯狂的石头
挺有意思的.,4,疯狂的石头
悬念，笑料，流行语，演员的表演无一不是当年之最。向宁浩致敬,5,疯狂的石头
只不过是一部山寨版盖里奇类型电影，当年欺负国人没看过盖里奇罢了，可我更早看过盖里奇，所以当年觉得呵呵呵,4,疯狂的石头
赞赞赞咱的 骄傲呐～,5,疯狂的石头
宁浩能靠一部电影成为中国新生代导演的代表，足以说明本片的质量。本片最值得称道的地方，不是开创了一种新的电影叙事风格，而是“在中国”开创了一个新的电影叙事风格。,5,疯狂的石头
内地的导演，宁浩是个另类,4,疯狂的石头
难得的中国的黑色喜剧片，真真假假，假假真真。,4,疯狂的石头
几乎是中国最好的黑色幽默电影,5,疯狂的石头
难得喜欢一点的喜剧,4,疯狂的石头
宁浩啊,5,疯狂的石头
曾经很佩服片子的编剧 不过在看完麦姐老公的片后才明白原来不过如此。。。,4,疯狂的石头
蛮搞笑，蛮深刻。,4,疯狂的石头
笑点很多,5,疯狂的石头
2007-10-4 0:33:20 9/7.8(714),5,疯狂的石头
恩，黑色幽默。也算是中国电影的小希望,5,疯狂的石头
一点也不搞笑，但是剧情和表现方式还是可以赞一个的,4,疯狂的石头
非常好看~!!!!!,5,疯狂的石头
每当我从这个角度看这个城市的时候，我就强烈地感觉到，城市是母体，而我们是生活在她的子宫里面,4,疯狂的石头
情节紧凑连续 线索设置巧妙 讽刺笑点得当 最关键的是选材是小民视角下的当代天朝 比起天朝同样投入的大量垃圾低成本影片相比 绝对值得上5星了 （昨晚才第一次完整看完- -）,5,疯狂的石头
中国少有的如此吸引人的小成本电影,5,疯狂的石头
看在是内地产的，本来只有四星的，鼓励鼓励~,5,疯狂的石头
★★★★☆本土化得相当彻底.盖里奇剪辑的精髓与中国市井情节的完美结合,4,疯狂的石头
freaking funny...,4,疯狂的石头
四川话终于能听懂一点了！哈哈！搞笑的腔调！经典句子不少：我顶你个肺！牌子！班尼路！入行要低调。有智商才能上档次。高科技也比不过生抢的。,4,疯狂的石头
值得一看的片子，个人觉得看到这样的片子比看到黄金甲这样的大片有价值。,5,疯狂的石头
对重庆印象极差,5,疯狂的石头
宁浩的成名作,5,疯狂的石头
有两杆大烟枪的影子 ~~~比赛车好看,4,疯狂的石头
道哥儿，黑皮，你懂得，太JB搞了,5,疯狂的石头
两百万！！！这片才两百万！,5,疯狂的石头
高票房~~当时高中黎老放的时候感叹国产竟有如此之作！~,5,疯狂的石头
黄渤依旧正！故事很紧。,4,疯狂的石头
头次看真很搞啊,4,疯狂的石头
宁浩最大的功劳是将盖.里奇在中国普及化,4,疯狂的石头
哈哈。。。看了好多次。很喜欢。,5,疯狂的石头
7.,4,疯狂的石头
好电影,5,疯狂的石头
两杆大烟枪的皮毛,4,疯狂的石头
better,4,疯狂的石头
标志性,4,疯狂的石头
看了好多遍。。。,5,疯狂的石头
大陆电影一贯真实的风格，又包含了深深的幽默，我喜欢！,4,疯狂的石头
疯狂的票房，不过真的很搞笑，哈哈哈哈哈,5,疯狂的石头
宁浩的一鸣惊人。虽说有盖里奇的意思，但绝对拍出来自己的味道。音乐镜头都运用得很牛逼。,5,疯狂的石头
支持！,5,疯狂的石头
哈哈哈哈哈你妈里个逼的！！！！,4,疯狂的石头
很喜欢的喜剧，幽默搞笑，演技都很棒,4,疯狂的石头
目前对好的喜剧电影标准很低，逗乐我的就是。毕竟现在的喜剧总是不及从前的经典了。,4,疯狂的石头
难得的国产电影,4,疯狂的石头
宁浩 不错,5,疯狂的石头
黑色幽默,4,疯狂的石头
盖里奇也要跪下,5,疯狂的石头
喜剧剧本逻辑是经不起推敲的，这部也不例外，难得的是新一代电影人勇于尝试新的电影语言的胆识，一个喜剧看完之后能给人留下点回忆，而不是单单一笑，已然足够。,5,疯狂的石头
徐峥的重庆话好别扭..,4,疯狂的石头
大烟枪是外国的幽默 这是咱中国的,4,疯狂的石头
当年看的时候，笑岔气儿了都，后来才知道有模仿大烟枪，不过，依然是部好电影,4,疯狂的石头
难得叫好又叫座的国产喜剧,4,疯狂的石头
第一部可能宁浩还在被骂抄袭盖里奇····到赛车一出··他的能力已经足以能够让人们叫盖里奇滚蛋了····,4,疯狂的石头
看了好多遍,5,疯狂的石头
中国电影终于有起飞了，好电影！,5,疯狂的石头
虽然比不过老烟枪，但是先从学习别人开始，老老实实学也好过瞎糊弄,4,疯狂的石头
长大后第一次去电影院看的电影。笑趴下了都。,5,疯狂的石头
满分电影，真心不错,5,疯狂的石头
超喜欢,5,疯狂的石头
勾肩搭背的情节,5,疯狂的石头
不错,4,疯狂的石头
为着石头转的众人,4,疯狂的石头
如果没看过两杆大烟枪，它是部不错的电影。但就国内来讲，我给它打四星一点都不亏心。,4,疯狂的石头
里程碑？应该算吧,4,疯狂的石头
疯狂的不是石头，是人和人的欲望。,4,疯狂的石头
也算开创了国产喜剧的先河啊 现在想起还是会笑 太经典了,5,疯狂的石头
疯狂的喜欢这个，虽然是几年前看的了，但是太经典了……也是唯一一部刘德华投资有回报的，这种电影要是多一点儿多好，在平凡中看到巨大的身影，然后在黑色幽默里看见小人物的喜怒哀乐，茨威格说过，我们讨厌英雄，我们不喜欢他们是因为我们永远也成不了英雄，所以我们宁可去描写与英雄一步之遥的小人物,5,疯狂的石头
其实远不如两杆大烟枪 但是节奏不错,4,疯狂的石头
哈哈哈,4,疯狂的石头
非常经典的黑色喜剧电影，开辟了国产电影黑色喜剧的新时代！,5,疯狂的石头
牌子~班尼路~,5,疯狂的石头
好编剧！,5,疯狂的石头
大陆片这个印象特别深刻。,5,疯狂的石头
哈哈哈哈哈记忆力看的第一部方言电影，超搞笑的。喜欢重庆。也想去。,5,疯狂的石头
难得,5,疯狂的石头
他娘的从头笑到尾,5,疯狂的石头
开启疯狂标签,5,疯狂的石头
这个更好~黄勃~,4,疯狂的石头
哎。。为了块破石头~,4,疯狂的石头
具有乡土气息的模仿之作没，但作为低成本的电影，它做的不错,5,疯狂的石头
我被逗死了，于是你就功成名就了,5,疯狂的石头
有点意思！,4,疯狂的石头
光怪陆离的事件。,5,疯狂的石头
我喜欢高速度剧情...,5,疯狂的石头
沒有傳說中那麼好笑呢。。。雖然在小成本電影裡面確實算不錯了。,4,疯狂的石头
宁浩学盖里奇还算是学的不错，不是照搬，而是加入了自己的特色,5,疯狂的石头
funny,5,疯狂的石头
横空出世，模仿盖里奇也无妨,4,疯狂的石头
惊奇的发现这部现象级的作品，初打分的时候才给了三星，我当时怎么想的？,5,疯狂的石头
谨以五星，表彰其在国产商业电影领域所作出的贡献,5,疯狂的石头
国产的精华,5,疯狂的石头
太接地气了。故事情节，语言，配乐，人物都中国化到了一个新台阶，这才是属于国产喜剧。黑色幽默，笨贼一箩筐，真真假假的翡翠，莫名的巧合造就了其乐无穷，一环扣一环的搞笑。突然出现的粤语也是惊喜无比。唯一不足的可能是结尾收得有点草率，要再升华一个更高的黑色结尾那就更完美。,5,疯狂的石头
绝对不是抄两杆大烟枪的，倒是和偷抢拐骗有一点相似，但是有原创性是肯定的。,5,疯狂的石头
不说了，我就是来记录的。,4,疯狂的石头
从前有座山山上有座城，城头没得神住了一群重庆人。,4,疯狂的石头
剧中充满笑点，又充满感动点。,4,疯狂的石头
一群欢乐的2B，笑得我泪都出来了！！哈哈哈！,5,疯狂的石头
笑完以后呢,4,疯狂的石头
宁浩消化得不错,4,疯狂的石头
笑，还是笑,5,疯狂的石头
难得一见 很惊喜,5,疯狂的石头
BMW  别摸我,4,疯狂的石头
非常精彩的一部神作～,5,疯狂的石头
一群傻瓜和一块宝石围绕着偷与守护的故事.,4,疯狂的石头
"还可以,有点意思.搞笑,娱乐",4,疯狂的石头
神剧啊~~~~~~,5,疯狂的石头
"没想到四川话这么过瘾,第六代导演的功力不可小瞧,黑色幽默很到位",5,疯狂的石头
黑皮黑皮,5,疯狂的石头
能不给5分吗？,5,疯狂的石头
一石激起千层浪,5,疯狂的石头
一块石头引发的离奇故事，哈哈，中国的黑色幽默电影终于有希望了，希望导演能从一开始的模仿最后成就自己的风格，开创一片天地啊。,4,疯狂的石头
镜头不错 搞笑不足,4,疯狂的石头
2006.7.27 DVD home,4,疯狂的石头
不喜欢抽抽的画面感。。,4,疯狂的石头
支持,5,疯狂的石头
这恐怕是近很多年以来华语电影最大的惊喜和收获了！,5,疯狂的石头
牌子~ 班尼路！,4,疯狂的石头
不错。,4,疯狂的石头
难得一见的，国产小投入大产出的作品。剧本的创新，令宁浩一炮而红。,4,疯狂的石头
聪明的宁浩，能走多远？,4,疯狂的石头
看到几个演《生活麻辣烫》的客串演员。哈哈，挺搞笑的，特别是重庆人看到勒部电影，特别有感情！,4,疯狂的石头
宁浩 内地的彭浩翔  不过还差点 ,5,疯狂的石头
"作揖,再不作揖,我就把你微波了",4,疯狂的石头
每遍看都会开怀大笑的片子,5,疯狂的石头
闪光,5,疯狂的石头
"First watched 3 years ago,hilarious.  Watched again last night, funny but not as funny.  Its a movie meant to be watched once.",5,疯狂的石头
自认为是国产最棒的影片（宁浩那个有才！！）,5,疯狂的石头
虽然借鉴了两部盖里奇的电影，但这部中国人自己的黑色幽默电影还是给人惊喜，很好。,5,疯狂的石头
疯狂的石头,5,疯狂的石头
若没看过老烟枪，定会双手双脚投票,4,疯狂的石头
al请我在华星看的!,4,疯狂的石头
080410 180519 回看，仿若寓言,4,疯狂的石头
最后一段实在是高,5,疯狂的石头
抄得不错,5,疯狂的石头
我后来再看了该导演很久以前拍的王菲的MV，实在很难联系在同一个人身上,5,疯狂的石头
抄袭的胜利，山寨的胜利。,4,疯狂的石头
大陆多了一位拿的出手的导演,5,疯狂的石头
值得一看。,4,疯狂的石头
我顶你个肺,5,疯狂的石头
过了一百年终于把这个片给看了,4,疯狂的石头
不需要评价了吧，你看去吧,5,疯狂的石头
低成本小制作优秀电影的典型,4,疯狂的石头
"虽然抄袭,但难能可贵",4,疯狂的石头
黑色幽默.,5,疯狂的石头
好像看不懂北方冷笑话。。。,4,疯狂的石头
兜兜转转，结尾是亮点。,4,疯狂的石头
娱乐片就应该这样拍,4,疯狂的石头
看了好几遍。道哥……,4,疯狂的石头
别摸我啊混蛋 没看到我是BMW么...TvT,4,疯狂的石头
有点新意。,4,疯狂的石头
@MOMA。胶片，加一星吧，不过还是没有疯狂的赛车好,4,疯狂的石头
国产版两杆大烟枪。剧情设置合理不拖沓，笑点十足，有料。国产片翻拍的成功范例。,4,疯狂的石头
当年艺考考重大时初试影片分析的片子，内容写得完全不记得，只记得题目是《玩转黑色幽默》,5,疯狂的石头
低成本 黑色 国产 小作坊 ,4,疯狂的石头
看过落水狗和两杆大烟枪 就不觉得好了,4,疯狂的石头
就是好玩,5,疯狂的石头
中国版老烟枪 还是不错的,4,疯狂的石头
小制作 大电影,4,疯狂的石头
笑抽了！,4,疯狂的石头
黑色幽默能拍成这样不错了～～,5,疯狂的石头
一部电影就可以让你爱上一种风格和一座城市的，只有疯狂的石头,5,疯狂的石头
小市民的荣辱。,5,疯狂的石头
比想象中的优秀,4,疯狂的石头
但中间觉得有点拖沓 但不算大师 算是物超所值 搞笑 ,4,疯狂的石头
我觉得，这是巅峰了，巅峰一定是五颗星！,5,疯狂的石头
郭涛表演很到位.班尼路和香港大盗是最可爱的反派人物.,4,疯狂的石头
黄渤！黄渤！黄渤！你不是一个银在战斗！,5,疯狂的石头
对国产电影的支持,4,疯狂的石头
两杆大烟枪的小成本,4,疯狂的石头
还好，笑点多，但是有点浅,4,疯狂的石头
06.9.8,4,疯狂的石头
巧合太牛X了。,4,疯狂的石头
如果没有盖里奇，我一定会为这部电影拍手叫绝,4,疯狂的石头
导演真不错。,4,疯狂的石头
上海．新世界電影城．大大,4,疯狂的石头
有点小清新的黑色幽默。,4,疯狂的石头
完全复制了《两杆大烟枪》的喜剧元素，另外还有中国国情,4,疯狂的石头
感谢宁浩,4,疯狂的石头
现在再看，原来导演是在恶搞《暗战》阿。,4,疯狂的石头
能看见俩杆大烟枪的影子。,4,疯狂的石头
好笑,5,疯狂的石头
国内好看、流畅的类型片,4,疯狂的石头
不管你信不信，有些事情真的就是这么巧合。,4,疯狂的石头
很久没看到环环相扣的喜剧了,4,疯狂的石头
那时我们专程去看罗汉寺，然后坐过江索道往下扔易拉罐。后来过江索道拆了，你也没了。,5,疯狂的石头
黑色大幽默。注意BMW！,4,疯狂的石头
挺好,4,疯狂的石头
虽然有模仿嫌疑，但是让人惊艳！,5,疯狂的石头
逗死了~,5,疯狂的石头
今天又看了一次，还是觉得很经典啊，没把观众当傻子，宁浩是个聪明人，我相信如果《无人区》能放出来给大家看宁浩又更上升一个层次。2006年我还在重庆读大学，再听到重庆话真的很亲切。,4,疯狂的石头
疯狂的顶了谁的肺,5,疯狂的石头
另外一部我可以背出来的电影,4,疯狂的石头
一匹黑马。,5,疯狂的石头
中国黑色幽默电影的里程碑,5,疯狂的石头
我笑了。,4,疯狂的石头
想不到的线索交缠在一起，yes，巧合，搞笑能不能别那么真实，好不啦,5,疯狂的石头
大巴上重看了一次疯狂的石头，一如既往的牛A。,5,疯狂的石头
国产两杆大烟枪,5,疯狂的石头
因为这部喜欢了重庆方言,4,疯狂的石头
好片@!!!!!,5,疯狂的石头
翻的还不错,4,疯狂的石头
借鉴的成分过重。但与咱们自己的内容结合的不错。不过为中国的黑色幽默类型开了先河，意义颇大。,4,疯狂的石头
第二遍,4,疯狂的石头
还ok,4,疯狂的石头
开启了疯狂石头类型的搞笑电影的大幕 ,4,疯狂的石头
大一暑假,4,疯狂的石头
当年的黑马。,4,疯狂的石头
《偷抢拐骗》《两杆大烟枪》。,4,疯狂的石头
“狗屎滴 高科技~无人驾驶咯”笑瘫了,4,疯狂的石头
这才是《两杆大烟枪》的模仿品，而不是《赛车》,4,疯狂的石头
那种环境和条件已经很不赖,5,疯狂的石头
在我們那兒拍的哦,5,疯狂的石头
小成本商业戏剧及国内现代疯狂喜剧的开山之作,5,疯狂的石头
除了镜头糙点都还挺精彩。,4,疯狂的石头
模仿的痕迹太明显。,4,疯狂的石头
这个应该的,5,疯狂的石头
小成本的好作品，叙事风格模仿《两杆大烟枪》，改编得很接地气。,4,疯狂的石头
"盖里奇不是想学就能学的,绝对的褒义！",4,疯狂的石头
2006-9-21,4,疯狂的石头
真的很搞笑，每个意外串联得十分巧妙但没有过分荒谬的感觉。,5,疯狂的石头
小成本能拍成这样不错了，8.0/10,5,疯狂的石头
不错呢，就是还粗糙了点。,4,疯狂的石头
好导演,4,疯狂的石头
算是国产电影一次新尝试，而且算是成功了,4,疯狂的石头
作为普通观众，如王小波说的一样，我们看电影不是为了受教育，而是为了娱乐。对于我们来说，电影只分两种：好看的，与不好看的。或者分的更详细一点：好笑的，与不好笑的。它好看，让我开怀大笑了好多次。对于电影来说，没有比观众走出电影院后说“这片子真好看”再高的褒奖了。随便从哪看都能让人捧腹,5,疯狂的石头
这部片子是我看过的国产戏剧中比较出彩的一个，熟悉的场景，合理的任务心理和情节设置，适度的矛盾安排和夸张表演，更难得的是，所有的故事都讲得很圆，从头到尾，没有任何部分缺失。,5,疯狂的石头
说实话，没发现多么经典，为什么那么多人狂顶呢……,4,疯狂的石头
喜剧就是这样，把世间的丑恶换一种幽默的方式体现,4,疯狂的石头
盖伊·里奇,5,疯狂的石头
内地近年来很不错的片子。。,5,疯狂的石头
2006/7/2，北京，西单时代，lcn,5,疯狂的石头
在米国CSSA看的为数不多的几部国产片。相当有个性，让我觉得和遥远的祖国联系了起来。评分：9 out of 10,5,疯狂的石头
初生牛犊不怕虎，宁浩处女作实在是惊艳非常，手法故事台词俱是素质很高,5,疯狂的石头
比想象中好,4,疯狂的石头
方言啊，呵呵，听得懂，纯粹娱乐,4,疯狂的石头
这是和于涛刘阳一起看的唯一一部除了乱七八糟视频之外的电影。。。,4,疯狂的石头
由此多关注国产喜剧片,5,疯狂的石头
后面看困了。。,4,疯狂的石头
两杆大烟枪？!,4,疯狂的石头
连贯的剧情，中国电影的希望,5,疯狂的石头
叠加的故事很可爱,4,疯狂的石头
尽管有很强的《两杆大烟枪》的风格在里面，但总体的水准还是很高的，毕竟喜剧片的目的已经完成了,4,疯狂的石头
赞,4,疯狂的石头
虽说有中国的两杆大烟枪一说 但还是值得相当肯定 就是好看,5,疯狂的石头
火起来之后很久才勉强看完，看完了觉得还不错。其实郭涛根本没喜剧天分！,4,疯狂的石头
黑色幽默终于也有国货了,5,疯狂的石头
小成本喜剧票房神话,4,疯狂的石头
纪念片···那天的万达  我们的吵架片··,4,疯狂的石头
多几部这样的电影，不要老惦记着什么大片，中国电影就有希望了,5,疯狂的石头
很久没有看到这么好看的国产喜剧了，里面的发言也很添彩。,5,疯狂的石头
黄渤太有意思了。,4,疯狂的石头
小成本的传奇之作,5,疯狂的石头
要笑死咯,5,疯狂的石头
看的有点晚，国内能拍出这样的片子还是挺难得的,4,疯狂的石头
勇敢的一击,4,疯狂的石头
看完《两杆大烟枪》之后再看这部电影，不得不说宁浩在这个类似题材的电影上处理的很聪明；导演很早就确定了石头的核心，一切关系都因为它而冲突，并且把《烟枪》的英伦流氓调调整个换成了大陆小城市的皮囊，用各种突出的小噱头（譬如山寨货，坑爹商人）来强化故事发生的背景。然后，故事讲的不错。,4,疯狂的石头
当年的黑马 宁浩从此声名远扬 ,5,疯狂的石头
 方言好玩,4,疯狂的石头
看过,4,疯狂的石头
不知道为什么疯狂石头刚出时自己没有跟风，可能自视太高。昨天看了Guy Ritchie的Snatch，好多人说疯狂的石头抄袭Snatch，我就像看看怎么能把Snatch拍成中国故事，需要功力啊。看了疯狂的石头，的确没让我失望，抄袭的确是抄袭，但是有什么不可以，中国化的很好，各个桥段在石头里都有体现。少的也只有开枪杀人的快感，毕竟中国化的。,4,疯狂的石头
一出闹剧，搞笑功夫还可以，最经典就是那句：我顶你个肺。,4,疯狂的石头
绝了,5,疯狂的石头
成名之作，也开启了中国小成本喜剧的创作之路,5,疯狂的石头
你TM有种就承认你郭敬明了,4,疯狂的石头
像是中国版的两杆大烟枪。,3,疯狂的石头
终于完整的看了一遍，笑不出来,3,疯狂的石头
中国的盖里奇风格,3,疯狂的石头
说实话，我不喜欢四川人那点“聪明”样，所以也没觉得这片有什么太大的意思，soso看看而已。,3,疯狂的石头
宁浩这部小成本喜剧捧红了黄渤，又让郭涛，徐峥迎来了第二春！,3,疯狂的石头
从这部剧开始知道了黄式幽默，认识了这个双智极高的男人。,3,疯狂的石头
这算是黑色喜剧吗？理解不了,3,疯狂的石头
好看      喜欢黄渤    这是第一部吧,3,疯狂的石头
黄渤，黑色幽默效果非常好，笑疯了。,3,疯狂的石头
笑点在哪？,3,疯狂的石头
31/07/06,3,疯狂的石头
让这块石头砸过来吧！剧里的人都这么想的,3,疯狂的石头
挺搞笑的，但是太疯狂，不是我喜欢的套路。,3,疯狂的石头
黑色幽默电影,3,疯狂的石头
这是我第一次知道重庆的样子，多年后我去了重庆，这座城市真的与众不同。,3,疯狂的石头
别摸我~,3,疯狂的石头
没有追捧的那么好,3,疯狂的石头
笑笑足矣,3,疯狂的石头
那个大盗也太笨了,3,疯狂的石头
两杆大烟枪的全面本土化，主要的看点还是本土幽默，很好玩，很纯粹的娱乐片。,3,疯狂的石头
模仿痕迹太重,3,疯狂的石头
我学会了一句脏话~顶你个肺...= =,3,疯狂的石头
“2002年的第一泡屎”，你觉得很搞笑吗？,3,疯狂的石头
还好吧！喝喝,3,疯狂的石头
别人喜欢的我不一定喜欢，就比如这部，没什么意思啊？,3,疯狂的石头
还可以吧,3,疯狂的石头
7.5分,3,疯狂的石头
感觉里面人说话有点纠结。,3,疯狂的石头
真假翡翠最后肯定会穿帮的，好大一BUG,3,疯狂的石头
比较搞笑,3,疯狂的石头
3.5 真遗憾 盖里奇式电影从来不是我的茶,3,疯狂的石头
那个厕所真恶心，都赶上猜火车了,3,疯狂的石头
也许是因为我欣赏不了这里面的慢幽默。,3,疯狂的石头
抄得还算妙趣横生。,3,疯狂的石头
挺普通的，并不是十分精彩。,3,疯狂的石头
没炒得那么好,3,疯狂的石头
又一部被虚夸的中国电影，它依靠剪辑和速度的元素撑起了，但，毫无生活依据的胡思乱想是致命伤，脏的不能再脏的内心无法撑起中国电影的脊梁！,3,疯狂的石头
"2006.8.19 部在国内吵的沸腾的电影,感谢石头GG他老人家包月的帐号和密码的奉献,马上下来瞧瞧.疯狂的石头,从国内影视道路的角度看,确实是进步.这也是为什么国内观众非常肯定的原因.很明显,片子借鉴了非常多的欧美尤其是法国电影.这使得批评的一方也大杆旗鼓,死不放人.中国电影业娱乐业是落后的,落后并不可能创新,只有在借鉴齐头并进以后,才可能创新.凭借以我们的悠久历史,深厚人文,我们都等待那一天的到来.疯狂的石头确实不深刻,却很娱乐,比起无极,十面埋伏,它确实更大的影响了中国的电影事业",3,疯狂的石头
明显模仿两杆大烟枪,3,疯狂的石头
嘿嘿,3,疯狂的石头
嘿嘿,3,疯狂的石头
徐峥在哪？,3,疯狂的石头
有那么好看吗？,3,疯狂的石头
娱乐片也有技术可言,3,疯狂的石头
《两杆大烟枪》本土化，借鉴过度吧。,3,疯狂的石头
有没有和我一样想到了石头,3,疯狂的石头
有些意思的片子，恐怕离黑色幽默还有距离，也就是搞笑而已,3,疯狂的石头
去过罗汉寺~,3,疯狂的石头
反正就是两杆烟枪的china版～虽然是国内不错的电影～但是！没办法！就是不如烟枪,3,疯狂的石头
终于看这片了……感觉也就这么回事儿……,3,疯狂的石头
手法生硬，人物不讨喜。但是有质感，值得表扬。,3,疯狂的石头
演技派黄渤，黑色幽默电影，演员们都很有演技。,3,疯狂的石头
我觉得很一般 ,3,疯狂的石头
石头的威力,3,疯狂的石头
不错,3,疯狂的石头
20092春节后，cctv6，btv同一时间放宁浩的访谈，关于疯狂的赛车,3,疯狂的石头
没感觉,3,疯狂的石头
看这部电影时我还没看到《两杆大烟枪》，不知道这是部抄袭作品。当时太多太多人推荐这部电影，为这部电影叫好叫到发狂。我看了，没感觉有什么特别。非常令人讶异的是，后来我看了《两杆大烟枪》却十分喜欢。并且我承认两者手法的相似度达到90％。,3,疯狂的石头
不知道为什么~我就是觉得不像评论那样说的好~总是缺了点什么~呵呵~笑的也没怎么尽兴~,3,疯狂的石头
继续发展草根力量！,3,疯狂的石头
搞笑的香港大盗：我顶你个肺啊,3,疯狂的石头
职业杀手也可以这么sb,3,疯狂的石头
遥远,3,疯狂的石头
"这是一种革命吗?我不这样认为,至少在某一方面是成功的",3,疯狂的石头
"偏爱新街口多点,顶你个肺~~后后",3,疯狂的石头
模仿得不错,3,疯狂的石头
中国也有多线程了。。。,3,疯狂的石头
名气大于好看......,3,疯狂的石头
新尝试,3,疯狂的石头
小成本大电影。,3,疯狂的石头
不就是两杆大烟枪的翻版吗？我就特么记住黑皮了,3,疯狂的石头
没有传说中的那么好啊,3,疯狂的石头
哈哈哈，黄渤这费了那么大的劲儿，吃点面包还被人拿刀追杀。,3,疯狂的石头
太巧。,3,疯狂的石头
多线叙事下出色运用各种类型的蒙太奇，打乱的时间线又构成互为因果的关系，最妙的应该就是相似体转场，看者还没理清思路，电影就已经完成了前后段落表象上的完美衔接。丰富的技巧和凌乱的线索易使人目不暇接，可是过多的技巧和刻意的安插编排也使电影过于注重形式而忽略了事件本质。不是我喜欢的类型。,3,疯狂的石头
不喜,3,疯狂的石头
没有评价那么优秀的喜剧,3,疯狂的石头
中国比较出名的一部黑色幽默,3,疯狂的石头
别（B）—摸（M)—我(W)！！！,3,疯狂的石头
有意思,3,疯狂的石头
抄袭,3,疯狂的石头
虽然很受好评，却不觉得很有趣,3,疯狂的石头
超傻,3,疯狂的石头
被人捧得太浮夸了吧，个人感觉很一般，没有那么好,3,疯狂的石头
这片凭什么那么牛？,3,疯狂的石头
半笑不笑之间,3,疯狂的石头
我不知道 为什么第一部这么好 后面的就都没落了……,3,疯狂的石头
风格模仿两杆老烟枪,3,疯狂的石头
并没有想像中的好，可能是他这种格式的东西看多了，审美疲劳……,3,疯狂的石头
其实还行，还有传的那么牛逼,3,疯狂的石头
国产支持一下,3,疯狂的石头
比赛车好多了。顶你个肺。,3,疯狂的石头
纯喜剧片。台词很有意思,3,疯狂的石头
还可以,3,疯狂的石头
抄的不错,3,疯狂的石头
第一遍乏味，众人笑过之后，我也开始笑了,3,疯狂的石头
方言就是王道，做贼就是贼。,3,疯狂的石头
不好看哎哎~,3,疯狂的石头
一直觉得不好看 比大烟枪差很多,3,疯狂的石头
虽然是盗用盖里奇的东西，不过还是表现的很精彩！,3,疯狂的石头
没什么意思,3,疯狂的石头
我顶你个肺,3,疯狂的石头
最印象深刻的竟然是BMW别摸我,3,疯狂的石头
当年在班里一起看的  我周围都无聊了  于是打牌,3,疯狂的石头
拼接的还凑和,3,疯狂的石头
应该是疯狂的贼……,3,疯狂的石头
大家都说好玩，我没看出有啥特别的。。。。,3,疯狂的石头
宁浩在向盖里奇致敬。,3,疯狂的石头
用小便池的激光防盗,3,疯狂的石头
06年七夕的记忆...,3,疯狂的石头
之所以给三星是因为抄袭两杆大烟枪,3,疯狂的石头
还行,3,疯狂的石头
一块翡翠引发的故事，黑色幽默，情节环环相扣,3,疯狂的石头
好剧本，有点意思,3,疯狂的石头
因为片名总让我想到疯狂的兔子= =，校友又说死了人，就一直不愿看。其实挺不错的，郭涛演平民角色演的都很好的，这个也是。不过我也就在我爱北京天安门的BGM中以及压上井盖爬不出时笑了笑...,3,疯狂的石头
为模仿而鼓掌，我笑了，足够了,3,疯狂的石头
★★★☆ ,3,疯狂的石头
笑,3,疯狂的石头
为啥我觉得根本没那么多笑点……,3,疯狂的石头
不懂为什么大家那么迷,3,疯狂的石头
中国版两杆大烟枪。。,3,疯狂的石头
我找不到笑点，我这是怎么了。。,3,疯狂的石头
欣赏不来这种黑色幽默~,3,疯狂的石头
疯狂的是人的欲望，和任何事物无关，只和金钱有关，欲望无止境，于是，灾祸开始蔓延。无论怎样算尽心思，终究被吞噬。把商业的猫腻幽默了一回，向更高的搞笑境界前进。,3,疯狂的石头
老实说，看不太懂……,3,疯狂的石头
个人觉得一般，没有什么值得笑的，也没觉得幽默。,3,疯狂的石头
挺无趣的,3,疯狂的石头
我可以说，这部电影像两杆大烟枪吗。,3,疯狂的石头
两杆老烟枪 china版,3,疯狂的石头
两杆大烟枪山寨版,3,疯狂的石头
黑色幽默？还是动机不良。。,3,疯狂的石头
笑不出来。故事的确讲好了。找男朋友就要郭涛这样的。,3,疯狂的石头
笑不出來.... &gt;&#34;&lt;,3,疯狂的石头
额 这样的还是拍成短片比较好,3,疯狂的石头
反映了人生的荒谬...也不是很搞笑,3,疯狂的石头
方言片的大胆尝试,3,疯狂的石头
无极、夜宴大片在前，于是它当然不过；只是烟枪和偷抢也在，于是它又只能不功了。,3,疯狂的石头
重庆。,3,疯狂的石头
一般般  不觉得怎么好看 ,3,疯狂的石头
惊喜。,3,疯狂的石头
对不起,3,疯狂的石头
给渤叔点个赞,3,疯狂的石头
以后再也不看什么黑色幽默了，根本看不懂。,3,疯狂的石头
我睇你个肺！！！,3,疯狂的石头
特搞笑吗？,3,疯狂的石头
盛名之下 其实难副,3,疯狂的石头
国产黑色幽默,3,疯狂的石头
石头里藏着人性，追逐利益的时候带来了欢乐，可惜看到此片的时候，看到的评价已经影响了看片的心情，居然乐不起来,3,疯狂的石头
里面的台词很经典啊~,3,疯狂的石头
贼吃贼,3,疯狂的石头
与《买凶拍人》相比还是差了点,3,疯狂的石头
Mainland版两根大烟枪,3,疯狂的石头
我咋就觉得一般呢,3,疯狂的石头
结论是好人有好报么。。因果相生,3,疯狂的石头
剧情一气呵成，中间的小伏笔不断，结局还不错，基本每一个镜头都没有多余，穿插交代，但是这么明快的节奏少了一股酷劲，代入感不够。,3,疯狂的石头
从头二到尾。到底是谁在把谁当白痴？？,3,疯狂的石头
对这种类型的都不感冒,3,疯狂的石头
有一种观点是：拍电影只是为了取悦大众 ,3,疯狂的石头
我今天才看到这部经典的电影哇。。。。,3,疯狂的石头
很多人說像蓋瑞奇，但是我沒看過蓋瑞奇的片所以說不上來。基本上是好玩的片，有娛樂性，玩一些剪接和鏡頭的東西滿到位的，沒什麼故事，靠的就是笑料和味道。當然中國一些地方文化風味也是有趣的地方，或許是這部片最有價值之處。,3,疯狂的石头
原来如此，原来如彼。,3,疯狂的石头
没有传说中那么好吧,3,疯狂的石头
早都看了，忘记标了。,3,疯狂的石头
对于这种题材，我兴趣都不是很大，但是，笑了，就够了。,3,疯狂的石头
编剧还不错，不过没想象中好看,3,疯狂的石头
黑色幽默。,3,疯狂的石头
宁浩实在不是我的茶啊，我看他的三部作品，都无感……,3,疯狂的石头
很多人对这部戏评价很高，但是个人不太喜欢,3,疯狂的石头
一群可怜的笨贼。还好笑笑,3,疯狂的石头
没什么印象,3,疯狂的石头
。。。不知道笑点在哪儿,3,疯狂的石头
欠点火候,3,疯狂的石头
这是一部向盖·里奇致敬的电影。它完全模仿了《两杆大烟枪》。,3,疯狂的石头
是我笑點太高了麼？&gt; &lt;,3,疯狂的石头
那时看我可吓坏了。,3,疯狂的石头
总觉得开头那段特像无头骑士异闻录的手法，虽然从绝对时间上看，毒辣辣辣要在石头之后，但估计我是先入为主了。,3,疯狂的石头
郭涛崛起了?,3,疯狂的石头
抄袭痕迹挺重,3,疯狂的石头
想法极其好，但是笑点一般般,3,疯狂的石头
理念剽窃了法国电影蝴蝶振翅,3,疯狂的石头
除了山寨了点，也还不错,3,疯狂的石头
我顶你个肺,3,疯狂的石头
这种故事也只有放在巴蜀地区才成立。,3,疯狂的石头
是方言让我难以喜欢这部剧,3,疯狂的石头
实适宜的捡漏 投机者的爆发.,3,疯狂的石头
宁浩的出山之作,3,疯狂的石头
我发现豆瓣高分评一般是国产草根黑色幽默或者是那些无人能懂的新浪潮。至于抄袭，手法很像盖里奇但似乎不如盖里奇娴熟，感觉还很拙劣，虽然导演说构思比盖里奇要早但还是可以看出国内电影的不成熟。另，我的笑点太高了，黑色幽默一般很难打动我。,3,疯狂的石头
疯狂的石头,3,疯狂的石头
无厘头- -、但不怎么喜欢这种幽默~,3,疯狂的石头
舆论神作~,3,疯狂的石头
比想象中的.....差点.可能之前听评论太好了..有落差~,3,疯狂的石头
重看尚可,3,疯狂的石头
预感黑皮要火~~,3,疯狂的石头
画面太脏,3,疯狂的石头
还是有抄袭的嫌疑，但是已经不算差了。方言听起来很搞！PS：那个折叠的小灯是用来看书的，咋就变成职业工具了呢~~~！,3,疯狂的石头
黑色幽默有点意思。,3,疯狂的石头
那惊世骇俗的一甩头。,3,疯狂的石头
也许口味不投，感觉并没有评论的那么好,3,疯狂的石头
2014.2.23重看 一点不差，节奏足够快,3,疯狂的石头
看《疯狂的石头》的时候我以为可口可乐、腾讯、班尼路都是它的赞助商，结果最后的字幕里只感谢了班尼路——竟然没有可口可乐！,3,疯狂的石头
恩，大学的记忆，徐峥,3,疯狂的石头
我顶你个肺,3,疯狂的石头
《两杆大烟枪》的四川话版,3,疯狂的石头
原来兵和贼一起洗过澡。,3,疯狂的石头
哎，道哥！！,3,疯狂的石头
下水道那段有点。。。,3,疯狂的石头
疯狂的石头，疯狂的搞笑～哈哈！,3,疯狂的石头
没啥营养，但很好笑很有前途！,3,疯狂的石头
没有想象中和传说中好看。,3,疯狂的石头
估计得等无人区之后才知道他实力到底多少,3,疯狂的石头
实在给不了四星，虽然这片子不错。,3,疯狂的石头
各方为一块石头卖命，阴差阳错的人性开始上演。并没想象中的那么可笑。,3,疯狂的石头
没想象中搞笑…剧情还行的,3,疯狂的石头
里程碑电影,3,疯狂的石头
好笑的点？,3,疯狂的石头
小成本的电影  题材还不错  ,3,疯狂的石头
不如宣传的搞笑。,3,疯狂的石头
飘过,3,疯狂的石头
我咋就不笑呢？,3,疯狂的石头
我不太喜欢这种感觉的东西,3,疯狂的石头
有点儿意思,3,疯狂的石头
补,3,疯狂的石头
真真假假真真假,3,疯狂的石头
搞不明白为啥那么多人说它好~~~,3,疯狂的石头
可能中国确实是拿不出导演了吧,3,疯狂的石头
还行,3,疯狂的石头
噱头,3,疯狂的石头
当很多人从喜剧片里找哲理的时候，我觉得这部电影没意思了,3,疯狂的石头
"不喜欢, 看了一大半看不下去勒...",3,疯狂的石头
偶BF真爱看这个，被动又看了一遍~,3,疯狂的石头
"国产喜剧,它不好看,只是其它国产片太难看了",3,疯狂的石头
不太有这个幽默感,3,疯狂的石头
跟疯狂的赛车比还是差了点,3,疯狂的石头
当时看的是盗版DVD 租的影碟 一般吧,3,疯狂的石头
老百姓的小幽默,3,疯狂的石头
反类型的壳，反讽的心。宁浩的喜剧总是带点苦味。,3,疯狂的石头
电视上看的,3,疯狂的石头
我是没怎么笑出来了。但是看得觉得挺无语的。,3,疯狂的石头
"前面4星，后面3星 2007年暑假回来,老杨推荐的, 看完我直摇头, 觉得果然不是同路人啊",3,疯狂的石头
补 逆反心理作祟,3,疯狂的石头
电视上看的,3,疯狂的石头
我对它不像很多人那样有感情,3,疯狂的石头
让人发笑也是才能 只可惜笑声背后的东西有限,3,疯狂的石头
给历史地位...,3,疯狂的石头
其实不搞笑啊！,3,疯狂的石头
还是空了点,3,疯狂的石头
看不下去,3,疯狂的石头
一起恶搞吧,3,疯狂的石头
不知道为什么，看了三次，最后都睡着了...?,3,疯狂的石头
我就觉得挺垃圾的,3,疯狂的石头
还差点。,3,疯狂的石头
一点都不觉得好玩,3,疯狂的石头
剧情东抄西抄，实在不觉得好笑，勉强可以看看,3,疯狂的石头
学的是那么回事,3,疯狂的石头
一块石头引发的血案。。。,3,疯狂的石头
支持本土啊！！！！！！,3,疯狂的石头
重新看了一遍，这回完完整整的看了，一直觉得石头没有赛车好看~不过如此一部片子在当时绝对惊艳，郭涛演的不错。宁浩学盖里奇学的还是有模有样，总比有些人学不明白，抄都糊涂来得强。,3,疯狂的石头
这类型的片子 一般我很难发笑。里面都是男人  没什么女人  而且一口重庆话，如果我是重庆人  那看看还是不错的,3,疯狂的石头
还成吧，新尝试,3,疯狂的石头
记得是06年暑假和孙醉醉去电影院看的片 坐在旁边的小伙子一直在傻笑 里面貌似有句经典台词 我顶你个肺。。@新华影都,3,疯狂的石头
唉。。,3,疯狂的石头
没觉得有多好，可看可不看,3,疯狂的石头
好在哪里,3,疯狂的石头
电影毕竟是光影艺术，画面真的不行,3,疯狂的石头
我看不懂这种东西。无法好好欣赏。,3,疯狂的石头
只依稀记得很搞笑,3,疯狂的石头
泛滥吧猪头,3,疯狂的石头
两星水平，加一星大众对它的捧。三星。,3,疯狂的石头
第一次听到BMW的另外解释就是看这部电影...........搞笑是搞笑但是不是那么喜欢.............,3,疯狂的石头
到最后我都搞不清楚哪块石头是真的。。。,3,疯狂的石头
经不起反复看,3,疯狂的石头
还是更喜欢 赛车,3,疯狂的石头
宁浩算是模仿盖里奇比较靠谱的,3,疯狂的石头
"比十全九美好点,剧情还蛮有那个味的!",3,疯狂的石头
模仿痕迹太重了,3,疯狂的石头
只觉得黄渤在井下打电话没信号那里很搞笑,3,疯狂的石头
很多人很喜欢它  我只是觉得还好,3,疯狂的石头
搞死人的咯~,3,疯狂的石头
一般般，没有疯狂的赛车好看,3,疯狂的石头
本能排斥幼稚片,3,疯狂的石头
孙延豪，和我爸.三个骗子，香港大盗，工厂保安，光头大，和谢小盟.,3,疯狂的石头
都说几分钟笑一次   可我总共只笑出来一次  黄渤被锤头砸的时候  home   computer  wan,3,疯狂的石头
还行吧……,3,疯狂的石头
班尼路，牌子啊~,3,疯狂的石头
还是差那么一点，但是已经在当时的内地电影中很不错了,3,疯狂的石头
有些失望～,3,疯狂的石头
看睡着了,3,疯狂的石头
没感觉有传说的那么好，也就川话带出来的笑果，要国语版的觉得就没啥可看的了。场景虽然接地气但是太懊糟，对本人吸力不大。和家里人看。,3,疯狂的石头
说实话不怎么喜欢,3,疯狂的石头
一般,3,疯狂的石头
和两个大烟枪差不多 而且没有他拍的好,3,疯狂的石头
BMW……,3,疯狂的石头
不喜欢这一型的喜剧,3,疯狂的石头
果然是冷笑话,3,疯狂的石头
三星半。,3,疯狂的石头
抄袭！,3,疯狂的石头
不觉得多好笑。。。,3,疯狂的石头
好看在哪里？两次都没坚持看完,3,疯狂的石头
凑热闹看了一遍，不是我的口味阿。。。,3,疯狂的石头
回忆起来觉得很一般。当年挺喜欢的吧。,3,疯狂的石头
我更喜欢赛车大概就是因为黄渤小伙儿戏份太少了。。。我是他真饭啊~~~【穿的要死。,3,疯狂的石头
自武林外传开始，此类国产恶搞喜剧影片就大行其道。标签就是套用港式喜剧模式和西方黑色幽默再剪贴上一些内地元素，完成。,3,疯狂的石头
不知點解會紅,3,疯狂的石头
完整看一遍 最后真是笑了 罗汉寺拆拆建建现在还那样,3,疯狂的石头
國產兩桿大煙槍.........,3,疯狂的石头
奇怪，并不怎么喜欢，没有什么化学反应,3,疯狂的石头
国产低成本又赢了。,3,疯狂的石头
这是一部黑色幽默喜剧片，工厂工人发现一伙价值连城的石头，厂长决定将它放在展览厅里公诸于世，却惹来一群黑帮和小偷虎视眈眈、绞尽脑汁誓要夺得此石头，工厂里忠心的老包自荐担起保安职责，组织队伍，出尽法宝加强保安工作。,3,疯狂的石头
有点搞笑吧。,3,疯狂的石头
还行,3,疯狂的石头
开始了“疯狂系列”,3,疯狂的石头
不要过多得联想《两杆大烟枪》，至少还算好看，都是盗宝，比《天机·富春山居图》好玩多了，不过我对这种拍个电影就为了几个梗的套路不是很感冒，还有女性角色不要少吗，《低俗小说》好歹还有乌玛·瑟曼跳了支舞,3,疯狂的石头
我和同学看着睡着了......,3,疯狂的石头
方言...,3,疯狂的石头
鄙视他，抄《大烟枪》,3,疯狂的石头
好像是我笑点奇怪了 没觉得它好看也。。,3,疯狂的石头
打发时间的片儿,3,疯狂的石头
就那样儿，非常一般,3,疯狂的石头
算是个好片吧,3,疯狂的石头
宁浩的习作,3,疯狂的石头
搞笑,3,疯狂的石头
无厘头小草根,3,疯狂的石头
在剪辑上画了大把时间，但依旧可以看出宁浩的屌丝气息。我可以说这里宁浩拷贝盖里奇的《两杆大烟枪》吗！对了人物塑造方面做得不错。★★★☆,3,疯狂的石头
頂你個肺,3,疯狂的石头
没有坊间传说的那么好。,3,疯狂的石头
没咋笑出来...,3,疯狂的石头
和＜两杆大烟枪＞一样,3,疯狂的石头
不知道为什么会这么红,3,疯狂的石头
看过补脚印,3,疯狂的石头
断断续续看的是些片段　黑色幽默其实自己不太懂剧本写的好细　各种嗨但又各种心酸,3,疯狂的石头
一般般,3,疯狂的石头
"看到db彈出來個250,頓時驚呆——你也承認你250啊...忘了標記了,笑完看完就忘了,那著電影挺可惜...結構不夠給力",3,疯狂的石头
一般性吧,3,疯狂的石头
一块翡翠石头引发的血案、,3,疯狂的石头
转了一圈，想要的没要，成了傻子，没想过要的要了，成了傻人傻福,3,疯狂的石头
谢绝模仿 创意,3,疯狂的石头
还算抄袭的不错……,3,疯狂的石头
本土化的盖里奇，很好地融入了中国特色的文化和社会现象，笑果不错。但总归借鉴的东西太多了，原创性很不足。,3,疯狂的石头
比起疯狂的赛车好多了。但依旧不是我喜欢的风格。,3,疯狂的石头
这部电影算是国产的奇迹吧~~,3,疯狂的石头
无语,3,疯狂的石头
两杆大烟枪的翻版,3,疯狂的石头
这是一部黑色幽默喜剧片，工厂工人发现一伙价值连城的石头，厂长决定将它放在展览厅里公诸于世，却惹来一群黑帮和小偷虎视眈眈、绞尽脑汁誓要夺得此石头，工厂里忠心的老包自荐担起保安职责，组织队伍，出尽法宝加强保安工作。,3,疯狂的石头
中国的低俗电影,3,疯狂的石头
"乱,不喜欢这些东西.象&lt;高兴&gt;&lt;疯狂的赛车&gt;",3,疯狂的石头
被炒作到不行 导演跑到我的大学来巡回演讲 于是我赶紧跑去网络上补上这部电影 然后呢 我不知道唉 我没被震撼到。。。我的笑点好高。。。,3,疯狂的石头
小成本大回报,3,疯狂的石头
7.8 搞笑,3,疯狂的石头
开头很赞 但看到后来感觉很奇怪 所有的笑都很勉强,3,疯狂的石头
看了偷拐抢骗后，觉得这部剧的叙事手法明显模仿前者,3,疯狂的石头
算是近年国产电影的精品。大烟枪后减一星。,3,疯狂的石头
三星半，剧本和独立的精神是鼓励的，除了结尾感觉比较中庸，戏仿和混搭的配乐也很欢乐，其中几处模仿《11：14》的交叉蒙太奇剪得略业余，弄巧成拙的感觉。,3,疯狂的石头
啊！上清寺！,3,疯狂的石头
有点乱烘烘的,3,疯狂的石头
无厘头终于有了国产的了。,3,疯狂的石头
不懂黑色幽默的是我,3,疯狂的石头
笑点在哪- -,3,疯狂的石头
非常难得的“抄袭片”,3,疯狂的石头
搞不懂有萨好看俄,3,疯狂的石头
蛮搞笑的。,3,疯狂的石头
如果没有两杆大烟枪，会有疯狂的石头吗？！,3,疯狂的石头
看过一点。没看完。,3,疯狂的石头
看过就看过了,3,疯狂的石头
确实是不喜欢四川人的那个劲儿 看了一半的片 不过再看宁浩近期作品 就觉得石头拍的还是比较好的,3,疯狂的石头
其实挺逗的，,3,疯狂的石头
。,3,疯狂的石头
我不明白我为什么可以看到睡着,3,疯狂的石头
小成本之经典~,3,疯狂的石头
奇怪的生活,3,疯狂的石头
人生就像一场戏！,3,疯狂的石头
确实不错！,3,疯狂的石头
国产闹剧太喜感了，哈哈！,3,疯狂的石头
笨贼汇,3,疯狂的石头
没觉得特别搞笑啊,3,疯狂的石头
cctv6有播，很搞笑的，挺好玩的,3,疯狂的石头
这片还行。我看不出众人夸奖的那般好。难以理解大家兴奋个啥？不太适应,3,疯狂的石头
比起今年的《黄金大劫案》，石头稍逊...,3,疯狂的石头
噶幽默的，０６年就它和武林外传了,3,疯狂的石头
挺能搞的,3,疯狂的石头
导演是盖里奇的粉丝吧，以前觉得这电影不错，现在只是笑而不语,3,疯狂的石头
略失望,3,疯狂的石头
"一般,,我对喜剧很挑剔~",3,疯狂的石头
不是不待见，是不明白,3,疯狂的石头
黄渤真的一副傻样啊~~！！！,3,疯狂的石头
就还好啊！,3,疯狂的石头
太搞了，不喜欢。,3,疯狂的石头
如果要从立意而言我不知作何评价 因为自己没看出什么名堂 可能是因为没看盖里奇很久而记忆模糊了 郭涛还是一如既往地不太感冒 徐峥还是一如既往地没办法不感冒,3,疯狂的石头
年少的记忆啊！,3,疯狂的石头
都说这部好，可惜我只看了一半,3,疯狂的石头
9年后再来看就觉得一般般啦,3,疯狂的石头
没评论的好,3,疯狂的石头
"这部电影的贡献不仅是喜剧,更在于小成本电影的商业成功.",3,疯狂的石头
真没觉得有啥特别的···。,3,疯狂的石头
无里头恶搞,3,疯狂的石头
黄渤太出彩,3,疯狂的石头
你烙印着那次我的幼稚,3,疯狂的石头
我觉得被坑了……,3,疯狂的石头
不感冒。,3,疯狂的石头
冷幽默。,3,疯狂的石头
...,3,疯狂的石头
我大重庆好适合拍B级片！！！,3,疯狂的石头
拍摄环境受不了，宁浩能抄出水平,3,疯狂的石头
没感觉那么好笑,3,疯狂的石头
呵呵，有点意思。但也就是这样了。,3,疯狂的石头
黄渤演技超赞,3,疯狂的石头
没有疯狂的赛车好看,3,疯狂的石头
大陆能搞这样的 不错,3,疯狂的石头
这些电影的配乐都在哪里啊请问！让人感觉像是在看电视剧！！这个剧本放在2006年的中国确实很有意义的吧,3,疯狂的石头
挺失望的,3,疯狂的石头
其实很好看，其实很不错，边看边聊天儿了都~！,3,疯狂的石头
怎么着片子只有98分钟吗？？我觉得好长的……,3,疯狂的石头
多看几遍才好看,3,疯狂的石头
其实没觉得多少笑,3,疯狂的石头
各种山寨，也就黄渤能看,3,疯狂的石头
小北推薦,3,疯狂的石头
我不能理解PPS里那些说看了十几遍还在笑的人的脑袋。。。。我反正没笑。。。,3,疯狂的石头
看过大烟枪就觉得很无感了,3,疯狂的石头
沒看前，看別人說是SNATCH和兩槍的翻版，身為蓋迷的我不來瞧瞧實在說不過去。誰知開頭前幾分鐘我就冏了，我...不是說好只是劇情像嗎，怎麼連個分鏡什麼的也都給我像啊，我不是要看披著蓋導的中國片啊...導演說崇拜阿蓋？你不能拍了後被別人說抄襲就馬上說這種話消毒啊...這要是在台灣早就被罵死了親。,3,疯狂的石头
骗中骗，贼中贼，有意思吗？,3,疯狂的石头
需要多看几遍。越看越觉得大情节中的小细节实在设置的很妙。不过看完两杆大烟枪，就觉得这个实在是小家子气。也许是预告＆介绍看太多，不觉的那么好笑。唉，期望值。。,3,疯狂的石头
不是我的菜,3,疯狂的石头
黑色幽默。,3,疯狂的石头
的确太像gay导了。。,3,疯狂的石头
接地气儿。,3,疯狂的石头
国产里挺有特色的,3,疯狂的石头
重庆。,3,疯狂的石头
黑色幽默，小成本大反响，但是我的确觉得太接地气了，一般般。,3,疯狂的石头
仿的不错,3,疯狂的石头
两杆大烟枪+偷拐抢骗的中国化综合体,3,疯狂的石头
咱不说抄袭 模仿呗~7/10,3,疯狂的石头
为什么觉得没什么意思呢⋯⋯,3,疯狂的石头
#3.5#,3,疯狂的石头
羊喜欢看的,3,疯狂的石头
没找到笑点,3,疯狂的石头
不是很喜欢,3,疯狂的石头
普普通通啦..,3,疯狂的石头
黑色幽默,3,疯狂的石头
消遣品,3,疯狂的石头
不新鲜,3,疯狂的石头
我觉得我的笑点高,3,疯狂的石头
不得不说故事实在编的好呀。,3,疯狂的石头
演员很出彩，情节和结构很一般,3,疯狂的石头
嘈嘈嘈,3,疯狂的石头
虽然很俗，但不能否认，电影还满妙的,3,疯狂的石头
2008,3,疯狂的石头
不错，但没有想象中那么好。,3,疯狂的石头
只能说还行，因为有了《两杆大烟枪》,3,疯狂的石头
"不懂得一些黑色的幽默,",3,疯狂的石头
"可以说是诸部电影的合辑吧,呵呵.可以让人容易记住几句经典台词,却不能轻易让人记住剧情的片子.",3,疯狂的石头
闹剧，用于消遣吧,3,疯狂的石头
为什么不觉得好看，乱糟糟的闹剧,3,疯狂的石头
除了黄渤之外演技都欠佳。叙事结构猛抄盖里奇。抄的不赖。。。。,3,疯狂的石头
粗糙，没那么棒吧,3,疯狂的石头
都tmd癫狂了....,3,疯狂的石头
换换换,3,疯狂的石头
手法对于大陆来说比较新颖,3,疯狂的石头
故事很不错，以他的成本来说，我们不能期望太高,3,疯狂的石头
近年来国内不错的黑色幽默影片.但是没有太多内容.纯搞笑.但是搞笑搞得很成功.,3,疯狂的石头
没感觉诶…不晓得是不是方言的缘故…,3,疯狂的石头
大陆片中算是比较好的了,3,疯狂的石头
还可以,3,疯狂的石头
我倒是不喜欢,3,疯狂的石头
第十放映室说得好，香港来的国际大盗水土不服，顶你个肺,3,疯狂的石头
荒诞,3,疯狂的石头
"画面质感太差,笑料不足,其他的就连效果音都抄来了,也没什么好说的",3,疯狂的石头
如果我没看过两杆大烟枪的话，我会给5分的,3,疯狂的石头
不知为何能被捧上天,3,疯狂的石头
"汉化Lock, Stock and Two Smoking Barrels",3,疯狂的石头
电影院的人笑声此起彼伏，我从头到尾都没怎么笑过好像，听不太懂四川话啊！！！悲剧的,3,疯狂的石头
不觉得很有意思,3,疯狂的石头
重点是在重庆拍的，有点意思，不过抄袭气气有点重,3,疯狂的石头
一般，没像炒作的那么好,3,疯狂的石头
逗樂,3,疯狂的石头
不喜欢.,3,疯狂的石头
似曾相识？,3,疯狂的石头
挺可爱的，尤其喜欢在电影里听到方言，而且完全不觉得突兀,3,疯狂的石头
7.5/中国蒙太奇典范？oh；不好意思。。。,3,疯狂的石头
6/10，基本都是英国《一杆大烟枪》和波兰《盗走达芬奇》两部电影国内版。,3,疯狂的石头
保卫科长发现石头掉包之后的感觉挺好..,3,疯狂的石头
看第一遍睡过去了。,3,疯狂的石头
以前看的。就那样。,3,疯狂的石头
没觉得多好笑……= =,3,疯狂的石头
假,3,疯狂的石头
没看完。,3,疯狂的石头
虽然很乐。可是很傻,3,疯狂的石头
要么是我没看懂要么是我没笑点(-┏),3,疯狂的石头
影片中在江边，包世宏把翡翠挂在老婆肩上，然后说是假的，老婆却一脸幸福的依偎在老包怀里，这一幕打动了我。,3,疯狂的石头
小学第二次组织看电影看的这部，就记住“我顶你个肺”,3,疯狂的石头
额。。有点儿雷~,3,疯狂的石头
原来是抄袭的，失望...(目的达到了——搞笑！缺点：我觉得主角演得不到位，个别情节多余。),3,疯狂的石头
盛誉之下一部被高估的作品，多线叙事的结构基本照搬两杆大烟枪，而且邻居、交警、以及最后黑吃黑都有借鉴烟枪的元素，结构也是换汤不换药，我们应该在借鉴别人的同时也应该讲好我们自己的故事。,2,疯狂的石头
别人笑成那样我都找不到笑点,2,疯狂的石头
这剧情始终 吸引不了我,2,疯狂的石头
为什吗我看不懂哪里好笑,1,疯狂的石头
看不下去``不好看``,2,疯狂的石头
不过是抄的不错而已，请看《四杆大烟枪》,2,疯狂的石头
真的不好笑，可能我对方言类的喜剧不感冒吧，当时和好多同学一起看的，他们也没啥大反应。。我确定我看完了，可情节也忘记了。。,1,疯狂的石头
贪念又一次制造闹剧~~,2,疯狂的石头
我觉得挺垃圾的,2,疯狂的石头
以前看的。就这点幽默功力啊,2,疯狂的石头
俗到极点的一部片子。。。盖里奇的中国“弟子”,1,疯狂的石头
我要给一星！！！赤裸抄袭我儿时心中的经典，还抄成那个脏兮兮的样子,1,疯狂的石头
难看,1,疯狂的石头
又被忽悠了,2,疯狂的石头
有点无聊,2,疯狂的石头
烂俗套,2,疯狂的石头
很遗憾，人人喊好的片子，我欣赏不了,1,疯狂的石头
not bad.,2,疯狂的石头
五年后重看才找到笑点,2,疯狂的石头
"一看就是模仿的痕迹很重----尽管我没看出来模仿了谁.然后刚刚才把&lt;Lock,stock,and two smoking barrels(两杆大烟枪)看完来.才知道哦hoho这才是真正的coinsidence.虽然太巧啦,不过还真的蛮好笑呐..~最好笑的一段是凶狠的劫匪在铁笼里抢毒贩,还有两个只会偷邮车的&#34;北方猴子&#34;,笨笨的还去当小偷~~表情好可爱~~以前没看的时候还以为是讲黑帮的片子咧,那么严肃的封面. ",2,疯狂的石头
实在不喜欢.,2,疯狂的石头
宁浩的笑点欣赏不来。,2,疯狂的石头
莫名其妙地火了,2,疯狂的石头
哪有那么好看？中国电影里算好的？,1,疯狂的石头
看到結尾我覺得還行了.    ,2,疯狂的石头
真心不喜欢这种风格咯= =“顶你个肺哈哈”,2,疯狂的石头
混乱支离,2,疯狂的石头
画面太糙，到底哪里好笑了＝　＝,2,疯狂的石头
没有传说中那么搞笑。,2,疯狂的石头
其实我挺反感这部片的 空洞的黑色幽默 没内容 ,2,疯狂的石头
accidentally!!,1,疯狂的石头
不能理解为什么那么多人在电影院爆笑~是我病了吧~,2,疯狂的石头
说实话我完全不理解这样的方式，不对我胃口,2,疯狂的石头
不明天为什么曾经那么火，明明不好看,2,疯狂的石头
笑不出来~,2,疯狂的石头
疯狂么,2,疯狂的石头
为了：白龙飞的&#34;狗日的&#34;,2,疯狂的石头
a fucking copy,2,疯狂的石头
山寨版两杆老烟枪。,1,疯狂的石头
节奏快，，,2,疯狂的石头
粗俗，一点没觉得好看,1,疯狂的石头
为什吗我就是觉得非常一般呢,2,疯狂的石头
2次。,2,疯狂的石头
一直对这种所谓黑色幽默无感,2,疯狂的石头
一切都是“巧合”,1,疯狂的石头
幽默在哪儿啊。。。,2,疯狂的石头
傻X！,1,疯狂的石头
国产无聊片,1,疯狂的石头
炒作啊炒作.......,2,疯狂的石头
不知道当时为什么那么多人想看。。,2,疯狂的石头
大学才看的。,2,疯狂的石头
画面粗糙的东西，俺受不了，也不好笑,2,疯狂的石头
的确不喜欢,1,疯狂的石头
四川话还是狠有意思的。,2,疯狂的石头
完全 么发现好玩 - -,2,疯狂的石头
2000&#39;s看过,2,疯狂的石头
我是真的不喜欢恶搞的电影。,1,疯狂的石头
无聊的片子，顶你个肺。。。,2,疯狂的石头
很脏！,2,疯狂的石头
没觉得多好看,2,疯狂的石头
没有笑过。这个真的是喜剧片？,2,疯狂的石头
最后好纠结 自己人偷自己人？,2,疯狂的石头
看的那版没有字幕，听不懂那些笑点在哪里,2,疯狂的石头
乱哄哄就完了，有点傻,2,疯狂的石头
好笑毛啊,1,疯狂的石头
想学昆汀？早着呢！,2,疯狂的石头
看不懂哟,2,疯狂的石头
可能我不喜欢这种黑色幽默吧 我觉得这部片超烂的 都不明白有什么意义  演员又丑 坏境又佬  很邋遢的感觉,2,疯狂的石头
当年看可能剧情什么还是非常好的，现在觉得也就一般,1,疯狂的石头
不是我喜欢的类型,2,疯狂的石头
不喜欢,2,疯狂的石头
一点都不好笑,1,疯狂的石头
抄袭还能抄出来一个大师？最可恨的是观众不在乎 他们不需要动脑筋 也不想动脑筋 封神才是他们要做的,2,疯狂的石头
伪&lt;两杆大烟枪&gt;,1,疯狂的石头
看了《兩杆大煙槍》后，我決定給本片降兩星。,2,疯狂的石头
期待太多 可惜全是抄的！连摇镜头都像盖 里奇……难看死了！！！搞不懂为什么那么红！！！ 除了一句BMW蛮好笑………………,2,疯狂的石头
宁浩制造，黑色幽默确实很浓，但这部电影好像不是我的菜。。。我总觉得“小成本电影”不应该等于粗制滥造，片子里的笑点和故事本身没什么问题，但制作上…………,2,疯狂的石头
恶俗,2,疯狂的石头
谁让我先看了盖里奇的那两部了,2,疯狂的石头
没看懂,1,疯狂的石头
看过两杆大烟枪，所以看它有点失望,2,疯狂的石头
还行,2,疯狂的石头
和两杆大烟枪相比，疯狂的石头只能说是中国人在TMD自己手淫而已。,1,疯狂的石头
牌子，班尼路,2,疯狂的石头
我咋看不出哪好或者哪好笑呢,1,疯狂的石头
两杆大烟枪？,2,疯狂的石头
看过两杆大烟枪我立马给他一星 ,1,疯狂的石头
实在是没有看下去的欲望，我强忍着看完了,2,疯狂的石头
完全欣赏不来,1,疯狂的石头
你就装吧!,2,疯狂的石头
最卖座也最无耻的抄袭之作！抄自法国电影《两杆大烟枪》！,1,疯狂的石头
作为一个很爱笑的人 我觉得这部电影极其无聊,2,疯狂的石头
嗯 不是一类人,2,疯狂的石头
完全不喜欢，完全不好看，完全不好笑。,1,疯狂的石头
评价理由如同两杆大烟枪，石头里的四川方言和大烟枪里的Cockney accent一样让人出戏，这种黑色幽默真是恶心，我真不幽默,1,疯狂的石头
不好看！,2,疯狂的石头
谈不上好笑，剧情太狗血。结局交代不清。,2,疯狂的石头
很搞就是很好看么？ 觉得某些方面像韩寒的小说，尤其是那个一座城池,2,疯狂的石头
"大家都说好笑,于是就看了,实在是...不觉得.主要是里面的方言听不太懂.",2,疯狂的石头
恶俗，奇丑无比,1,疯狂的石头
不晓得咋评价。,2,疯狂的石头
小人物悲喜剧,1,疯狂的石头
其实我中间睡着了，不喜欢这种调子的电影。看的时候不知道你们在笑什么。,2,疯狂的石头
没有什么好看的···就为了一块石头,2,疯狂的石头
滑稽和幽默永远不是一个层级的演员能同时体现的2种截然不同的效果 当然最新的某空调清新剂广告还算可以 ,1,疯狂的石头
无爱,2,疯狂的石头
&#34;好看&#34;在哪??,2,疯狂的石头
搞什么灰机嘛,1,疯狂的石头
那么回事,2,疯狂的石头
恶俗，无聊,1,疯狂的石头
不是很喜欢 太市井了,2,疯狂的石头
看的我只想吐  ,1,疯狂的石头
过了这么多年，依然不能释怀对此片的抵触情绪,1,疯狂的石头
没看懂,2,疯狂的石头
不喜欢,2,疯狂的石头
完全看不下去。。。,1,疯狂的石头
给高评跪了 笑点在哪啊 还是说我看错电影了,2,疯狂的石头
我catch不到笑点~,2,疯狂的石头
不知道有什么好。,2,疯狂的石头
"从头到尾,一次没笑...",2,疯狂的石头
我不喜欢看这种国产黑色幽默片,1,疯狂的石头
笑不出来……不知道为什么,2,疯狂的石头
我只记得我看了好久好久都没笑 ,2,疯狂的石头
从头到脚都在做作,2,疯狂的石头
抄袭偷拐抢骗,2,疯狂的石头
说实话不懂。。。。,2,疯狂的石头
扯,1,疯狂的石头
对不起，完全不感冒。,2,疯狂的石头
闷,2,疯狂的石头
不喜欢，乱七八糟,2,疯狂的石头
垃圾,2,疯狂的石头
一点都不觉得好笑,1,疯狂的石头
大学时在那个破礼堂看的，清楚的记得又冷又不能离场，度日如年。,2,疯狂的石头
有什么好笑的...............,1,疯狂的石头
真不懂这么人喜欢这样的,2,疯狂的石头
我不懂欣賞它。 覺得很冷。,1,疯狂的石头
也不喜欢国产的这种类型的,2,疯狂的石头
还不错 算不上抄袭 应该说是致敬,2,疯狂的石头
感觉没什么意思，不过国际大盗迈克的情节给两星，不然就给一星！,2,疯狂的石头
可不可以不打星？满足全民高潮的抄袭之作,1,疯狂的石头
理解不了这样的黑色幽默。,2,疯狂的石头
这种好反正我欣赏不来,2,疯狂的石头
根本不知道为什么好笑,1,疯狂的石头
赤裸裸的抄袭啊,1,疯狂的石头
看过的最好的致敬模仿之作。,2,疯狂的石头
有点无聊.语言不通.~,2,疯狂的石头
抄袭,1,疯狂的石头
实在太乱来,1,疯狂的石头
不觉得有多幽默,2,疯狂的石头
看这个片子时，应该是2006年，在58路公交车经过的南大路附近，斗室中，非常热，蚊子多，周围脏乱差——所以，对影片中频频出现的厕所场景深恶痛绝，从而对本片的印象从来就没好过。,2,疯狂的石头
好笑吗？,2,疯狂的石头
怎么没有0星可打呢,1,疯狂的石头
我只能说，这种幽默我不喜欢,2,疯狂的石头
没有看出到底幽默在哪里、,2,疯狂的石头
一群疯子,2,疯狂的石头
给这分儿是必须的,1,疯狂的石头
不懂……你的黑色幽默。,2,疯狂的石头
没觉得好笑,2,疯狂的石头
没看出好了   欣赏不了新锐导演的黑色幽默,2,疯狂的石头
说实话 我一次没笑,2,疯狂的石头
完全没觉得好笑...剧情安排倒还可以,2,疯狂的石头
好难看。。。不知道到底讲个啥。。。这么高的分数都是重庆人自己顶的吧。,1,疯狂的石头
因为剧本剽窃，给两星,2,疯狂的石头
当年伟子兄极力推荐，并愿意陪我一起看第二遍，我心深受鼓舞。在她不断的笑声中伴随着我不断找不到笑点的尴尬，并且独自庆幸没去百讲买票看。但是面对着热情的伟子兄，我只好说：还不错。但是我的心理阴影让我不断犹豫：到底应不应该看两杆大烟枪呢？因为伟子兄说石头仿烟枪，让我倒吸一口冷气……,1,疯狂的石头
是不是被过于捧高呢？,2,疯狂的石头
"中国那么火的喜剧,why??我可不是没幽默感的人啊..",2,疯狂的石头
很多人说好，但我没感觉,1,疯狂的石头
无聊，恶俗,1,疯狂的石头
一次都没笑。,1,疯狂的石头
头一段就觉得有两杆大烟枪的影子，此后挥之不去，情节有点饶，不够紧凑，不够嗨。,2,疯狂的石头
欣赏不来这类搞笑,2,疯狂的石头
= =,2,疯狂的石头
不知所云,2,疯狂的石头
无聊。。。,1,疯狂的石头
翡翠宝石的移换挪置真是颇有意思。还是很民间幽默的。只是小人物也太难看了点。,2,疯狂的石头
片是好片，模仿痕迹太重，负分滚。,1,疯狂的石头
中国版两杆大烟枪,2,疯狂的石头
讨厌的方言，根本就没看懂，整个画面黑乎乎一片，无聊死了~,1,疯狂的石头
板妮鹿儿，拍子~,2,疯狂的石头
我是没笑,2,疯狂的石头
"电视上看到的,太无语了",1,疯狂的石头
折腾,2,疯狂的石头
就那样吧。。,2,疯狂的石头
不喜欢的类型。,1,疯狂的石头
艹，这种片子也能红，它干脆叫三只老烟枪算了,2,疯狂的石头
貌似我是06年看的....什莫玩意!!,1,疯狂的石头
无聊,1,疯狂的石头
实在是...,1,疯狂的石头
从头到尾我一点都没笑出来……真心觉得很烂，不知道为啥这么多人喜欢,2,疯狂的石头
没听懂 看睡着了,2,疯狂的石头
郭子睿即视感,2,疯狂的石头
有什么啊，不就是剽窃的本子看着还行吗,2,疯狂的石头
无理取闹,2,疯狂的石头
不知道为啥大家都觉得好笑~ 偶的笑点与之不合拍啊~,2,疯狂的石头
欣赏不了疯狂系列,2,疯狂的石头
终于把他看完了，下了都快一年了。我承认我看的很不认真，但我觉得本质因素是因为这部片子竟然没有一个帅哥。。好吧，他是发人深省的,2,疯狂的石头
天啊。要不要逼脸了！,2,疯狂的石头
不知道为什么有满多报道说很好，难道是因为石头的疯狂传染给人类了么？,2,疯狂的石头
虽生在重庆，本应为该片感到自豪，可读不懂能为该片自豪什么。票房的是个奇迹，可获的那些奖就不知所以了。,2,疯狂的石头
为什么我就笑不出来呢，是不是西片看多了,1,疯狂的石头
纯属娱乐,2,疯狂的石头
冲着徐峥，才没给一颗星,2,疯狂的石头
逗自己玩，不喜欢。,1,疯狂的石头
为毛笑不出。,2,疯狂的石头
打乱叙事顺序谁不会啊,2,疯狂的石头
商业,2,疯狂的石头
不喜欢这种风格……,2,疯狂的石头
boring,1,疯狂的石头
"a film with low cost.after all it is not a big film,don&#39;t take a much hope with it.in my oppinion,it isn&#39;t worth to laugh",2,疯狂的石头
It wouldn&#39;t matter,1,疯狂的石头
我没什么笑出来的地方.......告诉我笑点在哪？！托它的福，我的口头禅变成n多人的口头禅了......,2,疯狂的石头
不好笑,2,疯狂的石头
可能我只适合周星驰他们这一类型的=_=,2,疯狂的石头
不-是-我-的-菜----,2,疯狂的石头
根本一点也不好看不好笑,1,疯狂的石头
好看,2,疯狂的石头
烂片,1,疯狂的石头
没觉得有什么好的。垃圾片,2,疯狂的石头
好脏，恶心，黄渤演的那个人真是欠揍,2,疯狂的石头
就没觉得好过,2,疯狂的石头
音乐不错,2,疯狂的石头
抄nmlgb,1,疯狂的石头
无聊无趣浪费时间,2,疯狂的石头
请原谅，我真的始终没觉得这片子很好看。,2,疯狂的石头
剧情没有新意,2,疯狂的石头
故事，一点也不好玩。说是搞笑片，笑点都埋到地下通道里去了。不过从来没有看过如此接地气的电影，那个厕所啊，真的是把我恶心的够呛。这个片看着觉得忒长了。实在是，不好玩！,2,疯狂的石头
昨天逛街无意中还经过了拍摄的那个庙，我还指起那个井盖说那个人斗是从这里把手机天线冒出来的。朋友几个说起这部电影的评价都是“嘿无聊”，恩，确实，我也是嫩个想的,2,疯狂的石头
我一点也不喜欢,1,疯狂的石头
一点儿都不可笑,1,疯狂的石头
一分钱一分货 低成本的成功电影 真没什么劲,2,疯狂的石头
那个谁给我推荐的电影,2,疯狂的石头
没觉得多好看 品味不同吧,2,疯狂的石头
没有期望的好~,2,疯狂的石头
本来觉得还好 但今天我在碎叫 我们班在看这电影 吵死了啊！！！笑毛啊笑！！！笑点在哪里啊！！！熊天宇你在笑什么啊！！！！李梦珊这部电影多久以前的啊你怎么笑这么欢！！！！当年我在电影院看的时候附近的人都没笑好吗！！！我头晕感冒想碎叫好吗！！！连看两节课！！！笑你妹啊笑！！！！我要碎叫,2,疯狂的石头
抱歉我真的看不懂笑點在哪,2,疯狂的石头
无感。。,2,疯狂的石头
莫名其妙,1,疯狂的石头
这片子在电影频道至少瞄了三遍，但没有一次超过5分钟，看不下去。找丑角也不用找这么丑的。看在重庆话而不是京片子的份上多加一星,2,疯狂的石头
好笑么,2,疯狂的石头
软广告太多。,2,疯狂的石头
不喜欢……,2,疯狂的石头
我没很大感觉，没看完,2,疯狂的石头
好看么？血腥腥的，我是不喜欢啦~~,2,疯狂的石头
实在不合我的胃口，看了两遍还是get不到笑点。。,2,疯狂的石头
大概是我层次太低，无法理解这部电影好在哪里。,2,疯狂的石头
尝试了很多次，终究没有看下去……,2,疯狂的石头
真的从头到尾一声都没笑出来…除了内容比大笑江湖有点意义外，我真的不知道该怎么评论。,2,疯狂的石头
我怎么不觉得可笑啊,2,疯狂的石头
不爱喜剧。。,2,疯狂的石头
笑不出来。。。。没找到笑点。。。。,2,疯狂的石头
看不懂～～～,2,疯狂的石头
这类的电影我都不欣赏，对黑色幽默不感兴趣，认为电影的本身就是为了搞笑而拍，没有什么实质上的东西。,2,疯狂的石头
本来想给1 后来想想随后那些参照这部拍的烂片就得给0 可惜没有0 就给了2,2,疯狂的石头
不太喜欢。。。,2,疯狂的石头
人气高的电影 但是看得我差点睡着 可能是因为不是我喜欢的类型吧。。。,2,疯狂的石头
不喜欢这种风格的。。。哦我真是太不合群了。,2,疯狂的石头
在他未火之前在电影院看的，当真无聊的差点半途离场了~ 于是对其后来如此好评实在是感觉匪夷所思~,2,疯狂的石头
哎。。。,2,疯狂的石头
我一点都不觉得好。完全不理解为什么那么红。,2,疯狂的石头
不明白当年为什么这么火，我真不觉得好看,2,疯狂的石头
有人揭露，这电影是山寨《两杆大烟枪》的。,1,疯狂的石头
是很好笑也中国特色，可是不能太抄袭啊。有的导演的风格是非常独特的，就算用一点点，也象照抄一样。,2,疯狂的石头
看了好几遍都看不下去。主要是片子看上去太土了,1,疯狂的石头
只看了个开头，就不要再看下去了。,1,疯狂的石头
烂片。里头的角色个个以暴制暴，导演竟以「直朴」过份美化暴力，看得人很不舒服。,1,疯狂的石头
屁幽默,2,疯狂的石头
上厕所的梗充斥全片无聊且不好笑。要5000块钱的事情提及多次完全不好笑。情节设计的相当故意，无言以对。。,2,疯狂的石头
看不进去,2,疯狂的石头
不喜欢这种,2,疯狂的石头
很无聊,2,疯狂的石头
找不到笑点...看来我真的和黄渤式的幽默不tie...,2,疯狂的石头
无聊透顶,1,疯狂的石头
"低俗到无与伦比,真是难看",1,疯狂的石头
电影5分，抄袭-3,2,疯狂的石头
我认为并不好笑,2,疯狂的石头
高三晚自习。,2,疯狂的石头
说实话，我不觉得他好,2,疯狂的石头
除了郭涛其他的都不感兴趣,2,疯狂的石头
抄袭两杆大烟枪,1,疯狂的石头
山寨是从这个时候开始的吧,1,疯狂的石头
不是我喜欢的,2,疯狂的石头
妈的被欺骗感情啊，就是抄袭人家嘛｀｀｀｀！恶心哦｀｀,1,疯狂的石头
这。。。好笑吗?,2,疯狂的石头
不好笑 &amp; 不喜欢见血,2,疯狂的石头
没觉得好笑啊,1,疯狂的石头
不好看...非常不好看！,2,疯狂的石头
模仿的不太高明,2,疯狂的石头
不喜欢重庆人,1,疯狂的石头
实在是听不懂非普通话,2,疯狂的石头
我第一次看的是国语并且非最高清，当时觉得毫无趣味可言。等我现在下载了高清无码方言版，我再次鉴定此为烂片。不懂为什么一群人称之为神作，我觉得是垃圾。,1,疯狂的石头
可以说没什么好笑的,1,疯狂的石头
没劲,2,疯狂的石头
纯恶搞,2,疯狂的石头
匪夷所思的成功。。,2,疯狂的石头
没╮(╯_╰)╭笑出来,2,疯狂的石头
不好看也不怎么好笑。。就厂长儿子绑架那儿和摩托车撞车门搞笑。。。还以为很好看很好笑失望。。疯狂的赛车我也删除了想看,2,疯狂的石头
实在接受不了这种美术风格与审美,2,疯狂的石头
不太懂这种电影,2,疯狂的石头
我实在觉得不好笑。。。抄得也不带感。,2,疯狂的石头
期待宁浩明年再抄《泰坦尼克号》，取名叫《疯狂的大船》吧，这部片里的石头穿根链可以给女主角当那项链用。抄得好了，没准就是一有中国特色的灾难大片；万一又没抄好，姑且也能背个恶搞经典娱乐大众的美名，还是会得到拥护的。,1,疯狂的石头
什么跟什么呀！？刚开始的时候还有些新鲜的搞笑劲，后来就开始不知所云且有些低级了！,2,疯狂的石头
抄袭,1,疯狂的石头
抄袭！赤裸裸的抄袭了两杆大烟枪！,1,疯狂的石头
嗯.......,2,疯狂的石头
"实在没看书来,好在哪.",2,疯狂的石头
不喜欢。。。,2,疯狂的石头
有那么好看吗?,2,疯狂的石头
不适合我style的幽默,2,疯狂的石头
没劲...,1,疯狂的石头
极其极其不喜欢这类电影,1,疯狂的石头
就前面的拆白党环节笑了,2,疯狂的石头
下载（枪版）,2,疯狂的石头
个人觉得一般，没多大意思，好象跟大众反映不太相同,2,疯狂的石头
不觉得有啥意思来着,2,疯狂的石头
不好意思看睡着了。笑点也越来越高……,2,疯狂的石头
19.12.12重刷，现在看来也不错。故事的完成度，及三方的交汇。,4,疯狂的石头
在不同的年纪看过多次，仍然觉得很差。乏善可陈，除了黄渤那一撇头,2,疯狂的石头
太散乱了,1,疯狂的石头
不行,1,疯狂的石头
好无聊,1,疯狂的石头
我知道很多人喜欢，但是我就是喜欢不起来,2,疯狂的石头
我怎么没有看出这个故事好玩在哪。。。,2,疯狂的石头
接受无力。,2,疯狂的石头
娱乐的小品,2,疯狂的石头
字幕奇葩,2,疯狂的石头
"之所以给两星,因为我觉得有抄袭嫌疑,我喜欢两杆大烟枪和snach多些.",2,疯狂的石头
没有笑点，配乐不好听。,2,疯狂的石头
这是什么呀，评论不是蛮好的吗- -,2,疯狂的石头
#第二部宁浩# 抱着很高的期望去的。但是一开始情节有点混乱之后就有点没跟上。觉得这类多线叙事黑色幽默的片子只有在欧美的语境下才能最大的发挥效力——也就是导演所模仿的昆汀盖里奇等人的片子，本土化移植之后就有点不尴不尬。（大陆真的不适合拍喜剧）,2,疯狂的石头
真的是很像两杆大烟枪．不喜欢．粗枝烂造的,2,疯狂的石头
电影过程和制作逻辑底下，粗制滥造，色调尴尬，唯一所谓“出彩“的结局构思 还是TM的纯抄袭的拿来主义， 这么一部烂片 还能8.4  国产电影 国人审美 令人堪忧。,2,疯狂的石头
蛮无聊的,2,疯狂的石头
看似巧妙的剧情线设置，事实上是因为靠着黑色幽默风的掩盖而不用考虑任何逻辑和consistency，所以多线叙事可以随性铺展，自然也就很容易keep a delicate balance between诸多巧合和情节发展，其本质是可模式化复制的廉价创作，snatch和大烟枪也是如此,2,疯狂的石头
2015.6.22第二遍 完整看了一遍，全程无笑点。。。抄袭大烟枪,2,疯狂的石头
"烂片,国产片中的战斗机",2,疯狂的石头
Get不到点,1,疯狂的石头
看不懂!,2,疯狂的石头
也行我是个不懂幽默的人,2,疯狂的石头
一味模仿兩杆大煙槍（去香港的那段敢說不是抄偷蒙拐強的嗎？），鏡頭剪得太一般，還晃來晃去的。所有人物都鬧哄哄的。,2,疯狂的石头
不喜欢,2,疯狂的石头
大陆的喜剧片永远不对我的笑点,2,疯狂的石头
强忍着看完的。什么TMD烂片，不知道老盖看了以后会不会笑掉大牙。,1,疯狂的石头
无聊啊无聊，这笑料档次也忒低了,1,疯狂的石头
一个字“俗”。,1,疯狂的石头
不好看，就记住BMW=别摸我,2,疯狂的石头
晦涩,2,疯狂的石头
也很不喜欢！！！,1,疯狂的石头
我觉得很恶俗&gt;&lt;,2,疯狂的石头
和大家一起,1,疯狂的石头
挺好玩,2,疯狂的石头
中国黑色幽默电影不是从他开始的 但是是从他开始泛滥的,2,疯狂的石头
无聊,2,疯狂的石头
看时没字幕所以没听懂,2,疯狂的石头
不能理解的宁式幽默,2,疯狂的石头
不喜欢这么傻B类型的..,2,疯狂的石头
1,1,疯狂的石头
不明白哪里好看了..,2,疯狂的石头
对这种类型的片子真心无感，包括两杆大烟枪，都是看了一半就弃了,2,疯狂的石头
,2,疯狂的石头
烂,1,疯狂的石头
大家都說好……可是坐在屏幕前看一群人莫名其妙的故事，這樣的事真是莫名其妙。不能讓我反思或感動，連一聲嘆息都沒有。這樣的故事距離我的內心或者現實世界都太遠，連所謂的幽默我都一點也體會不出來。,1,疯狂的石头
笑笑而已,2,疯狂的石头
个人感觉很无聊……,1,疯狂的石头
太难看...,1,疯狂的石头
原谅我get不到片中的笑点,2,疯狂的石头
实在看不懂 这种黑色幽默啊,2,疯狂的石头
不喜欢这种无厘头的搞笑的电影，没有太多的内涵,2,疯狂的石头
很差的争夺假石头事件,1,疯狂的石头
十年前看觉得无感，十年后看依然不喜！,2,疯狂的石头
难看额。。。,1,疯狂的石头
要不就是我智商太对，要不就是我对国产电影过敏，原谅我看不懂电影想表达什么，我只能看到智商超低的一堆人根据这个很无厘头的剧情演绎出一出很白痴的电影。好吧，语气过重的话我道歉。,2,疯狂的石头
其實我覺得，挺假的，没什麼意思。不明白是怎麼火成那樣的。,2,疯狂的石头
不晓得为什么经典,2,疯狂的石头
当时在电影院觉得可无聊可难看了,2,疯狂的石头
走心！,2,疯狂的石头
为啥好评如潮，我却觉得没意思,2,疯狂的石头
因为黄渤的戏子橱子痞子才看的，失望...难道国产片都要基友陪着看才带劲吗？,2,疯狂的石头
剧情不错，拍得太烂了，也就那样吧。这水平真的不好意思8.2分，中国真的那么缺片子？,2,疯狂的石头
伐是老喜欢个纵齷错巴拉感额拍摄风格 大概是因为5有洁癖……,2,疯狂的石头
也许我没有幽默感，觉得特别无聊。,1,疯狂的石头
无法理解……,2,疯狂的石头
就......十分无聊啊！,2,疯狂的石头
不知道是不是期望值太高，反正我没能笑出来，所以很失望,2,疯狂的石头
完全沒笑出來……兩星半，普通話版真心憋得難受。,2,疯狂的石头
宁浩在低俗之路上心花怒放。,2,疯狂的石头
我觉得很难看 很糟糕 非常,1,疯狂的石头
看不懂,2,疯狂的石头
没觉得好笑,2,疯狂的石头
一点都不好笑,1,疯狂的石头
不喜欢这种装疯卖傻的电影。郭涛徐峥神马的火了。好多人喜欢，我不感冒。,2,疯狂的石头
没有传说的那么好 压根没笑过,2,疯狂的石头
构思奇特但是那种潮呼呼脏兮兮的感觉看得我真是浑身不舒服,2,疯狂的石头
第二次尝试看黑色幽默影片，再次失败，再也不看了,2,疯狂的石头
以前时候么看，这部片子照着宁浩现在的几部差距不小，感觉很乱,2,疯狂的石头
一点都不好笑，也不好玩。,2,疯狂的石头
无聊~,1,疯狂的石头
好早看的，忘记评分,2,疯狂的石头
恶心至极 导演喜欢吃屎还是咋地 尽对着那破马桶狂拍不止,1,疯狂的石头
觉得一点都不搞笑,2,疯狂的石头
这货是什么玩意儿……一帮神经病抢一破石头……好吧，我欣赏不来……,1,疯狂的石头
烂片！,1,疯狂的石头
镜头转换很赞,2,疯狂的石头
完全不明白有什么好看的…可能由于…时间过去太久…？,1,疯狂的石头
小时候看过，忘了剧情，特意二刷，我都找不到笑点了。,1,疯狂的石头
乱七八糟。,1,疯狂的石头
先看瘋狂的賽車再看這套，感覺瘋狂的賽車更好笑。,2,疯狂的石头
不好看也不好笑。,1,疯狂的石头
全程也没觉得哪里好笑，历史意义大于电影质量,1,疯狂的石头
真没意思，画面差得很，逻辑算抄袭，中国的市井小民看着就恶心。十年后再抄两杆大烟枪，五年后再抄偷拐抢骗，不过没事，中国落后，十二公民不也过了更多年再抄嘛。,2,疯狂的石头
难以下咽,1,疯狂的石头
这个250选的人真他妈的250,1,疯狂的石头
看了好几次愣是没看下去。,2,疯狂的石头
看了评价如此之高去下载了，没想到啊没想到啊如此难看，以至于都没看完，情节很无聊，整个片都很无聊！,2,疯狂的石头
啥？啥？啥？,2,疯狂的石头
为数不多的几部觉得还能看看的中国戏剧。。也是个山寨作品。。无法打分,1,疯狂的石头
国产 抄袭 烂片,1,疯狂的石头
没到很好笑吧，好吧，我不懂国人的G点，,2,疯狂的石头
我真的没发现笑点……勉强不算烂片而已。,2,疯狂的石头
A,3,疯狂的石头
我能说我真的看不下去这种片子么。。点在哪。。欣赏不能完全,1,疯狂的石头
一般,2,疯狂的石头
矫枉过正,1,疯狂的石头
抄的比较拙劣,2,疯狂的石头
就是不喜欢。,2,疯狂的石头
看半天都不知所云,1,疯狂的石头
从这部片子爱上刘德华，哦宁浩,1,疯狂的石头
既然已经如此高仿了为何不把里奇牛逼哄哄的镜头感和摄影技法也模仿来。或者说他尝试模仿了但山寨气太重成功把优质改造成了low逼。,2,疯狂的石头
烂,1,疯狂的石头
从头到尾看不懂的样子,2,疯狂的石头
不喜欢,2,疯狂的石头
好看,2,疯狂的石头
这重庆的普通话让人都不想看了，看不出笑点在哪,1,疯狂的石头
真tm不好看,2,疯狂的石头
看过《两杆大烟枪》后再看这个觉得没什么意思了，重庆方言听的我难受，不如英式幽默。,1,疯狂的石头
无聊！烂！实在是看不下去！低俗！,2,疯狂的石头
20160510@dorm或许是开了犯罪喜剧类型片先河，但不能掩盖这是一部烂片的本质，我就不明白了，肮脏恶心的场景是国产电影的必须吗？！,1,疯狂的石头
很多基本的东西，支撑镜头的美的东西，还是要有,2,疯狂的石头
抄地太明显了,1,疯狂的石头
初次徐峥,2,疯狂的石头
一般般，不太喜欢这种风格。,2,疯狂的石头
黑色幽默,2,疯狂的石头
抄袭之作,2,疯狂的石头
当疯狂遇上盲,2,疯狂的石头
好难看啊。,1,疯狂的石头
没get到点。。。。。,1,疯狂的石头
不知道好在哪里,2,疯狂的石头
尝试去看 但是配音真的很出戏 看到一半就放弃 决定暂时不勉强自己 (*￣︶￣),2,疯狂的石头
真没觉得好看,2,疯狂的石头
不知道这电影点解在国内甘受欢迎，我不感冒,1,疯狂的石头
感觉完全不好看,2,疯狂的石头
bug是真的多,2,疯狂的石头
什么鬼，完全看不懂,1,疯狂的石头
和盖·里奇的《打劫》一起看，别有一番“风味”,2,疯狂的石头
背景虽然在重庆，但是点都不好笑o(￣ヘ￣o＃) ,1,疯狂的石头
宁浩最初的喜剧,2,疯狂的石头
笑死人，就这恶劣的故事情节，一看就能猜到后面的，居然说中国版的两杆大烟枪，恶俗啊！拍得像部电视剧一样，还不如爱情公寓好笑！一整部片就黄渤出场那造型笑了一下，之后默片一部。,2,疯狂的石头
我很不喜欢这样的电影,1,疯狂的石头
理想主义和现实主义的碰撞。,2,疯狂的石头
一直看不懂电影讲的主要内容是什么,1,疯狂的石头
无聊,1,疯狂的石头
实在没看出哪好笑来着，故事情节倒是跌宕起伏的，那颗翡翠真换假假换真的，一群人在那折腾来折腾去，最后还是没达到目的，坏人得到来报应，好人阴差阳错当了大英雄还拿到了真翡翠，如果继续下去又是下一代为了这个真假翡翠的争夺战了。电影中的有些场面真是不忍心看下去，太脏了，他们住的房子还有厕所,2,疯狂的石头
这部电影我一直get不到笑点,2,疯狂的石头
只要光明正大说翻拍，4星没问题的,1,疯狂的石头
感人的故事。演员演的不错，喜欢这部作品。4。,2,疯狂的石头
点在哪，粗俗,2,疯狂的石头
没有想象中那么精彩~黄渤一如既往的逗人发乐~,2,疯狂的石头
就那样吧！,2,疯狂的石头
别抄了,1,疯狂的石头
先看了两杆大烟枪所以就觉得没意思了,2,疯狂的石头
不懂这种幽默,2,疯狂的石头
不喜欢。。。,2,疯狂的石头
国语配音差到惊人,1,疯狂的石头
很早之前看过，觉得很一般。身边一直有人说多好看，又来看一遍。依旧觉得很一般，看不下去。,2,疯狂的石头
不想评价！,2,疯狂的石头
小时候看过 当时没看懂 但是印象还挺深的 黄渤,2,疯狂的石头
dislike it maybe not my type and actually thought it is the most boring movie i ever seen ,2,疯狂的石头
其实我不明白这部戏想说什么 而且低成本制作的戏让我觉得缺乏美感,2,疯狂的石头
在将四川风味与独到幽默的结合上，这是一部比较失败的作品。,2,疯狂的石头
看过一点点 傻不拉几的,2,疯狂的石头
看了多少层，从来都没看完过这个电影，就是看不下去,2,疯狂的石头
搞不懂，我是没笑,2,疯狂的石头
抄袭。,1,疯狂的石头
6.5（2015.07.30）荒诞的人物，荒诞的故事，还有，，荒诞的手机铃声,2,疯狂的石头
不懂笑点在哪里，笑不出来，没意思,1,疯狂的石头
能不能打负分,1,疯狂的石头
看半个小时看不下去了。一下都没笑。,2,疯狂的石头
当时看不下去，现在不想看～但我挺喜欢黄勃的,2,疯狂的石头
完全是中国版的《两杆大烟枪》，还没有人电影的那股冲劲儿，能不能拍些自己的东西？,1,疯狂的石头
当年挺出名 现在才看 有点失望,2,疯狂的石头
不管构思多精彩，表现手法多巧妙，故事本身还是超级无聊。,1,疯狂的石头
一直没看，口耳相传还发现在top250才下来看，果然和imdb相差甚远，感觉都不如泰囧……,2,疯狂的石头
看了两次了，也没看出这个有啷个好,1,疯狂的石头
这部电影欣赏不来，从头看到尾我也没没看出来有什么好笑的,2,疯狂的石头
剧情很乱，很闷，比疯狂的赛车差很多。。,2,疯狂的石头
