虽然现在看很雷，但当初真觉得好看,5,风云 
时隔八年再看风云，依然很经典。以前的电视剧就是真感情，现在的太假，太俗。,5,风云 
金鳞岂是池中物 一遇风云便化龙。九霄龙吟惊天变，风云际会浅水游。,4,风云 
现在想想真是基片中的战斗基啊，相爱相杀最美好=v=,4,风云 
我要为了这个家而战（鼻孔脸,4,风云 
雄霸演得很到位，凶狠劲能穿透屏幕。步惊云似乎是何润东演的我唯一喜欢的角色了。蒋勤勤好美,4,风云 
第二梦明月美哭，蒋勤勤真的是童年女神，还有幽若，江祖平也是惊艳到我了，可惜了她和断浪，如果她不喜欢聂风该有多好，那时候的剧特效还是不错的，就算是现在去看，感觉都比现在的好。,4,风云 
小时候看过的一部最早的武侠电视剧，喜欢风云，为风和明月的感情唏嘘不已，当感觉明月一直都活着，梦就是明月，雄霸一世枭雄，却听信江湖术士，导致师徒反目，最后因此害死了唯一的女儿，也真是令人悲哀,4,风云 
成也风云，败也风云，当时觉得很好看的电视啊，可神奇了，一切的一切冥冥之中自有定数，天意不可违,4,风云 
小时候看的时候觉得很感人的爱情兄弟情，最近重温看的时候觉得变得好快呀，里面的感情😏,4,风云 
小时候的回忆呀，当时挺喜欢步惊云的，还有赵文卓的聂风，都特别经典。,4,风云 
欣赏聂风，“倚楼听风雨，坐看江湖路”。但对断浪感到惋惜。,4,风云 
很喜欢风云   喜欢聂风和步惊云  演聂风的赵文卓算是童年男神啦  我觉得何润东演的很好  第二梦和幽若也很美  昨天才知道原来雄霸是日本演员   演技真好啊,5,风云 
赵文卓的聂风很好看啊。小时候特别爱看的一部剧。,4,风云 
明月第三集出场，两集之内领盒饭，幽若第六集出场，解决事情也在一两集，独孤梦骗聂风也很快就澄清事实，照现在的剧拖沓的话，风云可以拍四百集。,4,风云 
当年看还是很不错的，还算挺好看的武侠剧。何润东的颜值驾驭不了方便面头,4,风云 
也算是童年了，很小的时候看的，有十几年了，暴露年龄了，那时候觉得很好看，演员不错,4,风云 
太经典了~,5,风云 
喜欢聂风和第二梦，另为什么没人翻拍,5,风云 
雄霸演的太霸气了，气场简直有两米八。,4,风云 
哈哈哈哈哈哈哈再坏也要打五星,5,风云 
现在只记得蒋勤勤的美貌，和何润东的嘶吼😂,4,风云 
我认为比电影版好,5,风云 
按现在的眼光来看这就是一雷剧吧？可是当年在我看来简直酷炫狂屌啊。乐山大佛特效什么的记忆犹新，而且赵文卓演了此剧之后在我心中一跃成为男神级别的地位。,4,风云 
虽说现在看来很杀马特，但当时就是经典啊,4,风云 
当时记得其中的插曲挺好听的~,4,风云 
超爱雄霸,4,风云 
！！好看啊 当时的赵文卓和何润东真帅！,5,风云 
以前很迷这部剧，现在觉得这部剧很迷，现在觉得造型好奇怪噢，江湖儿女，快意恩仇。为小时候丰富了我的生活加1星,4,风云 
我爱死了,5,风云 
那个时候看，觉得哇发型好酷哒，现在才觉得那泡面发型真的好夸张；但剧还是很经典，值得重温,4,风云 
大爱何润东,4,风云 
好好看哦，经典的经典。,4,风云 
步惊云当时的头发我觉得好时髦，楚楚声音不好听，最喜欢蒋勤勤的梦好美，她那么爱聂风最后还为她死了哎，痴情的女子,4,风云 
回忆,4,风云 
金鳞岂是池中物，一遇风云便化龙。,4,风云 
很小的时候看的，到现在觉得也不错，经典,4,风云 
童年啊啊啊啊啊！,4,风云 
乐山大佛啊,5,风云 
金鳞岂是池中物，一遇风云便化龙。美好的年少回忆。,4,风云 
童年的方便面头,4,风云 
小时候在电视上看到就必看,5,风云 
小学看的，觉得不错。。现在就不知道了，也没时间再去看一遍了。。,4,风云 
金麟岂是池中物，一遇风云便化龙。九霄龙吟惊天变，风云际会浅水游。,4,风云 
里面的人造型都很雷人,4,风云 
当年超级喜欢,5,风云 
初三中考前电视台在播，看得超Hi……,4,风云 
金鳞岂是池中物，一遇风雨变化龙,4,风云 
我跟你们说，一定要去B站，开着弹幕看一遍，会笑到肛裂,4,风云 
其实制作算不错了但是何润东你究竟毁了多少我爱的男人（……以及关于所有妹子都喜欢聂风喜欢聂风的妹子都得死还真是我命犯天煞孤星啊（你给我停下,4,风云 
无名真2……,4,风云 
别对我说永远 永远 永远 永远不是我要的明天 你爱过我就已足够,4,风云 
当年超级惊艳的特效,4,风云 
蒋勤勤 第二梦 明月,4,风云 
曾经很感动,5,风云 
我当时是冲着赵文卓去的。,4,风云 
童年的美好记忆,4,风云 
喜欢聂风一样的男人。喜欢蒋勤勤饰演的两个女人。讨厌陶虹演的那个肉麻到恶心的女人。,4,风云 
美好童年啊。当年这部电视剧赚了我多少眼泪！！现在想起来原来是很好的基片。。蒋勤勤真是美到不食人间烟火的境界还一度迷恋她和赵文卓的情侣档的所有电视剧。,5,风云 
以前超爱看这部。,4,风云 
小时候除了玩就是看电视。,5,风云 
何润东最帅的时候，后来他就沉浸在宇宙我最帅的霸道总裁人设里出不来了,4,风云 
超爱何润东啊那时╮(╯_╰)╭,4,风云 
以前可迷了,4,风云 
哈·小时候超喜欢看··· 然后大家还扮角色呢···,4,风云 
当年很经典的片啊。还有当年的何润东、赵文卓、蒋勤勤。反正是一集一集的追过来的剧。成也风云败也风云啊。,4,风云 
聂风VS步惊云,4,风云 
天是透明的~~,4,风云 
必须5星，至今念念不忘。,5,风云 
这个叫情结,5,风云 
第一部的风云很好看,4,风云 
小时候觉得特帅气,4,风云 
还算过得去。,4,风云 
陶红的声音…,4,风云 
倚楼听风雨 淡看江湖路,4,风云 
..COS版本,5,风云 
初中吧，唉,4,风云 
太喜欢雄霸了啊啊啊啊,4,风云 
九霄龙吟惊天变，风云际会浅水游。,4,风云 
那时候晚上每日追看啊！！楚楚长成这样步惊云你好样的！！,4,风云 
我的最爱,5,风云 
当年我还迷得不行。。现在。。。好吧。。。,4,风云 
当年有追看一些，雄霸扮得好。,5,风云 
小时候大爱，里面好多美女，不过但是一直觉得风和云不够帅。特效在那时候做的也算良心的。还有片头片尾曲好好听。记得演员表里写的水灵，我一直纳闷怎么会和蒋勤勤那么像。。。,4,风云 
我的童年,4,风云 
再看其实有点雷的，但欲罢不能，爱情友情天下，几条线穿的都不错，不被爱情抢戏,4,风云 
演雄霸的是日本演员千叶真一，我还蛮喜欢蒋勤勤在这部电影里面的角色。,4,风云 
还不错，话说怎么在douban上找不到续集,4,风云 
我喜欢风云。,4,风云 
很爱那时的何润东/步惊云,4,风云 
我儿时的神剧之一啊...,5,风云 
那时候特喜欢赵文卓和蒋勤勤,4,风云 
配合b站再次食用效果更佳，哈哈哈,4,风云 
经典记忆,4,风云 
儿时的经典,4,风云 
童年。。。现在看，风云中二到不行，女演员各个天仙。。。还是不明白孔慈为什么这么万人迷，明月和第二梦美得像做梦,4,风云 
当年爱死步惊云,4,风云 
看了第二部后，发现这部原来还是很不错的,4,风云 
很喜欢何润东的“云”，那个孔慈看的我很难受啊。。自动PS掉他的其它角色,4,风云 
别的都巨好看，就是绝世好剑这个名字挫了点。。,5,风云 
很不错啊 回味一下 儿时经典 长大再看步惊云和孔慈已经沦为表情包 ,4,风云 
挺喜欢这个故事的~主角也很帅,4,风云 
金鳞岂是池中物，一遇风云变化龙,5,风云 
非典那年电视正在播还珠格格，我看的很起劲，没想到老师临时通知要去上课，还珠格格没看完，伤心、难受。上了八天课因为上级要求又放假了，我回到家看电视，还珠格格播完了，痛苦啊。正在播风云雄霸天下，播了很久才播完。当时电视台少，只能看这部，没看懂，也不是很喜欢。最近在B站重温，感觉是经典,4,风云 
当年年少无知的我竟会觉得何润东真的好帅！孔慈真的好美！…… ……唉！五颗星送给年少无知的我自己！,4,风云 
蒋勤勤的古装扮相真美，气质也好,4,风云 
哈哈,4,风云 
演雄霸的竟然是个日本人，当年还没发现，但演的不错。里面充斥着各种神兵利器各种前辈高人各种华丽丽的武功各种我是主角我怕谁的剧情，给我当年幼小的心灵带去了极大的震撼，美女真多啊。绝世好剑、血饮狂刀、麒麟臂、龙骨、那不知名的果子，意淫的集大成之作。,5,风云 
四星给美到爆的蒋勤勤和江祖平。陶虹和吴辰君还能再恶心点儿么，无论是装扮长相还是配音。,4,风云 
遥远的过去～,4,风云 
其实是挺无聊的剧情喔，表演也稍稍做作。呵呵，难忘的主题曲，难忘的英雄美女~~~,4,风云 
这个是能证明我是此时代人的最强证据了呜呜呜，当年看的好一个痴迷啊~！那个时候是多么的痴迷步惊云啊,4,风云 
挺不错,4,风云 
就是图看那两个帅哥才看的,4,风云 
蒋勤勤真他妈的美,4,风云 
我真的是非常真诚地非常非常真诚的！！！！爱着这部电视剧啊！！！！！！,5,风云 
小时候的记忆 ,5,风云 
还不是大爱啊~,5,风云 
这都是当年的回忆，蒋勤勤就是仙女啊,4,风云 
最喜欢幽若，雄霸如果对她再慈爱些就好了！,5,风云 
雄霸这个演员是千叶真一吧，我觉得挺好的。虽然还是不太喜欢何润东和赵文卓。,4,风云 
歌儿都会唱呢,4,风云 
看过N遍,5,风云 
在B站重温结束：讲道理，单论漫画改编剧，这部的剧情真心算不错的啦~ 小时候一直觉得这是神剧，而今重温，虽然发现了很多槽点和硬伤，但也还是觉得故事很精彩。PS：千叶真一是真的把雄霸演到了三次元来啊！,4,风云 
想当年还是挺萌的,4,风云 
金鳞岂是池中物，一遇风云变化龙。九霄龙吟惊天变，风云际会浅水游。我仍然会背,4,风云 
现在回过头来才发现我原来看了那么多的武侠剧、历史剧、宫廷剧、神魔剧,5,风云 
忆童年！百看不厌系列 主题曲都好听 何润东陈浩民童年男神 噗正经的,4,风云 
小学的回忆啊……！！！,4,风云 
OH.当时蒋勤勤真是...无与伦比。,4,风云 
童年啊！！！！！！！小时候拿个床单披身上扮步惊云啊！！！！！！！,4,风云 
吼看,4,风云 
真诚 真诚 贵在真诚,5,风云 
以前超喜欢,5,风云 
造型……,5,风云 
“他让我尝到了做女人的快乐！”,4,风云 
小学还自己打扮过像楚楚的造型…………囧死。,4,风云 
这分怎么那么低？,4,风云 
当年的巅峰特效，完美人设,4,风云 
那个时候多迷何润东啊，尽管多少人诟病他的方便面头,4,风云 
金鳞岂是池中物，一遇风云变化龙！小时候特爱看的电视剧。,4,风云 
儿时回忆，最近配合b站弹幕看简直笑疯。。。虽然风云造型现在看来有点杀马特，但是剧情太尼玛紧凑一看就停不下来啊，小时候最爱的楚楚现在看来前期居然这么聒噪配音也有点毁啊，重温发现最爱明月女神和赵文卓的风，还有片尾曲永远永远……循环洗脑中,4,风云 
老铁前两天还在看 即使画质一言难尽…,4,风云 
当初那是最喜欢第二梦了啊。,4,风云 
风云一拍的最好！,5,风云 
那一年，初三，逃掉晚自习在家看风云，班主任打来电话，被妈训。,4,风云 
经典之作，小时候看的经典,4,风云 
不能理解这么低分！绝B当年初中时一有空档的就讨论的话题啊！,5,风云 
很经典，很喜欢步惊云和楚楚这一对，觉得楚楚真的爱的很深，用情很深,4,风云 
剧情不记得了，当时冲着蒋勤勤女神看的。水灵的古装扮相也是好惊艳。,5,风云 
好,4,风云 
第二梦,4,风云 
基情,4,风云 
初中看很疯啊。,5,风云 
现在才发现 梦比楚楚好看多了~,4,风云 
童年记忆啊！,4,风云 
很小的时候就一直都看不厌的一部剧！ 喜欢里面的主角，都很帅很美，尤其是蒋勤勤~~ 剧情也还蛮跌宕起伏的~　支持，有时间还想再回顾一下！,4,风云 
大爱步惊云！！！,5,风云 
迷恋步惊云~,4,风云 
小时候觉得这部戏超级好看,4,风云 
幽若和明月,4,风云 
儿时经典~,5,风云 
小时候 美好的记忆,5,风云 
童年的回忆啊,4,风云 
步惊云的方便面头和孔慈的大筷子头簪最配啦么么哒~=U=~,4,风云 
那个暑假的全部,5,风云 
时隔八年再看风云，依然很经典。以前的电视剧就是真感情，现在的太假，太俗。,4,风云 
断浪幽若我更爱,4,风云 
！！！！！！！！！！！！,5,风云 
好喜欢何润东演的步惊云啊！水灵演的第二梦好美啊！,5,风云 
当年看，竟不觉得有何不妥,4,风云 
当年还觉得聂风颇帅啊= =不过依然里面聂风的各种女朋友都很不错~,4,风云 
这片头和特效在当年真是惊艳！何润东演的步惊云真的有血有肉，是他演技最好的时刻，无名担当起本剧的BGM弹奏,4,风云 
聂风步惊云楚楚雄霸,5,风云 
三分归元气,4,风云 
聂风 步惊云 对何润东的最初认识,4,风云 
童年的记忆呀  一刀劈刀了江湾里  这是邻居大叔说的,5,风云 
从没看全 幽若惊鸿一瞥 那颜我记了十几年。。,4,风云 
金鳞岂是池中物 一遇风云便化龙。九霄龙吟惊天变，风云际会浅水游。,5,风云 
现在看除了蒋勤勤江祖平其他猪脚颜值不忍直视，雄霸千叶真一后恐怕没人敢演了,4,风云 
算是偶像剧吧,4,风云 
小时候看的不解释。一个大鼻孔和另一个大鼻孔在学习武功、铲除Boss的过程中与众多妹子纠缠从而相爱相杀的一生。,4,风云 
当年很喜欢里面的吴辰君 觉得真美啊,4,风云 
初中的时候可迷了,5,风云 
这是当年的回忆呢。赵文卓的聂风好俊逸。,4,风云 
最让人惊艳的，是蒋勤勤那回眸的一笑。,4,风云 
快来看方便面！,4,风云 
聂凤那个头。。,5,风云 
贼好看的一部武侠片,4,风云 
小时候天天看。。,4,风云 
当时追着电视来看,4,风云 
就记得当时正热播的时候我家电视坏了。。。,4,风云 
三分归元气。回想一下 造型其实挺不错。而且挺腐~,4,风云 
那个时候的步惊云真是帅气啊哪像现在的何润东 =  -,5,风云 
一星给聂风，一星给孔慈，四星半,4,风云 
那时狂迷赵文卓，觉得一身白衣的他就是心中的白马王子。,4,风云 
7-30  :一天看完44集！真好啊，BGM也燃，很多配乐真的足够经典，如能单出ost就好了。不仅是回忆战胜一切，小时的许多剧和动画确实都不错（还有B站弹幕笑点多）,5,风云 
小时候觉得异常好看,4,风云 
回忆向。放学后就是看电视，聂风和步惊云，千叶真一的雄霸好霸气，经典。,5,风云 
蒋勤勤真漂亮,5,风云 
当时觉得相当帅的一部电视剧~被步惊云迷得半死。,5,风云 
虽然跟原著不能比,4,风云 
哈哈哈,5,风云 
印象最深的是“步大哥~~~”我喜欢断浪。总是喜欢配角。,4,风云 
小时候很喜欢，,4,风云 
千叶真一成了永远的雄霸. 挺喜欢剧里的歌. 记住了蒋勤勤的第二梦.赵文卓的聂风很善良 温柔.,4,风云 
孔慈不好看啊，就不能换个人演,4,风云 
好看。,4,风云 
配合B站弹幕食用，笑到凌晨两点。,4,风云 
认识赵文卓是在这部剧，就觉得演风的赵文卓好帅，那个演云的何润东觉得也还行啦，然后我真的做过关于他的梦，捂脸~~~,4,风云 
哇！当时好喜欢来着~！,5,风云 
神剧,5,风云 
趙文卓&amp;蔣勤勤也算是當年的經典螢幕情侶了,4,风云 
英雄多情，美人多娇      承载儿时所有幻想,4,风云 
小时候觉得好好看。。,4,风云 
不错~~,4,风云 
补标。。。小时候看过，最近的下饭电视剧。,4,风云 
当年迷得死去活来的剧 还有何润东的泡面头。哎,4,风云 
文丑丑,5,风云 
当年觉得还是挺好看的,4,风云 
童年阿,5,风云 
喜欢幽若和第二梦啊嘤嘤,5,风云 
现在听《爱你的云》还会往事涌上心头,4,风云 
的确不错,4,风云 
童年经典系列,4,风云 
虽说是十年前的热血侠义，但是台词没语病啊！除了孔慈的女性角色都美啊！,5,风云 
这部比较好,4,风云 
当时看的人多，玩这游戏的人也好多，武侠气很足！,4,风云 
这就是童年= =,4,风云 
带我走进风云的世界,4,风云 
小时候觉得里面的人可牛了，各种练不完的武功啊,5,风云 
和电影版相比，电视剧版好太太太多了,4,风云 
就只记得什么，别对我说永远永远，永远不是我要的明天。,4,风云 
    那时候觉得非常好看 、,4,风云 
被雷到了。。。但是步惊云对孔慈的爱让我想到《呼啸山庄》,4,风云 
天下会雄霸 三大堂主,5,风云 
超喜欢《风云》的故事，不过这个电视剧其实算是中规中矩吧。,4,风云 
为了幽若和聂风来重温的~~,5,风云 
小时候就喜欢看这个,4,风云 
以前的片子就是好看，无数回忆啊！！！！！！！！雄霸竟然是日本人演的！！,5,风云 
那个时候很红啊，也很要看，反正就是蛮好看的,4,风云 
现在觉得那么雷当年就是觉得好看。。,4,风云 
0.0小时候的记忆。。,5,风云 
聂风他娘是里面最漂亮的，就连儿子也才排第二,4,风云 
讲真，秒杀现在大部分同类型剧，时隔十多年重刷了一遍的人摸着良心说，对，才不是情怀。,4,风云 
倚楼听风雨，淡看江湖路。情义相许，生死相交...羞耻play~,4,风云 
这是一经典。,4,风云 
画面什么的真心很棒的，十分惊艳啊。,4,风云 
有几个人造型太前卫了，应该说是有的从股带来的有的从现代来的，很冲突，风变魔的时候好有魅力~~水灵（蒋勤勤）在里面演的梦好美,4,风云 
后面越扯越奇葩了,4,风云 
这部剧是初中所有回忆的背景画面，那时候真是爱的死去活来！喜欢蒋勤勤演的两个女人，这是她最美丽的扮相～,4,风云 
小时候的最爱！！！！！！！！聂风帅翻了……现在看来真是………………童年黑历史不能告诉任何人！,5,风云 
我的确迷过这剧,4,风云 
女性角色都挺美的，剧情也很不错，就是造型雷了点儿。,4,风云 
小时候的最爱,4,风云 
日出而作，日落而息。希望过这种日子。梦.......,5,风云 
小时候超级喜欢的，现在看好中二，哈哈哈哈哈哈,5,风云 
挺好看的,4,风云 
少年时多么迷聂风。,4,风云 
多一颗星给我的童年，最早看的就是这个版本，当时好喜欢里面的第二梦,4,风云 
风云这剧卧槽中二时期爱得不知道前后看了几遍！,5,风云 
真的分这么低，凡正当年非常喜欢看的一部剧当时的变革剧！,5,风云 
那个炎热的夏天,5,风云 
第一次被蒋勤勤惊艳到了……咋就嫁给斌叔了呢,5,风云 
曾经的记忆,5,风云 
尽管现在看觉得很矫情 但当时是相当喜欢,4,风云 
蒋勤勤演的第二梦美哭了！歌很好听,4,风云 
每天8点起来的暑假,4,风云 
小时候冒着被老妈打，都要偷看的电视剧。幽若简直是童年女神啊。我记得还玩过风云2的游戏，然而我并没有买，是买的蜡笔小新单机碟片里面送的。盗版碟就是骚。,4,风云 
前几天刚回顾过，情节紧凑又紧张，人物设定丰富又合理，小时候非常喜欢看，现在看也不觉得过时,5,风云 
初中时大家都在看，当年我比较高冷，不屑于看大家都看的。现在补上。不但看了，还犯了阵子不均匀的花痴。有神剧相助，考上了rn。,4,风云 
风。,5,风云 
很少看武侠中为数不多完整看过的，还有那首永远永远,4,风云 
我对你说永远永远……,5,风云 
好爱蒋勤勤演的第二梦。,4,风云 
第二梦啊,5,风云 
这几天又复习了。。。不是挺好看的吗!多高端大气基情四射!虽然台词特效有点囧就是了。风妹子总受无误⊙▽⊙,4,风云 
小时候最喜欢的电视剧之一，另外两部是日月神剑和花木兰，赵文卓入戏太深。,4,风云 
翻煲了44集的风云，真的比现在的电视剧好看多了，人物塑造饱满，步惊云谈恋爱之前装冷漠的一逼，跟楚楚在一起之后变得温柔宽厚，楚楚就是大作逼，但恋爱之后各种善解人意，传说中的好的恋爱是两个人一起进步吧。大家不要吐槽造型了，看过漫画的都知道这剧的造型多尊重原著，已经被主题曲洗脑无法自拔,4,风云 
幽若这么美不能大红大紫真是可惜,4,风云 
小时候挺喜欢看这个的,4,风云 
在我最郁闷的时候尝试重温这玩意儿 果然有奇效 当真是AV画质 PPT特效 加上故事会编剧 男的从雄霸开始人人透着中二傲娇气质 女的全都一脸便当相,5,风云 
好怀念额。。,4,风云 
排云掌，麒麟臂，我童年，嚯哈哈。,4,风云 
童年经典！小的时候真的是觉得聂风和步惊云简直帅呆！虽然现在回想起来两人的颜值其实并不是特别高，但仍然觉得是好看，剧情节奏非常棒！我还记得聂风和孔慈这一段，虐得我现在都觉得惋惜啊！还有每次一听主题曲就是满满的回忆…,4,风云 
第二梦，幽若,4,风云 
第二梦,4,风云 
不知道打一两星的你们的初中怎么过来的！反正当年感觉好看到爆！美女，帅哥，魔幻，动作。还有好听的片尾曲，插曲！,5,风云 
小时候喜欢的不得了。,5,风云 
这个打5分纯粹出于个人感情。。。,5,风云 
初中看的时候，一直认为这部剧有100集,4,风云 
电视剧超好看！电影版弱爆了！赵文卓！蒋勤勤！何润东！秦岚！有木有！快重播吧！,5,风云 
还记得那个年代的疯狂,5,风云 
当年看时很喜欢的，第二梦啊,4,风云 
小时候真是被赵文卓迷住，这种东西是不适合重温回顾的，妈蛋，我忘了有何润东了！,5,风云 
蒋勤勤太美了,4,风云 
虽然那时候我很小 但是还是觉得越到后面越扯淡,4,风云 
梦。,4,风云 
为啥所主角的名字都是一个字...霸，风，云，霜，浪，梦...还有各种剑X。沉迷何润东无法自拔。他喜当爹的剧情实在狗血...,4,风云 
童年沉迷系列,4,风云 
不错的电视剧,4,风云 
儿时的经典啊！,5,风云 
曾经最喜欢看的武侠之作。。。,4,风云 
今天下午上管理学的时候 突然脑海里 都是 这个歌 别对我说永远永远  永远不是我要的明天 当时觉得蒋勤勤美死了 各种好看 我超爱段浪的 还有火麒麟 聂风成魔什么的 不记得了 好像是第二部了 以前的电视剧怎么都那么好看的啦,5,风云 
童年经典,4,风云 
湿弟：此人武功不在我之下,4,风云 
蒋勤勤的第二梦真的是太经典了。,4,风云 
…… 在B站又看着玩 为什么槽点这么多,4,风云 
难得让我从头到尾啊！,4,风云 
当年啊喜欢步惊云喜欢的要死，觉得何好帅的还有楚楚我也很喜欢的，孔慈好丑。现在对何毫无感觉，反而怀念起赵文卓的聂风来了~,4,风云 
只记得小时候超级喜欢云，然后聂风有疯血，其他全忘了……,4,风云 
那会儿看还是觉得挺NB的，现在看也一样，剧情紧凑,4,风云 
为嘛分这么低……,4,风云 
童年回忆mark。这个小时候真的好喜欢！,4,风云 
童年，现在如果再看肯定不能忍受HRD那个非主流造型了,4,风云 
好多年了  那会儿正赶上过年追着看,4,风云 
童年经典回忆,4,风云 
对那个时期来讲，制作很精良,5,风云 
当时迷得昏天黑地，现在看看真心囧，我想如果是当年看完来豆娘打分，大概十颗星都觉得不够吧,4,风云 
补缺,4,风云 
美好的记忆==泡面头的步惊云==赵大侠的聂风==美丽的蒋勤勤,4,风云 
长这么大 唯一被电到的感觉 步惊云！！,4,风云 
在当时这样一部片给了童年多大的色彩！,4,风云 
初中时候很喜欢看的,4,风云 
小时候最爱看的电视剧之一,5,风云 
喜欢步惊云。,5,风云 
成也风云，败也风云！聂风、步惊云和雄霸都是武林高手，明月和第二梦，是我的古装女神！,4,风云 
_(:з」∠)_ 再看就要感動的哭了好嗎！（。,5,风云 
记录那年我们看过的电视剧,4,风云 
妈的，看了第二部就知道第一部好了，对比神马的是很神奇的东西,4,风云 
敢说你当年看得时候不喜欢，现在好意思打一星两星，哼，我最诚实了。。,5,风云 
好喜欢第二梦啊！现在回头思考剧情，是多么地蛋疼呀！,4,风云 
金麟岂是池中物，一遇风云便化龙。,4,风云 
又雷又好看，这究竟是怎么一回事？,5,风云 
至今唯一看全也喜欢的武打剧。,4,风云 
童年...,5,风云 
小时候。。。,4,风云 
童年回忆  女生都好漂亮  特别喜欢大师兄秦霜  不过现在看看男生造型真的不敢恭维啊  没想到雄霸居然是日本演员  很不错  ,4,风云 
童年啊小时候特别怕雄霸 第二梦好漂亮(｡･ω･｡)ﾉ♡,5,风云 
重温经典，跟聂风学习撩妹技巧,4,风云 
小时候看很经典的！最爱幽若,4,风云 
小时候的记忆,4,风云 
小时候看的超带劲,4,风云 
真是回忆满满！,4,风云 
小时候爱死聂风了好么！！！,4,风云 
哇 聂风,4,风云 
最喜欢第二梦了。楚楚也不错啊。聂风顶个非主流发型还是那么帅。,4,风云 
难道不经典吗？至少7.5分。,5,风云 
幽若女神,5,风云 
现在看造型都好傻，但当年真的很喜欢，风，云，第二梦，幽若,4,风云 
从看它的漫画到画它的漫画到一边看电视剧，为了当年+1★,4,风云 
你不要过来啊……不均匀的泡面头是我一辈子的阴影，和马景涛脖子上的青筋并列,4,风云 
我明晃晃的初中回忆啊 喜欢那个原著中没有的新角色“幽若”,4,风云 
金麟岂是池中物，一遇风云便化龙。,5,风云 
邹雯青来我家叫我看的〜度过了好几个夏夜呢 又看了一遍 感觉这才是电视剧的节奏，讲故事很利索，环环相扣，而且俩男主都好帅啊！！！插曲也很好听！五星！20170529打卡,5,风云 
谁不中二枉少年....,4,风云 
当时觉得好好看  还买了漫画 就记得里面那谁长得特像广末凉子,4,风云 
除了道具、服装、特效水平略次，其他挺好的。,4,风云 
我的童年,4,风云 
重温了童年回忆，虽然很老但是很经典。,4,风云 
虽然制作有些粗糙，但并不妨碍我对这部剧的喜爱。聂风和步惊云，我当然是站聂风的！,5,风云 
当年看得挺起劲的。风云~ ,4,风云 
还可以吧,4,风云 
童年啊，必须给满分！虽然现在各种槽点，可是小时候我真的入戏很深，这剧情挺好的啊，喜欢梦,4,风云 
完全倒背如流最喜欢看风发现梦的那一段还有赵文卓和蒋勤勤不是应该在一起么,5,风云 
童年看过的最爽的电视剧,4,风云 
还得昨天，那个夏天，微风吹过的一顺口…,5,风云 
这个真是来来回回看，剧情都串不起来了，最后一部最难看。,5,风云 
最近总被步惊云和孔慈的点点滴滴牵引，挥之不去,4,风云 
国产电视剧巅峰！！！！,4,风云 
【当年看，竟不觉得有何不妥。】+1，小学有段时间天天看，现在回过头来感觉槽点满满，果然腐女的审美是在这个时候打下基础的,5,风云 
只是爱着你，勤勤！,4,风云 
里面的女生都好好看啊！第二梦，幽若，独孤梦，楚楚 喜欢喜欢,5,风云 
小学时候看的了。那个时候好激动呀。,4,风云 
看了不下3遍~很不错 看这个的时候很爱赵文卓和吴辰君~那些年我们一起迷过的赵文卓！,4,风云 
高中时看的，女的漂亮特效也不错,4,风云 
“你对我说永远永远，永远不是我要的明天”“fong云，雄霸天下”～,4,风云 
16年前的电视剧 现在再看一次也毫无尿点根本停不下来 五毛钱特效我觉得比现在的特效还良心还不违和 另外赵文卓帅得一逼 爱上了,5,风云 
哇 暑期怀旧 看完啦,4,风云 
哈哈。好经典的！,4,风云 
“倚楼听风雨，淡看江湖路。”,4,风云 
这部剧，喜欢的人太多了。,5,风云 
神造型。,4,风云 
风啊，云啊，勤勤啊，都好好看,4,风云 
"剧情还不错,虽然很多地方蛮狗血的,以前看还不错,不过某女和某女真是...有点煞风景",4,风云 
蒋勤勤可美 还有何润东的泡面头,4,风云 
当时好爱看，两人简直配一脸,5,风云 
这就是我的童年啊……,5,风云 
小时候很喜欢的！,4,风云 
致我一去不复返的青春。。。小的时候很喜欢看，真是是良心作啊~,4,风云 
高中时代很喜欢的电视剧~~,4,风云 
童年回忆 倾城之恋,4,风云 
我的小学。。。。。,5,风云 
断浪帅的过分，雄霸一如既往，原声还算不错。俩男主太渣！,5,风云 
x3,4,风云 
想想还挺搞笑。,4,风云 
喜欢聂风就是聂风,4,风云 
16/4/7~16/4/19当年怎么没感觉有那么多不合理的地方。,4,风云 
90后童年爆款电视剧之一,4,风云 
还记得op中一开始字正腔圆的风云～雄霸天下😂,4,风云 
掀起了中二剧的狂潮...,5,风云 
小学的记忆，记得当时闹着玩打架的时候都报出招式名的，呵呵。,4,风云 
挺好看的,4,风云 
当时看了多少便来着，哈哈，大爱风和梦。,5,风云 
童年回忆，特效剧情放在今天依然引人入胜,5,风云 
看过N遍的武侠经典电视剧。,4,风云 
第二梦，美哭,4,风云 
小时候真的看过好多电视剧，要是用来看书多好。,4,风云 
喜欢聂风一样的男人。喜欢蒋勤勤饰演的两个女人。讨厌陶虹演的那个肉麻到恶心的女人。,4,风云 
新一轮的怀旧时间开始= =,5,风云 
蒋勤勤和吴辰君都是标致美女。你对我说永远永远永远，永远不是我要的明天。,4,风云 
这版的聂风倒也颇有感觉。非常喜欢江祖平的幽若……,4,风云 
2004,4,风云 
我最喜欢秦霜和雄霸的女儿。,4,风云 
从此成为赵文卓粉。,5,风云 
那时候觉得超好看的！,5,风云 
经典了 当年是真的喜欢,5,风云 
风梦,5,风云 
烧小学暑假 赵文卓老帅了！,5,风云 
想当年，真的是火爆了这部剧，反正故事情节也记不太清楚了，反正就是特好看，特虐心，特燃,5,风云 
中午放学回家 午休不睡觉 就为看这个～～～,4,风云 
风云天下,5,风云 
造型。。。,4,风云 
小时候好爱第二梦,4,风云 
太爱蒋勤勤,4,风云 
大家演得超认真的！,4,风云 
我的神啊...,5,风云 
这部我觉得比电影好看！,5,风云 
可喜欢聂风~,5,风云 
在广东时眼巴巴地看。,4,风云 
喜欢风和梦的感情。,4,风云 
灰常好,4,风云 
这部剧让我第一次记住了一个日本人的名字，演雄霸的千叶真一。聂风是我男神！！！赵文卓的风发型也像风，很飘逸。虽然剧情走向挺狂野，但是确实好看。,4,风云 
玄幻第一部电视剧,4,风云 
風雲風雲。。,4,风云 
小学时候对这个超迷的啊！,4,风云 
萤火虫那段很感人,4,风云 
小时候可爱看了。只喜欢看聂风的部分,4,风云 
那时候觉得蒋勤勤真的太美了！聂风帅爆了~,4,风云 
小时候看觉得很经典的片子,4,风云 
从这部开始觉得何润东帅。赵文卓也不错。,4,风云 
日版dvd&#39;到手,5,风云 
小时候 很喜欢啊 ,4,风云 
喜欢步惊云呢,4,风云 
补标，女神蒋勤勤,4,风云 
小时候看威西滴看了好多遍,4,风云 
拖拖拉拉，反正算是电视剧吧，越到后面越狗血。,4,风云 
里面有我好多喜欢的人,5,风云 
第二梦实在是美极了很喜欢梁静茹唱的主题曲,5,风云 
除了何润东接受无能，其他超好,4,风云 
童年,5,风云 
不错，陶虹演的楚楚很可爱！~~~,5,风云 
蒋勤勤美死了,4,风云 
哈哈 何润东,4,风云 
当时我还小···,4,风云 
我小时候看的剧真多！,4,风云 
英雄多情，美人多娇。,4,风云 
这部剧最佩服的就是千叶真一,4,风云 
虽然现在看着很喽，杀马特洗剪吹的造型也很扎眼，但是当年也是放学赶回家守电视必看啊，记得是中午时候放，有时看完上学都要迟到……,4,风云 
风云雄霸天下,4,风云 
蒋勤勤啊，迷死我了,5,风云 
小时候竟然觉得他俩的造型都很酷。。。,5,风云 
儿时记忆啊,4,风云 
7.8,4,风云 
重温了一遍，现在看来傻得要命，但这就是童年鸭,4,风云 
赵文卓的聂风还是不错的……,4,风云 
这种小学时候看的现在一说还能想起来听到主题曲就激动里边台词还能顺口来上两句的充满回忆的电视剧好意思给两星三星嘛！！！,4,风云 
武侠玄幻经典,5,风云 
倚楼听风雨，淡看江湖路。明月、孔慈、幽若、独孤梦、第二梦，所有深爱聂风的女人都死于非命。（当然还包括他老娘颜盈）,5,风云 
霜师兄啊！！！！！！！大哭,4,风云 
邢岷山。。。小晨同学。。。,4,风云 
还是小时候看比较有意思，因为什么都觉得好奇。现在再看却觉得没有那么神奇了。,4,风云 
2002年的收视冠军，大结局更是打败央视春晚以超出3个百分点的成绩位居收视榜第一。是多少90后的童年回忆，其经典自不必赘述。,5,风云 
被聂风迷死……,4,风云 
小时候很喜欢看。,4,风云 
很喜欢风！！！,4,风云 
绝世好剑醉了,4,风云 
这个真是火了一时啊！独孤梦，第二梦,4,风云 
赵文卓帅  何润东帅  蒋勤勤美   都好养眼  哈哈哈,4,风云 
聂风。。。步惊云,5,风云 
7.5——8，满满的回忆。,4,风云 
拍的不错，演员很像,5,风云 
三分归元气,4,风云 
以前天天追着看,4,风云 
能看的下去~人物各有各异,4,风云 
里面有些还是挺经典的，不能一概而论钉死~~~,4,风云 
看过没评价系列,4,风云 
那时候爱上了何润东,4,风云 
如果没有某几个丑女人会更好看,4,风云 
江祖平的猪肺汤，我至今忘不了！,4,风云 
给曾经的记忆，当我还小的时候，喜欢得不得了的电视剧。,4,风云 
小时候很喜欢孔慈 以至于后面很讨厌楚楚 很奇怪 我似乎总是比较喜欢男主最先爱的那个人/从小先来后到观念非常强，可惜晚到的那个常常才是女主,4,风云 
你对我说永远永远永远，永远不是我要的明天……,3,风云 
喜欢聂风一样的男人。喜欢蒋勤勤饰演的两个女人。讨厌陶虹演的那个肉麻到恶心的女人。,3,风云 
蒋勤勤啊，一直都很喜欢她,3,风云 
明月1死就不想看了,3,风云 
当年竟然觉得何润东很帅？๛ก(ｰ̀ωｰ́ก),3,风云 
你们给我说实话，以前不觉得这造型挺雷的嘛？,3,风云 
为啥长得好看的人老说自己抽，请问第二梦同志，您是对自己哪点不满意，脸上的标记也是好看的好吗。,3,风云 
算经典古装剧了，印象最深的是步惊云的泡面头。。。,3,风云 
当时风云追剧的时候挺厉害的，剧情吸引人,3,风云 
《风云》《风云2》还有《雄霸天下》当年看的时候觉着这剧好牛逼，现在回头想再看看时才觉得特效好差画质也不好，小的时候看剧才是最好的不用在意这个场景太假也不会在意剧情是不是太雷也不会在乎演员演技。,3,风云 
这部影片也很久了吧，那会看赵文卓很帅哦。梦是蒋勤勤演的吧，超美,3,风云 
步惊云对吧。现在想想他们俩就是cp啊,3,风云 
我爱江祖平同学！,3,风云 
成就了赵文卓和何润东经久不易的基情~~~~~~~,3,风云 
看时觉得赵文卓好帅啊   还有何润东  颜值都在线 哈哈哈,3,风云 
三分归元气，七分靠打拼。孔慈你不能死！你不要过来啊！所以我必须为了这个家而战。,3,风云 
小时候看的了，都没什么印象了，后来b站看剪辑，觉得造型有点雷，不过也是经典,3,风云 
雄霸天下，何其潇洒，可惜不懂得识人啊，竟然被徒弟女儿出卖，哎。,3,风云 
懒得说了,3,风云 
小时候看的,3,风云 
当年看的时候还是很好看的，音乐也好听,3,风云 
小时候疯狂追过，讨厌第二梦，喜欢猪皇，还有个大美女专傍大款叫什么来着？,3,风云 
你对我说永远永远永远，永远不是我要的明天……,3,风云 
当年全班同学一起看...,3,风云 
初中和我们的四人帮一起看的,3,风云 
当年很喜欢看这部剧，特别记得那句话“泥菩萨过江”，真是自身难保啊，前半部的剧情很精彩。,3,风云 
初中看的时候觉得好炫哦~,3,风云 
就特别想吐槽何润东的方便面头~,3,风云 
蒋勤勤啊~,3,风云 
我也瞄过，里面很多很诡异的角色，但是蒋勤勤很美。,3,风云 
原来我看了这么赵文卓的戏！！,3,风云 
一直记着卦里的词——九霄龙吟惊天变，风云际会浅水游。人生如戏。,3,风云 
少年时代的经典,3,风云 
我记得还挺好看的,3,风云 
天，孔慈,3,风云 
难得拍出了港范儿啊，勤勤好漂亮,3,风云 
当年看，竟不觉得有何不妥。,3,风云 
楚楚和剑晨哈哈哈哈……,3,风云 
剧情有点累，不过当时真的蛮喜欢的。,3,风云 
那个时候还是多火的一部电视剧。,3,风云 
反正看着看着就想换台,3,风云 
前两天看了次短视频，才发现当时觉得不错的，原来演技居然这么浮夸，太吓人了,3,风云 
我喜欢陶红~~,3,风云 
我美好的初中回忆~,3,风云 
从小就喜欢秦霜，可见我挑男人的眼光多准。,3,风云 
俺当年看的时候反正是很屁癫很欢喜的，何润东一现身，俺的双眼呈爱心状。,3,风云 
有点遥远的回忆了。,3,风云 
何润东的发型。。。,3,风云 
比电影好看。。。,3,风云 
没印象~,3,风云 
pjs明显我的评论比你正常多了。,3,风云 
原来是香港的漫画改编成了电视剧，主演都是内地的，而且两个人的年龄其实相差很大，蒋勤勤演得梦痕不错，果然是适合演古装戏~,3,风云 
小时候觉得没啥违和感，。。。,3,风云 
好吧，里面有个比两个女主漂亮不少的女配！,3,风云 
被蒋勤勤的第二梦迷到~,3,风云 
小时候就觉得它得儿。,3,风云 
小时候爱看,3,风云 
赵文卓的功夫真不错，演技也有,3,风云 
当年多米的,3,风云 
有蒋勤勤吧,3,风云 
初中时候挺火的,3,风云 
曾经追着看，那时候很喜欢蒋勤勤……,3,风云 
当时就觉得蒋勤勤美若天仙，配这个发型囧死人的聂风真是杯具。。。。。。,3,风云 
就是剧情比电影多。。。,3,风云 
当时真的好喜欢,3,风云 
当时蒋勤勤真是美啊！！！ ,3,风云 
我真的觉得那时的何润东不帅，头发跟方便面似的…梦的破相根本就不是破相嘛，一个桃心型的朱砂痣╮(╯_╰)╭,3,风云 
别对我说永远永远永远，永远不是我要的明天……,3,风云 
女性角色里明月、幽若、第二梦完全都是我的菜呀！,3,风云 
我……我喜欢Peter……真心的！,3,风云 
想当年...&#34;你对我说永远永远永远，永远不是我要的明天…… &#34;,3,风云 
特效在当时可以说吊炸天，剧情也还不错，人物就是过于脸谱化，主角都是有机遇，有些像现在修真玄幻小说。,3,风云 
3.1,3,风云 
我是垃圾筒么,3,风云 
相对于电影电视剧更细化、也更拖沓了，“金鳞岂是池中物 一遇风云便化龙。九霄龙吟惊天变，风云际会浅水游”，豪情没有了，更加的儿女情长。造型真的不敢恭维！,3,风云 
非典的记忆。,3,风云 
现在一回想好囧= = 男的造型基本都挺难看的。挺喜欢断浪的。女生都很漂亮。啊对对 陶虹演的哪个女的配音实在是太难听了像太监一样细，尤其是听到了陶虹本身的声音之后更是囧透了,3,风云 
蒋勤勤和赵文卓太搭了 第二梦实在美好死了~！反而那个明月总是哭哭哭 闹心 还比较喜欢幽若 不爽何润东！！！,3,风云 
小时候老喜欢了。,3,风云 
主题曲深刻，蒋勤勤、江祖平很美。,3,风云 
喜欢赵文卓,3,风云 
好喜欢里面的BGM,3,风云 
虽说本剧集齐了好几个我认为丑不堪言的演员，但是小时候看得还是蛮津津有味的。步惊云那把剑叫绝世好剑真的不是来搞笑的吗？哈哈哈还有楚楚生孩子那里，两人同时喜当爹也乐得我不行！看本剧绝不要带脑子和逻辑。。。,3,风云 
受不了聂风的头发····于是怀念郑伊健,3,风云 
蒋勤勤的第二梦...,3,风云 
曾经的记忆啊，大爱酷酷的步惊云啊有木有,3,风云 
当时很喜欢...,3,风云 
蒋勤勤超美的,3,风云 
这个楚楚太惊悚,3,风云 
他们的发型……真是很好笑啊……,3,风云 
就喜欢幽若。,3,风云 
金鳞岂是池中物 一遇风云变化龙 蒋勤勤好美,3,风云 
就记得那些雷人的造型了，不过蒋勤勤的造型挺美的。,3,风云 
步惊云啊步惊云,3,风云 
蒋勤勤~,3,风云 
何润东的发型很雷好不好,3,风云 
蒋勤勤很美,3,风云 
小学的时候觉得蛮神奇...蒋勤勤很美很美&gt; &lt;哈哈还有初中老6班的经典~龙脉到手！美人神机妙算=v=,3,风云 
卓叔,3,风云 
总记得风和明月那一场倾城之恋...,3,风云 
三星,3,风云 
何润东你个港都抱着个死人【叫念慈？】在大街上晃悠还跟死人接吻还特么想要复活丫你是我童年的阴影,3,风云 
更喜欢何润东了,3,风云 
年少回忆。,3,风云 
中规中矩的大陆古装片，装酷太多，勉强接受,3,风云 
我是来看泡面头的！,3,风云 
当时就是儿童眼中神作，没看过都不好意思跟童鞋讨论了,3,风云 
消遣啊消遣,3,风云 
其实两大男主还是可以的 千叶爷爷也真心和雄霸天人合一了,3,风云 
剧情和特效那实在是太差了，不过主演很好，2.5星,3,风云 
必须俊男美女啊,3,风云 
造型和道具不行，选角也有问题，整体就显得很山寨，好在有蒋勤勤，不过那个红心痣还是蝴蝶痣来着也太傻比了吧,3,风云 
嘎好看....的..漫画...,3,风云 
以前看这剧的时候觉得步惊云和聂风好帅啊，现在再看，步惊云造型咋这么雷不过聂风依然还是帅的。,3,风云 
还是去看动画算了,3,风云 
 陶红大妈太吓人了。。。,3,风云 
你可以猜一下我是比较喜欢……,3,风云 
虽然没什么出彩的地方，但是还不错。,3,风云 
小时候，每次去楼下小伙伴家玩的时候，小伙伴家的姐姐永远在看这部电视剧= =,3,风云 
孔慈。,3,风云 
幽若真美  江祖平已冻龄  ed真好听【身体给了云 爱给了风 嫁给了霜 孔慈真奇葩  风师妹把妹满分可惜克妻,3,风云 
无聊时看的，不是很喜欢！陶红好做作~！,3,风云 
孔慈，你爱了风，毁了云，嫁了霜……,3,风云 
印象最深的是当年，晚饭过后所有人聚在班里盯着电视追看这部剧，小学毕业这么多年了，当时一起讨论剧情的回忆依旧清晰。,3,风云 
【其实按某的观点还是挺糟糕的……但是比二好,3,风云 
最近在b站上看，笑死我了,3,风云 
印象深刻的孔慈大姐,3,风云 
在家里电视上看的……还行吧……,3,风云 
每年暑假都要看的喏。当年觉得步惊云简直变态。。。,3,风云 
貌似是老妹的第一部电影？,3,风云 
對不起今天被這個穿腦了（喂,3,风云 
好看,3,风云 
呵呵呵,3,风云 
虽然觉得有些台词现在听起来很恶  不过高中看的时候灰常喜欢这部电视剧,3,风云 
挺雷，但挺好看的,3,风云 
小学看的吧，现在想想够雷 够大陆的 但是当时其实挺乐在其中的。。。。其实那时国产土不土，洋不洋的，到还有些怀念，毕竟算是伴随了一段刚刚懵懂的记忆，而现在潮的我实在不能适应。。。。,3,风云 
那个时代的科幻大制作呀。,3,风云 
跟各种哥都一起看过,3,风云 
看过漫画后就觉得该剧不能忍了的感觉！,3,风云 
楚楚…… - - 我只记得会装嗲的楚楚,3,风云 
第二梦超级美，雄霸女儿也很美，不知为啥选了吴辰君演孔慈这个大美女,3,风云 
步惊云造型好雷，其实聂风造型也好不到哪里，第二梦很漂亮,3,风云 
童年的回忆啊啊啊。,3,风云 
没电影好看,3,风云 
我看的乐呵呵的。,3,风云 
歌好听啊  那时候老是看 ,3,风云 
纠结的剧情,3,风云 
国剧评分：79/100 不太可能有爱看电视的80后没看过这个哈？！铺天盖地每个台的轰炸式播出……大街小巷疯狂播放的“永远永远”，我美丽的第二梦……愁死了的陶红啊。还是那句，颜值不够，慎演美女。,3,风云 
以前看 觉得这剧有200集左右,3,风云 
蒋勤勤三星罢。。,3,风云 
小时候挺喜欢的一部武侠电视剧，当时不觉得，现在看到那个泡面头的步惊云，发型不想吐槽了。,3,风云 
当年真是好爱看的！,3,风云 
雄霸还是昔日的雄霸，风云却已不是当初的风云，除了电影版先入为主之外，讨厌赵文卓才是更关键的一点。,3,风云 
当时大家都爱聂风，就我喜欢步惊云，现在想起来，我还是喜欢步惊云，但及其厌恶何润东,3,风云 
步惊云很咆哮,3,风云 
帅哥美女片，一般般。没有是实质的内容,3,风云 
看过拉倒的电视剧....,3,风云 
大桃红反而觉得小巧可爱！,3,风云 
以前还挺喜欢赵文卓的说,3,风云 
陪着老人家一起看,3,风云 
小学看的.......................矮油又暴露了年龄= =,3,风云 
小学时全校风靡啊，蒋勤勤简直女神！！！幽若也很美！！简直秒杀现在的一片锥子脸蛇精！！,3,风云 
暑假每天早上边写作业边看的连续剧，好几次被我妈逮到了。。。,3,风云 
小时候超迷,3,风云 
三星纯属为了蒋勤勤，美女！,3,风云 
全是槽点里还有点燃，有点腐。疯狂截图……,3,风云 
被风迷死了，被云烦死了。,3,风云 
就是没得干的时候看的。,3,风云 
超爱蒋勤勤～,3,风云 
第二梦~~~~梦~~~~~~~我要是也长个那么好看的胎记 我一定露着,3,风云 
虽然NC，当年真的超爱看。。。,3,风云 
回忆,3,风云 
那个陶虹在里面的配音我也不说什么了，太恶心了~~,3,风云 
年少的记忆,3,风云 
中学时代的回忆，当时对这类剧还是蛮萌的。,3,风云 
当时可喜欢第二梦了~,3,风云 
还不错，第二梦～好仙女啊！,3,风云 
第一部在YouTube上“碎片化基本看完”的连续剧。每个人物的境遇都极度凄惨，有点武侠版《活着》的感觉，漫画原著好像更惨。剧情节奏不错，但五毛特效和打斗场面不忍吐槽。16年前蒋勤勤演的第二梦好漂亮！*星星眼*（如今在《幸福三重奏》当大妈？XD）,3,风云 
云大哥，云大哥……脑内一直回旋着楚楚的皮卡丘声。这妹子被剑臣jq真是自作孽。,3,风云 
看过 忘了当时啥 感受,3,风云 
【记忆】 非典,3,风云 
我是真的没想到当年的云是当今的何,3,风云 
哎 我真的没有品位,3,风云 
蒋勤勤超级女神,3,风云 
原来是蒋勤勤,3,风云 
第二梦童年女神！还偷偷在脸上画爱心东施效颦过⊙_⊙,3,风云 
还好，算是借电影版火了一把，并且我记得风云电视剧分上下部，而上半部好像是98还是99年就上映了的。,3,风云 
那个时候我还挺喜欢看这个的好像……蒋勤勤好美~~,3,风云 
只为第二梦啊,3,风云 
我爸一直好奇的问我 这是哪个年代的武侠片 步惊云的头发为什么是蓝色的还穿着超现代的皮裤...,3,风云 
當時好喜歡癡情的雲和楚楚。看到楚楚被強暴了我的心都碎了。雖然後來他們兩人在一起了，但感覺也不同了。,3,风云 
开始觉得很精彩后来就··磨磨唧唧,3,风云 
当时看可没注意过大鼻孔什么的,3,风云 
漫画挺红的，电影也挺红的，慕名而来，看了几集，无感。彼时蒋勤勤初出茅庐还在用着琼瑶给的艺名水灵。彼时孙兴还算可爱。赵文卓总是显得老气，即便在这个古装偶像剧。何润东在哪儿都是一个字，帅，也只有这一个字。还有吴辰君？还有王喜？还有卜学亮？不记得了。,3,风云 
想当年，相当多的人喜欢这部作品~~,3,风云 
泡面头！又见泡面头！,3,风云 
成也风云，败也风云。,3,风云 
当年有限的脑内剧场被N角关系绕得够呛……,3,风云 
那时大家像傻逼一样追着看。,3,风云 
当时的经典 人物鲜明 比漫画原著好 很爱楚楚和步惊云 雄霸很到位,3,风云 
就是从这部戏我好喜欢何润东~~~~,3,风云 
蒋勤勤太美了。赵文卓的鼻孔和何润东的鼻孔还有蓝毛儿记忆犹新,3,风云 
现在看步惊云依然超帅 但是剧情傻得不行 人设也站不住脚,3,风云 
此剧女性颜值都非常之高,3,风云 
那时候还是很喜欢赵文卓的时候。。。,3,风云 
=。=过年看完的。。。童年啊。。。现在一看哟还挺基。。【喂,3,风云 
少年时代的回忆,3,风云 
奇幻，喜欢赵文卓,3,风云 
这个剧真是……太师太了！,3,风云 
痛！难！信！,3,风云 
步惊云，恩！,3,风云 
步惊云有点吓人,3,风云 
这两天小泽再看，我也重温了一下，有槽点，但小时候看的热啊,3,风云 
电视剧中的插曲挺烦人~,3,风云 
44 儿时电视剧补完计划6号 打的轰轰烈烈都是靠叫招式啊。哈哈 小时候自己玩不也是这样。 绝世好剑什么的果然带回童年 比起漫画修改太多 不过雄霸演的真心好。,3,风云 
小时候看的时候就觉得挺雷的，现在看依旧雷……这种中二热血可能不太适合我,3,风云 
蒋勤勤好美……,3,风云 
人物造型上，在尊重原著的基础上大胆的发挥想象力，不但突出了&#34;卡通&#34;特点，还有些许浪漫的色彩。,3,风云 
男角的造型难看。蒋勤勤漂亮。,3,风云 
1、超级爱蒋勤勤，女神！2、超级不理解为什么是男人都喜欢那个孔慈…3、超级遗憾蒋勤勤没和赵文卓在一起…PS，前一阵又听到片尾曲《真爱你的云》，很好听啊,3,风云 
大家一起在宿舍里看的。,3,风云 
经典武侠剧吧。。不过耐性依然不足。。看到31集不想看了。。不想看了。,3,风云 
就觉得蒋勤勤美。,3,风云 
特效比较痴呆~,3,风云 
剧情忘光了，但小时候觉得好看啊。,3,风云 
看过一两集~ 不太喜欢人物扮相~,3,风云 
不咋，老觉得对比度太高怎么的，画面,3,风云 
杨恭如真是美貌啊,3,风云 
聂风太猥琐,3,风云 
何润东的造型真心欣赏不来。噗(/≧▽≦)/,3,风云 
不太適合看這種片子,3,风云 
何润东。。。。,3,风云 
该怎么说呢……哈哈哈哈哈哈哈哈哈哈哈哈哈哈哈！,3,风云 
==,3,风云 
江祖平蒋勤勤.,3,风云 
peter帅气依旧~~只是该片not my piece of cake~,3,风云 
那会儿好喜欢风，幻想着嫁给这种男人，哈哈哈哈要死。,3,风云 
记不清了，就记得还行~,3,风云 
螳螂捕蝉黄雀在后,3,风云 
老王说经典】几分钟看完童年回忆杀之《风云雄霸天下》--不及漫画10分一 也不及小说-根本看不下去,3,风云 
赵文卓好帅的说～何润东好丑的说～跟机器人一样呀。,3,风云 
缓解老板恐惧利器。看过老板就始乱终弃了。。。,3,风云 
哇 经典！！！！！！！！！！！！！！！！！！,3,风云 
看的时候觉得还可以，后来看原著漫画就觉得改编有点拙劣了。,3,风云 
秦霜啊，最可怜的不是秦霜吗,3,风云 
一直不喜欢·~~不晓得是为神马~~难道是何润东鼻孔太大？,3,风云 
童年记忆，为什么那时候看的时候还可以，现在看总有种中二的搞笑感，hhhh,3,风云 
02年的巨作,3,风云 
喜欢幽若！,3,风云 
初中那阵看的，真怀念呀！喜欢步惊云~,3,风云 
这真是一部找笑点的好剧 从剧情到服装发型 无一不雷啊 这么多年过去了 男女主那点破事我早忘得差不多了 唯一难忘的却是大反派雄霸 不搞笑的说我真的好崇拜他 太有男人味了！超man有没有！V587！我就心水这一款的！,3,风云 
最近迷上吴聘然后看到风云表情包简直分分钟出戏哈哈哈哈哈 小时候看这个剧莫名尴尬啊 不管是剧中人物的发型台词还是性格 简直看不下去 没想到啊 也有被何润东演的角色迷倒的一天 看见有条评论说小时候的审美死角变成了男神 简直不能更贴切,3,风云 
大爱蒋勤勤的明月和第二梦。最近又看了一遍，超级喜欢步惊云和孔慈这一对啊啊啊啊。一想到后来步惊云把温柔给了楚楚，难过死了。太可惜，孔慈错过了步惊云的温柔，而步惊云正是因为孔慈才会知道什么是温柔啊,3,风云 
雄霸真的很霸气啊，一点不招人恨。,3,风云 
不是很好看。,3,风云 
我真的看过好多电视剧。。。,3,风云 
只为勤勤~,3,风云 
有蒋勤勤,3,风云 
补记，步惊云和聂风，还有有一个超可爱的爱心伤痕的第二梦。,3,风云 
那段时间天天练功。。天霜拳、风神腿、排云掌还是什么的=。=,3,风云 
十几年前的电视剧，居然现在来补。,3,风云 
因为姑妈家没这个台，着急慌慌的也要回家啊,3,风云 
这部剧好可怕...,3,风云 
当时和一帮一块玩的小朋友天天聊前一天晚上看的 那时候看过N遍啊,3,风云 
额。。。曾经一度很红的电视剧。,3,风云 
风云合璧，天下无敌！！！！动作为后，情感争先。,3,风云 
赵文卓 蒋勤勤,3,风云 
emmmm，给泡面头和不规则离子烫打call，童年回忆，想起来说自己丑的蒋勤勤，我当时严重怀疑自己的审美，害我到现在都觉得自己的审美是有偏差的！,3,风云 
现在看就是一场蹩脚的风云Cosplay。在欣赏完原著后请恕我对满脸淫笑和碎嘴的不哭死神接受不能,3,风云 
我要赶着回家看电视了（我还记得那感觉）,3,风云 
怎么这多人黑它呢，我炒鸡爱看这部剧，重复看好几次了,3,风云 
我品味真次,3,风云 
不好意思，先在B站看了鬼畜视频，再看正片，真的不忍直视。,3,风云 
小时候看的时候真的很想 聂风和雄霸女儿在一起。。。&gt;&lt;,3,风云 
小时候看很多记忆里很经典，配乐大赞，几个女演员十分出色，但最近回看了一点发现emmmmmmm特效太劣质随意了，都穿帮了啊……,3,风云 
现在也就是看个剧情，特效啥的真是不敢恭维啊。。。,3,风云 
白衣是给人一种温文尔雅的感觉，赵文卓的长相私以为还是挺有古典大侠气质的。,3,风云 
【7分】童年回忆,3,风云 
请给陶虹换个像样点的发型师。,3,风云 
当年真无聊啊……,3,风云 
小时候超爱看,3,风云 
小时候很喜欢，尤其是小说,3,风云 
bm,3,风云 
当时就觉得服化道区别于大陆和香港的武侠剧，倒也吸引了我,3,风云 
我大姐很痴迷但我觉得好像就像游戏改成的沙雕剧……,3,风云 
"补签，“心若冰清,天塌不惊,万变犹定,神怡气静”",3,风云 
步惊云 聂风 才是一对真爱好么！可见我小时候就很腐！！喜欢第二梦 还有那个大小姐 尼玛楚楚是不是太傻逼了点 其他姑娘吐槽无力了,3,风云 
除了第二梦，所有人无一不雷，蒋勤勤你也雷一下这剧就圆满了啊！,3,风云 
美女多。。,3,风云 
莫名其妙电视上断断续续看的。。。,3,风云 
这样一部神剧我当年也是看的如醉如痴、追的茶饭不思，还不是因为两男主够帅嘛，泡面头麒麟臂，那么雷的扮相和剧情也撑得起来。不过那个天下第一美人孔慈，选角实在太违和了，真想穿越进去踹了她换我来跟俩帅哥谈恋爱，哈哈,3,风云 
现在看都能雷死。,3,风云 
都喜欢都喜欢，当时好喜欢,3,风云 
我的幽若，最喜欢的角色。,3,风云 
音乐很好听。不对，是好听到爆！,3,风云 
蒋勤勤！！！,3,风云 
更喜欢电影版……看评论好多人不喜欢楚楚…？…我小时候特别喜欢步惊云x楚楚，聂风x第二梦………………,3,风云 
以前最喜欢楚楚和独孤梦,3,风云 
童年回忆，童年回忆,3,风云 
孔慈怎么长这样……我要哭了~,3,风云 
蒋勤勤气质很好,3,风云 
童年,3,风云 
中二时期觉得挺热血的，插曲貌似来自插脚盆,3,风云 
严重怀疑这里面聂风步惊云（特别是步惊云）对女人的审美，孔慈这位实在是长得太。。。困难了。。。,3,风云 
啊哈哈哈哈哈 非典的初三,3,风云 
孔慈太丑了,3,风云 
那么非主流的造型，我当年竟看得津津有味，蒋勤勤的梦不错。,3,风云 
难以忘记魔性的小节转场,3,风云 
&#34;你不要过来啊！！！&#34;,3,风云 
毕竟是童年，不忍打低分,3,风云 
三星半,3,风云 
贱循环的一个例子。。当时觉得步惊云超帅有没有,3,风云 
童年。。。啊⊙_⊙,3,风云 
记忆中留在青春里的武侠剧（四）,3,风云 
我的童年,3,风云 
当年很火的一部剧,3,风云 
哇哈哈 当时很喜欢蒋勤勤和赵文卓~,3,风云 
卡士加原作的熱度吸引看了一部原本對主題不感興趣的電視劇。比想像好。,3,风云 
谁没看过风云？没看过总听过吧？,3,风云 
我只能说，这是一部神剧,3,风云 
扶额……,3,风云 
"不喜歡步驚雲的藍色泡麵頭,不喜歡楚楚.其他都喜歡!尤其是雄霸他姑娘!包括主題曲!還有 無法理解丁寧那種樣貌也能讓師兄弟個個為之傾倒",3,风云 
第二梦超美的～～,3,风云 
主题曲们还好。步惊云党飘。,3,风云 
两个大鼻孔,3,风云 
好基友，一被子，此电视剧主要是描写接盘侠的心路历程。,3,风云 
我讨厌中间切一刀,3,风云 
我记得有亲戚说我长得像孔慈，qswl,3,风云 
思来想去 把4星给了电影版 嗯,3,风云 
歌曲神烦，每隔一两分钟就一次……,3,风云 
何润东的泡面头让人印象深刻，第二梦让人惊艳。,3,风云 
造型太失败,3,风云 
不太记得具体剧情了，只记得那会儿很喜欢赵文卓,3,风云 
漫改啊漫改~伤人至深。男的我就不说叻。孔慈竟敢长成那样...虽然吴辰君本人我无偏见。还是江祖平的幽若大小姐得我心~ 当然，怎么都比不上蒋勤勤的仙女第二梦！,3,风云 
还是蛮帅的。,3,风云 
特效绚烂的呀。,3,风云 
第二梦。,3,风云 
第二梦特别特别美,3,风云 
三星,3,风云 
一见聂风误终身,3,风云 
小时候看的时候就向着反派雄霸，现在知道为啥了……,3,风云 
纯粹是为了幽若才看的，才发现我小时候竟然看过这么多烂剧，导致现在脑残治都治不好。,3,风云 
小时候真的觉得很好看很好看，那时也不觉得何润东脸长，很喜欢陶虹，蒋勤勤，那时候为啥那么多美女呢，而且演技还都很好呢，为什么现在看不到美女了,3,风云 
啊，童年男神赵文卓，女神幽若，啊第二梦死的时候伤心好久，按尿性来说应该是风风和云云在一起的,3,风云 
3.5,3,风云 
我爱幽若,3,风云 
国产电视剧,3,风云 
当年还算喜欢的剧，可是当年还是港漫迷，对剧版还是挺多不满意。方面最在意的就是为什么不拍神兵玄奇。,3,风云 
当时就是喜欢二号聂风啊，哈哈,3,风云 
忘记结局 重追旧梦 聂风❤第二梦 现在看来 造型雷人台词肉麻到实在看不下去啊 27集。,3,风云 
发型师哪找的？,3,风云 
电影版那个一刀砍下去时一把大刀横穿整个屏幕的特效，在这个电视剧版很明显被玩坏了，还有各种夸张特效,3,风云 
以前喜欢风云的时候看的....,3,风云 
那个时候喜欢的片子,3,风云 
..陪你们2,3,风云 
靠，居然还看全了！,3,风云 
两个男主都不帅，但全是美女啊！【哦不除了孔慈,3,风云 
成也风云败也风云,3,风云 
好看,3,风云 
金鳞岂是池中物 一遇风云便化龙。九霄龙吟惊天变，风云际会浅水游。,3,风云 
这是一部人物造型极其CULT的剧，除了雄霸，我都不知道其他部分对演员的挑选时依照什么标准来进行的，吴辰君居然演孔慈，不找个贾静雯之类的美女，你好歹也可以把江祖平或者蒋勤勤换过来演吧,3,风云 
唯一的缺点就是节奏过慢,3,风云 
赵文卓扮相不咋地。,3,风云 
赵文卓英气十足。,3,风云 
其他都忘了 老天赐我麒麟臂是忘不了的,3,风云 
补标。打开了一扇奇幻大门...... 至今喜欢幽若....,3,风云 
"倚樓聽風雨,淡看江湖路...喜歡這樣的風,卻憐惜與喜愛那樣的云...",3,风云 
里面人物的名字都好好听啊。步惊云，明月心,3,风云 
只是看过,3,风云 
留名,3,风云 
虫儿飞！,3,风云 
额，豆瓣推荐里怎么会有这个。。。不过当年觉得还好吧,3,风云 
小时候很爱看，觉得好帅啊,3,风云 
初中消磨时间利器,3,风云 
小学的回忆，一帮小孩子最喜欢看这部电视剧了~~~~~,3,风云 
令人难忘的步惊云式咆哮和那一头泡面。,3,风云 
现在看也太杀马特了点。。。,3,风云 
不管怎么说，这部剧的感情线真的触动到了。,3,风云 
赵文卓好大的鼻孔！！,3,风云 
现在看真的好雷哈哈哈哈哈,3,风云 
泥菩萨是一个不错的角色名字也不错，就在看风云的时候在日后成为我女神的女生和我说话我却没理她,3,风云 
幽若太美了，奇怪她为什么没有大红。,3,风云 
阅。,3,风云 
这个电视剧我真的是一集不落地看完了。。。,3,风云 
当初觉得何润东好帅，蓝色泡面头,3,风云 
山寨版,3,风云 
在当时还是不错的,3,风云 
现在想想，狗日的，步惊云的烫卷篮发和聂风的烫直染发亮瞎眼啊。卧槽，雄霸，他居然，他居然是日本人。,3,风云 
主题曲蛮好听的 赵文卓蛮帅的 何润东倒是一直很丑,3,风云 
小时候还是蛮喜欢看的,3,风云 
对于九零后的我而言，这就是我们童年时代最正的电视剧。主角前卫的发型，设计精良外观精美的武器。,3,风云 
额 陶虹扣一星 其实值四星 跟漫画挺同步 ,3,风云 
初二暑假。何润东的步惊云真丑……,3,风云 
还是因为他们俩,3,风云 
记忆深刻的是麒麟,3,风云 
哈哈哈哈哈,3,风云 
何润东一头蓝发怒发冲冠,3,风云 
蔣勤勤裏面眼角弄個花紋啥的小時候還模仿來著,3,风云 
还算拍的有诚意，剧情也不错，演员算符合期待。,3,风云 
以前真的觉得超级好看，但现在随便一个片段拿出来就是表情包和雷点也是没谁了,3,风云 
小学时很迷,3,风云 
比电影更忠于原著，可是聂风本该一头秀发，终日披着炸裂的黄毛算怎么回事。。。更不要说步惊云的发型了。女主都还不错。可惜了，这剧本可以做得更好的,3,风云 
小时候的回忆~~我记得里面那个演剑舞的姑娘好漂亮来着，但是一直不是很红~,3,风云 
小时回忆,3,风云 
蒋勤勤演得老美了~,3,风云 
麒麟臂的出处！233。也是从步惊云开始主角们发型发色加入洗剪吹系列了吧！,3,风云 
当时好喜欢现在看不下去了,3,风云 
当年勉强还能看的何润东……,3,风云 
第二梦特别特别特别美！,3,风云 
！,3,风云 
江祖平蒋勤勤,3,风云 
一星故事，一星部分演员，一星青春,3,风云 
一天连放好多集，很过瘾。,3,风云 
小时候迷的不行，现在想来好扯的剧情,3,风云 
何润东真是欣赏不来。。。蒋勤勤美,3,风云 
现在回头看，里面的造型真是很雷人，不过蒋勤勤真的是美，真的非主流的造型还是掩盖不住的美,3,风云 
这一部还蛮好看的。我有一把绝世小剑。现已遗失。,3,风云 
这个风云还是挺经典的，现在看有很多瑕疵，但当时看完全集了,3,风云 
武侠连续剧（不是超级系吗魂淡）,3,风云 
江祖平和蒋勤勤都挺美的···别的就记得何润东的方便面和孔慈很丑,3,风云 
“公路旅行老歌大串联”活动中从主题曲想起来的小时候曾经看过的电视剧，喜加一！当时觉得除了孔慈所有女生都好看，竟然也不觉得赵文卓杀马特也觉得很帅（那为什么男主们都喜欢孔慈…倒是找个漂亮的呀,3,风云 
楚慈；玄幻武侠在同期古装剧中别树一帜。,3,风云 
初二的五一黄金周在安徽卫视播放的，那时候的3D特效如此青涩，看了我一个星期没写作业😂😂,3,风云 
满血拉二胡，残血打boss...,3,风云 
麒麟臂的泡面头。哈哈哈,3,风云 
红眼睛的聂风记忆好深刻,3,风云 
喜欢风，因为帅,3,风云 
童年回忆系列。,3,风云 
童年。聂风老帅了，蒋勤勤美美美。,3,风云 
小时候的神剧,3,风云 
孔慈不好看。。。楚楚好装嫩。。。云的配音好下流。。。,3,风云 
哈哈哈哈小学的时候男生全都在操场上安排谁是聂风谁是步惊云。我只记得“别对我说永远永远永远～”（回忆起来还挺好听的哈哈哈哈哈哈,3,风云 
哇！当“风嗡——云恩——雄霸天下”的港台普通话响起来的时候童年记忆也回来了！重温一下当年的特效，果然是可以让现在很多的玄幻剧都剖腹谢罪！,3,风云 
这部剧的选角真的非常成功,3,风云 
别对我说永远永远永远，永远不是我要的明天,3,风云 
有些沒看懂...,3,风云 
。。。,3,风云 
怎么说也是我的回忆,3,风云 
啊哈哈,3,风云 
其实不算看过，最早看到何润东，被帅死了，然后因为认为他帅被鄙视了好多年。,3,风云 
中二的那些年。。好多都是从这儿学的,3,风云 
喜欢男主,3,风云 
童年,3,风云 
何润东贡献了一生的演技,3,风云 
回过头来看这些剧情表演何尝不浮夸,3,风云 
当时怎么这么喜欢何润东！,3,风云 
难以忍受的造型,3,风云 
五年级暑假的大戏,3,风云 
别对我说永远永远永远，永远不是我要的明天~大概八点二十唱~~里面的造型丑疯了~就蒋勤勤还能看~,3,风云 
当年各种奇葩造型啊~  除了蒋勤勤那套装扮！,3,风云 
虽然发廊小哥造型雷，但是赵文卓曾经是我童年男神啊,3,风云 
上天赐我麒麟臂么！,3,风云 
没事做 我标记,3,风云 
哈哈哈好雷得剧，不过当时看还挺新鲜得。,3,风云 
第二梦,3,风云 
为什么现在觉得小时候喜欢过的人都残了……是真的岁月不饶人还是我当时眼光不好……不过那时候的好剧是很多啊,3,风云 
当年看，竟未觉得有太大不妥。…… 现在想起则全是鬼畜区题材了(￣▽￣&#34;),3,风云 
风云雄霸天下，那时候火过一阵子。,3,风云 
脸颊上有个小爱心的那个妹子好美的,3,风云 
金鳞岂是池中物，一遇风云便化龙,3,风云 
误入魔法世界,3,风云 
哈哈哈哈哈还记得当年看到孔慈的那一霎那的惊吓,3,风云 
曾经都追得很乐呵啊。,3,风云 
承载着小时候不少的欢乐,3,风云 
在我屁都不懂的时候就和我妈我姥姥一起看了。,3,风云 
回头再看就不停笑场了哈哈哈,3,风云 
哈哈哈哈哈小时候看的时候努力告诉自己孔慈一定很美，一定是我自己审美有问题！确实有问题，当时zqsg的觉得步惊云帅呆了233333不过第二梦真的是太美了,3,风云 
每一部风云都是一部基友片...,3,风云 
童年电视剧,3,风云 
其实那时真心觉得挺好看的，虽然现在看很狗血。。,3,风云 
凑合看看,3,风云 
高中的记忆。那时候每天躲着班主任看这个电视剧，但是其实根本没记住剧情。,3,风云 
聂风 步惊云 第二梦 幽若……,3,风云 
风卷尘沙起，云化雨落地……只有情深似海义无边，任凭云散风聚……,3,风云 
第二梦= =,3,风云 
被室友安利了“喜当爹”那个表情包，然后禁不住回忆起了童年时代这部剧，现在想起来全是笑点！随便点开一集都笑翻了。。。,3,风云 
最喜欢王喜的大师兄，我果然是审美奇葩~~,3,风云 
开创了我玄幻武侠的视角，武侠世界再也不是传统的武侠，而是带有玄幻的色彩。何润东的步惊云的人设很有新意，绝世好剑雪饮刀等各种武器也让人惊奇。,3,风云 
丑。。。,3,风云 
蒋勤勤是真美。,3,风云 
当年可喜欢了，觉得剧情挺好，现在再看，造型好雷23333333,3,风云 
小时候还因为这出过事。,3,风云 
说不上喜欢谁，有段时间觉得断浪和幽若挺配的~,3,风云 
童年回忆,3,风云 
女演员不错，男演员的造型是真的很难看。,3,风云 
以前看着不错，现在看造型剧情什么的都有点受不了😂😂,3,风云 
拍的不那么糙  挺喜欢大陶虹的,3,风云 
电视随便看看，怀念电影,3,风云 
全剧组杀马特 聂风很帅,3,风云 
虽然很小，印象深刻。那时更喜欢风，如今赵文卓很少见了，最近过年全家还在看何润东的楚汉传奇，十几年了，冻龄。,3,风云 
怎么看下去的，好羞耻,3,风云 
曾经迷一样的喜欢这部剧，回到过去留下记忆，也很美好。,3,风云 
蒋勤勤好美！,3,风云 
当年看，竟不觉得有何不妥。,2,风云 
被第二梦迷倒了，和初中同桌一同花痴：“倚楼听风雨，淡看江湖路。”,2,风云 
凑合看 这种东西还是要看漫画,2,风云 
我表姐很爱看,2,风云 
这么多年后我还是想说，你确定你头上的假发不是抢路边大妈的？,1,风云 
瞄过两眼,1,风云 
多一星给异常敬业的演员们,2,风云 
囧囧囧~,2,风云 
没觉得陶红好看呀。,2,风云 
那个发型......我吐！,1,风云 
现在想起来特别雷人，当年还是多喜欢的。,2,风云 
除了蒋勤勤，剩下的人都让我想把胃里的东西翻出来。,2,风云 
我看了……我還看完了 我……,2,风云 
童年,2,风云 
受不了那发型,2,风云 
我对电视剧一向感到无奈,2,风云 
那个赵文卓！！！就冲着他连星星都不想给了……相较之下，何润东和王喜还有吴君如都是可以忍受的……,2,风云 
印象最深的步驚雲的頭髮很醜,2,风云 
我上午吐槽了风云2，看雄霸天下这部呢，小时候疯狂痴迷，现在看呢，我看到第11集就受不了了，我觉得还是滚去看漫画比较好吧。。。。。。,2,风云 
哈。。。电视剧好囧,1,风云 
太雷了。。。陶红太老了。。赵文卓又很丑（个人觉得）,2,风云 
和电影是没的比了,2,风云 
后现代的发型历历在目,2,风云 
讨厌看风云。,2,风云 
够拖沓,2,风云 
其实孔慈还好，楚楚最囧；2个男主除了4个鼻孔没别的好说的了,2,风云 
去看蒋勤勤。,2,风云 
之前我觉得电影版还可以，看过这个我觉得电影版太好看了。光是造型就完全分出档次了，赵文卓把风给毁了。他们抢的居然是吴辰君？！然后BOSS找的是同一个人来演，橘生淮南则为橘啊。,2,风云 
我竟然也看完了,2,风云 
恶心，我从来不打一颗星,1,风云 
何润东啊，我恨你！赵文卓，我恨你！,2,风云 
 很肉麻~~~鸡皮疙瘩丫,2,风云 
啊，年轻的我真是涉猎颇多。,2,风云 
烂就一字,2,风云 
有一集突然看到了幽若 从此开始了我夜夜偷看电视的生涯 但发现原来幽若只出现在那1集= =,2,风云 
陶红你的大饼脸啊大饼脸 赵文卓你的大鼻孔啊大鼻孔 多年无法遗忘,2,风云 
烂片泛滥的时代！,2,风云 
越到后面情节越无聊,2,风云 
剧组到底欠了造型师多少钱,2,风云 
演得还行,2,风云 
感觉诡异,2,风云 
蒋勤勤还挺美的~~,2,风云 
步惊云给明知和自己无血缘的孩子削玩具时挺帅的。,2,风云 
耽误了我的学习,2,风云 
某个大脸女主角部给力啊,2,风云 
现在看来真是囧囧有神。,2,风云 
外焦里嫩,2,风云 
把电影日他了。,2,风云 
囧死了，但当时真的追着看诶,2,风云 
很烂，当然剧本更烂！,2,风云 
这般的造型太雷人了,2,风云 
史上最烂武侠电视剧，我看它是在非典时期居家隔离时，否则打死都不会碰,1,风云 
步惊云，聂风，雄霸，这些名字现在还记得,1,风云 
造型雷得要死,2,风云 
我真不想承认我看过,2,风云 
囧片。蒋勤勤的两个角色都很美丽，陶虹也不错，只是孔慈怎么选了个这么丑的演员？何润东的造型很雷人，赵文卓一如既往没有演技。,2,风云 
老是分不清何润东和冯德伦 囧 看到风云时惊叹~~他咋变那么木气质鸟  囧 其实是我认错了人 囧,2,风云 
第二梦简直就是我的梦中情人！,2,风云 
我被男主雷了= =,2,风云 
没看懂,1,风云 
郭天王的云形象彻底被毁，情节拖沓,2,风云 
何润东的拖把头让我汗颜,2,风云 
谁给我解释一下步惊云肿么打扮成内样？是来搞笑的吗 = =,1,风云 
除了那个大小姐 其他人都是我雷点,2,风云 
叫我的名字！,2,风云 
头型也是够了，真心没看下去的欲望,2,风云 
呸呸,2,风云 
= =,2,风云 
盘点影视剧十大绿帽https://www.bilibili.com/video/av44877703蒋勤勤还演过这种剧呢。赵文卓很适合演这种角色。从来不喜欢吴辰君。https://www.bilibili.com/video/av15720196,1,风云 
2003年，河北景县的记忆，一片混乱。,1,风云 
真的很受不了里面这些人的扮相，都没有看完,2,风云 
小学的时候中午总是去找同学一起上学的，她家的电视总在放，就只记得那个“你对我说永远永远永远，永远不是我要的明天。。。”,2,风云 
何润东和赵文卓的大鼻孔，陶红真是让人绝望！,2,风云 
太拖拉、后劲不足,2,风云 
何润东实在是。。。,2,风云 
一点都不灵,2,风云 
片尾曲英文一出来俺就雷飞了。。,2,风云 
哎。。风还是不错的，蒋勤勤还是不错的，云看了想吐。。陶红一声“云大哥”直接把我雷焦,2,风云 
那时候觉得聂风挺帅,2,风云 
蒋勤勤就是漂亮，我的女神！,2,风云 
里面的造型····,2,风云 
我是看过多少烂片，羞愧,1,风云 
里面没一个顺眼的,2,风云 
借用个别人的评语：恕我直言，这部剧真是可怕,1,风云 
制作很精良，大量的电脑动画制作也成为该剧的一大特色，四川乐山的风景也很美。,2,风云 
虽然幽若和第二梦很美，楚楚我也挺喜欢。但现在看起来看起来非常廉价。。。,2,风云 
好像就是从这部开始不怎么看电视剧了。。。,2,风云 
断浪和幽若还挺好看的……两大男主都没什么颜，妹子圣母光环全开，雷死我了……,2,风云 
我一直认为何润东就是烂片的标志。。。。,2,风云 
肥猪流的开山鼻祖,2,风云 
= =,2,风云 
看过电影版再看电视版真心觉得略雷,2,风云 
最近电视台又在重播这戏，感觉……当时……的表演那个……都好……浮夸。,2,风云 
鬼扯的狗血剧情。,2,风云 
不知所云,2,风云 
跟漫画没法比……,2,风云 
山寨。。一直不知道哪来的美感。。,1,风云 
特么的又是泡面头 比小李飞刀还有弹性密度更大的泡面头 还让不让人家吃泡面了 孔慈好丑 楚楚好丑 顶着男人一样圆硕的大方脸 却齐刘海娃娃音 嗲得令人恶心,2,风云 
當年看到就心煩的一部，鄉土氣息極其濃重,2,风云 
當年看到就心煩的一部，鄉土氣息極其濃重,2,风云 
表情包,1,风云 
我小时候真的是当雷剧看的，长大以后才发现这么多人说这个是经典，费解,2,风云 
口水剧，适合全家唠嗑时看,2,风云 
漫画本来就看不下去，何况是电影，一样弱智。,2,风云 
不好看,2,风云 
当时家里只有一台电视机，偏偏妹妹喜欢看这部电视剧，不得不陪着看。真心不好看。,1,风云 
小时候给我很大阴影伤害，所以我只给一颗。,1,风云 
千叶真一不错,2,风云 
忆往昔。。。毕竟年代久远，又漫画作品，槽点太多都不好意思吐槽了,2,风云 
这个是台湾的吧怎么是大陆的呢？雄霸专业户千叶真一加上面瘫步惊云和能用鼻孔瞪人的聂风~哈哈哈蜜汁搞笑~还是喜欢那个时候的蒋勤勤，没被陈建斌弄成农家大嫂~,2,风云 
演技真捉急，主角还不如文丑丑,2,风云 
儿时记忆。,1,风云 
第一部还是有反面帅哥的,2,风云 
比较劣质,2,风云 
发型被我从头吐槽到尾，当然我也没看几集就放弃了。,2,风云 
何润东的表情不敢恭维,2,风云 
小时候就不喜欢看,1,风云 
我真后悔看过这玩意。但是这妞我是真心忘不掉了,2,风云 
何润东残念的脸。,2,风云 
何润东的发型笑尿了,2,风云 
小时候看的津津有味，现在再看，首先，步惊云的发型就接受无能,2,风云 
先看的电影风云，再看电视剧实在无法容忍演员之丑，以至于多年之后想起这个电视剧，脑子里留下的唯一印象就是——丑。,2,风云 
步惊云太丑了 实在影响观看,2,风云 
没什么台词，全是意会和打斗,2,风云 
这剧真的是神一样的差啊，小时候就看不下去。,1,风云 
实在无法接受角色们的发型，以及特效有些假。,2,风云 
最受不了的就是一集出现三四次的电视剧名称,2,风云 
服化太丑。,1,风云 
不喜欢！,1,风云 
扮相乱七八糟，如果不是电视台整天播没有其他的可看我也不会看的，到现在也不知道结局是什么,2,风云 
不爱看,2,风云 
当时看的真的很好看……,2,风云 
少年时代的大肥皂，永远在播,2,风云 
又让我想起了马脸::&gt;_&lt;::,2,风云 
从剧情到人物雷得我里焦外嫩,1,风云 
为什么班上的女孩子都喜欢步惊云？,1,风云 
啊啊啊，粗砺的影像记忆。步惊云的那个头发颜色，聂风时不时就中魔了。,2,风云 
一星给其他所有演员，一星给全剧的演绎，三星亏给傻逼步惊云~杀人理由真尼玛~打死大哥媳妇，还夺人尸体~得了人胳膊还一副吊样~破了剑圣真身，断人终生念想~对楚楚的态度~我靠！这剧在步惊云这里三观不正啊！,2,风云 
别对我说永远永远永远，永远不是我要的明天～,2,风云 
心理阴影。,2,风云 
当时喜欢何润东，但剧情太慢，没看下去。后来听到陶红的真声，看到她没头发遮盖的脸后也是醉了。。,2,风云 
当年就看不惯何润东的脸哈哈哈……,2,风云 
我爱幽若啊！,2,风云 
喜欢看打架那会儿,2,风云 
神呐，我都记不住人物，陈琳居然能复述剧情。,2,风云 
4,2,风云 
有些记忆还是留作记忆就好了，拿出来再看，直接把我的智商降到了一年的最低谷,1,风云 
只记得剧本台词糟糕到听不下去……,1,风云 
渣到爆了,1,风云 
现在武侠哪有打斗都是放五毛特效 三天不练武 倒贴二十年的节奏 要好好学习啊 风妈爱权势没有心 当面NTR 镊风小时候女主担当,2,风云 
从小就对里面的造型欣赏无能，现在老了，依旧无法接受！,2,风云 
虐心剧,2,风云 
何润东哈哈哈哈哈哈，整个就是雷剧呀！,2,风云 
当年好多人都喜欢看，可我就是看不下去，无法忍受何润东的爆炸头,1,风云 
一般般吧，啰嗦得很。,2,风云 
喜欢布,1,风云 
当年看就觉得何润东很丑，剧情也忘了,2,风云 
一星给风、幽若，最爱的两个；一星给音乐。偏偏不喜欢里面的蒋勤勤。。。,2,风云 
虽然是童年，但真的不好看！我小时候就深切体会到的不好看！可能与画面的调色有关系吧。,2,风云 
当年看，竟不觉得有何不妥,2,风云 
那是我人生中第一次非主流造型风格的启蒙。。。,2,风云 
2003年非典时看的,2,风云 
一直挺讨厌步惊云这种24小时苦大仇深欠钱脸……,2,风云 
春节陪妈刷剧季,2,风云 
不喜欢,1,风云 
为什么孔慈这么丑？？不过配泡面云是够了,2,风云 
台词造型和设定从头到脚都很要命。更何况何惊云看着比何西门还要尴尬。,2,风云 
现在回看，真的好雷人啊哈哈哈哈。,2,风云 
小时候觉得贼好看，现在。。。雷的我,2,风云 
我要给这个电视剧打两星！因为小时候就不喜欢这电视剧但是霸屏霸了好几年！真的是烦死了！,2,风云 
我小时候到底看过多少奇奇怪怪的人电视剧 童年阴影,1,风云 
假死了的特效，假死了的何润东...翻来覆去两人就那么两招，也不知道怎么混那么狠的，尤其那把塑料大剑...还有个蠢名字...,1,风云 
虽然剧情比电影版好，但是两个男的也太丑了,2,风云 
童年回忆,2,风云 
小时候看就只喜欢断浪，可惜竟然是个配角，还黑化了。。,2,风云 
看在第二梦的脸上我决定不打一星。,2,风云 
当时就觉得赵文卓和何润东太傻了。,1,风云 
不怎么好，也不太糟……蒋勤勤和陶红漂亮，可惜戏份不多或者狗血……,2,风云 
补记。,2,风云 
我靠当年爱瞎了好吗,2,风云 
一直想问，前有郑伊健的聂风和郭富城的步惊云，何润东和赵文卓是怎么敢接这戏的？,2,风云 
童年……歌曲还是那么有印象。只是再也回不去,2,风云 
尼玛,2,风云 
不知道为毛很烦这部剧。。,2,风云 
赵文卓何润东hhhhhhhhhhhhhhhhhhhhh,2,风云 
剧情挺乱的，服化道是什么鬼？何润东真是丑的不要不要的，导演是不是审美有什么问题,2,风云 
当年超火爆,2,风云 
对这部剧的记忆只剩下片尾曲了 两星给童年,2,风云 
哈哈哈哈哈哈哈哈 东哥小卷卷,2,风云 
0,2,风云 
一个海藻头，一个枯草头。。。,1,风云 
何润东是毁男神之王,2,风云 
哈哈哈哈印象深刻的玄幻片,2,风云 
这方便面头，以至于我好几年没吃方便面了,2,风云 
辣眼睛的何润东，以前竟然觉得他还很帅。果然年纪轻轻眼睛就瞎了,1,风云 
粗制滥造,2,风云 
小时候不喜欢看，不理解里面的一切装扮,2,风云 
这是不是古装剧奇葩造型的滥觞啊……,2,风云 
配合弹幕看笑得不能自已,2,风云 
简直搞笑,1,风云 
这个电影里面女人真的都是水性杨花呀,2,风云 
格局太小，让人感觉争的是街头霸王的名号。,2,风云 
江祖平真的好美，何润东。。。,1,风云 
蠢的要死的片子。。。,2,风云 
一般,1,风云 
只有雄霸幽若是符合原漫画的。孔慈丑的我怀疑人生，楚楚魔音灌耳。聂风步惊云都是用鼻孔演戏。,2,风云 
整部戏的造型很喜感,2,风云 
“确定看过，剧情完全不记得”系列。纪念那些空虚地一人独守电视的下午。,2,风云 
中间过场的那段“风云！雄霸！天下”~~至今记忆深刻,2,风云 
茶余饭后看看还行。,1,风云 
难看死了,2,风云 
当时还挺火的,2,风云 
当年看的挺起劲的,2,风云 
以前觉得太拖了,1,风云 
那個顏啊..,2,风云 
小时候看就觉得很可笑，现在想想更不堪回首了,1,风云 
重看一遍又喜欢断浪了这是个什么三观？！,2,风云 
服装师怕不是杀马特团出来的！,1,风云 
很雷…,2,风云 
看过电影版之后电视剧版简直就是难以入目，聂风的飘逸长发居然成了一头黄毛！赵文卓在青蛇里也算男神级别，这部完全选角不当加造型失败TAT还有女角除了幽若其他都没法入眼，连蒋勤勤这种级别的美女都被造型毁了，造型师我想找你谈谈人生。,2,风云 
难看，做作,1,风云 
后半部粗造滥制，人物弱智，剧情狗血，把前半部的浪漫唯美拉低了。,2,风云 
谁想在背后掣后腿都会得到报应。我彻底对这个世界失望了，我只想过得更好一点，但是谁都别想借机利用我。有什么珍宝都是属于我的，想占我便宜就等死。我对人并不热忱，尤其是计划与我为敌的人。我会让他们承受沉重的压力。家里的陈设并不太美观，什么时候家里能呈现一片新气象呢。我接受自己的黑暗面。,1,风云 
当我第一眼看到聂风的出场时，喝的水差点就喷出来，原来长发不是每个男人都可以驾驭的，伊面哥哥顿时让我觉得帅得惊天动地了，且这部的孔慈太恶心人了,1,风云 
很一般般吧,2,风云 
造型敢不敢再雷点？,2,风云 
烂,2,风云 
妈呀我六岁的时候看这个都觉得尴尬啊,2,风云 
何润造型太丑了。。,2,风云 
风云！,2,风云 
不好看，造型想吐,1,风云 
童年阴影系列,2,风云 
尼玛那头发能再泡面一点！,1,风云 
这是我看过的最尴尬的电视剧之一。与此同列的，还有雪花女神龙和刚刚播出的笑傲江湖。,2,风云 
多久以前,2,风云 
这...,2,风云 
当年觉得蒋勤勤，就是那个水灵好漂亮,2,风云 
好神的劇情，給劇裡面幾位美人，蔣勤勤古裝真的美,2,风云 
令人无语的妆发和剧情……,2,风云 
你杀了我吧……这个步惊云真是……接受不能,1,风云 
感觉很雷！个人不喜欢！,2,风云 
这一星给原著,1,风云 
一个星给造型诡异的蒋勤勤，一个给造型诡异的幽若,2,风云 
情怀分都值不得一分，台词狗血配音出息何润东永远吃了屎的表情，其罪当诛,1,风云 
何润东的发型不忍直视,2,风云 
最恶心的泡面头。,2,风云 
如今我只想说，当时太天真呀。虽然如此但我还是很喜欢王祖平幽若，最讨厌孔慈了。,1,风云 
勤勤真是美呀,2,风云 
不是很喜欢其实,2,风云 
拍烂了 太没劲 几个版本我都分不清= =,2,风云 
千古最雷最恶，赵文卓和何润东恶男大pk,2,风云 
这个电视剧当时看完了整个我是处在莫名其妙的感觉里。我一直不明白孔慈长得那个样子居然好多男人爱呢？,1,风云 
陶紅有病吧  老臉裝嫩,1,风云 
被两男主雷得不行，实在长得很抱歉，可惜了蒋勤勤这么个大美女，古装戏主角的颜值真的很重要,2,风云 
小时候的爱，蒋勤勤大美女。,2,风云 
完全不喜欢系列。泡面头简直不能忍,2,风云 
最郁闷的时候看的，边看边吐槽，演员糟糕的演技也让我解了些郁气，给两星吧,2,风云 
完全不喜欢系列。泡面头简直不能忍,2,风云 
真心不觉得很好看，人物造型太毁了,2,风云 
好奇怪，后来看看，这么无聊的电视剧……初中也能看疯了我们,2,风云 
大学夜里聊当年看风云，大家都睡不着了......,2,风云 
非常差占用这当年大多的黄金档,2,风云 
还可以，印象最深的是步惊云的泡面头。。。,2,风云 
成也风云，败也风云。。。。,1,风云 
2个男主的造型真心太丑了。。唯有蒋勤勤撑起一片天,2,风云 
你不要过来 你不要过来啊,2,风云 
重温了3集就看不下去了…,2,风云 
记得小时候小姨特别不解地问我。。原来这种剧不是专门拍给你们90后的嘛。。,1,风云 
穿的都是什么破烂,1,风云 
电视剧真心糟心……,2,风云 
...,1,风云 
那一头蓝毛..,2,风云 
时隔多年，想再找找小时候看电视剧的感觉，结果没想到剧情这般狗血，后面实在是看不下去了，唉！又把一美好的记忆给破坏了。,2,风云 
何润东的泡面头真不好看,2,风云 
小时候天天喊着“三元龟派气功”~~~！,2,风云 
?,2,风云 
只记得泡面头和大鼻孔,2,风云 
雷剧，服化道＋剧情＋演技通通辣眼睛,1,风云 
小时候特喜欢这部电影的主题曲 插曲,2,风云 
现在看可能有点奇怪，但是当时觉得很好看,2,风云 
叫你烫卷发。。,2,风云 
焦一凡长得像孔慈。,2,风云 
赵文卓的扮相。。我死了,2,风云 
小学班里风靡，我瞎跟风。,2,风云 
科幻武侠那时候可能没那么喜爱。大大的风云二字出现在电视屏幕。,2,风云 
小时候，不懂事，现在回想起来，剧情是傻得可怜又可爱,2,风云 
无论对方打哪，无论哪受伤，都会用右手捂着胸口，咳出一嘴角血，然后怒视对方.......,2,风云 
高中那群人超迷这个，不过蒋勤勤的确很PP~,2,风云 
那个叫特技还是什么麽。。,1,风云 
小时候真的有被喜当爹雷到,2,风云 
