我觉得，李冰冰打周迅那一巴掌，是出自真心。,4,风声
雷点与泪点共存，百合与卖腐齐高。,4,风声
所有人表演几乎挑不出毛病，对国产电影类型化有重大突破，故事跟小说非常得不同，叙事逻辑虽有个别瑕疵，但整体推进得很靠谱，各方面都相当的到位，在国产片范畴里制作精良，这片要不卖两亿，有点不可想象。看了结局，很不错，还能更好！显然是不得不看！！！,5,风声
我不怕死，我怕的是我爱的人不知我因何而死。我身在炼狱留下这份记录， 是希望家人和玉姐原谅我此刻的决定， 但我坚信，你们终会明白我的心情。 我亲爱的人， 我对你们如此无情，只因民族已到存亡，我辈只能奋不顾身，挽救于万一。 我的肉体即将陨灭，灵魂却将与你们同在。,5,风声
一部壮怀激烈的谍战片～～以及SM女同片～～另外，本片绝对是R级片～～,4,风声
很久没看过这一类型的片子，虐心折磨人啊，可还是想看片子刺激这你想要猜出到底谁是“老鬼”。周迅演技永远是无挑，最让人惊艳的是苏有朋，天哪！不可思议的“兔爷”。,4,风声
"&#34; 不是我辈无能,实在是共产党狡猾..&#34;",4,风声
蘇有朋先生您終于找到了適合自己的戲路啊！！,4,风声
借朋友的光看了媒体专场~虽然真的血腥到变态~但是绝！对！值！得！去！电！影！院！看！肯定不会让你失望，好导演，好演员（除了黄晓明），好画面，好故事！看了不后悔~不看你不会知道自己错过了一部好电影！,4,风声
看了两遍还想看，每个人都在倾尽所有地演出，最后被感动到忍住流泪。真的很好看！期待DVD能呈现完整版，去TM该死的审查。,5,风声
周迅和李冰冰绝对是天造地设的一对,4,风声
牛片　没得说　怎么能不看！！！！！李冰冰太美了,4,风声
你不得不看的超级好电影，几十年出这么一部国产商业巨制。这其中，演员的演技必须夸赞一下，对周迅再次佩服得五体投地！！,4,风声
白小年太早挂掉了，我还没看够苏有朋的娘劲儿呢~~张涵予这个男人真有味道~李冰冰和周迅摊牌后对飙演技那段情绪拿捏细腻又到位很是过瘾啊~~英达那个死胖子死得太逗了，本来都没他事了结果非要把自己搞死~~好吧，黄晓明这个大绣花枕头此次也算有进步~~~比较来说風聲比建国大业好看很多~~,5,风声
&#34;此片片名不应叫《风声》 应该叫《武田少年事件簿 の 皇军揪内鬼SM大决战》&#34;--同想起少年事件簿:凶手就在我们中间,5,风声
相当精彩！,4,风声
我身在炼狱留下这份记录，是希望家人和玉姐原谅我此刻的决定，但我坚信，你们终会明白我的心情。我亲爱的人，我对你们如此无情，只因民族已到存亡之际，我辈之能奋不顾身，挽救于万一。我的肉体即将陨灭，灵魂却将与你们同在。敌人不会了解，老鬼、老枪不是个人，而是一种精神、一种信仰。,5,风声
李冰冰说那句“揭发你，我要去揭发你”时的神态和动作，可以感觉到那种炉火纯青的演技...,5,风声
紧，风声很紧,4,风声
这个电影开始一直处于一个很压抑的状态，斗智的气氛很有代入感。后面情节进入高潮，审讯的那些镜头，周迅演绎得可以说淋漓尽致，她演技真的是高超了，整个电影都非常合适，非常舒服的过来了。老枪，以及千千万万为革命献身的人的形象，都被她带出来了。,4,风声
“当人间沦为炼狱，谁能用信仰，迎来光明？”,5,风声
这个题材里最钟爱的一部电影，每个人的表演都恰到好处，人设，情节合情合理逻辑满分，细节处理的非常细心，看多少遍都不会腻，周公子一开始的大小姐做派到最后的革命战士每一帧都能牵引入怀，最后那段独白，夜深人静的时候听，能感受到心脏被带动起来的激烈跳跃,4,风声
周迅所演的作品不多，但是几乎每一部都能成为她的代表作！张涵予，李冰冰也各有亮点！,4,风声
现在我觉得，所谓的“国家”不过是一个单纯的理想，跟何党何派没关系,4,风声
大咖云集的谍战片，周迅的角色让人感动，她诠释得也很棒，这部戏也让我第一次get张涵予的帅和man，希望多出点这样的经典。,5,风声
影片节奏很好。演员的表演也到位。坚持信念的力量让人感动。,4,风声
英达真是一头猪 周迅真是一枚大俏妞 军装李冰冰有点像我妈 张涵予好一张共产党脸 这世上唯一比黄晓鸿恶心的人就是黄晓明 五阿哥啊五阿哥你真是甜透了嫩透了乖乖隆滴骚透了yahooooooO！！！,4,风声
突然发现周迅的演技如此强，完全超出我之前的认识。。。不错的片子，环环相扣，出乎意料,5,风声
很真实，非常值得看。里面周公子和李冰冰的演技都非常棒，看的很好。,4,风声
"现在最爱周迅的声音. 片子很压抑,开头很出彩.  演员都很不错,字幕的特效很爱",5,风声
高中全班一起看的，看了两遍才看懂，觉得很多细节很牛，当时只是单纯觉得演的也好，但不懂哪里好，后来又看了几次，但没有了那群人的陪伴，电影好，我们都好，,4,风声
特TM值回票价，终于有人拍了部有剧情可言的电影，虽然有点柯南有点羔羊有点昆丁有点等等，R级刑法+SM+大爱女同+柯南推理=好故事啊好片子。BTW，冰冰与小黄演技有进步，涵予兄纯影帝了，迅姐儿等人发挥正常不失众望。赞一个。都去看吧~！,5,风声
几个月前看的吧，当时是看了个剪辑，觉得张涵予特别MAN，去看的这部。老实说，个人不喜欢血腥啊谍战啊这种片，但是这部电影，剧本写得太棒了，演员演得一个比一个出彩，这部电影是用心做出来的。时隔几月，仍能记住电影情节，记得里面每一个个性鲜明的人物。最最喜欢张涵予大叔😊,5,风声
周迅和李冰冰......腐死我算了..,4,风声
《风声》在金马奖的表现非常吊诡，几乎是周迅送了李冰冰一个影后，当天周迅也没有到颁奖现场，《风声》同时提名最佳女主角李冰冰和周迅，但周迅方面最强的表演是《李米的猜想》，《李米的猜想》提名了男配和配乐，没有提女主的原因是什么。,5,风声
最近沉迷于张涵予大叔，我的天哦，大叔才是行走的荷尔蒙。,4,风声
难得喜欢一部中国悬疑电影，演员演技都在线，故事性很强。,4,风声
大咖云集的一部电影，一开始以为李冰冰和周迅都是共，看到最后才相信李冰冰不是2333。周迅的眼睛不得不说太有灵气了，李冰冰演技也很好。,4,风声
看完，想到所有的革命先辈都是这样吧，因为心中的革命理想，不怕牺牲，因为想要做贡献，哪怕是用自己的尸体，也要将信息传递出去。电影很好，还有代入感。,4,风声
只因名族已到存亡之际，我辈只能奋不顾身。这是一场压抑的心理战，没有露骨的战争场面却让人深刻感受到先辈们的精神。冰冰和迅哥飙戏看得特别震撼。,5,风声
周迅太灵了。,5,风声
周迅和李冰冰的演技不错👍，特别是最后一段画外音很感人！希望国人永远清醒,5,风声
谍战电影中的佳品，悬疑真的是留到最后，如果周迅不自己暴露的话，应该是悬疑最轻的，还有就是里面的酷刑真的是吓到我！,4,风声
如此强大的期待下没有太大失望已属不易。,4,风声
影片充分考虑到重口味群体：为女性观众准备了苏有朋股穿钢锥，假如少数男士看到这里菊花微痒，只能归咎于个人素质低下；为男性准备的是骑滑绳索，同理，若有女士下体微痛，那也是个人想象力过于丰富，剧组概不负责。,4,风声
悬疑紧张刺激，到底谁是“老鬼”，一群影帝影后带你认识十八大酷刑。。。一如既往给迅哥儿点赞。,4,风声
就悬疑剧情而言，蛮弱的，但悬疑气氛渲染的不错,4,风声
算是09年中国电影的巅峰了吧，缺憾：结尾部分逻辑欠妥，情感夸张过度，周迅的角色深度还有挖掘余地，久不看国片，这部还算没让我失望。勉强上4星，值得推荐。,4,风声
晓明哥和苏有朋在这里贡献了他们最好的演技,4,风声
有突破，赞,4,风声
看完越来越烂的各种国产大片，蓦然觉得风声的可贵，简直就是十年国产大片的巅峰之作～,4,风声
风声之后，世间再无传奇！好的剧本加好的演员成就的经典！！,4,风声
不错，除了特效、剪辑、摄影太晃之外，别的都很有水准。,5,风声
很喜欢谍战题材，不得不说是个好片子，情节紧凑，剧情颠荡起伏，演员们表演也到位，但酷刑太多，有的情节不敢看，感觉超疼(⊙o⊙),4,风声
挺好看的，每个角色都挺符合故事挺有意思,4,风声
好看！真人版三国杀……,4,风声
每个演员都演的很好，苏有朋的娘娘腔、张涵予的爷们、王志文的走狗、英达的畏首畏尾、周迅的随性灵动、大智若愚，李冰冰的深沉内敛，黄晓明的不苟言笑,5,风声
算不上完美的商业片。但是这是商业片的里程碑。影片的整体水平可圈可点。,4,风声
比好姐妹更好一点，比大多数国产电影更好一点，比小说好太多了我说~,4,风声
周迅比较出彩。黄晓明也很帅，唯一一部看了黄晓明装逼没犯尴尬癌的片。,4,风声
鹰隼的武田，日军特务机关长，莫测高深，冷静中透出癫狂。他趾高气昂的踏上中国的战场，除了要完成日本天皇交由的任务之外，还怀揣着洗去先辈耻辱重振家族声望的私心。,5,风声
风声雷动 血腥暴力 草木皆兵 汗毛竖起,5,风声
教主不那么热衷于杰克苏霸道总裁之前演技还是不错的，全员演技在线，剧情也好，李冰冰好美，最后迅哥的台词泪目,5,风声
顾小梦没有和李宁玉在一起 我再也不相信爱情了,4,风声
属于国产电影中非常不错的了,4,风声
国产谍战片经典之最,5,风声
出人意料的是苏有朋，这部剧我真正认识了他的演技,4,风声
剧情挺紧的，我的最赞给李冰冰。感叹一下摩斯密码真厉害。,4,风声
好看，周迅李冰冰苏有朋表现都很棒，画面很有感觉，情节很吸引人。,4,风声
漏洞太多了，高群书还行，陈国富很bt,4,风声
故事情节很紧凑，可以说是强强联手了，有点血腥。总之值得一看！,4,风声
惊叹，每一秒都屏息敛气。,5,风声
悬疑B级重口味（缺点血腥）革命谍战片。周迅依旧锋芒灼灼，苏有朋是惊喜，在康熙来了里他还唱了被删减掉的昆曲游园惊梦，唱的真的不错，很用心了。（我要看完整版，完整版，完整版！）,4,风声
确实还不错,4,风声
他们受刑的那一段好吓人啊。周迅的烟嗓好有感觉,4,风声
血腥暴力，演员的演技都很不错，小明哥在这里也没掉链子，最让我惊艳的是周迅和李冰冰。,5,风声
暴风雪山庄的味道,5,风声
又gay又les；又精彩，又惊悚；又热血，又爱国；又理智，又理性。,4,风声
“我不怕死，我怕爱我的人不知我为何而死。”这部戏没有一个人演的不好，包括晓明哥，绝对是演技派的彪戏大作。但如果最后的悬念能够更自然的通过电影情节来表现而不是由角色来讲明白，那就更好了。,5,风声
杀人游戏 ,4,风声
国产所谓主旋律片里面算是相当不错的了，周迅、张涵予、李冰冰、苏有朋都看出演技来了，当然情节也还有不尽如人意的地方，具体我就不剧透了...那段空城计的唱段还是相当有味道的，~我本是卧龙岗上散淡的人，论阴阳如反掌保定乾坤~,4,风声
演技出色至極。,4,风声
哦～五阿哥被百花残了～小燕子会不会伤心？不过看兔爷的样子他们的性生活早不和谐了,5,风声
三炮台,4,风声
开场、前奏很漂亮，悬疑感很浓，中后段走弱，最后的收尾又有不错的解密，总体看，在国产烂片借大庆风起云涌之际，这片算是相当给国产品争气的佳作。,4,风声
原本白白净净温文尔雅的苏有朋，片中造型却看上去脏脏的，是叶锦添刻意为之。,4,风声
还是挺好看的！有惊悚也有悬疑推理！,5,风声
2009电影沙龙的分析文本,4,风声
色戒后就很久没在影院看这么伤的电影了……老鬼是保存了晚节的王佳芝。但是，用心去做和用心去演的结果就是一部难得动人的SM主旋律啊~,5,风声
有让人读原著的冲动,4,风声
五阿哥你终于找准戏路了！恭喜李冰冰成功甩范冰冰N条街，王志文我从小就是你粉丝，路桥山你这个狗崽子又窜风声里了！好电影成就好演员，终于有部不徒有虚名的大片了！,4,风声
相当出色的商业电影,4,风声
近年来少有的国产佳作，补遗。,5,风声
就是有点恶心~,4,风声
一一 华纳 如果拍电视剧的话，非常的期待~,4,风声
周迅和李冰冰演技很惊艳，紧张，刺激，充满猜疑的房间，整个构图也很有感觉，看过一遍记忆深刻，只是因为那根绳子做了很久的噩梦。,5,风声
年纪越大越受不了这种类型的，太虐心，渐渐心甘情愿沦为爆米花卦了~~~,4,风声
自己去万达看的。刑罚忒残酷。苏有朋的电影看得不多，他应该是台词功力不算强的演员，不过换上娘味儿的腔调倒也出彩。,4,风声
演技和剧情都不错。逻辑上，也基本可以自圆其说。情节竟然有点像暴风雪山庄。。。虽然路人甲的设定有点不公平，不过在谜底揭晓前毕竟也给了人家镜头了…… 在国产片里绝对算优秀的啦~,5,风声
李冰冰和周迅太美了~~~压抑的色调压抑的剧情和同样压抑的大海，给了我这段时间看到的最好看的完全国产的电影，期待国产电影的大复兴！,5,风声
雕花藏刀的顾晓梦，伪军剿匪司令部行政收发专员，美艳玲珑、洒脱娇纵。风中标杆的李宁玉，伪军剿匪司令部译电组组长，姣好清秀，自持冷静。苏有朋的表现真的令人惊喜！,4,风声
忘了标记了 09年10月看的,4,风声
嘛儿，我觉得蛮好看的呀~~~,4,风声
很赞 完整 不拖沓 每个情节都很紧凑，人物塑造也很完整。非常好。。,5,风声
我只能说 真的不错,4,风声
眼眶红红的跑出VIP厅，没看过原著，但觉得很不错。黄晓明和李冰冰的那段还被删了，郁闷。,5,风声
演员的表演真不错~,4,风声
剧情紧凑，演员演的都不错，用刑场面太惨了,4,风声
老鬼揭武田桑爷爷是陆战队长爸爸沾光成海军中佐 一下跳广告——黄小明道：我太爷爷爷爷和爸爸都是冰雕冠军= =,4,风声
有的桥段不符合逻辑的说,4,风声
经典的一部，苏有朋的演技简直炸裂,4,风声
车上看的,4,风声
故事还是不错的，但也就是不错而已,4,风声
太赞了，简直可以和十月围城媲美。,5,风声
冰冰姐真美~劉威葳最後那個鏡頭也很美~SM愛好者一定不能錯過。,4,风声
不错的谍战片，每个人物的诠释都很到位，能让你融进剧情，黄晓明的表演并不像传的那样，相反眼神很有戏，以讹传讹不如亲眼见证。,5,风声
然后就想起这部还没马克过。。。话说风声里周迅那个角色是不是也叫老鬼？？今天看听风者的似乎瞬间觉得穿越了。。以为张学宁小姐升格为老鬼后去上海改头换面变成了顾晓梦。。。,5,风声
不错的商业片,4,风声
看过媒体场的同事说挺牛的，人华谊从开拍开始大肆宣传，若是烂片，就是搬石头砸自己脑袋了吧。在家乡新影院看了，在烂片当道的2009年国产电影中算是惊喜了，想看导演剪辑版/酷刑完整版。。。,4,风声
peace at last.规则参见天黑请闭眼，法官是永远不会死的。,4,风声
剧本好 群戏出彩,4,风声
雷点与泪点共存，百合与卖腐齐高。武田少年事件簿の皇军揪内鬼SM大决战之凶手就在我们中间。影片不像是一部简单的封闭空间电影，不像是简单的逻辑推理影片，不像是普通的谍战电影。最不像的是主旋律，结尾五分钟刻意拔高，是行之有效的煽情，是动机可疑的迎合，还是善于审时度势把握分寸的商业选择。,4,风声
故事精彩 演员演技在线,4,风声
呃..有一部分真的...蛮囧的...,4,风声
16年6月末尾，重阅，仍无法掩饰对本片的偏爱，各方各面都特别成熟并且稳健，基本上每个人演技全都可圈可点，气氛抓得住观众，收尾极其大气，情绪传达到位，我完全感受到了，动人。重阅觉得周迅仍极好，但李冰冰也不愧这个影后。7年过后还难有谍战片或悬疑片可以匹敌，足见其地位。,4,风声
最后那段简直泪崩 李冰冰和周迅演技炸裂 不敢看第二遍,5,风声
还成吧 就是回头想想 合着老鬼原先压根儿就不知道老枪是谁、在哪里 有什么可招的呀……逼人家说 说什么呀……,4,风声
透过你那金色的眸子凝视着我,4,风声
2009年最好的国产片。,4,风声
我真的替顾晓梦疼，替吴志国疼，替白小年疼，更恨不得再多捅几刀武田。几名主演真是出彩儿，费话不多说，不能低过四颗星了。,5,风声
电影院看两遍。哎 这真是美好的回忆啊。,5,风声
我是来看周迅的。 三分靠剧情，七分靠演技。还有一群装逼犯讲什么原著怎么怎么样，老子不管这一套，反正这部电影很不错，最讨厌那些拿着原著来说事的B。他妈逼的不给这片四星难道给三枪，什么花木兰，刺陵四星啊，简直可笑。,4,风声
一场华丽的哀伤,5,风声
彩票情报是老鬼亲笔，使其笔迹成为鉴定依据是站不住脚的。除却少数硬伤，这几乎是近年来最好的华语片群戏，李宁玉这个角色起初很空，李冰冰的表演亮点出现在要揭发顾晓梦的时刻，眼神肢体台词恰到好处。靠声效就足以令人胆战心惊，五个人传电码文件的长镜头很漂亮，技术环节就是奔着佳作方向去的,5,风声
电影逻辑有点小问题  总体还是不错的.......,4,风声
剧情很紧凑，演员演技都很到位，迅哥儿是很喜欢的演员，王志文也算是个老戏骨了，就是用刑那儿太惨了，不忍心看,4,风声
剧本很棒，演技也很好。总感觉有些bug，中国电影好起来比看外国片好多了。,4,风声
这部片看了两次还是觉得意犹未尽！革命前辈真心不容易，真佩服地下工作同志。被周迅演技折服，点个👍🏻,4,风声
以献礼片的姿态出现，但以绝对优秀的商业片捍倒众人。不仅有故事，更有精彩的表演，特别是苏有朋，能娘到这程度，真不容易！！,4,风声
不错！剧本很好！,5,风声
最后的刑罚让人映象颇深~迅哥怎么老shi？,4,风声
电影蛮好看的，真的很喜欢周迅的声音，妥妥的女神。,4,风声
黄晓明你又贻笑大方了...,4,风声
可能是我日片看多，感觉没那么虐的说...,4,风声
整个事情的反人道，跟背后的宏大目标相比，孰轻孰重？反正归结到信仰上，我不能信服。,4,风声
四星半 60分钟时猜到结局,4,风声
说悬疑推理吧，拍的还不够；说暴力血腥吧，刑具亮出来了，为啥不能再露骨写实点（O(∩_∩)O，本人就好血腥）；说情节紧凑吧，还不及《伊甸湖》那么扣人心弦；之所以给四颗星，是念在国产片而言已经是不小的进步了，应该鼓励的；另外，王志文演技最好，苏有朋大有突破长进！,4,风声
这片挺装。伪军和鬼子交谈，一下子中国话一下子日本话，没有任何预兆。这让我怀念起上学时，我和我们屋的贱人们与留学生开心的往事。,5,风声
都说好就都跟着说好的电影,4,风声
挺好看,4,风声
匪踩匪，玩得还行。苏有朋，大明星。真想有点过早曝露，不过忍了，还行。,5,风声
我猜到老鬼可能不只一个,5,风声
其实我想给三星半，我承认我被养刁了。,4,风声
一群公务员的悲剧,5,风声
确实挺好看。。。,4,风声
最后那十几分钟可以剪掉的，真的！前面的很精彩！,5,风声
x,4,风声
不含蓄，非要说出信仰不可。开头，过程都不错，结尾糟糕的很那。,4,风声
玩了桌游很有意思才去看。每个角色都演绎的很到位。,4,风声
绝对刺激,5,风声
SM,5,风声
记得当初，我不以为然地在晚自修前的休息时间观看《风声》的前戏，结果就不得不忍受漫长的晚自修结束后，才能知道心中一直在猜测但还是意想不到的结局。就这一点，就可以判断《风声》这部谍战片的悬疑制造于我而言有多精彩。这是目前为止我最喜欢的国产谍战电影。虽然，还是有些段落感觉让我不太满意。,4,风声
教主太做作,4,风声
在华语电影中是绝对的高水准了，给个五星表彰一下。,5,风声
编剧及表演  均为水准之作 大BUG没有 牵强处不少 强加的结尾实在败笔,4,风声
不现实太虚幻,4,风声
镜头晃的很迷人，配乐也切换的很及时，表演相当到位，剧情方面，“我叫工藤新八，是个侦探”,4,风声
闻风生，见水起,4,风声
只有三星和四星的评分，没有3.5星的,4,风声
2星给老鬼，3星给老枪。另，剧透一句，那个护士第一次出现的时候只有两三秒钟，但我那时真的就已经看出她不正常了= =,5,风声
略有点虎头蛇尾，不过国产电影这个水准已经相当高,4,风声
能拍成这样已经很棒了。白晓年太骚！,4,风声
原声一流，剧本模仿得有成色，演员们都在飙戏。李冰冰周迅平分秋色，张涵予原地踏步，黄晓明远逊于苏有朋。风声一上，大爷可以缓缓再见了。,4,风声
和老婆一起看的电影，感觉对电影的印象都会有加成啊,4,风声
印象深刻,4,风声
"很！值！得！去！影！院！看~（我朋友說對於我這種看電影不花錢的人來說沒什麼值不值得吧-__,-）唯一受不了的是黄教主嬌媚的眼神！喂！你演的是日本人唉，那麼嬌媚是要勾引苏有朋啊-__,-",4,风声
顾小梦应该和御姐在一起啊！,4,风声
SM。演员表现排名：王志文&gt;苏有朋&gt;李冰冰&gt;张涵予&gt;英达&gt;周迅&gt;卫兵甲&gt;黄晓明,4,风声
真的是一部很棒的电影 此刻我已经泣不成声 但是我还是想说 最后吴和玉姐的对话部分是败笔 感情到了高潮之后断了线 ,5,风声
但我坚信，你们终会明白我的心情。我亲爱的人，我对你们如此无情，只因为民族已到存亡之际。我辈只能奋不顾身，挽救于万一。我的肉体即将陨灭，灵魂却将与你们同在。敌人不会了解，老鬼老枪不是个人，而是一种精神，一种信仰。,5,风声
我还一直坚持是冰冰呢。挺好看的。苏有朋演的好,4,风声
我没看完，电视上看了几眼，这电影很可以，只是不是我的菜。给个好评,4,风声
这是商业电影的一种典范。你会被剧情吸引，把背景忘掉，最后才想起来：哦，这还是个谍战故事...,5,风声
的确称得上是“没有一个人演得不好。每一个人都是在用灵魂来演出。”这才是真正的演员该演的。这部片子可以称得上是2009年所有片子里目前为止排名第一的电影。非常值得观看。我现在开始看麦家先生的同名小说。非常喜欢这部电影。周迅等人的演技已经到达了一定的高峰。期待这些演员的再度合作。,5,风声
剧情紧张刺激，扣人心弦，看影帝影后们飙戏很过瘾，有部分比较血腥,5,风声
我不怕死.怕的是我爱者不知我为何而死.,5,风声
不错，音乐处理的尤其见功夫，要是能在武田被杀的时候戛然而止就能成为经典了，还是要鼓励一下，那个五人传递电码文件的长镜头真漂亮。Ps.周迅这个女演员真是太好用了，我要是导演我也使劲用她,5,风声
是带了感情演出来的.里面为什么演那么多种酷刑...,4,风声
今年国产片里最好的一部,5,风声
可以说是罕见的精彩华语商业大片！,5,风声
我觉得还是挺好看的。,5,风声
国产片难得一见，推荐！,4,风声
如果行刑的部分参考　Hostel/Saw系列　那样演出来就完美了,4,风声
【B】原始剧本里顾晓梦对李宁玉应该是爱情吧？那样的话整个故事的感人程度和境界都会升华一层。不过这也只能是我一个无从考究答案的猜测了。华语片里少见的“密室智斗”片，谜题上稍显孱弱，但靠最后的煽情又扳回一局。还挺东方特色的。,4,风声
效果太好了，我觉得有可能出最佳男主和最佳女主的片子，演技方面比见过大爷强太多了。想去看的人最好先别看很多剧透的影评，这样效果会更好。只有玩好杀人游戏的人，才能理解《风声》的精髓；只有懂得弘扬主旋律，才能拍出这《满清十大酷刑---之风声》。影院里一片被惊悚场面吓到的女生，好玩哈哈～,4,风声
演员们的演技真的很到位……还想看一遍无删减的DVD版。,5,风声
卖腐+百合，还有SM……,4,风声
周迅成精了...演员个个都很赞，刑具个个毛骨悚然，不过还是小说精彩啊,4,风声
一看到 Cast 就猜出來誰是老鬼有點被剝奪樂趣，除此之外煽情處的音樂怎麼跟《雙重維諾尼卡》這麼像...,4,风声
国产片进步了···值得鼓励,4,风声
是谁告诉我李宁玉是老鬼来着？张涵予的老枪一看就看出来了，周迅牺牲的有点快。基本上里面的人死的都蛮快的。,4,风声
因为教主 我扣一颗星,4,风声
在学校电影院，真是镜子，还有最后的台词，说得激动人心,4,风声
里面的感情蛮微妙的。还可以啦。,5,风声
每個人都表現的很棒,4,风声
开头看到演员的出场顺序就知道谁是鬼了。哪儿还用透阿。至少我当初就是这么知道的。,4,风声
中国人的算计啊！这本子真牛逼！,4,风声
周迅、张涵予、英达、王志文的表现不用多说，水准演出，值得表扬的是苏有朋，本色出演了一个娘娘腔以至于掩盖了黄教主的风采，故事讲得很圆满，整部电影也没什么漏洞，唯一囧的是李冰冰的下巴实在磨得太尖了,4,风声
太像&lt;暗算&gt;  也还是有惊喜的 第一次觉得黄晓明有点儿会演戏 原因是他演令人讨厌的日本人真的得心应手 锦上添花 为了让我不那么见你就想扭身 你以后就都演日本人吧,4,风声
对我来说是重口味……我觉得某些地方没看懂真好啊= =弱小的心灵……通感的能力= =气氛营造的还是不错的，某些镜头也很赞。豆友一句“雷点与泪点共存，百合与卖腐齐高”。有些地方还是刻意了矫情了。期待小说～,4,风声
相比同时期的其他大片，不得不给五星，虽然与原著相比，面目全非。,5,风声
紧！风声很紧！　给编剧一片天空，还观众一个好故事。我为国产商业片有如此之表现而自豪。那些费劲心思，想通过贬低这部片来赢得关注的傻逼，你们找错对象了。在90%的喝彩面前，你们的丑陋不值一提。,5,风声
明星们各领风骚啊,5,风声
每次看这些片子，都会把自己假设在那个角色上，我究竟有没有那样的觉悟,4,风声
很久没有看过值得票价的国产剧情片，再一想，仿佛根本是很久没有过国产剧情片。,4,风声
这部电影不错，虽然有些瑕疵，如最后一场，吴志国怎么会知道顾晓梦给李宁玉缝过衣服呢？？,4,风声
真的算国产片里非常不错的了，拍的很考究。,4,风声
紧凑，演员演绎的都中规中矩。王志文最出彩。苏有朋有惊喜。,4,风声
六爷的手段其实远不如晓明同学的手段，又是脱衣服神马的。主要是靠演员加分了，张涵予和周迅，绝对加分。张涵予更是实力派。8分,4,风声
国产少有的好片，悬念安排的很好，就是血腥了一些。,4,风声
苏有朋要红了！！！,4,风声
气氛阴郁 情节紧凑 悬念及格 音乐和摄影都蛮好 喜欢各种面部大特写镜头 英达和苏有朋戏太少有点可惜 李冰冰让我刮目相看 如果用刑场面更多更肆无忌惮 煽情戏和表忠心的戏更少 大概会成为更有意思的电影,5,风声
“看时颇有快感，讨论起来就是筛子”：PP,4,风声
酷刑的造成的视觉冲击心理冲击是带给我的心灵震撼所在！看片前就已经知道老鬼是周迅，这点可能是给看片效果打了折扣，但同时也是另一个意外所在。想想很是为昨天看到吴志国去找李宁玉那里就以为影片结束而退场的几个朋友遗憾。不过最后看完想想自己杀人时惯用伎俩也是反咬，小小契合下~,4,风声
疯生...,4,风声
钟爱电影叙事的节奏。每个演员都精如戏骨。很久没看过如此好的中国故事片。,5,风声
和老妈一起看的，她并不是很喜欢，多给出的一星算做鼓励分。,4,风声
精彩 精彩 剧情好 演员好,5,风声
不能算是谍战片吧，只不过是打着谍战名声的悬疑片。但还是很值得一看，声画俱佳！,4,风声
细想起来有很多漏洞，但是内地片能拍成这样相当不容易了,4,风声
表演到位。几位主演都很出彩。,4,风声
国产佳作，不过比起原著，少了些味道，谜底揭晓得太早...,4,风声
忒血腥了,4,风声
那时候高兴的竟然没有来标记,4,风声
不错,5,风声
这片子挺正义的,4,风声
骗我……,4,风声
高群书和陈国富最完美的一次合作。,4,风声
虐啊,4,风声
说是谍战，也就游戏规则什么的，国外的《电锯惊魂》已经将这个发挥到极致了。不过李冰冰怎么突然好精彩，难道因为对面的女人是周迅？苏有朋有点要走演技派的味道了，不过出场还是捧腹，估计是五阿哥、杜飞这等类角色太深入人心了。,4,风声
用刑太残忍。。但是我党很威武！亚克西！,4,风声
亮点是苏有朋,4,风声
等出了完整3小时版DVD我重新打分,4,风声
国产片中的优秀之作,4,风声
又哭了……,4,风声
感覺劇情後面有點失控。 不過攝影和美術很贊啊，加一星。,5,风声
噢漏！吴队长你好虐啊~~~那个六爷，六你妹妹的爷啊你也太不是人了吧！！！所以我一直说我这种人当不了共产党啊不然第一个招的肯定是我！,4,风声
好，但总感觉缺点什么。,4,风声
真心不错~,5,风声
出乎意料的好啊,4,风声
杀人游戏警察角色经典教学案例,5,风声
很赞,4,风声
午夜场。除了苏有朋的戏过了之外，它应该是国产片里有突破的好例子。,4,风声
http://www.youku.com/show_page/id_zcc148734962411de83b1.html,5,风声
他妈的 是部好电影啊 叫哥怎么不内牛满面 多想回到那个年代 所有人都众志成城的感觉 哎 ,5,风声
演的好确实。,4,风声
算是国产中对悬疑的一次精彩刻画，可惜的是血淋淋的刑具太过刻意,5,风声
都是戏骨，都是戏精，都是把我们这些傻子骗得一把鼻涕一把泪的疯子,4,风声
挺有自信挺好看的一大片,4,风声
這是在用血腥喚起麻木的人心 只是人們將太多的目光放在對演員演技的鑒定上  這是部沉重的電影,5,风声
虽然电影是假的，但是土匪的地下工作做得真是，相当牛叉,4,风声
,5,风声
"英达在里面说：“once a bitch,always a bitch&#34;",4,风声
演得挺好的,4,风声
就是喜欢周迅！张涵予声音真好听！,4,风声
剧情饱满、刺激，矛盾集中，空间叙事张力很大，演员表演相当到位。国产精品。,5,风声
很经典的电影,5,风声
有隐喻.学电影的可以看看.,5,风声
好吧，苏有朋确实有长进，可是晓明同学，您能不能不要每次演戏都同一个表情？说是悬疑片嘛，倒也不算很悬疑，有点雷声大雨点小的感觉。看完电影之后，倒是很想看看原著。,4,风声
国片这样的 就可以了···,5,风声
看完了，还行！但总觉得包袱抖的有些牵强，至少我就猜到周迅同学是老鬼。有兴趣找原著来看看比对下。,4,风声
冲着我没猜到吴大队长也是特务,4,风声
悬念 地下活动  寒入骨髓 历史 牺牲 伟大 意志 ,4,风声
国产片的又一部经典,4,风声
血腥泯灭人性的人间地狱 ，走狗的下场 ，坚贞忠诚的地下党员。,5,风声
情节缓慢了点，但是大陆的片子，能这样真的很不错了，悬疑程度还好，再加上点故弄玄虚的精神什么的，应该鼓励一下的~~,5,风声
最后给周迅用刑具时王志文不忍的转身笑坏我了啊哈哈哈哈,5,风声
09华语最佳,4,风声
兔儿爷是亮点。,4,风声
用刑好辣好残虐！个中意外，清楚明白，多少还是估出来了一点，否则就没看点，不煽情了。,4,风声
节奏，结构，摄影，表演都不错的国产电影。,4,风声
结局改编的不错，各个戏精的搭戏很不错……可能我看的是剪辑过的吧，酷刑没那么恐怖。,5,风声
挺好的~,4,风声
我想YY白小年和司令。。。。,4,风声
虽然那些刑实在让人目不忍视…但是好看！,5,风声
共产党不是凡人类。。。。,4,风声
大进步.,5,风声
演员表演都很出色...特别是苏有朋让我记忆很深刻很惊喜......,4,风声
剧情内容都挺好 有点血腥。。。,5,风声
近年来比较好的国产片，值得写一写。,5,风声
黄晓明真是粥里的老鼠屎。,4,风声
周迅演的太好了太好了扭转了太后和我对她的成见~~苏有朋乱笑~~,4,风声
看见王志文猥亵的笑容，总有一种想抽他的冲动，张涵予是真爷们儿，苏有朋为剧情牺牲形象的精神I服了U，其实我更想知道小白与司令之间的JQ。,5,风声
元华，黑8。巧遇鳖和张夏茹。,4,风声
晚上六点开始，一下班就跑过去，等候的时候竟然看见小韩？（领着对象）他肯定是看3点半那场，那时候我们一起在大众物流，这小子找个借口跑了，原来是来看电影，鄙视他。单位团购的票竟然还没开通，还好是半价日，花了60买了两张票。看完将近8点了，媳妇手机还差点丢了，真是戏剧的一天。,5,风声
苏有朋强大了~,4,风声
剧情有很多漏洞，最后的煽情让人反胃，但是看在国产片的面子上，算是国产片里的四星了……,4,风声
"音效更比画面上的血腥和惊悚...    尤其是白小年的叫声,汗毛凛凛... 苏有朋突破了...",4,风声
如果不是提前知道了劇情，少了新鮮感，我會給五星的。。。,5,风声
蘇有朋你紅了XDDD,5,风声
就说三点，1.当初的富二代无聊干革命，如今的富二代没事飚车撞人，还真不是一个档次；2.比算计的话，男人永远拼不过女人；3.胖子娘娘腔瘸子这种形体特征过于明显的还是早点回家洗洗睡八，反正在这行也很难做大。另外李冰冰扮痛苦扮恍惚居然还OK，不过跟周迅站一道么到底富贵相不足，也少了点灵气，当不了一姐。,4,风声
演的太好了……,4,风声
喜欢喜欢，很好的剧情片,5,风声
喜欢这类杀人游戏的片子,5,风声
哭了 我也不知道我哭个什么劲儿 可我还是哭了,4,风声
英达自杀那里捅到我笑点了,4,风声
苏有朋是亮点，李冰冰有突破。,4,风声
虽然 但是,4,风声
剧情太棒了，演员的演技也很牛，这是我今年看的最好的电影,4,风声
苏有朋那个戏子形象囧到我了…他一点也不受啊……那个刑具还别有用心的特别猥琐……,5,风声
补齐了整部，挺好的。剧情有悬念，结尾也比较合理。,5,风声
比小说要好 虽说最后的扣解得不够巧 但也可以了 国产电影嘛,4,风声
中国是可以拍出来好的悬疑片的，支持！,4,风声
我就不说那苏有朋了,4,风声
除了到黄晓明那里有点出戏…但其实他演的还可以,4,风声
老鬼老枪，不是一个人，而是一种精神,5,风声
最后的剧情有bug。但也是这些年来较为成功的电影。,4,风声
年底国产就这部,5,风声
终于让不喜内地片的Honey陪我将此片看完了。看后效果没原先感知的血腥，都是在可以接受的范围之内。周迅的演技 依然非常喜爱。,4,风声
昨天晚上又看了一遍，然后发现四年前我已经看过了？完全没印象了。昨晚看的时候瞬间认出了当看门小兵的侯吉，日本女侍唐悠悠，扎针的李达康书记，懂摩斯码的护士刘芸。。。为自己毒辣的眼光点赞,4,风声
忘不了顾晓梦和吴队长在审讯室里的对话，字字入心，句句留血！,4,风声
前一段时间去电影院看了《风声》，觉得除了结尾将本片硬生生地拔高成一部“黑色重口味娱乐商业主旋律大片儿”以至于就像是被强行喂进了一只苍蝇之外，感觉这部电影还是挺好看的。,4,风声
难得的精彩国片 这才是电影啊~ 给四星半 爱周迅,4,风声
故事没有&lt;暗算&gt;捕风好，但在近年“大片”中属上品。基本上几个主角演技都保持了以前的水平，也没有特别出彩的，倒是黄晓明演技明显差一些，苏有朋算一个亮点，可惜戏分太少。有些长镜头不错，可惜有些关键地方剪接得不好。背景做得还挺有质感。,4,风声
很有诚意咧,4,风声
国产商业中的佼佼者了！演员们的表演很不错，故事也不错！,4,风声
好吧，虽然推理部分是强差人意，但毕竟是国内第一次尝试，值得鼓励,4,风声
即使没看过书，谁是鬼也一目了然，华丽的是拍摄手法，华谊下了大血本= =其实最让我震撼的是酷刑，尤其是周迅那段……人害人真实害死人啊,4,风声
首映当天看的。,4,风声
周迅太可爱了~,5,风声
苏有朋是个意外，张涵予不是凡人。周迅演技无可挑剔。不过片子有点血腥，心理承受低者勿观。,4,风声
SM,4,风声
难得的国产悬疑好片。不过那个胖子死的太快了，配合剧情吧。,4,风声
可以啊。进步是看得到的！不过，我一开始就不相信给伪政权安一个呆傻横的军官是可能的，呆傻横属于GD专用形象。,5,风声
难得一部在电影院看的电影啊，还真不错。,4,风声
真cult。。。。。。。。看得肉疼，猜到张涵予也是，但是没这么纠结。。。,4,风声
已属难能可贵，在中国一片“烂片”的海洋中。,4,风声
对于浸淫推理迷潭的人来说，风声在剧情上的推进并没多大特色（空城计一出估计很多人都不言而明了），但是风声的出现打破了国产间谍片的套路，加上毫无怯场的演员（除黄某）、精致的美工和摄影，这出戏实在唱得漂亮。,4,风声
主要是所有演员的表演都可圈可点,5,风声
好片，有小bug但是还是不错，尤其镜头的位移，但是还是特效太多，那在电报处一气呵成的镜头和配乐有哈利波特的感觉。诶。。。金马怎么是冰冰的？奇怪 看到5分之一我就猜到结局了。,4,风声
25元学生票看的，性价比还是可以的,4,风声
精彩，尤其是表演。,4,风声
中国谍战片 ！不过十来分钟就真相大白咯 ,5,风声
迅哥儿的旗袍。,4,风声
好故事 好摄影 好剪辑 好演员 最后的主旋律升华也丝毫不令人反感 近年难得一见的优秀国产电影,4,风声
老枪在此,4,风声
看得我心惊肉跳。,4,风声
这辈子也做不来的事情,4,风声
小日本的逼供手段真是恐怖啊！没到结束谁都猜不到结局！看得心里很沉闷，一定要逛街才能放松下来！,4,风声
SM革命,4,风声
可以当血腥片看。,4,风声
中规中距吧，加一星演员的,4,风声
玉玻璃的白小年，伪军剿匪总队司令侍从官，清秀白皙，斯文有余却出招于无形之间。,4,风声
为信仰而死，其实我是相信的。,4,风声
对黄晓明的戎装HC了很久，终于看到了这部有点金田一，侦探，悬疑，间谍，百合，攻受，SM（误）的片子。据说原著比电影内涵很多。最后吼一句，黄同学好型啊啊啊啊啊啊啊！苏同学的娘样演得惟妙惟肖！,5,风声
是我喜欢的情节口味重的片,4,风声
又被我猜到剧情...竟然对白小年印象最深...,5,风声
老鬼，老枪我的偶像！,4,风声
俩字儿，好看！,5,风声
好看。,5,风声
除了黄晓明最后死得画蛇添足。很不错的商业片,4,风声
谍报线路化为中文信息+结尾+选角+剧情铺设+音效+渲染+旗袍+古堡+死亡，化妆，细节+残忍细节+哭+他+飞扬,4,风声
票价是值的！,5,风声
还是很有意思滴~,5,风声
鼓励下，很不错了！ 除了结尾有点处理不好。 中国电影能这样，以后了不得。,5,风声
感觉像金田一啊，困在孤岛上逐个击破。苏有朋把娘娘腔的白小年演活了，该他得奖！黄晓明越来越恶心了，最后的歇斯底里镜头让我想起马景涛。,4,风声
第二盘看试映。苏有朋很有看头。,4,风声
真不错，这么多年来，唯一一部让我看着有味道，而且很带劲儿。希望以后还能有类似的作品！,4,风声
怎么觉得好适合我看啊,4,风声
剧情可以凑合了，配乐还不错呢,5,风声
国产片已经可以拍成这样了你还想怎样啊！,4,风声
情节上的一些瑕疵根本挡不住这部惊艳之作夺得2009年华语片最佳，如果两个月后的〈十月围城〉和〈风云2〉华而不实的话，那么高群书导演的第3部银幕作品将令更多人牢牢记住这位电视剧导演的名字,5,风声
泪流不止。,5,风声
蛮出彩的，个个都有戏精的味道了。为数不多的看完后久久都不能释怀的电影。,5,风声
好看出乎意料，结局早就猜到——周迅太事不关己的演出显得过了。张涵予很爷们儿，哪怕只是客串的段奕宏，一出声就很吸引人。花瓶黄晓明可以不提，王志文才是真正老戏骨。苏有朋受的有范儿，可惜戏太短，还未尽兴。【收电报那段长镜头我太tmd喜欢了。】算是国内高水准的场面调度。,5,风声
电影版之【杀人】游戏,4,风声
拍得真好，就是最后那一下太多了。,4,风声
小明到底对怎么虐李冰冰了啊,4,风声
演员演的不错。整体让我想到阿加莎克里斯蒂的《无人生还》。孤岛+密室+死人。额……某些桥段真有点像女同片。。。,5,风声
觉得李冰冰演的挺好的,4,风声
中国的男人女人都是条汉子。上字幕的时候场子里还有人自发鼓掌，我真庆幸自己生活在总体稳定局部动荡的年代。,4,风声
其实一直计划去看，但是谁知道我居然意义用事的一个人去看，因为看电影的心情不好，所以感觉这部电影其实也就一般般，没有想象中那么的好。,4,风声
其实还可以的呃,4,风声
人不见得准确，但他们有故事。,4,风声
悬念持续到了最后一刻：张涵予一如既往铁血真汉子的硬汉形象 周迅近乎妖的灵性再度将我征服 黄晓明的日腔发音到位演得虎虎生风 重点讲讲李冰冰和苏有朋：前者第一次从骨子里真情流露出女人柔情而痴情的一面 几段哭戏甚为抢眼；苏有朋的怪腔怪调让人眼前一亮 可惜戏份的缘故 发挥的空间还是不够。,4,风声
印象里，有兔儿爷的婉约和惨状，也有对于老鬼施以酷刑的余悸。总之，血腥与惨景贯穿始终。,4,风声
SM人体大革命，要命类。,4,风声
玩的就是心理素质,4,风声
真不错 ,4,风声
很不错的谍战片，有够bloody SM,5,风声
很喜欢，给人一种不一样的感觉~,5,风声
多棒的前半部分啊  后半又落入俗套了,4,风声
看完了心情很沉重的一部电影。。很残忍。但是革命感情是真的存在的,4,风声
这不就是个杀人游戏的攻略么~~~,4,风声
演技,5,风声
真的好过瘾的一部片子，演技一个比一个好，发现周迅真是太精彩了。推荐,5,风声
猜对了周迅，没猜到张涵予,4,风声
镜头的使用 画面的效果 演员的演技,4,风声
很好看，演技好没话说，开始就猜到是他们两个，果然啊,4,风声
天黑请闭眼，杀手请杀人。（苏有朋死太早了啦！）,4,风声
到位,4,风声
周迅你演的tmd神了!黄晓明太烂!,5,风声
风声很惊艳，中国导演终于懂得讲故事了。,4,风声
《风声》确实很不错！剧情蛮赞！那些上刑的也够摆！建议有心脏病、高血压，心里承受能力不好的小朋友、青少年、老年朋友珍爱生命、远离此片！ ,5,风声
针线中晓梦的表白,5,风声
苏有朋很惊艳。。。。戏份太少了,4,风声
国产里面算是拍的不错的了，感情张涵予到最后还是个正面角色啊。还有苏有朋那货，老说什么跟司令关系不一般，是不是基友啊...,4,风声
每个人都演得好好，特别喜欢白小年，可惜死得太早了！,5,风声
比原著差 但是小白让我笑鸟  - - 还是可以看看 ,4,风声
人性的光环笼罩了革命大义的光环、逻辑情节并不紧凑、却闪现出无限的人性、周迅作为主要人物在无间道的角色上还是缺乏那么一点革命的老辣味道、吴志国的身份其实我们在他受刑的时候就可以看出、如果一个无辜的身份不可能一点辩词也没有、这跟性格是没关系的、命是自己的、可悲的是我看见了酱油孙红雷,4,风声
是部很好的电影。。但是电影的色调太过灰暗。有些刑罚剧情太过恐怖，令人不寒而栗。@Home,4,风声
能拿得上台面的国产悬疑。,4,风声
"对于故事要看原著和编剧，对于视听要看导演和演员，对于整体要看发行！在这里要褒奖演员（不含英达），中国的商影有了这部以后也算成功了！毕竟很少人对五人收发电报的长镜头喊赞，大多还是被人心疼的牺牲了的小周周（演员本人）说得那一段个人到集体到国家的利益国家利益为首感动,广电总局要献礼嘛！",4,风声
我本是卧龙岗上散淡的人,4,风声
不错！,5,风声
好久没有看过这么喜欢的谍战电影了。周迅的拿捏恰到好处，不得不承认它虐心了。,4,风声
很血腥很暴力。。。有人很娘很突破,5,风声
★★★★  ,4,风声
苏有朋绝对是个亮点...,4,风声
结局有感动到~,4,风声
电影：血腥 暴力 变态 没人性，恐怖 悬疑 推理 再加一点小幽默，情节不紧凑 推理不到位 很多疑点 且未做到好推理片那样不到最后不能锁定 片尾有些画蛇添足 狗尾续貂 不过为了点题 升华 政治倾向太明显；但再说革命人和事业：不凡 不简单不容易 不可思议难以置信 精神不灭 绝不能忘记,5,风声
李冰冰演技不输周迅,4,风声
今年还是有不少好片子的。四颗星给导演，剧本，美工，还有那些变态刑法，以及转型成功的苏有朋，一如既往的英达，有母性的李冰冰，英俊的张涵予，还有跑龙套的我最爱的朱旭大爷。单独一颗星给周迅，某个瞬间一束光正好打在她脸上，皮肤暗淡粗糙但闪闪发光，于是最后那段惊艳的话有了注解，那是信仰。,5,风声
周迅真的老了。,5,风声
每个人心里都有一个老鬼~,4,风声
少有的国产商业大片拍的不错的。,4,风声
看啊看的就看腐了,5,风声
好吧我真觉得最后一段够煽情虽然你们都说是败笔。,4,风声
我不怕死，怕的是爱我者不知我为何而死。,4,风声
很好很好,4,风声
剧情上没什么说的 但是整个画面还是不错的嘛 有个长镜头很漂亮,4,风声
坐电影院的前排，镜头晃得厉害，头晕。,4,风声
智力上一般般，不过故事已属丰满，人物立起来了,4,风声
照搬痕迹太重。。。,4,风声
精彩而有气质。,5,风声
挺不错的电影，最后结局“老枪”的出场还是挺出乎意料的,5,风声
晓明兄终于不娘了...,4,风声
原来女生真的可以看。,4,风声
看的枪版都这么的精彩，我只是后悔没有再电影院看,4,风声
演员都是实力派啊。NB。,5,风声
没给五星是因为黄晓明...怎么那么假...怎么永远一个表情。..哦买噶的,4,风声
关于王队长，求解：(1)从老鬼被抓后他说：我真的想帮助你，我们没有时间了;(2)对老鬼施加酷刑时表情很痛苦;(3)明知道老鬼非常重要，仍开枪杀了老鬼。,4,风声
其实就是杀人游戏，两个警察，两个杀手，一个医生，若干平民。警察公然跳警，杀手相互指认，平民纷纷自保，医生用针虐人。。。只因游戏没有法官。,5,风声
卖腐卖百合 不过主演的演技没得弹 ,4,风声
一个人的电影院,5,风声
今年最期待的一部國片，和想像以及零碎的劇透給我的印象不一樣，非常有生命力的鏡頭，那種風情和色彩最迷人。由此我想到理想的虛妄，以及為其犧牲的無謂——這也是未來的兇險之處。,5,风声
看风声比看【大爷】更能让我钦佩共产党！,5,风声
感动了一把,5,风声
算是不错了,5,风声
五星给咱小鑫姐,5,风声
去掉老鬼更精彩,4,风声
即使没有小说好看 也足够牛逼,4,风声
有点杀人游戏的感觉,5,风声
这个剧情有点太难为共产党员了...谍战都拍出魔幻味了...,4,风声
周迅纯是超越了,5,风声
没抱太大希望，但是却出乎意料的好看。华谊兄弟也出了好片嘛。这几年看得最好看的国产片了。演员表现都很好，有些地方很惊喜。如果能去掉一些主旋律就更好了，还有人死的快了点，但是值得鼓励，5星。,5,风声
把结尾的煽情 去掉 就好咯！！！,4,风声
中国内地难得出了个好本子,4,风声
细节处理的不错 口西 没去电影院看啊哦,4,风声
始终电影要口碑又要票房 还是要好本子做基础。拜托最近两个月的贺岁片们 怎么也做到这个份上再拿出来给人看。,4,风声
看了第二遍，果然主旋律，虽然有bug，某些情节不太合理，周迅和苏有朋很好，没有苏的昆曲可惜了，张涵予永远一副眉头紧皱苦大仇深的便秘样，不过很男人。。对李冰冰无感，不待见黄晓明。第一次约会看的电影，影院很趴，放到一半还带黑屏的，不过值得纪念。,4,风声
各位演员的演技值得拥有满分,5,风声
8错,5,风声
前半段看的非常紧张 情节设计也充满小高潮 但是后面tm为啥咱们的间谍就这么牛逼了 还tm全是自己人 ,4,风声
没有更爱的周迅,5,风声
反正我喜欢,5,风声
出彩的是黄教主和乖乖虎。。。,4,风声
作为国产片来说还行，除了各种细节上的差强人意和匪夷所思，还有最后李冰冰的极不符合其劳改身份的服饰和住所。,4,风声
还不错,4,风声
剧情硬伤很多，但一些场景效果还行。这部电影对看多推理小说的人们来说可能还是比较天真。,3,风声
果然是鬼片导演，镜头从头摇到尾。,3,风声
片子本身合格，但看了还是很失望，因为网上的评价都太好了，心理落差难免巨大。老鬼拯救老枪那个办法，根本不靠谱。你怎么知道老枪能清醒着把消息传出去，你怎么知道接头人员会想到查看你的内衣？难道不是你自己活着出去传信息，可能性更大些吗？,3,风声
"沒什麽推理,疑猜,和鬥智鬥勇...不應該叫牒戰片...另一種紅巖而已...",3,风声
远可以把观众想的更聪明点,3,风声
华谊兄弟的又一部靠运作但难入流的商业片,3,风声
好用力，比较难迈过的槛是李冰冰那句“第一次看见你做女红（hóng）啊”,3,风声
周迅和李冰冰的那场对手戏真的太赞了！,3,风声
"我内心觉得十分特别没有我想象中的精彩,周迅为什么现在让人感觉演的有点假.",3,风声
一流的片头，影片特效也很好，影片布景及氛围不错，就是无聊的烂gag和拖沓的剧情……,3,风声
故事60分，表演80，剪辑跟导演50。,3,风声
多么神奇的《空城计》啊~~~,3,风声
全员都很出彩，迅哥又美又浪，始终无法get到李冰冰,3,风声
重看……感觉好糟糕……当初为啥会觉得还可以,3,风声
是好电影，但是太过于血腥，用刑太残忍，没看完，不敢看了。,3,风声
"“我本是卧龙岗散淡的人,论阴阳如反掌保定乾坤。”第四颗星给张涵予。",3,风声
气氛渲染得不错，但是2个老鬼的谜底显然并不能完全令人信服。每一位演员的演出均可圈可点，尤其是苏有朋和黄晓明打破固定表演牺牲形象值得称赞。顾晓梦的发挥不是一般的好为什么华谊仍然固执的力捧李宁玉？,3,风声
最后还是GF主义了,3,风声
对细节没特别在意，但是整天的构架还不错，小明这里面还可以。,3,风声
还不错看 虽然猜到了结果 ,3,风声
冲演技给三分。比预想的差很多，居然就是个暗算电影版。此片亮点：重口味居然没有被和谐。,3,风声
哎，这么多的工具....那万能的摩斯码啊....也太神乎其神了～,3,风声
投身革命即无家，绳锯针灸硬咬牙。取义成仁昨夜事，电影坐收名与利,3,风声
唉。跟小说没法比。毕竟两个小时，也算不错。,3,风声
...怎么都喜欢不上演员...我有错,3,风声
编剧的问题是，前面一直虚张声势，最后一刻钟哗啦一下来个剧情大揭密。导演的问题是，制造悬疑紧张的气氛就只会不停地晃镜头和加塞些很重的配乐么。总之，讲故事的水平有限。唯一可赞的是巧妙地包装了一种爱国主义。【讲堂】,3,风声
这片儿没传说中那么好啊 李冰冰演的是个屁 凭此片能拿影后可能真是可笑！中规中矩的一部片子 故事太短 出彩的地方也不多。,3,风声
虎头蛇尾,3,风声
"地振高冈, 一派溪山千古秀",3,风声
再一次看到了王志文的妖孽,3,风声
我们什么恋都想拍一点。,3,风声
怎么开头和见过大爷一样啊,3,风声
最後十分鐘敗掉了前面累積的 多扣一顆星,3,风声
唱戏也能传情报是不是太玄乎了，用刑手段之残酷+18,3,风声
除了叙事逻辑上的瑕疵和光明尾巴，本片还是值得一看。另：宫本武藏这名字是能随便起的吗？,3,风声
您老能不能別說出來啊？啊？,3,风声
逼,3,风声
某党洗脑剧,3,风声
看之前都被剧透了。,3,风声
把原著改的面目全非,3,风声
就悬疑剧情而言，蛮弱的，但悬疑气氛渲染的不错。,3,风声
合格的类型片,3,风声
比比谁的嘴硬,3,风声
黄晓明真的夹过睫毛，涂过润唇膏的亚。。。,3,风声
失败的改编,3,风声
画面感不错，剧情严重欠缺。。,3,风声
我对你们如此无情、只因民族已到存亡之际、我辈只能奋不顾身、挽救于万一、我的肉体即将陨灭、灵魂将与你们同在,3,风声
三年前看得，觉得挺一般的啊,3,风声
"MS,这片子绝对应该是限制级滴，为啥电影院那么多小孩子，广电总局人都干嘛去了。。。",3,风声
张涵予，aha,3,风声
最起码有三个突破：一是细节处理，二是画面尺度，三是氛围渲染~当然还有三个传统不足：一是逻辑牵强，二是刻意煽情，三是逃离不了主旋律~作为一部国产主流商业片，应该算是可以的了~,3,风声
配角儿的戏都精彩,3,风声
这片 忽悠我们还行 忽悠专业可差大截,3,风声
看着这里的黄晓明没那么讨厌的份上~,3,风声
1.对我而言太没悬疑了。2.我无法理解李冰冰跟周迅的感情，咋那么好。3.那绳子……之前朋友跟我稍稍说一遍我下体都疼，啧啧~,3,风声
扣一星给逻辑，再扣一星给李冰冰,3,风声
技法不太熟练以至于有点故作深沉了，导演是要求演员每个人都得扮成嫌疑犯的样子吗,3,风声
对这部电影印象最深的就是五阿哥的白小年了，很有特点的人物，五阿哥驾驭的还可以的,3,风声
满满的JQ,3,风声
此片能够公映完全体现了广电总局审查制度的双重标准。,3,风声
果然共产党的人够多.....,3,风声
就还行,3,风声
比一般的国产电影像电影了很多。演员剧情都还不错，虽说某些细节夸张了，在顾晓梦身上着墨太多，一开始就搞得老鬼毫无悬念，但老枪还是悬念意外了我一把。很汗顾小姐铿锵献身的遗言，可不可以不要拔高，不要把任何人搞得跟神似的，很假很烦哎。喜欢苏有朋让人惊讶又欢笑的演技，很逗。,3,风声
拉拉，GAY，SM，多角恋，政治，革命，民族主义.....噱头可真不少~但是依然无法掩盖故事的薄弱与逻辑的离谱。,3,风声
所有人還沒來得及鋪展開就被捲起來虐死了。這是拉拉片，不用懷疑了。p.s.前面放的內個阿米他牌太空發育bra把我雷了，重要的是，放了兩遍。,3,风声
"老段出来不到3分钟就挂,真炮灰！",3,风声
不合逻辑的地方太多 表演也太一般,3,风声
今天无聊才看了。。。不如不看啊。。,3,风声
SM有看点……,3,风声
失望,3,风声
黃曉明大陪襯。。,3,风声
我只能说我高估了这部电影，看到一半就已经知道谁是老鬼，老枪的带入也是一目了然，审讯做的太二逼了，不过这种片还是多点的好不然院线要被财神客栈什么的沾满了……,3,风声
整个镜头剪辑什么的，怎么看都像是广电班水平，过誉的作品。,3,风声
有兴趣的题材，很多实力派演员，但拍得没那么好，比较老套。,3,风声
还不错 高群书太狂了,3,风声
"柯南版密室杀人游戏。大家演的都不错~不过，BL,GL,SM那么齐全，全国人民在国庆期间都重口味了。。。",3,风声
剧本还成，但台词还可以再凝练一些——当然，这必须建立在演员具备杰出的，在细微处辗转腾挪的能力。我们的演员暂时还做不到，或者说不能从头到尾做到，那电影的感染力自然也就打了折扣。往上提一层来看，本片的镜头虽然有一定的质感，但光影的调配实在不够狡猾，补不了表演的空缺，这是硬伤，解不了。,3,风声
都不怎么滴,3,风声
这就谍战大片了？？高群书就凭此成为中国最好的商业片导演了？,3,风声
"剧情还算不错,只是后面顾晓梦、吴志国那块有点混乱。演员大体也都不错，但是当李冰冰说出nvhong的时候，还是很汗的 ！苏有朋是真的突破了，可惜没听到他唱昆曲",3,风声
比起视觉上毛骨悚然 我还是喜欢暗算那种精神上的毛骨悚然,3,风声
剧情很紧张，不过过于弘扬爱国精神。,3,风声
周迅长的真心难看,3,风声
3.5 民族已到存亡之際 我輩只能奮不顧身 挽救于萬一,3,风声
硬伤很多…,3,风声
同是人这个物种，相煎何太急。最后看完带着欣喜，自己喜欢的周迅担此重角。信仰，真的是可以超越一切让人去追随的东西。,3,风声
机要高层的人员构成让伪汪政府情何以堪。,3,风声
演员的表演真心不错，酷刑长见识了,3,风声
同原作相比 真不怎么样,3,风声
中国拍这种片子 总觉得差那么一点劲！,3,风声
后面就好坑爹。。。还以为武田是日本人....,3,风声
潜能无限。苏有朋太经典了！！！,3,风声
看的首映，其实效果还不如之后再好些的影院上映的。还不错的故事，猜到了周迅是老鬼，却没有猜到还有一个老枪。但过于血腥残暴，不是我能承受的范围，看的比较辛苦。。。苏有朋的表现很让人讶异，见面会上的一首昆曲，实在惊艳。以及，米截到周迅来个合影，真是遗憾啊遗憾。,3,风声
苏有朋演的还不够贱= =....,3,风声
和《捕风》很像，有些失望了,3,风声
没有传说的哈么厉害吧,3,风声
之前明明看过，结果全都忘了。。。怎么会这样……再看一遍跟新片似的,3,风声
故作玄虚的，酷刑、抒情片、、、、,3,风声
剧情好看。,3,风声
沒有意外 ,3,风声
演员的整体表演算是国内的上上等了，张涵予的表演稍微过力声音压得过低，周迅的外形不适合这么一个复杂深度的女人，角色转化显得不够有说服力。虽然剧情有很大硬伤，但仍勉强圆了过来，节奏调度控制得不错，但没能将革命理想的情感做出来，因单靠顾晓梦这个人物来承载全剧情感还是太过单薄生硬。,3,风声
NND，花了我两小时时间买个坏心情。侦探片就应该注重推理，逻辑和智慧。而不是看完之后大家讨论的是苏有朋是不是被阉了，或者周迅下半身被绳子怎么折磨了。,3,风声
原著精彩的多 剧情经不起推敲 导演浪费了一手好牌,3,风声
虽然风声谈不上是一锅好汤，但看得出来熬得挺用心，可丫黄晓明呢就跟内坏了整锅汤的老鼠屎一样，走哪儿就能恶心到哪儿，真不知道丫到底能不能有第二种表情出来，这样儿的演技连里头内保安员的脚趾头恐怕都比不上。,3,风声
今天发现是抄袭《暗算》，念在还有些许原创，只扣1颗星。2010/1/13,3,风声
虚张声势的电影，不过看在都那么用心的要演出个花来，为脸上写着我要做影后影帝的演员们给个三星。你们辛苦了。其实我更期待《潜伏》的电影。,3,风声
最后拔的那下高太恶心了，片子嘛，挺柯南的。。。,3,风声
开头不错，后边让我失望了。,3,风声
我一直认为谍战题材不适合拍成电影，看完后更加坚定了这个想法。,3,风声
五阿哥，新老版本肖剑，请问这是还珠格格大团圆吗···,3,风声
打着谍战旗号的很普通的悬疑片而已。苏有朋的表现很惊艳。,3,风声
看演員去的。劇情……反正中國沒有cult一說，大家都可以罵編劇去= =,3,风声
"暗算的电影版，如果看过暗算，此片无甚新意。对于战争而言，“宁可枉杀千人,毋使一人漏网”是至理名言，尤其本剧，只有5名嫌疑犯，战争时期，直接全部枪毙即可（记得得火化），审讯亦是一拖延和传递情报的过程，对己方十分不利。",3,风声
这是一个BUG吗？5人都是因为知道电文内容而被当成嫌疑犯的。然而，张涵予偷看电文是后来周迅告诉王志文的，也就是说之前王志文和黄晓明是不知道张涵予知晓电文内容的，张涵予又怎么会被当成嫌犯呢？,3,风声
"广电能不能干点正事,赶紧把电影给分级,真怕人",3,风声
长途汽车上被司机强迫观看的，身边一个熊孩子被吓得直哭……我倒觉得意外地不错，不过结尾太神棍了……,3,风声
如果这个戏不是谍战背景就好了_(:3」∠)_ 会高很多分,3,风声
情节设置有问题，演员不错,3,风声
不到一半就知道是谁了……,3,风声
国片里能到三星的可不多,3,风声
李宁玉的形象设计的有些薄弱，而且一个靠飞机才进去的女特务说死就死了也太浪费那些重金贿赂了……顾晓梦全身而退的话更容易理解,3,风声
炒作的高度有些过了！很一般的谍战剧，不过感觉拍成电视剧会更好！,3,风声
刑罚欠手段，故事欠新奇，节奏也不够紧凑....这部片子就不痛不痒，遮遮掩掩，倒是某几个演员的表演还算耳目一新。,3,风声
没太多意思,3,风声
只为看周迅,3,风声
尝试性地在悬疑边缘游走——开始小规模地乱煽情——坚决向巨保险的主旋律革命片靠拢...............遗憾,3,风声
中国版电锯惊魂,3,风声
暴力，血腥。压抑,3,风声
SM,3,风声
火在讯息成功传递，汉奸内部自残，这种碟中谍，类似于人肉炸弹的反间与再反间实在是很强大，苏有朋赞，俩女主美,3,风声
苏有朋那可以的扮相啊。 想红不用这样嘛..,3,风声
《暗算》电影版，不过这次是双特双保险，抗日背景更能被广泛接受,3,风声
五阿哥演得好贱哟！黄同学接不住偶们迅哥的戏啊。,3,风声
节奏把握得一般,3,风声
应该是因为被豆瓣上一个SB剧透的关系，感觉没有亮点,3,风声
其实只要按照大牌程度来排查就很容易知道谁是鬼~~~悬疑感不够~情节上为了突出血腥暴力有点避重就轻~感觉小日本们只用刑不用脑~这么随便的审~~就算不是特务~·被审完也叛变了~,3,风声
給演技撑起來,3,风声
《暗算之捕风》电影版？,3,风声
除了开头的科幻和结尾的遗言，其实它还是值四星的,3,风声
就是有点恶心,3,风声
吓死了,3,风声
国产味浓郁~,3,风声
孬货  我就不信你硬得起来！,3,风声
李影后，我一看您“彪戏”的段落就忍不住要吐，比看用刑的那些段落更有效。,3,风声
毕竟是传说中的中国首部谍战大片，本着鼓励的态度，还是很不错的。,3,风声
不是孬货。,3,风声
我看的时候总在想，这些为共产党出生入死，宁愿献出生命的人，如果熬到解放，熬到左倾右倾、大跃进、文革...他们的生活又是怎么样呢？,3,风声
这个编剧也太弱智了吧？,3,风声
在一个小房间里，大家玩一个小游戏，游戏的名字叫做猜谜语。你猜，我猜，大家猜。,3,风声
至少前三分之二还是不错的,3,风声
很残忍很惨烈的电影，建议心理承受能力低的就不要看了…酷刑镜头我基本都跳过去了，周迅和李冰冰的双担表现还不错…不过这样子题材的电影还真是欣赏不来…,3,风声
怎麼就能這麼不殘忍...這就是傳說中的尺度極限？我是抱有很高的期待值的本來，沒想到居然就是連老槍是都猜到了...BTW，张涵予在两部献礼片为两党地下工作了各一次...,3,风声
经《夜宴》、《无极》洗礼后，对国产“大片”已无奢望。181020 陪妈妈二刷,4,风声
说点嘛好呢,3,风声
虽说在国产同类型片中已经算是拍的不错的了，还是不喜欢,3,风声
"只能说还行 跟看美国的谍战是完全两个体验 不刺激 不悬疑 是这部电影的最大败笔,听说有小说,要买来看看.",3,风声
三星半,3,风声
在只有锡兰时，惊现斯里兰卡一词；老鬼的死，抄博老的《小径分叉的花园》吗？但愿编剧是个爱读书的娃~至于抓一堆人一个个排除嫌疑的做法……呃太多雷同，想不起具体哪部了……但是！国内能拍到这样，相当不容易了！鼓掌！ ,3,风声
演员表演感觉还是挺到位，是值得一看的电影,3,风声
模仿之作，柳云龙的《暗算》人物性格，模仿较多，谈话手段如出一辙，可惜缺乏一个像《暗算》里面聪明的行动长官—戴笠，反正觉得黄晓明的演技一般到不行。。。。,3,风声
SM嫌疑，刑罚恶心，摩斯密码，太小儿科了。。。周迅小美~,3,风声
制作不错剧情单薄，周迅真的老了但依旧很萌,3,风声
用刑的残酷啊。,3,风声
抽烟镜头太多，个个烟不离手，好像没烟就演不下去了,3,风声
演员的出彩演技无法掩饰悬念设计的单调,3,风声
其实可以加点力,3,风声
有些地方有些夸张了,3,风声
主旋律包裹下的日式暴力,3,风声
不血腥，但是故事足够好,3,风声
国产片里面算还可以的啦,3,风声
太容易预测结局了.,3,风声
不适合小朋友观看。。。,3,风声
囧片一部。导演手法无新奇，剧本弱，结尾彻底囧到我。满脑袋的针与酷刑，囧死，很虐，虐的很过分，居然可以通过电检公映。囧。除了噱头，没别的可玩儿的吗？,3,风声
"哈哈哈哈,苏有朋个娘娘腔哈哈哈哈哈哈~~~",3,风声
感觉比建国大爷好一点,3,风声
已经很不错了 特别的特务片,3,风声
忽然发觉本片的病根在于原著中老鬼是李宁玉，难怪一开始我会觉得她就是老鬼。而另两位怎么感觉怎么不是。这根本就不是个谍战片，就是个剥削电影。,3,风声
杀人游戏之风声,3,风声
作为影院上映片，镜头转接熟流，制作精良。不过因高中曾狂喜过 麦加 的原著，此片对我来说也只能算算 小白开水了。有性格的作品才能让人迷恋，而原著的文字，做到了。,3,风声
如果武田套出来的都是经手电报的人 那为啥本不应该有机会接触电报的吴志国会一开始就被传唤进司令部呢？,3,风声
不推敲细节的话还算过得去。,3,风声
有朋是亮点，很早就猜到剧情，有点无味，编剧的漏洞也是有点多~~~,3,风声
金田一解放事件簿,3,风声
不喜欢刑具的噱头~,3,风声
只喜欢周迅,3,风声
大家演得很卖力也很到位，然而剧情依然是嘛嘛，尤其是推理（算么囧）那部分感觉还是很弱啊，最后给人的感觉是地下党员无处不在OTL，那个司令是跛子这一点我在意了好久，还有最后那一天发生了啥也不知道……OTL当然看演员的表现还是很不错的。,3,风声
也就还好 没那么好看 不如暗算里的捕风篇,3,风声
除了一段空城记的唱腔，什么都没留下。,3,风声
长途客车上看的，总之注意力不在它身上,3,风声
小白那个惨叫真是绕梁三日不能绝。竟然还有带小BB看的，童年阴影啊……,3,风声
剧情过得去 感觉名字叫的响亮了点儿。,3,风声
有那么好吗，有那么好吗？哦卖糕的，今天一晚打了好多三星呀,3,风声
三星半。,3,风声
剧情还是太弱了,3,风声
人物&gt;剧情,3,风声
妈呀，SM式革命，挑战视觉极限,3,风声
"就恶心了点,没啥别的.结尾的升华也太突然了",3,风声
近些年还算可以的国语电影吧,3,风声
实在看不出为什么那么多人热捧这部电影和演员的表演,3,风声
结局有点雷人。缝到衣服里的密码原来那么有文采呢啊，太神奇了。,3,风声
剧情漏洞百出唉唉|||某苏小童鞋的演技惊到我了&gt;&lt;,3,风声
还不错，就是掉胃口的功力还有欠缺，可能跟主旋律的主题难以操作也有关系，不过国产片中算可以的了，本来想冲着两大美女的面子上给个4星，结果觉得最近下手太仁慈了，就3星吧。,3,风声
很假很做作，在电影院看最后酷刑那一段真受不了，本身就对周迅无感,3,风声
我突然發覺，看那種「不看到最後，你絕對不知道誰才是幕後黑手！」的電影，通常猜最有名的那個演員就對了。除此之外，旗袍好棒。,3,风声
毛主席教导我们：“革命不是请客吃饭，不是做文章，不是绘画绣花，不能那样雅致，那样从容不迫，文质彬彬，那样温良恭俭让。革命是暴动，是一个阶级推翻一个阶级的暴烈的行动。”这话鞭辟，搞国内革命如此，搞民族独立革命也是如此,3,风声
谜底揭得也太快了点...,3,风声
都是好演员，但是却一点惊喜也没有，太没张力了,3,风声
看的不知是那版本，根本没有一点大家说的血腥场面，都是点到为止。一部以革命红色包装下的简单推理片，不流畅，少许失望，相信这代人难再拍出《霓虹灯下的哨兵》《黑三角》那样优秀影片子了。《风声》的故事就好像在柯南和金田一故事里随手拈来似的。要提的就是造型还是叶公之水准，其他真乏善可陈了些,3,风声
阉割版蛋疼。。。,3,风声
盛传有冰冰的裸戏。害的我从头看到尾。结果毛都没有。要知道没有我压根就不会看。,3,风声
李冰冰太自私，只给黄晓明看，我也要,3,风声
黄晓明和李冰冰都演得挺认真,3,风声
紧张倒还不至于  只要是解密太早了 就破梗了,3,风声
民国十大酷刑,3,风声
结尾太败笔了，非弄出个主旋律来,3,风声
希望越大 失望越大,3,风声
提前得知剧情而失去快感；都怪瘸子不识谱,3,风声
逻辑可以再硬一点的，观众受得了,3,风声
最想看的那段李冰冰被施刑的一段其实没有什么嘛。。。好短~~~就是脱光量身体。。。,3,风声
拍得还不错，不过虽然演员很努力但是为了市场估计剧本要好看很多，最后一段台词毁了全部之前的观影感受,3,风声
没传的那么好看！可能因为在影院没戴眼镜的缘故吧！和徐婷，哥哥一起在常州看的。,3,风声
这片为啥好评一片啊，郁闷，有血腥没悬疑，少儿不宜啊。。。李冰冰OL造型很不错啊，lesbian情节也不错。,3,风声
柯南和谐百合版,3,风声
"可惜了苏友朋,那段游园惊梦没能在电影里唱出来",3,风声
有时候想想我要在那个年代能否做间谍，是不是还没酷刑我就什么的都招了。,3,风声
不要再狡辩了，，周迅演技真的不行,3,风声
结尾似曾相识 还是张涵予去把故事结尾理一遍 跟天下无贼如出一折 不愧是冯小刚监制的  但凡故事总能让人找到不合情理 说不通的地方 但是这戏基本上还是对得起他的高关注的,3,风声
好受虐,3,风声
剧情的确很有意思，演员也是出色。但是斧凿痕迹太重了，灯光啊，声效啊。。。太刻意，就不像故事了,3,风声
李宁玉改了之后好无力啊，冰冰是按照小说来演的吧。。。。,3,风声
和妹妹去看的,3,风声
一猜人家周迅就是正角儿。,3,风声
就因为结尾，从推荐变成了还行，但这是国产电影,3,风声
呀，张涵予的赞已经敌不过上来就被爆头的段弈宏了，最近有爱此男，小眼神杀人,3,风声
不相信会有这种和原文完全不一样的字幕结果不死心去射手下了N个版本……嗯……一个字不差……伊甸园稍微好点把那诡异的时间轴改了= =,3,风声
剧情上有太多硬伤和bug，整体上感觉比较弱智，和原著没法比！另，谍战这种烂梗儿能不能不要再拿出来拍啦~~凹，革命的利益大于个体生命？这和当代恐怖组织无异吧~~没信仰很可怕，但其实有时有信仰也挺可怕的。,3,风声
可以看看,3,风声
国产悬疑谍战里面算好的，可惜先看了《暗算》......,3,风声
张涵予的演技很赞,3,风声
怀念起阿加莎.克里斯蒂～,3,风声
情节很紧凑。故事很 跌宕起伏,3,风声
全靠演员,3,风声
"恩,说实话,我觉得特务机构残忍有余,智慧不足,没头没脑的审讯让人相当无语.看完没什么特别感觉,也不很激动,可能是被那帮笨蛋推理气得?哎,我真的彻底冷血了~",3,风声
怪不得票房这么高,3,风声
赤果果的同人情愫~~~,3,风声
首都电影院,3,风声
天下没有密不透风的墙，自己越透明，越坦荡,3,风声
百合，BL，敖娇，腹黑，SM。。。谍战神马的都是浮云。。。 = =#,3,风声
共产党是一种信仰？！,3,风声
去年最好的大陆电影了……,3,风声
所有伏笔一眼就看出来了，各人结局也基本都猜到了，摊手~周迅真好看,3,风声
不觉有SM情节，最后周迅密电码遗书说牺牲自己只因我辈已到存亡，精神可嘉！,3,风声
和我哥还有未来的嫂子一起看的。我真的觉得这个剧本做得一般。把所有的包袱放到最后才抖开，太危险了。,3,风声
出神入化的周迅小姐。唉。,3,风声
恐怖片。。。,3,风声
没看出来酷刑有什么酷的。,3,风声
没劲,3,风声
除了虎头蛇尾，编剧不够细腻，最后又点矫情之外算是部部错的电影。王志文的表演印象比较深，就这么挂了有些为他鸣不平。,3,风声
演员好啊，有什么用呢,3,风声
确实有亮点，但缺点也多了些。。。,3,风声
根据这个小说/电影出的桌游最终也没去学,3,风声
前半个小时像是一部一流的悬疑片，越往后越糟糕，手法老套，结果让人很无语。,3,风声
哦,3,风声
抗日战争版天黑请请闭眼，博弈论又一精彩案例。只是电脑CG运用很suck。,3,风声
谷子地的命硬啊,3,风声
其实我还是挺感动的,3,风声
这部电影的好看比不过我妈妈的幽默〜 乖乖虎演得真不错,3,风声
我要是说我是被预告片儿里的苏有朋吸引才去看这戏的你信么？,3,风声
酷刑太残忍了，这镜头尺度有点大啊……,3,风声
讯息是否传出 成败就在今日 我不怕死 怕的是爱我者不知我为何而死 我身在炼狱留下这份记录 只希望家人和玉姐原谅我此刻的决定 但我坚信 你们终会明白我的心情 我亲爱的人 我对你们如此无情 只因民族已到存亡之际 我辈只能奋不顾身 挽救于万一 我的肉体即将陨灭 灵魂却将与你们同在 ,3,风声
NO.1,3,风声
似乎为了结局那个惊喜而牺牲全片的观赏性。,3,风声
在网吧 瞄到边上的妹子看到周迅受刑那段 就决定用艺术的眼光鉴赏下,3,风声
说实话，开局有点像名侦探柯南。前半部分不错，吴大队长被整以后就不好看了，把顾晓梦写得也忒SB了点。另外黄晓明和苏有朋演得还是不错的，可惜白小年这个角色死得早了点，不然可以看苏有朋多扭一会儿。,3,风声
暴风雪模式么。可惜只有房子有点像。从谈话中找矛盾比用酷刑吸引眼球好多了。没劲。,3,风声
至于各种刑，我觉得太小儿科了。为什么还有人不敢看？不理解。,3,风声
鼓点没踩对,3,风声
根本就没有悬念。国产向来谁最大牌谁最压轴，唉可悲。,3,风声
其实我想给3星半,3,风声
很显然这是一部密室推理剧，更显然这部密室剧的精彩程度远远不如《这个男人来自地球》《如月疑云》《十二怒汉》等。血腥残酷倒是第一名。李冰冰演的不错，虽然她那个角色没啥特色，有点多余,3,风声
情节严重漏洞,3,风声
噱头太多,3,风声
还行，就是给周迅用刑的时候，看着贼难受。,3,风声
没什么意义的故事，浪费了好演员,3,风声
其实对于我来说，这些酷刑不算太重口味=。=  周迅的角色总是很讨好。我是为了帅晓明去看的……,3,风声
这片子是学生拍的么。。。,3,风声
看过《暗算》捕风篇就不会觉得风声能鹤立了 ,3,风声
對于國產片已經是很好了 不能苛求太多,3,风声
不是我喜欢的类型,3,风声
你们简直就是魔鬼！,3,风声
老鬼和老枪的默契对台戏真是精彩，黄晓明太弱了。。,3,风声
蕾丝边~,3,风声
风声大，雨点小。可惜了一个故事素材。,3,风声
。。。挺搞笑的,3,风声
骨子里是一部红色电影啊。蚣匪为什么能篡夺江山，因为有如此多的“死士”，他们功不可没啊！,3,风声
国产 难得,3,风声
以革命片之名，装恐怖片之实,3,风声
不适合小孩子看，抽烟抽太多啦,3,风声
"SM式革命,听说小说改编改烂了这个电影,看来小说值得一看",3,风声
还行  就是黄晓明和李冰冰在里面搞笑的不能·····,3,风声
我黨威武,3,风声
标签不伦不类的,3,风声
多么神奇的空城计啊，不是你辈无能，实在是party太狡猾,3,风声
国内演员，特别是女演员，最喜欢演谍战剧。个人偏好上，由于故事多发生在民国大城市的缘故，总能打扮的帅帅靓靓的，和时尚接轨的一塌糊涂。同时政治上还无比正确。无论穿旗袍，还是住洋房，都是掩饰身份迫不得已——虽然扮演这些角色的演员是真正喜欢的。上哪找这种戏里戏外各取所需两全其美的题材？,3,风声
党课上放映的,3,风声
奔着苏有朋 看了这一部片子 值了,3,风声
我实在是挺喜欢的。,3,风声
2009,3,风声
不是我喜欢的故事类型。看到的都是酷刑，没有悬念。不一样的是苏有朋，但是也有限。真不知道是不是应该庆幸没有去影院看。。。,3,风声
悬疑不足阴暗有余,3,风声
遗憾是我被剧透了,3,风声
听说有三小时完整版,3,风声
有点血腥啊亲……,3,风声
果然很山寨潜伏和暗算。,3,风声
国人是被国产电影荼毒惯了吧？这样的电影四星、五星满天飞实在想不通，后三分之一比较狗血，充其量70分，三星半吧,3,风声
这不算什么意外结局吧,3,风声
我国玩推理还需磨练啊！！,3,风声
当初听说晓明哥演技自此片突破，但并没有看出来，任何一个演员都比他好。主旋律里还算不错的，结尾的解惑有些画蛇添足，给人的感觉就是“反正你说啥都对”,3,风声
看了开头。。。看了结尾。。。中间断断续续,3,风声
冰冰戲很好誒~可惜在刑法實在說得太籠統了 想吸引眼球 可是又做不足,3,风声
血腥大过于悬疑，故事情节还有待加强。,3,风声
镜头一直晃,3,风声
我总觉得缺少了点什么。,3,风声
英文名应该叫The Massage，不是The Message。如果要是以血腥啊、虐待啊，为卖点，那就得有真东西，而不是表演针灸和推拿按摩。当然对于刺激点低的观众，可能够了？我不知道，反正坐旁边的一个老女青年是一直捂着眼睛没睁眼睛看过几分钟。苏有朋够搞笑，周迅最后台词太拔高了。,3,风声
“ 恐怖主义组织总是教育自己的成员漠视生命，不要怕死，而且要争着去死。周迅说出了主题：敌人不会了解，我们不是个人，而是一种精神，一种信仰。人肉炸弹为了信仰而死，但组织领导不会死，他们要激励更多的人奉献出自己的生命。组织领导把他人之血当成自己的付出。打下的江山，被当成对自己的酬报”,3,风声
其實感覺有點像阿婆的無人生還~結果卻有讓人出人意料~,3,风声
又一部被拔高的片子。,3,风声
壳儿有了，瓤儿还欠,3,风声
真的不错！！,3,风声
三星半，不如预期精彩,3,风声
坏人输在没有摄像头,3,风声
5个人里3个站在共产党这边，编剧真高明。,3,风声
结局真狗屎,3,风声
先看了风声的电视剧，张歆艺演的，以为这个和那个是一样的，结果出乎所料啊，完全不同，不过还是佩服周迅的演技，真适合演这类的！,3,风声
武田量李宁玉就知道是不是老鬼，那把其他几个也量量不就行了,3,风声
气氛尚可，剧情漏风严重……,3,风声
没有窒息的谍战，似乎还没有到那个度。,3,风声
算是国内比较少见的谍战好片,3,风声
主旋律拍成这样不错了,3,风声
SM版《暗算》？,3,风声
炒作太多，惊喜不足,3,风声
这不是一个精彩的故事,3,风声
傳情報是皮.搧情是肉.sm是骨.,3,风声
几个实力派碰到一起 我就感觉都在彪戏 彪演技 感觉很不自然 还有内地拍这种很细很细的谍战片是真的好生硬..即使你没猜到谜底 但是谜底也并没让人震惊 国产片还得努力呀..,3,风声
从悬念上讲拍的还不错，李冰冰漂亮,3,风声
张寒于说 我一哼歌别人就知道我是同志了,3,风声
难道是期望太高？...,3,风声
又是勾心斗角的，其实片子还可以，虽然我猜到了个大概。摆脱摆脱”民族精神“的怪圈，拍拍文革，说说另一种精神，准能拿大奖。有感动到我的地方，但也别太”教科书“主义，成了洗脑作品，抵抗力差的可怎么办。里面的李宁玉和顾小梦果然在原著就有暧昧，这我喜欢。。,3,风声
后半部分烂俗，也是他妈的献礼剧,3,风声
周迅演技永远是无挑。 ,3,风声
李莲花和周公子的爱情感人肺腑,3,风声
周迅的酷刑让我痛了,3,风声
印象深刻！好变态,3,风声
原来这是les片哦。。。。其实好几场戏，感情爆发的铺垫不够。。。演技，就那样吧- -,3,风声
今年大荧幕国产最佳噢,3,风声
玩推理就算了，越看越像《无人生还》,3,风声
猜到结局了...貌似没什么逻辑性...,3,风声
中国主流电影中的佳作,3,风声
bug bug,3,风声
剧情转的有点儿莫名其妙。动不动就直接上刑啊？一上刑就招啊，还有莫名其妙的扎针的···建议大家还是看书吧。那个剧情可是精彩多了。不靠酷刑搞噱头,3,风声
六爷，不错的。,3,风声
看过《暗算》后 《风声》的剧情就易猜了,3,风声
之前看过柳云龙自导自演的电视剧 感觉电影在剧情交代与衔接上还是有差距的 不知道是电影时长所限 还是伟大GDZJ的河蟹 不过单独来评价这部电影的话还是可以接受的  演员的表演还是比较合理的 ,3,风声
苏有朋在里面好有劲。。。娘得哈搞笑。。。其他人演技都挺本色的，剧情起伏不算很大，但是酷刑有点让人害怕,3,风声
苏有朋你这么快领便当了让我觉得后半部分索然无味啊！,3,风声
看着难受,3,风声
跟风之作,3,风声
到底好看在哪？？？？只是质感不错罢了 ,3,风声
哦也！,3,风声
看过后只记住了胖子和小白还有那诡异的电码。。,3,风声
名過於實，頗為失望。還好結局提升了一個檔次。,3,风声
故事再编得象样点就好了,3,风声
这是新世纪谍战片的鼻祖么？大坑,3,风声
嗯，是不错。把女红读成女“hong”，减1星。,3,风声
首先，我不待见黄晓明，总觉得他的眼神让人看得很不爽；其次，我觉得还没《黑三角》悬疑跟刺激,3,风声
导演4分，编剧3分，演员5分,3,风声
我被骗的很开心,3,风声
为了悬疑的主题多给一星吧。,3,风声
拍得还算像样的谍战片,3,风声
剧本其实真的一般，阵容什么的评价太过了吧,3,风声
我觉得，最出彩的，是苏有朋……,3,风声
一大堆粗口抽烟血腥暴力的镜头一起出现在国产电影里 还真有点不习惯了 观看前便被剧透周迅是老鬼 整个精彩程度大打折扣,3,风声
剧情改编得不合理，交代得也不清楚，有很仓促的感觉。差点意思。优点是针灸之类的虐待部分恶心人很到位。,3,风声
那根绳子太血腥了,3,风声
不好意思，加入政治因素的片子在我这里是要减分的……,3,风声
结局有点傻,3,风声
结尾稍微差了点，如果是国民党的特工就更好了，在国内，没有办法，只能这样了。,3,风声
该死的剧透。,3,风声
女地下党和女特务一样,3,风声
20100217.周迅缝衣服的镜头第二次出现时我就猜到把线脚缝成密码了嘿嘿但是头俩人死的太快了。要是阿加莎 会让人一个也不死、怀疑范围一直无法缩小才好。王志文混得有点惨，戏份那么重 却排名在演员的第二队列里。李冰冰的脆弱 我还以为是掩护色 没想到是真的,3,风声
九十分的前奏七十分的过度五十分的结局三十分的主旋律,3,风声
不知道是麦家写的太神叨了，还是改的太神叨了，TG治下就是天下无谍。。,3,风声
我觉得明明是周迅演的比较好，为什么拿奖的却是李冰冰？,3,风声
在电影院看的。,3,风声
和澜澜一起看的，还行吧 ,3,风声
悬疑度太低，有人说口味太重，我倒觉得有点..有事和三级片一样让人厌恶，说a不a，说不a还有点，主题还成。,3,风声
阖家观赏,3,风声
还行，这种类型的片原本比较少见，这次还不错，值得鼓励,3,风声
死了的人的意志留在活着的人的心里，永不磨灭。活着的人，继续前行。,3,风声
周迅...萌死我了,3,风声
像是柳云龙《暗算》的翻版。,3,风声
表演上几乎完美,3,风声
怎么说么，挺山寨的,3,风声
为什么不分级？？,3,风声
编剧和表演都不够流畅自如,3,风声
中国的虐爱文化果然更胜一筹,3,风声
我觉得一般阿-。-,3,风声
这部电影能7.9 观众也只有无语凝噎了,3,风声
"国产片能拍成这样还不错了,可惜题材偶不感冒",3,风声
三星半；算是国产片中比较出彩值得一看的片子，谍战题材，悬疑也够味，只是欠火候。,3,风声
我不拍死，唯怕我爱的人不知道我因何而死。电影如同这句台词般，初看NB的不行，细想完全不通,3,风声
3星半，半颗星支持国产电影。,3,风声
还是原著更好看　不过已经算是国产片里的佳作了,3,风声
为周公子加一星,3,风声
不懂评分怎么那么高……我觉得情节好弱智，而且这个结局哪里意外了= =,3,风声
一般般,3,风声
还不错,3,风声
3.5~今天不知道发什么神经，完整的看了遍风声。虽然这种级别的酷刑和悬疑我觉得没啥意思，但拍得还是很认真的，各位演得也算不错。,3,风声
國內電影非常好的一個嘗試，但與紅色有關，註定了虎頭蛇尾,3,风声
又无奈的猜出了结尾，然后针灸那段不错~,3,风声
片子其实挺好。但我中间跳过了1个小时。因为实在太恶心了。导演是有严重sm癖好吧！,3,风声
传递情报真是项技术活，除了我D还真没人能参透这其中的奥妙……演技真都不是盖的，唯独不喜欢黄晓明。,3,风声
主流电影里还算凑合的了。,3,风声
李冰冰冷冷的感觉还真不错。,3,风声
要是我想当年的话-----“招，我招了~~~”,3,风声
表演地确实不错！情节有漏洞，惊悚度不够，内鬼曝出得太早，没有很意外的结局。不过这在内地算是好作品了。,3,风声
还好。。不是特喜欢。。,3,风声
矬子里面拔大个。,3,风声
不管剧本的bug是否存在，单从演员的表演和导演对气氛的处理还是值得一看的。,3,风声
三星半。伪百合，披着抗战外衣的推理悬疑片，而且烂尾。,3,风声
主旋律的片子越来越走俏，周迅演技不错，李冰冰凭此片赢得金马影后，没看出啥真正实力~,3,风声
看完了还是觉得一般,3,风声
还行,3,风声
信息这样传真不易。,3,风声
三星半。可以一看。台词弱。with ls,3,风声
没看出有什么好的~~~,3,风声
晚上看的时候被酷刑场面深深震撼，以致做了一夜的噩梦，梦里不断重复那些血腥的画面。没有看过影评，完全没有看出这是一部爱情片......,3,风声
看得心颤。。苏同学你是演技突破还是自毁形象,3,风声
又是和妈咪一起看的。,3,风声
有朋哥绝对配拿“最佳男配角”奖了 *^0^* ,3,风声
幸亏是有部小说做后盾。,3,风声
30RMB...,3,风声
剧情老套了 ,3,风声
我是去看lbb的 ,3,风声
不够美,3,风声
还是不错的，特别是开头一半处把悬疑做到了充分。和老C在最后一排看起来很带劲。特别是他那种多角度分析的范儿是我欠缺的。到后来影片就有点不撑劲，节奏过快失去了之前的神秘和猜疑的兴趣。大团圆结局基本是没任何惊喜的。而且基本靠直接讲述来完成故事使得主题升华显得僵直。我们一起看的第一个半部,3,风声
似乎的确略微胜过听风者一筹  不过老纸总算也看出了一个关键的梗了！,3,风声
桥段之间的衔接比较紧凑，可惜行刑的时候采用了中国电影一贯的处理手法，“拍灯”！小时候看电视里有人亲热，两个人一搂，倒在床上，镜头就切换到旁边的蜡烛或者灯上面，当时心里就想，这是什么玩艺呀！？ 拍灯的都去死！,3,风声
小苏啊。。。。。。。,3,风声
喜欢周迅…被群众煽动后…教主怎么看怎么厌…,3,风声
如果没有最后的独白，完全是R级革命SM版杀人游戏。,3,风声
为什么大家觉得好看？不明白,3,风声
不自觉地被五位演员牵着鼻子走，刚开始认为谁都有嫌疑，谁都像老鬼，甚至在周迅“掩藏心术”、李冰冰“混淆视听”的演技下一度拿不准谁更值得怀疑。情节设计极易让观众有投入的参与感，惨无人道的刑罚增强了节奏的紧张感，抓老鬼玩的是心理战。真正始料未及的是老鬼有两个。众主演表演传神且突破。,3,风声
SM式的观影快感 空虚。原来杀人放火强奸咱天朝都允许，只要借着党的名义...,3,风声
陈国富，你老吓唬人。,3,风声
没传说中那么好看呐，两位女主演技可以的,3,风声
跟宣传片不是一个风格嘛。。。不过真感觉跟《暗算》很像哎。。。原来李冰冰的叫裸刑,3,风声
拜托    那个读女红（gōng）好不好    话说这片我纯粹欣赏周迅,3,风声
哥又失望了，因为我这种悬疑片我居然看了一半又猜到整个剧情了，你还让我看啥........。两位女主角表演很出彩，但是其它几个男演员都感觉演的很装B。,3,风声
我喜欢周迅,3,风声
苏有朋给力！！！！！,3,风声
革命爱国电影算是上了一个新台阶。,3,风声
刑房式的猎奇镜头给多了些，其实即没起到吓人的作用，又降低了悬疑的格调，如果不这么想着两手抓，把胶片专注给悬疑气氛的创造或许会更好,3,风声
共产党都是不怕死滴！！！,3,风声
情节虽然简单，但是国产的能拍成这样也不容易,3,风声
恐怖主义组织总是教育自己的成员漠视生命，不要怕死，而且要争着去死。周迅说出了主题：敌人不会了解，我们不是个人，而是一种精神，一种信仰。人肉炸弹为了信仰而死了，但组织领导不会死，他们要激励更多的人奉献出自己的生命。组织领导把他人之血当成自己的付出。打下的江山，被当成对自己的酬报。,2,风声
格调低下，推理扯淡，能比“女文工团员的最后的下落”稍微好点。升华僵硬得我都要哭了。迅迅，不怪你……,2,风声
作为一部谍战片，这么多狗屁不通的逻辑还出来丢人现眼，只能低分。,1,风声
与原著相比，我最想问的是，国民党安插的特务去哪了，怎么都是共产党的特务了？明显美化共党啊！连原著小说都没有尊重，你丫拍的再好，也是个太监！,1,风声
捉鬼记。,2,风声
简单一句是国产应该支持，究竟能够坚持多久？从立意、剧情到制作，都是问题多多，居然还被热捧。,2,风声
吹牛B也要有个限度,2,风声
片面宣传垃圾；演的都挺好的。,2,风声
偶也笑一下场吧,2,风声
浪费时间,2,风声
嗯，科幻恐怖片。,1,风声
这样的改编完全没有意义。。。糟蹋了麦家和柳云龙的好本子,2,风声
结尾尤其想骂娘,2,风声
少儿不宜版的蓝猫淘气三千问,2,风声
檀香刑+谍战+性虐+拉拉情+密室谋杀,2,风声
瞎折腾= =,1,风声
整个电影就是把我当傻瓜似的……可惜了几个演员……,2,风声
2.5 中國的大片有進步！,2,风声
46金馬,2,风声
剧本是大伤，好几处明显不合逻辑，并且SM过多对叙事造成阻碍。真不知导演怎么想的。,2,风声
侮辱观众的智商。。。,1,风声
导演是个杀人游戏爱好者！,2,风声
剧情bug一大堆。特效copy哈利波特。恐怖恶心场面一大堆结果到了关键时候就用一扇大门外加惨叫代替。党员不但要又高又大又全，还要长得要么帅要么漂亮，要有个性，要会读写在掌心上的字，身体素质无比强悍，要会唱京戏，还要别人三根针就死我就偏17  8根了还能用旋律发摩斯电码。,2,风声
唐绍仪是被军统特务暗杀的,2,风声
这算什么拍摄手法,1,风声
"这么差劲的电影,居然有那么多人说好看.",1,风声
原著语言虽次 起码逻辑说的过去 电影的改编 逻辑混乱漏洞百出 重庆方面的势力干脆抹掉了 所宣传的互飚演技不过如此 要说出色 全片演的最好的是那个傻乎乎的卫兵,2,风声
摄影、布光、美术、布景、演员再强大也白搭。叙事态和视角一成不变，希区柯克的“桌下炸弹”一直没有布下。当张涵予把所有真相全说出，就像桌下突如其来的爆炸，除了吓观众一大跳，再无其他。多少情节点被僵硬的叙事浪费，前一百分钟靠满清十大酷刑，后十分钟靠红色主旋律。最后：中国电影快分级！,2,风声
杀人游戏 罗生门,2,风声
分数有些虚高,2,风声
硬伤不少，情节简单，和电视剧暗算有严重剧情重合，不如宣传的好，二流电影而已。如果不是宣传的那么狠，可以给三星的……,2,风声
好的题材拍成这样编剧简直是硬伤，他妈都暗示我周迅是鬼了那我还看个毛，结尾反转煽情优越感就上来了？片名改成建国大业外传之红色谍战好了！连演员一个个都没有出彩的表演，还有人说苏有朋扮演的兔爷该得最佳男配，我呸，他明明是本色出演！,2,风声
没有那么好。看惯了国外大片，再看这个，以为是电影学院毕业生的作品。张力不够，刻画不清，故事有点单薄了。姐妹情深部分好象是刻意要强调的，也不过尔尔，半途而废。,2,风声
文字的出现总是在怀疑观众的智商,2,风声
包装华丽，叙事拙劣，辜负了原著小说。御用装修派的后遗症。为啥好人受尽酷刑，坏人却死的那么痛快？最可怕的六爷吴刚连个交代都没有，太不爽了。,2,风声
一群不喜欢的,2,风声
靠“虐”和“酷”来吸引观众，是电影的堕落。,2,风声
框架式电影，悬疑为虚血腥变态为实，另外苏有朋挺出人意料,2,风声
有点意思，如果再好好规划一下结构，应该会好看的~,2,风声
算不錯的華語大片。,2,风声
这么差的片子还能评分7.8？,1,风声
漏洞百出,2,风声
有台湾版的吗？,2,风声
扯淡扯得连国共合作都扯没了。,1,风声
看了 周迅 李冰冰 张涵予 王志文 黄晓明 玩了一场杀人游戏。。。电脑效果太频繁了。。。感觉在看MTV。。。,2,风声
人类伤害同类的方式真是赤裸裸的血腥啊。PS：多么含蓄的拉拉情结，曲线救国啊,2,风声
这他妈什么剧情，那个手段还真他妈的残酷！编剧，监制全他妈的去死！,1,风声
懸疑？？＝＝,2,风声
不喜欢血腥暴力SM的慎入，编剧陈国富看得出来煞费苦心的想给大家一个全新的悬念，免得掉入小说的程式里去，但是那些传播的方式也有点太小白了吧。怪不得麦家赶快撇清编剧跟他没关系！哈哈,1,风声
最扯淡的剧情：哪有一条线上安排两个卧底的？还有一个大领导？他用得着出来卧底吗？,1,风声
最好看的是李宁玉的一句台词：你们真是太可怕了！其余真的是没什么印象了。对了，还有就是针灸刑讯，老美对恐怖分子应该用得上。,2,风声
故事简单，纯粹展现暴力；女人都老了；迅哥儿不再让人喜欢。,2,风声
假高潮不能给悬疑影迷带来真快感啊。看完这个戏，再来mtime看看网友的剧情漏洞分析，远比影片本身的娱乐性强。,1,风声
没有逻辑 虽然演员挺好 ,2,风声
只要你不再让我看这样的电影了，我什么都说。。。,2,风声
音乐镜头感都太过火，情节不精妙，表演一般，节奏混乱。,1,风声
傻逼到底了,2,风声
好疼。镜头的节凑不是很喜欢,1,风声
懸疑劇的兩種 讓觀眾知道誰是兇手然後看他看著辦讓觀眾跟著急 另一種是不讓觀眾猜到誰是兇手讓觀眾跟著劇情急 這個片兩種都不是 毫無刺激可言(這片都人說是&#34;意外結局&#34; 我真服了 完全不出意外啊) 除了蘇有朋的娘娘look很出彩 葉錦添的人設美豔到繚亂之外 真沒什麽好看的 還有腐女呢~,2,风声
就这？金马影后？,2,风声
向为信仰牺牲的人致敬。,2,风声
跟书比差远了,2,风声
不难看。,2,风声
小说是没有答案的 猜了一个结果,2,风声
歌不错,2,风声
杀人游戏,2,风声
人肉摩斯码阅读器太nb了……,2,风声
远逊《暗算》，很多细节经不起推敲。,1,风声
唯一有印象的是给周迅用的 大刑,2,风声
还可以吧....更喜欢秋喜,2,风声
看得我有点想吐,2,风声
瘆的我腰疼,2,风声
狗血+狗屎 從頭麻繩搓B到尾也比這好看,2,风声
在好的故事放在这种背景下都会变得极其无聊,2,风声
从画面感、布景等角度来看，国产电影算是有很大进步。不过情节、演技、导演的控制能力还是太烂。简单说，好故事没讲好！,1,风声
实在难有看下去的欲望。,1,风声
无基不友,2,风声
一破B级片,2,风声
什么玩意，隐晦的三级片！,2,风声
幸亏没去电影院看……“摧毁一个人的意志的最好的办法就是让她感到自己的身体不属于自己而属于敌人。”要是以这个为主题来拍估计会更好看些~20091118,2,风声
重口SM女同片广电的审核制度呢。。还对日抗战，我觉得这个词应该改作被日抗战，好像那些严刑酷法没挨够，这几年反反复复加深演绎。全国斯德哥尔摩症候群。,2,风声
老套,1,风声
大题小做,2,风声
讨厌周迅,2,风声
多处逻辑上说不通，悬念差，故弄玄虚瞎唬人,2,风声
烂,2,风声
一部虐心的谍战片.,2,风声
《风声》垃圾，就是一个即将被遣送回去的日本人玩儿一群中国人的故事。整部电影就是虐待。而且情节有多出漏洞。这就是一部电影版的“杀人游戏”,1,风声
作为一部sm片，居然风声能拿到8.0，这真是个奇迹……,1,风声
很装逼、很恶趣味,1,风声
逻辑漏洞,2,风声
变态的失败,1,风声
你妈B 什么破片 我都要睡着了,2,风声
抗日神剧,2,风声
最大的幻想破灭了，一直希望武田是老鬼来着。结局烂尾，该死就死，能活就活，搞情报工作就别像做思想工作，拿肉体毁灭精神长存说事,2,风声
开场20分钟就被我猜出来~唯一让我记得的是周迅滑绳子,2,风声
再怎么难看也比听风者好看！,2,风声
用10分钟解释80分钟无逻辑纯SM的虚张声势故作恐怖。结尾这块大红砖真囧，瞬间远超黄晓明一讲日语就拉远景的出戏功力。可惜了李冰冰和张涵予，好好的演技龇牙咧嘴叫上俩嗓子就完事儿了。白白浪费2小时。哎。,2,风声
丝毫不关心，编剧真恶心,2,风声
无论怎么包装，李冰冰都是一土逼,2,风声
看在演员的卖力演出上多给一颗星。逻辑整个欠通顺,2,风声
挺好奇当年给情报人员都是怎么洗脑的。,2,风声
道具很棒，我指的是服装和室内布置的道具。周迅演的很好。其他就乱七八糟了。,2,风声
不得不说这部影片伴随着我一个悲惨的相亲回忆，所以才给了两星。问题是我最讨厌看严刑逼供的戏码，偏偏还在相亲的时候给我赶上，后果就是整个观影过程，我都险些尿在裤子上，更别提什么相亲的喜悦，或者发生什么情愫。,2,风声
不咋地。,2,风声
五阿哥你突破很大呀！！！不过电影好难看看到迅哥儿就讨厌呀嘻嘻,2,风声
政治的篡改和褒扬和诋毁。,2,风声
有周迅和李冰冰1分无疑,1,风声
这世间居然有这么呆、这么做作的谍战片。。。。,2,风声
太扯了,2,风声
很黄很暴力,1,风声
两颗星一颗给苏有朋，一颗给那大城堡,2,风声
片中的日寇、地下党员、汉奸、包括行刑人，个个都是人头猪。两个大汉举着周迅在绳子上来回拖，为什么不让她两腿朝天，用绳子在胯间拉锯，岂不更省力。李冰冰一直端着凝重的表情走来走去，让人误以为她担着很大的心事，其实吐露心迹之后不过是妇人短见。中国编剧有这种魔力，能化神奇为腐朽，变宝为废。,1,风声
一直以为风声会火是因为我看了麦家的小说，但电影实在令我失望。和原著不能比较。,2,风声
不及电视剧版二分之一,2,风声
虐,2,风声
      这部电影就是垃圾，彻底的垃圾。,1,风声
非常舞台。口碑有时候也会彻底失效的……,2,风声
电视剧改编的，完全没有新鲜感，破故事！,1,风声
论sm镜头可以给四颗星，结尾点题让我恨不得给一颗星，综合一下，两颗星吧，毕竟点题那一段给我带来的恶心感超过了前半部分带来的所有其他感觉,2,风声
一流的演员，二流的导演，三流的编剧,2,风声
实在很弱智... 从对字迹开始就不想看了 简直太高明了... 把人关到房子里对字迹...再到脱衣服...额...无语了...佩服导演 也佩服自己 居然看完了,2,风声
我看不到悬念。或者说拙劣的悬念。,1,风声
怎么前半部分那么好的铺垫，后边儿就泄气儿了。前半部分很好的密室惊悚套路，到最后一下成了红色谍战剧。除了几位戏骨的演技，真的没什么好说的了。,2,风声
没意思,2,风声
哪。。好看了。。,2,风声
和宿舍人一起看完,2,风声
从头到尾就没让我产生愉悦的感觉！,2,风声
框架式电影，悬疑为虚血腥变态为实，另外苏有朋挺出人意料,2,风声
GL+SM版色戒,2,风声
什么破玩意,2,风声
啧啧,2,风声
陪妈妈看的，妈妈看到一半怒关电视，对没有理由，专门秀酷刑方法不能理解,2,风声
这个电影到底想要表达什么啊。血腥暴力还SM。战争很丑陋。主题很不健康。这群人都有病。,2,风声
好在哪儿了 莫非我看的是阉割版,2,风声
台湾导演就算台湾电影吧,1,风声
大三窝在lily床上一起看的，这是我第一次认识张涵予，汗……,2,风声
电影版的暗算第三部捕风。。。抄袭可耻！暗算是最好的大陆谍战电视剧木有之一。。。柳云龙的儒雅无人可及。。。,1,风声
horrible...,2,风声
牵强……,2,风声
这片怎么能是悬疑片呢   抓内鬼的情节不怎么紧张  而且硬伤过多 哎 中国的悬疑片 不行 ,2,风声
这片子是专门血腥用来吓人的吧，想骂脏话。,2,风声
演员演技还行，其他没什么好看的。,2,风声
"其实我就想说一句,您能先去翻翻真实的历史长什么样,然后再来拍这个戏吗?",2,风声
这片应该分级了,2,风声
蠢,2,风声
导演编剧那是什么心态啊……,2,风声
靠，你再牛逼能比《风萧萧》还好吗？,1,风声
无情节。不好看,2,风声
真没觉得好看，剧情毫无味道，演技没得到充分的发挥，这片好像在讲群英荟萃，实则难看，用电视剧的方式拍还好吧，无语,2,风声
一姐周迅一登场我就知道特务必会是他，且张涵予肯定是共党，因为他不可能是坏人。人物重要性从海报排名可以看出来,2,风声
大一军训的时候看的。。。情节很牵强。里面用的刑让人头皮发麻。让我印象深的反而是半个大一新生在开场前的拉歌，哈哈~还有那一块白布拉成的幕。,2,风声
真TMD恶心。,2,风声
2.0/10，“蒋介石早晚要投降”说这话你们亏心不？,1,风声
吹得那么牛逼，其实是一烂片，么啥意思,2,风声
逻辑不通啊根本,2,风声
兩星感覺給多了～,2,风声
SY强身，YY强国。,2,风声
傻逼吧,1,风声
沒這味。,1,风声
因为那时候公司里玩杀人玩得很凶所以集体去看了，结果发现推理还不如我们自己玩得严密，有人说要对国产推理片加以鼓励，我闭嘴了,2,风声
09.10.29 不过如此。。。还没有暗算好看呢。。,2,风声
大哥大姐哪儿有片源啊？给个地址啊。。,2,风声
看不惯丑化国明党的电影，一切企图勾起爱国贼爱国情操来博得票房的电影都是纸老虎。,2,风声
到最后才出现亮点，等的我好辛苦！！！,2,风声
犹豫给个三星，最后很多R级镜头让我这样纯洁的孩子给了两星,2,风声
諜戰片不尊重歷史的態度讓人反感，印象深刻的是周迅受刑的部份。正視歷史吧,1,风声
故弄玄虚，色情暴力,1,风声
阴森血腥吓死人 实在不推荐 黄晓明太烂了吧,2,风声
愚蠢。,2,风声
一场无聊又不出彩的杀人游戏,2,风声
请了一帮好演员，浪费一个好故事,2,风声
悲惨...悲惨的编剧们,1,风声
完全不如电视剧好看,2,风声
TMD就知道用刑血腥暴力一点智慧都没有,2,风声
杀人游戏而已,2,风声
逻辑太弱智。,2,风声
还是暗算比较精彩,2,风声
不是很好看   导演一直强调刑具的残忍我觉得有点过了,1,风声
"编剧的问题还是小说的问题?故事讲得毫无新意.情节漏洞百出.但是有的台词还是可圈可点.就是最后那段周迅的独白听上去好像&#34;快!没看懂的人,这是官方的中心思想&#34;……这片儿水准还不如建国大业.唯一的亮点就是周迅.不理解怎么评分这么高.",2,风声
牵强!,2,风声
尴尬死了！从未这么憎恶假百合,2,风声
搞笑+SM,2,风声
豆瓣上有华谊的人？？？？,2,风声
周迅和李冰冰一出来就看着是好人，典型的国产! 后来情节发展慢慢得有点意思了，可是最后吴大队的一番解释，实在显得画蛇添足，这是我们常犯的毛病，总觉得观众智商低，要把一切都解释清楚；总是突出我们很牛逼，敌人很傻逼。可是当到处都是我们自己人，我们为什么还要搞地下工作呢？,2,风声
一个人看的，不太喜欢 2009年10月5日看,2,风声
中庸，没有一点值得回味的地方。脱李冰冰衣情节，纯属多余，根本就没什么逻辑。唱歌那地方，又吹得神乎其神，苏有朋搞得男不男女不女的，一点也认不出是谁。不值得去电影院去花银子看。,1,风声
烂尾,2,风声
烂的编剧,2,风声
妈的！就是靠恐怖和演员来消费对英雄的敬仰  与原著立意完全不符 赤裸裸地变成商业消遣片 高群书真操蛋,2,风声
教育片。国产大片中脸谱化的同性恋形象。,1,风声
逻辑有问题,2,风声
看明星脸而已  剧情故意制造悬念 可惜我没感觉到,2,风声
既然是谍战片，就应该更诡秘，更奇谋妙计，但是最后我只能说大家演得很卖力..迅哥儿~谷子地~你俩的戏份太少了，直接降低影片质量,2,风声
剧情硬伤比较多，感觉不到推理的乐趣。多少有点把看电影的想得弱智了一点。,2,风声
如果你看过暗算，就会明白风声编剧的拙劣,2,风声
这部电影已经给我很多惊喜了,2,风声
除了几张脸，没什么好卖的。,2,风声
男女主演合格，剪辑摄影有点故弄玄虚，金马奖果然说服力一直没有，李冰冰买奖,1,风声
还成了，。,2,风声
能看么。操。,2,风声
两星半，比不上柳云龙的电视剧版。反派boss气场不够，两个女主演的还行，剩下的硬伤是剧本。单独看可能还行，和暗算比就差远了。这个完全以酷刑为卖点，糙点太多,2,风声
我系洪兴B哥派来杀你的,2,风声
没觉得好,2,风声
神马弯一，悬疑是悬疑，酷刑是酷刑。,1,风声
电影方面我绝对是不爱国，冲着它有上酷刑看了，所以除了酷刑，其它有啥好看的？,2,风声
一点没觉得好看,2,风声
5/10,2,风声
没有 电视剧 暗号 好看，差太多了,2,风声
结尾真是傻逼都能猜到,2,风声
搞了半天就是一出杀人游戏，跟王志文之前演过的《天黑请闭眼》一个套路。。。主题歌不错,2,风声
这个悬疑明显是故意构造 看着 假  不自然,2,风声
一部让观者生不如死的巨片！,2,风声
"因为周迅在Born In China里的垃圾配音, 来给所有我看过的她的作品打一星. 既然她可以凭自己以前的名气跑来玷污一个好电影, 我也可以对她以前的作品嗤之以鼻.",2,风声
很难不感到夸张和无聊。,1,风声
太玄了就不真了，不真了就不悬了，不悬了还叫什么悬疑片,1,风声
结尾太牵强,2,风声
演员卡司很华丽 但是和原著相比 实在是逊色太多,2,风声
就那样吧,2,风声
我觉得除了李冰冰以外的其他人都演的不错,2,风声
恐怖死了，要不是花钱买了票我早退场了，血淋淋的场面肯定会让我做恶梦的,2,风声
如果他们知道自己用生命夺取的江山现在需要子孙后代几个月的工资才够买一平米的时候，最后那段煽情戏是否还能完整的演绎出来。,2,风声
中国的就这么个水平了,2,风声
无聊无味，再不想看国产片,2,风声
没风格没美感没天分。原来高群书是拍警匪剧的。。能理解风声的感觉为什么这么怪了，国产警匪剧美学,1,风声
手工作坊出品,2,风声
改编得乱七八糟，李宁玉被毁了，顾晓梦被毁了，总之原著都被毁了。,2,风声
跟暗算第三部一个套路，逻辑有硬伤,2,风声
美国人的垃圾,1,风声
生硬的把SM施虐情节放到故事背景中哗众取宠,2,风声
演技好。,2,风声
未等影片结束便离席。,1,风声
平淡......,2,风声
快进64也挡不住它的愚蠢,1,风声
看的都想中场出去~快吐了~~~里面的折磨人真恶心~,2,风声
跟白开水一样很无趣,2,风声
黄晓明也适合皇军,2,风声
卧槽啊,2,风声
前半段故弄玄虚，后半段总算是有情节啦。小说想来比电影好看。,1,风声
不错的片子，只系我都好似无睇晒……因为剧情的关系吗？,2,风声
不记得了,2,风声
看过电影，给了两星。等看过豆瓣评论后，发现两星给高了。,2,风声
上邪！还能更蠢一点吗？还唱戏发报呢,1,风声
刑法很可怕 悬念一般,2,风声
分了三次看完,2,风声
该评一星的，多出来那一星，给周迅的。,2,风声
这TM能打7.9？ 留名，10年之后水落石出,1,风声
变态烂片一枚……,1,风声
太血腥了，无理由的血腥。,2,风声
不喜欢,2,风声
暗算+周迅，算是打了折扣。,2,风声
实在是没劲。。。很没劲、、、六十年就献这种片子出来、、、中国、、啊,2,风声
不好看,1,风声
．．．．,2,风声
只有大刑那一段让人肝颤。,2,风声
一般,2,风声
HY的托儿真多，炒影评真没劲,2,风声
什么乱七八糟的玩意。。。到底是虐待秀还是谍战片？？如果是前者还不如看《花与蛇》 如果是后者那去看《潜伏》好了。。。,2,风声
这个电影，根本就应该叫做《汪伪政府十大酷刑》嘛！,2,风声
谍战片？其实演是满清十大酷刑吧。。。。,2,风声
抱着对原著的偏见，打个低分,2,风声
无聊。。给2星是因为演员表演的还不错。。。加上号称是第一部谍战电影吧,2,风声
说是谍战逻辑性差的不行  惊悚镜头渲染的太过 过誉了,2,风声
不喜欢。,1,风声
抄袭···,1,风声
充满了人的残忍，血腥，暴力，情节也很空洞。对于在特殊时间段上映的明显意图，我想到我老娘讲的件事，有个老头每天卖力地拿他的老腰往树上撞，据说是想把他突出的腰椎间盘撞回去，我觉得他一定会沉浸在每天辛劳的付出之中，从中汲取腰椎间盘回纳的信心与期望。,1,风声
10.8 广州UME （肥蹬蹬同VIVONVON）  ,2,风声
果然NB，还没上映，一丢枪手已经驻扎豆瓣，时光网,2,风声
我特别烦里面的特效,2,风声
烂片,2,风声
整个一室内剧 还有那首神奇的空城计！,1,风声
老实说，我没有看到任何出彩的地方。,2,风声
本来这片子有一切良好的元素，互相猜疑、封闭空间、栽赃、心理战，可惜导演太注重各种奇怪的刑罚，完全搞错重点，结果拍得不伦不类。,2,风声
借着正义大开杀戒？,2,风声
好吧，我没什么印象了,2,风声
超级不合逻辑，重度不合历史常识。艺术上，单薄，刻意，生硬，噱头，不明白为什么还有人叫好。好处是还算看得下去。,2,风声
就是个狗血恐怖片,1,风声
老师放给我们看的···说是有历史。但我为什么只看到了华丽丽的sm，和暧昧？,2,风声
这片子很弱智,1,风声
听到王志文说老鬼就在那五个人之中的时候我就知道至少有两个，否则按中国编剧的推理水平不可能编好，即便这样也是硬伤无数，都懒得说。另外，都别恼羞成怒，除了类似阿凡达这样不去看不出效果的电影之外，花几十大元去电影院看电影的全是s13，哈哈——当然，有其他目的的不在此列。,2,风声
10.15,2,风声
在我看来 是部扭曲的片子,2,风声
这TM也能叫悬疑？,2,风声
那么多给高分的就没意识到它抄袭!?,2,风声
暗示有够明显,2,风声
暴力血腥虐待，多了也审美疲劳啊。整个电影绝不是表达最后的什么信仰，挂羊头。。。,2,风声
反正我没觉得好看,1,风声
个人认为比较垃圾 看得很累 不是么 冯小刚的监制真让人失望,2,风声
兔儿爷~,2,风声
太差了，当敌人都是傻瓜啊,2,风声
"特地看了得奖纸质的,不喜欢.",2,风声
导演毁了麦家的故事,2,风声
故事讲得能勾人看的兴趣，场景也是很讲究的，摄影也挺好看。就是人物设置高大全。王志文真是演技好得一逼，苏有朋也真是骚得可爱。,2,风声
难看,2,风声
装腔作势。,1,风声
不喜欢这个剧情诶,2,风声
一个星星给国军被抹杀的历史，一个给那些敬业的演员！,2,风声
说悬疑的话，感觉很幼稚。说爱情的话，又没那种感觉。说是动作片呢，也没什么打斗。     四不像~~没主题,2,风声
悬疑呢悬疑呢，看满120分钟，莫名其妙的煽情，毫无来由的血腥，完全无感的人设，愣是没嗅到半点悬疑片的气味,2,风声
可惜了，最后咖啡馆的戏可以不要的,2,风声
...,1,风声
渣到恰到好处，不用脑子也能看，也算不得太难看。,2,风声
烂片！！,2,风声
白副官很搞笑，死的也很惨。觉得最出彩的还是周迅，搞不懂为什么会是李冰冰成为了影后,1,风声
开头还行，不太喜欢桥段。,2,风声
还不如电视剧版本,2,风声
从演技上讲除了几个有年龄的演员其他人的表演都不怎么样。摄影不精致。而对悬疑片最重要的剧情处理不好，硬伤不少，不精致。,2,风声
差劲。,2,风声
谍战谍的是血腥？悬疑疑的是变态？,2,风声
简直就是柯南破案,2,风声
比潜伏差的太多了,2,风声
垃圾,1,风声
逻辑漏洞太多了,2,风声
内容拼接很生硬，故事不连贯，差评。,2,风声
平淡无奇，毫无悬念，拖沓造作，去你吗的,2,风声
看了不舒服,2,风声
不好，看~无聊~浪费钱,2,风声
有片儿有什么意义吗？,2,风声
老套的剧情，血腥的有点恶心的酷刑,2,风声
差得不是一星半点，只有血腥不见斗智，这也算谍战？,1,风声
很一般,2,风声
本想打1分的，考虑到演员们的辛苦，还是给了2分；完全没有宣传中所说的那样！结果都能被猜到的！要么再血腥点，要么就再媚俗点。这就是所谓的碟战吗？完全不及《秋喜》！！！,1,风声
不是很有意思，没有谍战片的感觉,2,风声
看不懂 不想再看。,2,风声
编剧和导演的水平都实在不怎么样,2,风声
没买过几期收获，正好就看过这部电影的原著《密码》，结果被严重剧透了。而且关键问题是还透反了，原著里的好人变成了坏人，看着李宁玉在周迅耳边说我猜的，然后周迅表示猜对了，一大群草泥马飘过……,2,风声
真的不如原著好看,2,风声
哎，洗洗睡吧。我只记得毛衣密码？,2,风声
真心给“通过唱歌调调传达密文”的党员跪了...大小bug不断，革命爱国思想不断，结尾煽情的时候我想的尽是“要绣那么多字这点位置够吗”。李冰冰很美很有味道...张涵予那个桥段很意外，没猜出来，好评。还有就是我好想玩杀人游戏。,2,风声
20190119重看，改编还是不咋样，当年看小说的惊艳完全没有，原作的诡谲变得稀松平常。周迅演技是真不行。,2,风声
周迅请你选好剧本。。,2,风声
忍不住了，居然有那么多人说这部片子很不错。,2,风声
真的觉得还好..一般。噱头、宣传很到位。,2,风声
风声卖座是说明中国全民傻逼,2,风声
黄晓明用的是配音，太失望了。,2,风声
很好的故事，還不錯的演員，被無聊的酷刑毀了。,2,风声
①比其他国产片认真一些，但还是垃圾，既不合乎历史，也不合乎情理②这些地下工作者以后的待遇就是：降级安排，控制使用，就地消化，逐步淘汰③武田君的“真相只有一个，凶手就在我们中间”,1,风声
劣质版《暗算》捕风,2,风声
呵呵 真尼玛恶心 还尼玛“想和你聊上几天几夜”不带这么膈应人的,2,风声
宣传比电影做得好,2,风声
无趣的烂片,2,风声
乏味。,2,风声
恩，有点恐怖的，不喜欢这样的故事，想说的是怎样去虐待人呢？还是想说中国共产党很伟大呢？？？,1,风声
b片。。。,2,风声
即使不与麦家的原著相比，已有一部很棒的剧版翻拍在前，对影版失望。,2,风声
不管剧情和呈现方式怎么样，最后老鬼独白那一段确实让我鼻酸了一把……,2,风声
可能是中国院线电影最暴力的电影。拿五米长的麻绳，一次次摩擦女犯人的下体而过，穿过女犯人身体的麻绳，都带着丝丝血迹。更别提拿尺子丈量女嫌疑人，下体的深浅这种事情了。,2,风声
为啥评价这么好？这片从一开始就很诡异 为何错误情报要告诉5个人 你一个一个告诉不好吗？这样就轻而易举的找出来了 而且周迅一看就是内应 而她后来却突然要保先前陷害的人 这不明显周迅发现那人也是内应吗。 现在评分都不过脑子吗,2,风声
不太喜欢,2,风声
抄电视剧《听风》的吧~冲突略逊于电视剧，一开始10年看的时候也是因为平淡无奇而换台,2,风声
谍战片，没什么感触。6人场杀人夜，首夜苏有朋被刀，第二天胖子被生推，第三天周迅狼踩狼归票张涵予，之后周迅自爆，最后张涵予坐定深水狼身份，游戏胜利！,2,风声
血腥倒还好，主要是结尾不大经得起推敲,2,风声
除了酷刑，就没什么情节了。,2,风声
太可怕了,1,风声
順應了諜戰潮流，還是比較好看一商業片。,2,风声
太血腥,2,风声
应该这样说，被撕开时很兴奋,2,风声
黄教主在电影里是看上李冰冰了吗 干嘛不对她用刑。。 ,2,风声
CCTV电影频道看的，太血腥了，看着害怕，不管剧情还是表演怎么样，是在觉得血腥的过分。,2,风声
和原著相比真是差远了,1,风声
张涵予能再装点儿吗,2,风声
这是什么鸡巴东西,2,风声
为看周迅mm而看的电影~,2,风声
玩桌游所以补课了一下这个电影：小明很呆比 麻绳真疼。怪不得桌游里面没有小明 嘻嘻,2,风声
看这个的时候好惊心动魄哟,2,风声
太压抑,2,风声
都是扯蛋,2,风声
2.5  1.演技各个爆表啊。2.说是谍战加悬疑，看到一半就可以根据监听失灵必有鬼逻辑推出结尾真的是毫无悬念可言。 3.内心旁白真的low到爆啊……镜语水平忽高忽低…… 4.逻辑混乱，不过叙事紧密。,2,风声
太血腥,2,风声
党员活动看得片子。恶心死。我最讨厌这种直白的残酷。看完后把公司所有看过后向我推荐的同事全部骂一顿——即使她是我上司。那个。。。张涵予在里面可圈可点。,2,风声
矫情了,2,风声
不好看 一点新意都没有,2,风声
烂尾了,2,风声
这个，可能有失偏颇吧，毕竟我被剧透了,2,风声
吓人去了,2,风声
几天整理才发现看过这么多烂电影,2,风声
唉。。怪我太闲了,2,风声
很黄很暴力！！！限制级！！！,1,风声
剧情简直是扯淡！,2,风声
几位主演的演技都不错，黄晓明原来会演戏，今天才看出来。另外，周迅真的太美了。如果不是结尾的“伟光正”这么浓烈我可以打三星，但是剧情这么瞎扯真的好吗？摩斯密码给你们用出鬼来了噗呲。开头没20分钟我就觉得怎么有点像《无人生还》，但也就形上面有点像，实际上差太远了。星我全给演技了。,2,风声
剧情还ok。就是太暴力。我受不了。,2,风声
摧毁一个人的意志的最好的办法就是让她感到自己的身体不属于自己，而属于敌人,2,风声
第二次看还可，在这部影片里，黄晓明的演技应该达到了人生巅峰。,2,风声
李冰冰你应该裸得再多一点,3,风声
2.7,2,风声
2010.1。这个被吹的很厉害啊…不过里面是够残酷的刑法，黄晓明好评！,2,风声
浪费时间,2,风声
这他妈就一逻辑扯淡的les片,2,风声
"乱七八糟的悬疑片,牵强附会的扯上爱国",2,风声
政治错误,2,风声
谍战片不走智商战走虐心套路，后面全部揭开谜底他妈太不爽了。。,2,风声
感覺太玄乎了。而且有點血腥，少兒不宜。,2,风声
看完原著再看电影…真的是…太一般了,2,风声
漏洞太多,2,风声
看着太累,2,风声
剧情老套；酷刑让人极不舒服的同时，没有任何别的意义，似乎只是为了酷刑而酷刑，以此搏出位，反而成为了严重减分点；看到一半就知道结果的剧情骗骗大众还行，但是我肯定不会买账。。。,2,风声
我们的思维可不可以再复杂一点,2,风声
无感,2,风声
没意思,2,风声
吓死,2,风声
一个个除了装模作样，没看出有什么好。,1,风声
额，坐怀很乱的看完，不之所云啊,2,风声
总觉得有些落差。这么多名演员集齐总是会有看头的，剧本的魅力在我看来是群戏的容量，可以有这么多鲜活的角色，悬疑方面倒略低于我的预期了，铺陈不够的感觉，影响观感。基于这是占尽投资献礼种种先机，严格的标准评价，并对某花瓶的存在表示鄙视，两星，导演再给力些就好了。,2,风声
漏洞太多，还不如小说原著合理！,2,风声
无感，残忍。,2,风声
对小说进行了颠覆性的修改，越改越差，漏洞也很多。如果完全按小说拍摄应该可以给4星。,2,风声
通过运营在二十一世纪还能把尴尬的手撕国民党特务搬上大银幕并公关获得高分的教学片,2,风声
吴大队长真的不是凡人，被拷打成那样之后，依然神志清醒，口齿伶俐，对音律的控制恰到好处。以后只要队伍中有一个叛变的，没事出去哼哼戏，早就一网打尽了......,2,风声
因为顺手就看了这部片子，结果坚持到了2/3，终于坚持不下去了，完全没有心理的过渡，每个情绪的转折都让你觉得如此的突然而不可理喻。垃圾，浪费了我的时间,1,风声
毫无逻辑，胡编乱造,2,风声
在电影院里差点睡着了。。。。。。,1,风声
血腥吓人，不反特，很恶心，这里面的张涵予帅但是不吸引人,1,风声
我也不知道。。。演员吧。。。,2,风声
烂片,2,风声
情節扣人心弦，也令人發指。,2,风声
被李冰冰感动，负十分的周精淋的演技被爆成渣，单一的为爱而生，精淋还是回家洗洗睡吧，有男人等着呢,1,风声
细节不符合时代，比如女人的内衣；情节不符合历史，军统搞暗杀，中共只搞战略情报，关心日军是北上打延安还是南下打蒋；全剧除了血腥与变态，缺乏谍战剧的精神内核———特工的内心。全剧抄袭《暗算》中的捕风一折，与钱之江相差万里。,1,风声
看不下去,1,风声
情不知所起，不明所以，差评,2,风声
不就是《暗算·捕风》换了个历史背景吗？,2,风声
惊悚片大过谍战片吧,1,风声
太囧哦这个,2,风声
去年倒数第二没劲,2,风声
看完觉得智商和审美被侮辱了。,1,风声
挂羊头卖狗肉。,2,风声
"2,5星。又是从暗杀转到了风声。我朝的刑罚真是种类繁多非常残忍啊，看的时候毛骨悚然鸡皮疙瘩。虽然影片也许只是展现了我国众多残忍刑罚的皮毛。因为看前被剧透知道大致情节，所以猜内奸的乐趣自己就体会不到了。。周迅其实挺娃娃脸的，就是声音粗。",2,风声
各种大忽悠，针灸也能当酷刑的话，怎么现在不用了，别说什么失传了。针脚当可以通过长针和短针分别代表0和1，可你他妈别忽悠唱句唱词的韵律也能当摩尔斯密码。,2,风声
根本就没有悬念周迅一星李冰冰一星黄晓明减一星,2,风声
如同游戏闯关一样的推进，审美疲惫了,1,风声
这真的是一部烂片 对一个看过原著的人来说,1,风声
可惜结尾粗糙．,2,风声
这是一部虐杀片？,2,风声
哎，我真的觉得这个片有点血腥，逻辑不通。,2,风声
比起电视剧《暗算》的第三部分 差远了,2,风声
在我眼里 周迅演什么都像周迅,1,风声
主要是剧情有点无脑,2,风声
变态。,1,风声
周迅与李冰冰的拉拉二三事。,2,风声
掺入太多性虐元素的视觉鸦片,1,风声
什么玩意，结尾是狗屁，真喜欢看书去,1,风声
听得出这个旋律的都是同志，恩。,1,风声
阵容强大，看来选演员的那货不是混事的……每个人都有他特殊的人格魅力，，ps : 小白死的好惨啊……！！,2,风声
被酷刑吓倒了,2,风声
记得老师在课堂播放给我们看。大家看到一半实在看不下去了。很血腥很恶心很可怕。,1,风声
做作 ,2,风声
全是血腥，一群地府动物与牛鬼,2,风声
人人都是达到敌军内部的特务…………,1,风声
叫你抄,2,风声
结局烂 人物按部就班  悬疑气氛可以  SM倒胃口,2,风声
没什么意义的血腥。,1,风声
问蛋哪得疼如许。。。。。。在一个如此普遍缺乏逻辑和理性的果家，拍神马悬疑片嘛。。。。。。不是给自己找难看嘛。。。。。。。,1,风声
国内同类片里算不错的啦 情节上的瑕疵可以忽略,2,风声
夸张的表演,2,风声
血腥,2,风声
一看这些人和场景感觉就没兴趣,1,风声
硬伤满街。,2,风声
难看,2,风声
真是喜欢王志文啊,2,风声
演技还行，可这是悬疑片吧，论悬疑的话，根本一点都不悬疑，也就6分的水平，水军太多了吧,1,风声
好好当你富二代，搞毛TG,2,风声
没有意义,2,风声
有演技派张涵予和周迅，给两颗星。其他的演员的演技在对比下，显得尴尬。,2,风声
氛围营造的不错，但剧情漏洞太多。作为悬疑片，逻辑如此不严密，本身就是不及格的。,2,风声
我的天 这片子看点在哪？ 烂的要死,1,风声
4,2,风声
绳刑的花样蛮多。“1942年10月10日，汪伪政权举行了盛大的国民政府庆典。然而，一系列的军政要员遇刺事件，让身为特务处长王田香（王志文 饰）如坐针毡。在对女刺客（刘威葳 饰）的酷刑审问中，他获得了一条关键的情报——代号为老鬼的地下党已经混入了剿匪司令部。立功心切的王田香立刻向日本皇军特务机关长武田（黄晓明 饰）做了汇报。二人随即在裘庄布下了一个圈套，意图通过放出假消息逼老鬼现身。”,2,风声
又被豆瓣给忽悠了，就是一恐怖片，密室，酷刑，密码，革命先烈舍已救人，电锯惊魂2的抗日版，看了后悔，本来想给2星的，看评分那么高，只能给1分了,2,风声
王志文再加把劲,2,风声
镜头晃的眼睛要瞎咯,2,风声
