超级耐看和严重被低估的电影，看十来遍了越看越好看，我想100年后还是有很多人爱看它。,5,功夫
再都不可能出现比它牛B的功夫电影了,5,功夫
重温星爷的功夫，猛觉得这是部无比伟大的电影！,5,功夫
"包租公,包租婆,斧头帮,冯小刚被砍,....都是经典.",5,功夫
哪怕里面冷眼嘲笑一切世间丑恶，依然保留一个温暖的希望。小人物逆袭，充满悲与喜，泪水几人知，初心却未变。十年之后再看功夫，无论是打斗场面，特效技术，还是笑点包袱，依然不过时，华语动作电影巅峰之作。,5,功夫
重温《功夫》，改四星半。阿星认出哑女这段，身后海报是金姐与弗雷德的歌舞片《礼帽》（1935），符合时代背景。当初看时没多想，现在想想应该也有其寓意。礼帽是斧头帮成员的行头，而身后的海报是帽子飞舞，代表阿星弃恶从善，正好对应这场内心转变。ps:前面斧头舞也有弗雷德.阿斯泰尔歌舞片的意思。,5,功夫
星爷21世纪最好的电影，甚至比之前的一些电影都好，我起码看过5遍我会乱说？那些经典台词都倒背如流了,5,功夫
功夫最后结尾所有的角色都以路人出现并不表示这是小男孩的一个幻想，而是说曾经的江湖中人和武林高手，终于都走出恩怨瞅啥，过上了幸福美满的生活，比如神雕侠侣做了普通人，火云邪神指挥起了交通——最大的证据就是，死掉的角色都没有出现，说明故事是真的，不是幻想,5,功夫
别装逼了，这片绝对值5星,5,功夫
不要说烂，其实很卡通很cult,4,功夫
十分纳闷这部电影不上9分,5,功夫
周星驰形式上的巅峰，但是意境已走下神坛,4,功夫
感觉【功夫】应该8.5分以上，同意的点赞,5,功夫
华丽的夸张，情节倒是紧凑，毫不拖沓,4,功夫
个人认为这是星爷作为导演拍的最好的一部片子。,5,功夫
不知道看第几遍了，只感受视听语言和节奏就已经共振到流鼻血的程度。,5,功夫
我看了三遍 你相信吗,5,功夫
电影院里他说，你笑得好开心。,4,功夫
豆瓣连8分都没上 明明很棒 心中可以8分以上 感觉被低估了,5,功夫
不知道为什么这部电影的评分这么低,5,功夫
说这是一代功夫片巅峰绝不为过！星爷是天才！这么多年了，无论看了多少次，每次都忍不住感叹经典！儿时的我们不是有同样的一个梦.成为高手..英雄就美吗？如果没看多遍，又有几人真正看懂了这个结局？,5,功夫
这片子居然没上8，我不服。,5,功夫
豆瓣第一个电影条目,5,功夫
"功夫后再无功夫，功夫的最高境界见天地见自己见众生，最后一句对火云邪神说的,想学啊？我教你。哪一个震撼，毫不夸张地说周星驰导演的巅峰之作，至今仍是心中最佳功夫片",5,功夫
这是周星驰最后一次让我感到可爱...,4,功夫
无论从哪方面来看都拍的真的好，放在2017年看也还是很搞笑，给四星以下的豆瓣网友不用质疑你们自己眼瞎,5,功夫
星爷很经典的一部作品。这部电影塑造了很多出彩的角色，哑女，包租婆，斧头帮……如来神掌✋,5,功夫
以前看过给了三颗星，现在再看，给五颗。,5,功夫
其实这个故事不算喜剧。。半生沦落，半生辛酸，除了吹牛逼什么都不会，这是一种悲哀。,5,功夫
吐槽完《美人鱼》吐槽《西游伏妖》，吐槽如今的周星驰，但是佩服功夫时期的那个周星驰。这是一部好电影，不管在那时还是现在，不管看个多少遍。,5,功夫
7.9的分数证明豆瓣里所谓的文艺青年的审美终究和不文艺的群众一样，是局限于时代的主流审美，所以面对风格超前的影片表现出无能为力的孱弱欣赏,5,功夫
《功夫》竟然才7.7分，那些刷低分的倒是找出一部比这部电影更好看的喜剧动作片啊。,5,功夫
在香港影史上应有特殊地位，拓展了武侠片的类型时空。草根无厘头，想象与反讽、结构与解构融为一体。数字技术创造的实景奇观,4,功夫
刺客信条发布会，法鲨说他喜欢的中国电影是周星驰的《功夫》，两大男神的奇妙联系,5,功夫
黄圣依的哑女可真美，真纯，电影还是星爷一贯的小人物到大英雄，很经典，很有意义,4,功夫
周星驰的电影都需要长大才能看懂 ~小时候一点也不喜欢这部片,5,功夫
这是星爷最后的巅峰啊，怎么才7.8分,5,功夫
不再是星爷的个人秀，而是群英共舞。包租公、包租婆、苦力强、裁缝、油炸鬼等角色都鲜活独特，过目难忘！,4,功夫
重看四星半，毕竟当年不识其中味；快银前身，阿Q后裔，大时代里的小人物，小世界里的大境界；每个华语导演都有一个武侠梦，每个男孩都有一个英雄梦，每个孩子都有一个甜蜜梦想；开场就高潮，武打段落章节分明，门派清楚，人外有人，仁者无敌；最爱星爷嬉笑之余的严肃，热闹之外的荒凉。,4,功夫
看了很多遍，每个镜头都记住了。那时的星爷还真是年轻啊，现在已经满头白发了。,4,功夫
星爷所有电影里面最喜欢的一部，黄圣依太美了，真的好清纯，结局的时候男主才是真正的绝世高手，从天而降的如来神掌成为了电影里永恒的经典,5,功夫
虽然自恋浮夸还特纯情，可是真的好好看啊啊！喜欢每一个角色！当年并不知道那段竟然是库布里克😂,5,功夫
说这是一代功夫片巅峰绝不为过！星爷是天才！这么多年了，无论看了多少次，每次都忍不住感叹经典！儿时的我们不是有同样的一个梦.成为高手..英雄就美吗？如果没看多遍，又有几人真正看懂了这个结局？ 【那些年黄圣依美的能气死刘亦菲！】,5,功夫
这都2018年了，还没上8.5？我想那些很多年前给功夫两星三星的人是时候该审视一下当时的自己是不是分打低了。,5,功夫
ʕ•ﻌ•ʔ挺好看的  黄圣依这片里是真美啊,4,功夫
聚集在那幢叫“猪笼城寨”的地方的人给我印象最深了，真是大隐隐于市。,5,功夫
星爷影片中特别喜欢的一部。各种世外高人秀功夫，如来神掌更是神来之笔。斧头帮，卖艺的瞎子，包租公婆，小哑巴，到现在还印象深刻。,5,功夫
等过几年你们再来看，真的很经典！,5,功夫
依旧星爷风格，不过还是更喜欢他以前的电影，里面的斧头帮包租婆印象还是挺深刻的,4,功夫
星爷很经典的一部作品，从很早以前就看到现在，不知道看几遍了。,5,功夫
2004年的电影现在看打戏特效也没觉得过时，给星爷五星。黄圣依的颜值巅峰真美。,5,功夫
星爷在这部片子上倾注了太多心血吧，以至于后面的几部片子有些那什么了。精美的特效，一样搞笑的台词，但是也看得出这个伴我们欢笑的星爷真的老了。,5,功夫
经典啊，看过好多遍了。很喜欢周星驰无厘头,4,功夫
重温。美术，配乐，摄影这些技术环节即使放在最顶尖的华语电影中也是最好的一批，星爷用他职业生涯最好的表现继续讲着一个小人物惩恶向善的简单故事。时间会证明，《功夫》就是周星驰最好的电影，而且远远超出第二好的电影，他想跨过自己的顶峰，恐怕也只能靠《功夫2》了。,5,功夫
从这部电影开始认识黄圣依，至今对功夫剩下的记忆就是黄圣依当时的清纯美颜！,4,功夫
从未顾忌自以为是者所嘲弄的世俗，自我初心所不变是那侠之大者的梦。周星驰所饰演的小人物总是充满悲与喜的交融，在看似荒诞的无厘头幽默里却能予人以真切的感动，《功夫》并非一场低俗的恶搞，而是周星驰集人生所感，匠心独诣而出冷暖交织的江湖情仇。,5,功夫
现在再看这部电影，依旧能获得很高的分数。有条不絮的剧情描述，简单而不故弄玄虚。个性鲜明的人物刻画，幽默超前的台词，天马行空的创意特效，热血与温情兼备的情感刻画。周星驰先生，真正为喜剧电影而生的天才。,5,功夫
保守估计我看了17遍,5,功夫
	影片的一招一式、插曲配乐无不体现着香港功夫片的精髓。,4,功夫
浓烈的周星驰风格，包租婆是亮点，黄圣依很惊艳。,4,功夫
黄圣依和棒棒糖，降龙十八掌，周星驰还是这么有趣，还可以的,4,功夫
星爷的电影每次看都不会烦，而且还会有新的感受。星爷的配音也是印象深刻了！,4,功夫
感人！！新世纪华语至少前十吧，太好了也，载入史册。哪儿哪儿都好，各种创意也真是绝了，集大成之作。星爷超级迷影的，这部很能看出功底，功课做得太好了，又加上他的想象力，只有跪的份。,4,功夫
百看不厌！,5,功夫
多年前的三星改成五星……“你还记不记得有一招从天而降的掌法？”,5,功夫
《功夫》是周星驰最具代表性的作品，没有之一。功夫背后隐藏了很多周星驰对哲学与人生的思考，引起观众的共鸣。,5,功夫
包租婆让我印象好深刻，狮吼功呢。星爷式喜剧和他的武侠梦，小人物命运的轨迹，意外的好看和温暖,5,功夫
挺好看的，结局感觉很有意义，黄圣依当年太惊艳了，好看,4,功夫
十年之后重看，大银幕上依旧惊艳,4,功夫
「自古正邪不两立，我不入地狱，谁入地狱？」重温《功夫》，才看见这种从小人物到英雄的转变。看见星爷在电车上张牙舞爪地用力发笑，我竟然想哭。,5,功夫
我真想问问那些给低分的人是活在一个意境有多高的世界里,5,功夫
再也没有人能在笑点里悲伤的这么顺其自然，总是所有人都忘了幽默的内核都是悲伤。,5,功夫
周星星必须单独做一个标签，就像电脑里有个专门的周星驰文件夹一样。什么时候第一次看记不清了，周星驰电影特有的幽默桥段，天马行空的设计，再加上带有周星星个人特征的打斗场面，这是一部值得收藏的电影。犹记得当时最深的印象是里面有个惊艳的女神，可以没有台词就让人回味无穷，这也是周厉害之处。,5,功夫
我看的是非配音版，过年那天爸妈不在家，我和哥哥妹妹去新家送东西之后又去姑姑家送东西，在看完春晚之后租的碟片看的，那天是我一生之中最温暖的一天，我永远都会怀念那一天,5,功夫
很经典，很棒的星爷呀，超级喜欢呢！！！！！,5,功夫
在豆瓣竟然没有上8分，有些奇怪啊，可能自己的口味跟大家还是有些不同。风格如此鲜明，并且完成度很好的片子，绝对值得推荐。风格，无关乎好坏。并不是每一部电影都承担着的大讲人生道理的使命，有时候单纯的笑笑也是有意义的。,5,功夫
我心目中的周星驰电影no.3（2019年10月更新：正式上升到no.1）,5,功夫
打戏动作看的真爽，支持星爷的经典作品。,5,功夫
第一次看的时候有点失望，后面又看了几次又觉得确实是星爷的电影,5,功夫
再看还是牛逼，幸亏赶在下线前看了！今年的院线片十佳，《一代宗师3D》和《功夫3D》就占了俩。。。,5,功夫
不记得了也好，忘却也是一种幸福,5,功夫
想象力和血腥的恶趣味都很赞。反倒是星爷自己的角色扁平化缺乏了厚度。,4,功夫
看了好几遍 一直很喜欢 一直觉得功夫是星爷给我印象最深的电影 小人物的逆袭 有周氏特色 那个时候黄圣依也那么清纯 记忆里递过一个糖的女孩,4,功夫
无论是打斗场面，特效技术，还是笑点包袱，十年后看，依然不过时。哑女，包租婆，斧头帮，如来神掌…都是经典，当之无愧的华语经典。看着每年贺岁档出现的西游，再看看周星驰的巅峰，不胜唏嘘。,5,功夫
每个孩子心里都有个拯救世界的梦想，而星爷，只是把它说出来,4,功夫
对包租婆和包租公印象很深刻，起初不喜欢他们，后来才知道原来他们所做的一切都是为了保护大家。,4,功夫
许多年前，在一辆火车里床铺上的小电视中看过。今天再看了一次，当年看的只不过是热闹。而今天我就被阿星被火云邪神打得五七八五时却用比火柴棒稍粗的木棍对火云邪神的迎头轻轻一击的举动感动不已。当初，我以为这是讲述的一位英雄的故事，而今天我觉得它是关于梦的叙述。,5,功夫
曾经让我笑得前仰后翻的电影如今看来却使我热泪盈眶。从台词到动作，从夸张的表情到着装的素朴，无一不透露着一个人奋斗之漫长道路。话说成人不自在，自在不成人，但特别欣赏他那样放肆地挥洒笑意和一直以来的自嘲自疯。更多时候我真切地感悟到了他如何秘而不宣地将这种冷嘲热讽化作一往直前的动力……,5,功夫
港台佳作073.本片能够成为经典，功劳当属周星驰黄英华刘家昌众人，缺一不可。尤其是音乐在片中的作用发挥到了极致，无论是斧头帮的恣意狂舞，还是冰淇淋摊前的久别重逢，每一幕都伴随着音乐成为了观众们心中难忘的时刻。周星驰的想象力在这一部达到巅峰，并开始弱化自身角色的属性，也是一出好群戏。,5,功夫
黄圣依当年太让人惊艳了,5,功夫
很不错，看完啦，很舒服，就没别的感觉，就是看着舒服，看着爽,4,功夫
十载光阴，风霜染鬓；岁月不饶，光影留痕；今朝再起，当年风云：小小流氓，弄鬼装神，黑帮横行，霸道不问，闹市隐侠，童梦如真，故人重逢，心重千钧，善恶黑白，一念之分，神掌一出，端定乾坤，功夫3D，卓尔不群；影者周星驰，当世唯一人,4,功夫
这都不上八分，豆瓣果然有审美……==,4,功夫
以后看不到星爷主演的电影了吧,5,功夫
麦高芬、错接、库里肖夫效应、降格拍摄、强造型应有尽有，简直就是低成本大制作的专业教材嘛。意境也不错，我想星爷这辈子拍不出比这更好的电影了,4,功夫
多年后重看，原来这部电影不光好看，而且好美，一点不俗套。为什么年少的我没发现呢？,5,功夫
越看越想看，居然没上八分？各位文艺青年给的太低了。,5,功夫
时隔十二年才看这部电影，才发现好多经典台词都是从这里面出来的。。。非常喜欢那个小镇，就是包租婆讨厌了点。。中隐隐于世。。。能力越大，责任越大,4,功夫
感觉评分偏低了，现在很难看到像这样牛逼的喜剧片了，来补补评分，我觉得8.5分一点也不过分。,5,功夫
星爷的电影很独特，搞笑的背后都是无法言说的伤，,4,功夫
豆瓣的评分标准有时候真xx，呵呵，7.9分，越想越有气。,5,功夫
真的是我认为的华语电影top10,5,功夫
拯救地球就靠你了,5,功夫
越看越耐看，随着年龄的增长，每看一遍越觉得周星驰真是个牛人，超级牛人，这应该是星爷最好看的一部了,5,功夫
笑笑更健康,5,功夫
以前看过毫无印象，再看感慨真的好。煽情搞笑都不尴尬，配角群戏多，每个人都很立体，主角戏反而不多。场景镜头都好，武戏场场精彩，哪怕特效是十年前的。而且太多经典台词。,5,功夫
最后的那个如来神掌真是帅呆了！前期比较惨，后期逆袭！星爷的电影既搞笑也有其蕴含的道理！,5,功夫
一直认为豆瓣的评分是相对公正，有参考价值的……直到刚刚发现，这部电影评分竟然没上8分…………,5,功夫
无论是“功夫”在拳脚方面的实招虚气、力道神韵，还是“功夫”在江湖方面的以善抗恶、拔刀相助，都表现得非常够味。有几场戏极其心酸，充满了对底层人物的歌颂。十年后再看《功夫》，周星驰给你多少笑声，你就要拿多少泪水还给他。缺点什么的，可以忽略不计了，香港电影万岁。,5,功夫
周星驰至今为止最好的电影。,5,功夫
完成度依旧高，整体流畅性可谓星爷之巅峰，不仅节奏把握张弛有度，而且是其视听语言中意境最高的一次，而视听觉完美融合的成效，不外乎单看影像奏起配乐、单听配乐浮现影像。很多地方有徐克的味道，尤其是武打意境的表现上，但不可否认出自星爷之手的东西还是更富其风格，他以更强更夸张的漫画感，使得这个标准的武侠片得以将东西方元素完美的糅合并表现出来，最体现这点的还是[弦音兄弟]下杀手的几段——声起血散人头落，琴弹鬼仕拳刀磋；前者考验视听，后者考验表现手法。可能故事不算高明，但细节绝对是丰富到高潮，人物塑造更是心血集成，大小角色十余个全部安插得恰到好处，出尽风采！台词的魔力也不容忽视，念读百遍仍不绝于口。结局面对反派，如何让他输得心服而又不让故事落入俗套？“你想学啊，我教你啊”。仁者无敌，宗师气度，又是一个星星梦,5,功夫
男孩梦到了自己变成了武功高强的星爷，还是星爷梦到了自己有回到自己的金色童年，一股意识流在时空中穿梭，在星爷的电影世界和他的现实世界中穿梭，在星爷人生的现状和他的金色童年时代穿梭,4,功夫
腰里揣着死耗子还冒充打猎的。,4,功夫
影院重看。10年前的片，好多细节还是很精彩。再看物是人非，诶。,5,功夫
功夫无疑是周星驰执导的最好的一部电影，商业性和艺术性协调的很好，很耐看！融合了中国民粹的武打场面非常具有看点，音乐也很惊喜，故事延续了一贯的小人物变大英的模式，影片各个方面的观赏性都很棒，经典。,5,功夫
记得是当年某杂志评选的那一年全球十佳，后来才慢慢体会出它的好，它的独特。,5,功夫
看星爷的喜剧还是要看以前的,5,功夫
完美周星驰电影~,5,功夫
念念不忘十年的电影值不值五星？,5,功夫
"我第一遍看的时候给这个片子的评价是：【特效太naive,故事Too simple!】，但还是给了四星。这次再看3D版，发现剧情无任何变化，也几乎没有任何3D效果。属于索尼哥伦比亚炒冷饭骗钱之作。但10年过去，片子本身可看性依旧很强。情怀依旧。因此还是给个四星吧",4,功夫
“有种观点认为在某些层面上武术电影是暴力的。当然许多片子的确如此。但最好的那些之于暴力，如同阿斯泰尔与罗杰斯之于浪漫：没人严肃以对，反而可以更多去关注那些华丽的动作编排。功夫这片就像成龙和基顿遇到了昆丁塔伦蒂诺和邦尼兔。”（伊伯特）……监制刘镇伟自回魂夜分道扬镳近十年后再度与周联手。而这也很合理解释了：为何功夫这片中最出彩的异性组合不是星星/芳儿，而是包租公/婆，特别是包租婆！只因葡萄大仙始终有着离散化群角喜剧结构偏好，无论身份是导演还是编剧，总会力求在主角情事外再设情搭，并使之喧宾夺主——钟镇涛在精武门、萧芳芳在方世玉。周星驰在片中其实是靠着正剧主线的角色弧变（街头混混变顶尖高手）才压制了元秋在造型性格上的喜趣优势。纯周指导非刘参与的作品则不会允许此事发生。想想少林足球与喜剧之王。,5,功夫
怎么会有一部电影创造了这么多经典人物经典镜头经典台词…？,5,功夫
居然没上8分！怒打5星！,5,功夫
动作设计，台词，人物形象塑造，在华语电影中就是封神的存在,5,功夫
BGM神了。赞炸了。心目中能排上号的中文电影。,5,功夫
看了无数遍。在我看来是周星驰作品的里程碑。在此之前格局略小，在此之后逻辑混乱。,5,功夫
居然没上8分？                                                     12/22我又看了一遍,5,功夫
小人物也有出人头地的一天，很喜欢的一部电影，里面黄圣依扮演的哑女既清纯又可怜。,4,功夫
星爷自导自演的超级棒功夫喜剧,5,功夫
场景，台词，人物都很经典，尤其是人物形象很立体，看似性格暴躁的包租婆，好色滑头的包租公，却会为邻居伸张正义，那句包租婆，怎么没有水了呢，成为一代人的回忆,5,功夫
星爷对功夫的诠释，，，不给五星都都对不起自己。。,5,功夫
星爷的电影以前还是挺不错的！,4,功夫
包租婆怎么没水啦,4,功夫
放到今天票房50E以上的神作,5,功夫
第五遍刷，星爷的电影随着年龄增长每次都能有不同的感受。黄圣依简直童年女神。这片竟然没上8分不合理啊,5,功夫
周星驰真是充满灵气,4,功夫
看一次哭一次 这部电影简直好看到天上,5,功夫
周星驰成名之作，每个人物都很出彩故事吸引高，还有功夫动作都值得夸,4,功夫
周星驰当导演后最具欣赏性的一部片子，画面精美流畅，笑点颇多，他本人前大部分的表演也非常精彩。这跟他的苛刻甚至不近人情有很大的关系，演员的精挑细选也很花心思，片中每个有打戏的演员都是行武出生，动画部分也改了N次之多。,5,功夫
《功夫》简直就是周星驰的巅峰作品，也是我一直以来最喜欢的作品，没有之一。每次看过本片，都想对片中所有的演员致敬，感谢他们能把中国的“功夫”文化存留下来。动漫式的表现方法使“功夫”理应成为不输美帝超能力的好题材，可近年却没往这个方向发展实在可惜。用演员真的很重要，求星爷别用明星了。,5,功夫
各个场景的切换衔接自然，镜头流畅优美，情节节奏掌握非常好。小时候把它当喜剧片来看实在是不公平。被低估的好电影。,5,功夫
每次看过一个周星驰的电影，都会觉得功夫真是好电影啊。,5,功夫
童话般单纯的暴力美学。动作特效看得很过瘾。电脑上看的话，记得下载1280P以上的高清版。视频尺寸太小会严重影响体验。,5,功夫
真的是不同角度能看到不同的内容，关注长镜头的运用和道具、布景的小细节之后，总是有意外惊喜~,5,功夫
10/10 分。2018.01.28，重看第三遍。当年电影院看的，去晚了，开场的冯小刚那一段都没看到。。。《少林足球》的三年后升级版，很多功夫和喜剧元素都在《少林足球》有过，不过做得更加精致和搞笑了，比如开场的舞蹈。。。极具生活气息和搞笑的台词，特别是从天残地残出现后的那一段。。。,5,功夫
是以往周氏电影的巅峰，依然延续了【肤浅表面的自己—痛苦的嬗变—深刻的新生】这三个阶段，不过与以往相比，其创举在周星驰进行了电影语言层次的革新，尤以蝴蝶破茧而出的隐喻蒙太奇最为出彩，这是真正电影独有的，影像上的，而不同于文学剧本层面所表现出来的，最后的童心之举更是点睛与升华,5,功夫
经典就是不管时代如何变迁，潮流如何迭代，看过多少喜剧，你还是时不时地拿出来重温，并感叹一句真特么好看！,5,功夫
最后星爷和黄圣依进糖果店后，有彩蛋，有三对情侣，包租公和包租婆，剪发小哥和阿朱，金丝眼镜男和阿珍。,5,功夫
黄圣依一辈子就美了那么一瞬间……………………,5,功夫
重新看功夫觉得周星驰真的是超厉害，放置的笑点和有意的夸张一点也不显得突兀，让人乐在其中，全程无尿点。隐藏在市井中的绝世高手真正追求的作为小人物的自在逍遥。黄圣依当年真是嫩的出水啊……,4,功夫
【A】小时候看了一遍又一遍，从不觉得厌烦。周星驰这一次不拼情怀，不拼搞笑，甚至连特效也没有拼多少。而是彻彻底底的用电影语言来讲一个故事。可能，这是周星驰最接近《大话西游》的一部作品了；也可能，周星驰再也不会有比它更好的作品了。,5,功夫
太经典了！摆在明面上的都是招摇撞骗的假把式，大猫都不声不响地藏着呢，真正的绝世高手是不会唯我独尊的。怪不得“采访的终结者”星爷每次碰到《功夫》的话题，都能相聊甚欢，里面好多真谛希望能让人们看懂呢！,5,功夫
周星驰作为导演拍的电影里，我认为这部目前为止还是最佳,5,功夫
很多片段看过不止一次，但完整看却是第一次，看出一种马尔克斯式的荒诞与无奈，但仍保有周星驰的纯真与梦想。,5,功夫
四年前第一次看，当时只有7.5的评分，现在已经8.1了，不知道我下一次看会不会更升高一些呢。有人说喜剧之王是星爷作为导演的最棒作品，我觉得是功夫。星爷的电影中，只有小人物，没有小角色，现在我闭眼想想那些大大小小的配角，每一个都历历在目，形象鲜明而有趣；虽地位低下，却有尊严，也有本领。黄圣依的角色全场没有一句话，出场时间也那么短，但看完电影后谁又会忘掉她//影片开头，一只蝴蝶飞过戈壁，塑造出一种沧桑的荒诞感，这也是贯穿全篇的感觉，是很扯的故事，但道理却真真切切，既荒诞的让人发笑，又让人感到悲凉无奈。影片有一些仪式化的场景也很有这种感觉，像围剿鳄鱼帮和之后的那段舞//还有武术场面真是太惊艳了，最后那场打斗简直绝了//倒也不是完美，星爷最后由坏到好的转变有点缺乏动机性吧，也不太喜欢这么理想化的结局,5,功夫
视觉效果挺夸张的。,4,功夫
五星怒赞！影响我童年电影有两部，一部是《少林足球》，一部就是《功夫》！百看不厌，每次看都有不一样的收获。从这部电影中的细节里看到了周星驰的认真，每次准备看《功夫》心里都还有些小激动。,5,功夫
今日进入前250名，可喜可贺，还依稀记得7分的开画分数，被时光正名似乎是周星驰的宿命与魔咒，你说会拍到死，请你不要食言，我们与你，相互陪伴至又一个涅槃。,5,功夫
断断续续看了不知道多少遍，电影片段更是数不胜数，一部经得起时间考验的电影，一部能让人记得住很多桥段的电影，豆瓣的这里评分给的低了，真正看进去看懂的人评分不会打这么低。,5,功夫
我对星爷的敬佩又多了几分，稍微有些虎头蛇尾，不妨碍星爷rocks。。。有人说的对，为什么这电影在豆瓣上没上八点五分！不是爱星爷吗？不是支持国产电影吗？拉高评分！,5,功夫
很不错，真的是经典了。,5,功夫
影片几大特色，一是搞笑，像和包租婆的赛跑，一前一后的卖书等有新意，好笑又带劲，回味无穷。其二自然就是功夫了，太极、狮吼功、蛤蟆功以及如来神掌，打斗也是眼花缭乱。第三，一个哑巴一个傻瓜一颗棒棒糖，没有过多的装饰，甚至都没有对白，却依旧感人至深，背景音乐超好听。这部影片可以说是完美。,4,功夫
以前看不懂 现在想想真不错,5,功夫
重逢相认那一幕，她拿出棒棒糖做着手语，往事回放，他打落那支🍭烦躁地跑开……非到此年不能理解，本老阿姨已泪流满面😭,5,功夫
总有一天，你们会为了低估这部电影而后悔（致所有打低分的人，管你什么个人价值观啦，审美观啦，布啦布啦……）,5,功夫
重温，很想给周星驰写影评了。,5,功夫
星爷的经典之作，很有特色，包租婆印象最深。,5,功夫
评分7.8，过分了啊！给个5星平衡一下。,4,功夫
华丽的功夫片，黄圣依那时候好美。,5,功夫
这个片居然不到八分,4,功夫
周星星导演最高作，有着特别棒的影像直觉，对传统功夫片的一次全方位革命；每多看一次就会多喜欢一丝。,5,功夫
上次看还太小，现在重看无异首刷。相比之下，《伏妖篇》那点可怜的“想象力”能被我们看得上眼还拿出来夸，只能说明各位的记忆力都被国产烂片吃光了吧。这部的想象力不止体现在形象设计上，最出色的是影像和音效的想象力，特效加持不足不碍它惊天动地。而情绪表达其实很像默片，简单纯粹直戳要害。,5,功夫
（8.5/10）重看（重映版），周星驰集编导演一体，《少林足球》后对功夫片的纯正制作，可以说是周星驰作为导演最佳作品。电影感非常强，随处感知的摄影技巧，用镜头制造笑料和悬念，无处不在配乐已经成为经典，经典台词还是国语版更有味，袁和平在《黑客帝国》后归来的动作指导，细节处的影迷式致敬（李小龙、《闪灵》、电影海报）。周星驰的英雄之旅，从小人物纯真善良的内心与现实恶的抗衡，对功夫的理解和境界逐步提升，最终回归内心。《功夫》应该是周星驰的心血之作，对于功夫的热忱抒发和电影导演的表达都是巅峰值，此后似乎很难再见如此内在的创作。北上之后的香港导演，都不同层度的陷入了自我表达的困境。,5,功夫
最后的分镜太棒了，喜欢得不得了，相视一笑，一切尽在不言中,5,功夫
豆瓣收录的第一部电影,5,功夫
星爷的电影好看,4,功夫
不知第几次看了，经典啊！ PS.原来不正常人类研究中心之类的好多词都是这里出来的啊,5,功夫
星爷的电影永远都是那么经典。喜剧之王当之无愧,4,功夫
警察，出来洗地了。,5,功夫
不知道看啥的时候就喜欢翻星爷以前的片子看。港真，功夫是我看过那么多部星爷片子里觉得最搞笑的。星爷什么时候才会明白，他的片子之所以够出色是因为里面那些不容忽视的绿叶？？,5,功夫
8.6/10 小时候看笑不停，长大后看竟落泪。看过无数遍。,5,功夫
小男孩救了小女孩之后，小女孩用手语说，“我要嫁给你”。,5,功夫
对经典是半信半疑的，相信有经典的存在是从这个电影开始的,5,功夫
功夫在豆瓣上的分数低于我对它的印象值,5,功夫
几段功夫比拼很有意思，还是喜欢星爷演这种最后会大成的角色。,4,功夫
星爷经典力作,4,功夫
今晚又重温一遍，好电影就是不论你第几次看，总能被感动。,5,功夫
努力让功夫上8分,5,功夫
现在回头看，是个很用心的电影。,5,功夫
【武大】只能看一遍的电影。看得越多越发现周同学导演能力不到家，且不说一些bug了，很多地方的场面调度太弱，模仿黑泽明、骇客帝国、金凯利的地方创新不足。2007年9月1日重温，感觉音乐配合得还不错，功夫也可以，加一星。,4,功夫
最爱的一部星爷电影看了至少有7遍见证了评分的上涨,5,功夫
又把《功夫》看了一遍，真的是超棒的作品，感觉周星驰在这部作品中得到了升华，在我心中，这就是周星驰的封神之作，是可以传世与反复回味的经典。我始终坚信，能改变世界、引人向上、让人与身边人都更好的，只有“爱”。而《功夫》便是这样一部，蕴藏着“爱”与改变世界力量的作品。,5,功夫
4.5，终于见识到了周星驰作为「作者导演」而非「类型喜剧片导演」的原因。光怪陆离，反常态，解构式的创作的确是剑走偏锋，但建立在一个有着深厚文化武侠背景的结构下，周星驰的确做到了独一无二。,4,功夫
周星驰自己演电影的时候还是塑造了很多经典的。,4,功夫
想起一句话，真正的强者不是霸道，是会对应该温柔的付出温柔。高手隐藏在民间的设定燃爆了！这种“我让你打任你闹被你欺负跟你玩笑都是因为你很重要”的满满守护感是什么！！噗ww很好看，笑哭了，哭笑了，又哭又笑，才没有呢~哈哈哈w记得刚上映那年我哥还买了DVD可我是因为什么原因没看来着有点忘。。,5,功夫
重看一遍，依旧感触良多,5,功夫
最近又重温了，实在太棒了。说实话这个电影再过些年一定可以和大话西游一样被定义为周星驰的巅峰之作。,5,功夫
星爷集大成之作，青丝变白发，注定传影史。配乐将西方古典音乐和中国民间乐曲融会贯通，与影片十分契合。星爷电影内核都很简单，也很类似，这部也一样，本性善良的小人物，改邪归正，理解功夫真谛，找回初心的故事。星爷不单“无厘头”，他也告诉我们“能力越大，责任越大”，电影里充满善良与美好。,5,功夫
又回顾了一遍，不敢说是周星驰的巅峰，但绝对能排上号，分不该这么低的。黄圣依真的美到爆。,5,功夫
每个人物都有自己的鲜明特点，人物性格非常饱满。,4,功夫
大银幕重温，力荐。开始有点悲伤，怀疑周星驰还能拍出超越此作的电影吗？,5,功夫
星爷迷影情结爆发得最厉害的电影，全有出处，不缺原创，正宗经典。,5,功夫
卧槽，功夫只有7.9？？也是醉了，拉拉分，觉得是开辟中国功夫片新领域的神作,5,功夫
不下十遍！~,5,功夫
看完绝世高手被男票拉着补看了功夫，有句讲句，同样是无厘头，周星驰真是厉害多了。,5,功夫
经典就是百看不厌，分数7.9不科学。黄圣依当时还是美的,5,功夫
上次看还是个小学生，重新看才发现星爷对香港老武侠片的各种致敬。星爷真是不复当年了，如今也是加入了来内地拍(真)烂片骗钱的大潮，真是太难过了。,5,功夫
我妈当年带我在电影院的，周星驰巅峰之作，当真是嬉笑怒骂之间皆有禅机,5,功夫
周星驰喜剧形上的巅峰，想象力也颇为惊艳。,5,功夫
五遍之后仍不嫌。一部被严重低估的电影。,5,功夫
重看3D版，转制的还不错，景深层次物体本身凹凸把握的都比较到位，最后3D效果出来的也挺好。其实这片转制水准和一代宗师3D的转制水准一样，但一代大量快剪辑和大量长焦虚焦镜头根本无法让3D得到表现，而这次功夫就比较适合3D表现，所以最后效果出来不错。PS：这次上映版没新加片段，就是之前的完整版。,5,功夫
除了经典，还能说什么呢。这就是21世纪周星驰的代表之作。向各种经典致敬，后来又反复被拿到各种作品中致敬。塑造的经典角色、造型、场景和桥段无不深入人心，火了很多台词，也红了一批人。情感戏细腻、恰到好处，动作戏炫目、令人大呼过瘾，高潮跌宕之后结尾又是那么云淡风轻。,5,功夫
百看不厌,5,功夫
跟郭淳在深圳看的。脸谱化。扁平化。像极七武士。星爷受的编剧和导演训练确实不够。,4,功夫
星爷的自我理想电影，致敬李小龙。特技效果不错， 动作很具美感，各种南派武学，最后是星爷心中的武侠理想。单看那些分镜制作，细节上很琢磨。现在看来这电影很牛X。8.4,4,功夫
还是挺佩服周星驰天马行空的想象力的。功夫，是中国电影的经典主题。功夫永远天外有天人外有人，追求武功第一人往往容易走入极端。心态平和，合理运用自己的能力才是更重要的。毕竟，能力越大，责任才越大。,5,功夫
周星驰的回归之作，笑点也算密集但还是差强人意，当年的黄圣依真的美,4,功夫
星爷目前的巅峰，过了十年，仍然还有很多值得细细品味的地方。,5,功夫
在当时已经让很多电影望尘莫及了，如今十几年过去了，也没有多少电影能够能与其媲美，多次重温经典依然不会嫌腻，除星爷外的电影，看过就没有再看的兴趣，即使高票房的战狼2也看不过三遍！,5,功夫
闲着没事看一遍，简直就是诗。,5,功夫
该还票钱了,5,功夫
摆在儿时没心没肺觉着成人幽默不够多的观影体验根本想不到日后会把传世经典这样的帽子扣给&lt;功夫&gt;，但是抱歉了儿时的自己，它真的是。周星驰作为导演完成度最高的杰作，美国a区的蓝光修复版本让它变得完美，色彩与美术的细节丰富度都快跳戏到墨镜王了，导演技法上处处如有神助，而它，也是r级片,5,功夫
十几年过去了，现在看《功夫》，看一次哭一次，我的泪点太低了吗？我通篇看到的都是一个小人物内心的挣扎，终究他还是做不了一个坏人,5,功夫
第一次这么认真的看这个电影，同意这是一部被低估的电影。第一个镜头就能让观众知道周星驰是个有想法的导演，不仅仅是搞笑而已，星爷的电影里其实有很多精巧的细节。长镜头，《礼帽》，《闪灵》，最后的一场戏。一个糖果梦。,4,功夫
最好的功夫片，从小到大看过无数遍。我想等以后孩子长大了，甚至是孩子的孩子再拿出来陪他们看，也永远不会过时。,4,功夫
谁说功夫不可以加特效？星爷做到了，舒适的视觉感受，精彩的人物蜕变，打败你的不是功夫，而且气度！,5,功夫
个人觉得是星爷千禧年以后最好看的电影。,5,功夫
这个竟然没上8分? 怎么回事?,5,功夫
其实这个片子他没有那么周星驰，他很神奇——香港的喜剧片有一个很大的局限，极其依赖土壤，一旦离开那时那片水土，就会各种不服。但功夫，很多元也很平衡，他不再仅仅是星爷的个人秀了，虽然也还是有他的和他调教的无厘头风格，但有种放之四海而皆融的气质，虽然还是非他不可却也没那么格格不入。,5,功夫
看完西游2必须赶紧再看一次这片才能平衡！这才是我最喜欢的周星驰的电影！,4,功夫
真的好看，每时每刻都觉得很爽很酣畅淋漓。最后站在糖果屋门口的男人变成男孩在感情上更是升华。,5,功夫
星爷这时候的作品还是值得票价的,4,功夫
「一曲肝肠断，天涯何处觅知音。」抛开3D重映圈钱不论，时至今日，这出星爷的功夫梦无论故事、动作、包袱、特技皆称得上属于一部上乘之作。十年前看是逗趣与消磨，十年后重温是理解与品尝。★★★★☆,5,功夫
重温 让我感觉周星驰真是一个天才,4,功夫
当初被那朵小金花迷住了🙈🙈,5,功夫
黄圣依从此以后再也没有如此这般令人惊叹着迷,4,功夫
今天是第四还是第五次看功夫，发现周星驰的电影永远是越久越醇。其实第一次看功夫就发现周星驰在本片里把香港黄玉郎那套漫画发挥的淋漓尽致，可惜90后都不会懂。火云邪神和琴魔，活脱脱从漫画里活了过来。其它的别人都说了不说了，和琴魔大战那段应该名垂影史。,5,功夫
无意中在电视台又看了一遍。。都是第三四遍看了。。。越看越觉得好看！真是一部少有的00年以后经典的武侠电影。塑造了许多经典的角色。。故事方面也非常的棒，悬念迭起，真正拍出了一山还有一山高的感觉。笑料，单拿出来非常的冷且雷，但是配上周星驰的话就刚刚好，真心希望不是难以复制的电影。。。,5,功夫
黄圣依真心美，记忆深刻的电影,4,功夫
出乎意料的好！好的作品都有一个共性：那就是具有多角度的可解读性。我们从因不同年龄不同阅历而产生的不同视角看进去，都会“见到”不同的世界。一部作品可提供的视角越多就越伟大。想不到本以为是部通俗搞笑片竟然拥有丰富的内涵。除此之外还有两点特别喜欢：1，本片的视听语言太有味道，想象力太🐂；2，绝世高手都在身边市井中，这种设定让我想起了唐人小说，这才是懂梦想的编剧。,4,功夫
单纯可爱依旧的星爷，最后一次大银幕演出，深藏不露的配角个个出彩。情怀满溢，不只梦一场。,5,功夫
10周年重映粤语版，当年也在影院看过，小刚客串和还踢球的开场简直太经典。现在看来这片还挺重口味的，大胆夸张的特效配合3D还不错，尤其功夫招式的表现太有想象力了，而故事有当时颜值最高的星爷特有的情怀，完成了自己武术的梦，以后这种亲身上阵也很难看到了。致敬礼帽还有闪灵李小龙，配角都很精彩,5,功夫
谁小时候还没一个武侠梦呢，当然，更重要的是和她一起分享一个棒棒糖。,4,功夫
火云邪神都说：踩脚趾，小孩子才干的事。但他就是能永葆童真，可敬可爱。,5,功夫
看这部电影时，一个五年级的小孩反复帮我解读里面的细节。他没有学过任何电影知识，但他的解读是那样的准确而深刻，甚至连手法都看得懂，虽然他说不出那些手法的术语。这是因为他把这部电影看了五遍，台词分镜倒背如流。你看不懂一部电影，是因为你看的次数不够多。周传基就是这样练出来的。,5,功夫
时隔13年重温《功夫》，实在是太好看了，每一个桥段和致敬都那么用心和出彩。超快节奏，毫无尿点！2000年后最好的功夫电影。,5,功夫
周星星最后一部我喜欢的作品了,5,功夫
星爷告诉我们 作为一个迷影 应该如何拍一部致敬影片,4,功夫
十年后再看的一部电影，小娃娃长成了自己以前很喜欢而且喜欢自己的人不喜欢的样子，这个情节让人很唏嘘感慨。周星的电影，用心做的自然得用心看，才会引起共鸣和感悟。,5,功夫
选择善良需要勇气。我很难想象，当年看这部电影是什么感觉，但是今天重温，我必须说，我哭了。是的，我流泪了，看着哑女举着波板糖，比划着，我哭了。朋友在旁边说，别哭了，星爷的喜剧你也哭得出？我摇摇头，这真的不是一部喜剧。而且，如果没有眼泪，我用什么证明伤悲？,5,功夫
周星星系列无厘头巅峰！21世纪少数回归过去高水准佳作！,5,功夫
我要如来神掌!我很喜欢整部片子的构造，合情合理，娓娓道来。那个女孩就是我的女神，哈哈。还记得上海街区，狮吼功，六指魔琴，斧头帮，糖，蛤蟆功，如来神掌……,5,功夫
后周星驰时代的巅峰作之一。这电影的高度地位莫须多言，哪怕几十年后，仍值得在心中留上一个位置。,4,功夫
多年前觉得无疑是部烂片，等三十多岁重温这部电影，内心有一种不明所以的悲伤，功夫带来的震撼比当年的大话西游还大，个人觉得真心是一部经典的电影，周星驰巅峰之作,5,功夫
笑点密集程度很难超越，反而在一定程度上妨害了整体性，但是还是无条件五分,5,功夫
打call到欠费,5,功夫
看过两遍吧，第一遍看了个热闹，没看懂，第二遍有些内容开始能明白了，有些电影需要岁月的沉淀才越来越有感觉,4,功夫
重温了一遍，各方面都完胜这几年那几步，包括诚意,5,功夫
前半部分笑出腹肌，后半部分欣赏打斗特效。虽然很多印象中的情节要穿插起来，却没有违和感。即便是十多年前的片子，整片素质仍然很赞。算是圆了一个几个月的念想。,5,功夫
周星驰转型后的集大成，本子没半点瑕疵，环环相扣，绝无废话。画面也好，卡司也好。搞笑场面虽并不全是原创，但绝对集大成。有趣的是虽然是星爷的影片，他也是主角，但开场一个多小时，只不过是一个小搞搞，的确能撑。但最后变身后打斗那场不过是模仿李小龙自己过瘾，不够精彩，反倒蛤蟆功如来神掌精彩,5,功夫
被严重低估的经典，里面的功夫花式可以说是集结了港片中所有的功夫招式，每一段都可以回味无数遍，这部片才8.2分实在是太少了，9.2才合适。,5,功夫
第一次看功夫的时候还小，现在重新看一遍才发现这个电影远远不止武打还有笑料，我们都能从里面看到自己。,5,功夫
不明白黄圣依怎么就红了,4,功夫
经典经典！！！what are you prepare for 能力越大责任越大！火云邪神刚出来的时，那个装扮真的秀逗了⊙▽⊙,5,功夫
今天看了三遍发现之前看的漏了太多细节，才发现这部电影如此的精彩！,5,功夫
既有星爷标志性的无厘头搞笑元素，又有A级片的质感（区别于星爷以前的B级喜剧片）,5,功夫
没上8？？？不服！,5,功夫
该片成功地塑造了很多经典角色，记忆最深刻的是包租婆，“包租婆，点解霎时间冇水嘅”，“水费唔使钱啊”😂😂,5,功夫
作者电影 星爷无厘头风格的最大化！时间会证明这部电影会成为传世今典！,4,功夫
出神入化。再看，改五星。,5,功夫
好看，很经典的一部功夫片，已经看过很多次了,4,功夫
不要小看任何一个人。,5,功夫
可以反复看的电影，星爷有那种让人分分秒秒不无聊的魔力,5,功夫
我看过的周星驰的最好的电影，今天二刷马克一下,5,功夫
"小时候看过一两遍，再看还是那么有趣。很多以前朋友经常拿来开玩笑的说辞都是从这片子里来。骨骼惊奇，还有谁，这就叫专业…练就一个本事，加上一颗善良的心，才能立足，光有善良会被踩在脚下动弹不得。",5,功夫
太早太早以前看的，忘掉了剧情，忘掉了细节。可如今我想起那句“你想学吗？我教你啊。”就好想哭。,4,功夫
看完西游驱魔再看功夫，才确定给西游驱魔2星自有道理,5,功夫
电影语言满分 而且该有的都有 看了下黄圣依当时21岁 如花似玉的大姑娘啊！好想扑上去噗撸噗撸 不好意思我又绅士♂了  过渡的分镜很自然 衔接的很好 一点不觉得突兀 用了很多长镜 真是够野心的 重要的是他做到了 周星驰真是厉害,5,功夫
一直很喜欢周星驰以前的电影。,5,功夫
古筝对决那段集中华意蕴之大成，虽然在男主无敌这点上还有点草率，但整体功夫的境界是真的很高。,5,功夫
高一还是高二的某个晚上在网吧看的，当时有个妹子在身后边的位置默默的跟着看，一直看完，我都没去鸟她，注定孤独一生。。,5,功夫
真正的好电影确实可以通过时间的考验，星爷的设置的伏笔确实很妙。最印象深刻台词，我不入地狱，谁入地狱！结尾确认电影是一场梦，反而很真实。,5,功夫
周星驰的大多数电影可以称之为好看，很好看，非常好看，甚至是超级好看，但却少有可以称得上伟大的，而真正称得上伟大的，在我看来有且只有一个，那就是功夫。,5,功夫
周星驰描绘那种质朴的感情，很动人，和他的想象力一样好。（喜剧之王，国产凌凌漆，功夫等的配乐也都很动人。）,5,功夫
喜欢琴师准备弹琴时，包租婆开窗，他们就停手的细节。,5,功夫
星爷巅峰之作，必须五分，为情怀点赞，特效没得说，对得起大片的称呼，虽然故事不够饱满，寓意不够深刻，但整体观感还是很流畅的，星爷老了，全片其实比较深沉，没有了往日搞怪的风格，但笑料还是有的，真的是把喜剧当悲剧拍了！,5,功夫
一部大隐隐于市的功夫片 每个人物都塑造的很棒 最喜欢包租婆夫妇还有那个火云邪神 看他们打斗那段感觉最精彩 而且有很多精心设计的桥段充满了对香港电影的致敬又不失周星驰的无厘头风格 印象最深的是那段斧头帮的舞蹈真的完全大发 五星推荐💋,5,功夫
《功夫》3D：也许之前你只看懂了它讲个什么故事，那这次你要看懂它这么讲故事的高明之处，比如棒棒糖代表了什么、为何用漫画式的动作处理、星爷又是如何以致敬之名让功夫薪火相传的。3D效果只是镶个金边，耐看的电影是无法撼动且值得反复回味的，此后却再无纯星爷味儿的电影了。重映无提名。★★★★★,5,功夫
本想看下当年自己给什么评价，竟然没评价。赶紧补上，简单说，百看不厌。精品,5,功夫
震惊了，东成西就8.7，这片8.3，有人是多么不想承认周星驰这部影片的优秀。,5,功夫
个人认为星爷的最好的电影，虽然还是有搞笑，但不是纯搞笑，强行搞笑了，星爷老班底还是不错的，黄圣依昙花一现啊。,4,功夫
周星驰集大成之作,4,功夫
小时候看什么都不懂，只觉得好看。现在才意识到这个片从人物、镜头、节奏、立意到背后作为支撑的文化细节都非常优秀，大概再过十几年再看依旧会觉得好看吧,5,功夫
每个人都有英雄梦，历尽千难万险终强大。个人觉得这部影片是最有周星星个人色彩的代表作品。热血沸腾的观影感受，平静已经是又一天的开始。,4,功夫
重看。开场城寨英雄大战斧头帮，三个沦落天涯的武林高手江湖相逢，一人提议切磋武艺，一声“算了吧，行李还没收拾呢”，但转身已各自酝酿，看得想哭。电影用幻想给小人物的命运插上翅膀一飞冲天，而现实却像开头三人那样凄凉：身怀不合时宜之技，路遇知己也不过片刻逍遥。道阻且长，只能互道珍重。,4,功夫
再看发现很多桥段还是很让人津津乐道的，譬如追逐戏中的把刀背当作后视镜的设计，希望不是最后一部周氏电影。,4,功夫
真的是很经典，星爷演的剧都很棒，有很多的笑点，让我看的时候觉得很轻松，他的电影我都看！,4,功夫
个人以为，功夫比喜剧之王更有看头。不知周星驰儿时看李小龙的时候会不会哼唱着：何年何月得偿所望，得偿所望~《功夫》给出了这个答案，“就在今天！”。周星驰终于可以拍、演自己喜欢的片子。叫兽、左手韩、卢正雨这些星爷的粉丝，也在逐渐实现着自己的梦想，也许这就叫传承。,5,功夫
看电影的不同观后感和角度有关系                       童年看，只记得周星驰和包租婆飞毛腿追打的无厘头桥段。                                            现在看，穷困潦倒但默默温情的贫民窟是导演的童年立身之地，十二路谭腿，铁线拳，五郎八卦棍也是他想象中守护弱小的盖世英雄吧。,5,功夫
需要看三遍以上才会觉得好,4,功夫
从这里开始，周星星同学喜欢老少通吃，迎合了大众，但怎么也不能为票房舍弃质量是不。PS：斧头舞蹈真是惊艳全场啊,5,功夫
多年后重温好像发现了埋在过去的珍宝。《功夫》不光搞笑打得好看金句频出，而且还把武侠这个概念解构。解构之后却也没有归于虚无反而给出了一个令人舒适的结局，回归自己贺岁商业喜剧片的本质。片子里致敬闪灵李小龙隐喻九龙城寨，想象力和表现力都很棒，一切都质量很高并且把高概念表现得适度。这应该是我心目中周星驰最好的作品了。,5,功夫
没有比功夫更好的功夫片了。每一个打斗镜头都是那么经典！,4,功夫
星爷电影真的是陪伴了我整个童年。,5,功夫
周星驰大概拍的最好的一部电影了，从开始一直到结尾，剧情承接的恰到好处，几乎每一场戏都有其闪光点，搞笑的剧情中闪现着对人性的揭示，加上酣畅淋漓的打斗场面，无一不体现了及高超的把控能力，确实是经典之作。,5,功夫
这是我小时候记忆最深的片子 永远也忘不了那几个镜头1.血涌进火云邪神监狱里的那里2.胖子和周星驰被毒蛇咬的那里一部百看不厌的片子 不行 我要再去看一遍,5,功夫
基本可判断为星爷的巅峰之作，他在这部片中所展现的不仅是编无厘头段子和玩弄NETA的水平，更有作为一个导演在节奏控制，镜头运用方面的成熟功夫。令人匪夷所思的是这部之后星爷突然“泯然众人矣”，就像鲁热在某个半夜灵光一闪写下了脍炙人口的马赛曲，之后的余生再没表现出一丁点儿那一晚奇迹般的才华,4,功夫
不知道为啥，看完功夫之后突然觉得 在真正的大美面前，一切粉饰都是幼稚而无力的？,5,功夫
我擦！？？这tm也太cult太刺激了！吓哭！(;´༎ຶД༎ຶ`)不知道是不是最近太敏感的原因… 还有以前没发现，真的牛逼周编剧周导演，周星驰周星星，周老板周制片…暂时不能看宗教怪異元素的cult了,5,功夫
以前觉得这就是无厘头的喜剧片，所以木有看。。。。幸好今天看了一遍。。。。伟大的电影！,5,功夫
记得过年的时候跟家人一起看的，笑得很开心。之后又重看过很多次。经典到不行。武打戏也很好看。,5,功夫
无厘头经典动作电影，如来神掌、包租婆、斧头帮、神雕侠侣.....在保持了极强娱乐性的同时内里确是悲剧主题。最美的黄圣依和再也回不去的周星驰式风格与情怀。,4,功夫
"重看,片子对于功夫武学内涵有很深的认识,贯穿了许多香港功夫片的梗.打斗戏明显的风格差异其实略出戏,个人更喜欢拳拳到肉实打实的观感.可以理解夸张的漫画感,但毕竟在完整性上就有点不理解了.",4,功夫
最爱的周星驰作品，各个方面都已成熟，百看不厌！,4,功夫
这种功夫的表现方法真的相比于李安更胜一筹，功夫到了现代该怎么表现导演真的表现得很棒！十五年后再看此片依然强烈的震撼到了我，功夫很强，表演很棒！,5,功夫
周星驰的功夫武侠梦，致敬李小龙，充分展现了他的功夫片情怀，各种门派源流的武功被融会贯通，传统门派的拳脚功夫和奇幻虚构的武侠招式系数登场，硬桥硬马混合特效神技，刚柔并济，仿佛功夫电影之集大成。影片节奏顺畅情节圆整，武打段落章节分明，小人物迸发大能量，嬉笑之余有严肃，热闹之外存悲凉，止戈为武不战而胜。海报是FredAstaire的礼帽。跟独自担任导演的少林足球类似，摄影、场景调度、视觉特效、配乐等方面可圈可点，但对无厘头的过度偏好和有些低俗的审美情趣总是降分不少,5,功夫
这电影我至少看了十遍,4,功夫
惭愧...我居然漏失了一部这么优秀的中国电影，很明显的周星驰风格，几乎没有缺点，一些大斗场面太过真实和成人化了（我小时候一直对打爆头的一幕产生阴影）我现在知道星爷为什么不再出演了，起点太高了。不过对于演技来说 星爷的导演能力在这里才更耀眼,5,功夫
感觉他的电影总带有心酸的感动，故事本身蛮完整的，bgm配得很棒以及发现很多梗出自这里啊。从头到尾的无厘头形式包裹深刻内涵我大概也get到，但总觉得更多是一种对世界完全失望的恶意，这点不太喜欢吧。,5,功夫
应该是周星驰的巅峰之作了。也许也是黄圣依的颜值巅峰时期。高手在民间的感觉很棒。火云邪神把男主打到不行，然而正好也让他通了任督二脉。有时候困境也许也是转机吧。最后的结局画面很耐人寻味。十多年前的电影，第一次完整看完，当时也许更多注意打斗场面，现在却更能懂得其中深意。神片。,5,功夫
看几遍都不过瘾的无厘头巅峰作，也是星爷的巅峰，一个镜头，一句台词都不可多得，不可少得，几尽极致，当然，它也得面对喜剧片的厄运：是梗，迟早会老的。而老了就没看头,5,功夫
想知道这部电影当年经历了什么@_@2018-2019年，只有我一个人看着这部电影从7.9分涨到8.3分吗？真的是被严重低估的电影呀！哈哈哈每个人都是万中无一的绝世高手,5,功夫
补评，带给大家快乐，星爷无烂片。,5,功夫
阿星骂林子聪废物的地方，其实是在骂自己的堕落，每一个少年心里都曾是向往伸张正义的，可是在被一次次地羞辱后，明白了做好人没有好结果，所以放弃，而生活的艰辛逐渐磨平了自己的理想。最后阿星悔悟，只要善良存于心中，凶器也能成为莲花。所谓仁者无敌。电影稍显突兀，但依然是好片。,5,功夫
我觉得《功夫》被低估了。算是周星驰最好的几部电影之一，关键是除了无厘头，星爷电影开始加入更多的思考。,5,功夫
这部电影零几年就看过，当时只是当一部喜剧片来看，现在回过头再看，星爷的无厘头风格是他人模仿不来的，况且04年的特效放在现在也是顶级的，从剧情到表演非常连贯，经典。,5,功夫
是经典。是厉害功夫里面的功夫，没有英雄主义梦，而是实在的江湖功夫，有短评说到，周星驰跟黄圣依那一个拥抱是他想要变好的迹象，但是我觉得那个只是致敬身后的海报而已吧？反倒觉得周星驰这个角色演的从小就是一个好人，一个想拯救世界的好人，只是到后面迫于无奈只能做坏人，但是你看这个坏人，电影里面他也没有做坏事，唯一坏事可能是摔了那个棒棒糖…,5,功夫
四点的飞机啊～睡不着，电视上看功夫,5,功夫
重温经典。长大后再回过头去看以前的经典片子总会有不同的感受，就更能理解电影所表达的意义了。“杀了一个我，还有千千万万个我。”小人物大情怀，破茧成蝶，初心未改。,5,功夫
觉得这是黄圣依的颜值巅峰,4,功夫
从小到大周星驰的片子看多少遍还是会笑翻。到底是我笑点低还是他太好笑并不重要。重要的是喜剧能有喜剧的效果就是成功。,4,功夫
哇，我是小学四年级看的这片啊。这才是周星驰好嘛！笑中带泪的小人物故事，满含深情与禅思。,4,功夫
功夫居然只有7.8分，实在令人难以置信。看了不下十遍，每次看，依然感动得不行。认为是星爷最好的电影。,5,功夫
今天重拉发现有些地方真的是很好（比现在好得多），想到12年前参与其中的人应该和我现在差不多年岁，有点唏嘘。洪天照的名字在武师一栏，还不是排前，老爸要求还挺严格,5,功夫
这电影是周氏电影的节点，功夫之后，我认为周星驰江郎才尽了～但星星华语喜剧大师的地位不可撼动！,4,功夫
草，原来是七八年前看的，怪不得对细节基本没印象了。觉得这片子好纯真。黄圣依的表演未必理想，但她所代表的形象（不足的用想象补足）以及用棒棒糖和冰激凌点缀的感情真好。,4,功夫
如片名，确实是各种功夫都有，周对老港功夫片的喜爱可见一斑。周也首次独挑大梁，因为肥仔跟达叔木法比。小时候觉得不好笑，现在觉得挺有趣的—还没清明就背着个棺材。。。,5,功夫
多年后再看，觉得很是好看，全片无尿点，好几个地方真心笑出声来。细看周星驰的电影，发现很多细节和伏笔，而且都是用搞笑的方式呈现出来的。他永远关注小人物，这部电影更是贯彻了英雄来自民间这一想法。,4,功夫
总是依稀记得几个经典片段，多年后的补番，才发现很多的梗出处于此。“一支穿云箭，千军万马来相见”、“茶叶蛋”、“我们要有孩子不是医生就是律师”、“想学啊，我教你啊…”以及魔性BGM。星爷的电影真的极具独特性，他叙事的方式太独树一帜了，比如电影结尾众人为背景画像…星女郎出道即巅峰，给我展现了最美最清纯的黄圣依，看来她还是适合演哑巴能美上个三层。星爷很擅长讲小故事，纵观他所有的电影题材，小人物，一个故事却涵盖一个大道理：功夫就告诉我们，能力越大责任越大，你逃不掉的，现在来看那种三流糙制作的特效放在周星驰电影里毫无违和甚至更有特色，老前辈们的演技让人称赞，好想回到港片繁华的那个年代看看…,5,功夫
看似搞笑的剧情，其实背后深度满满。一个小孩从善良纯洁历经各种打击与世界同流合污，最后又回归佛性的善良，那句“你想学啊？我教你啊”是能感受到的境界最高的武学者，看似放下一切，其实又掌握这一切。这是最能代表周星驰的巅峰作品,4,功夫
多年后第N次重温，再次感慨万千，正邪永不两立，善良之人终会醒悟,5,功夫
有一句话叫年少时不要遇见太惊艳的人。我想说，年少时也不能看过太惊艳的电影。,5,功夫
除了结尾的“天降神兵”在剧本技巧上来说算败笔，其他部分都非常有趣XD。,5,功夫
重温经典电影，同一个电影每次看都有不一样的感受。,4,功夫
阿星大概把他童年的功夫梦都拍到这一部里了，是带有孩童幻想色彩的武侠片。弃恶扬善那几幕处理得很好，拿棍子轻轻敲火云邪神的脑袋，和那句“你想学啊，我教你啊”。十几年过去，“神雕侠侣”也好，斧头帮也好，猪笼城寨也好，这部片子已经贡献了太多经典片段，唯有时间证明一切,5,功夫
被低估的经典,5,功夫
不如从前了……19.4.10今天又看了一遍，比现在的大多数片子实在好太多了，加一星,4,功夫
星爷最后一部口碑上乘电影，小时候是大家都说好，自己也跟着说好，其实心里还是对这种剧情安排存有疑议，觉得最后的蜕变虽然大快人心但是过于突兀。后来电影越看越多，才发现那些笑点再也难寻，“拿葱的那个大婶”“还踢球”这种梗不是那么容易创造出来的。,5,功夫
星爷商业片的巅峰之作，设定、剧情、动作、配乐，都近乎完美,5,功夫
想学吗，我教你啊。PS：圣依小姐再没这么美过。,5,功夫
的确，功夫很耐看，N多年过去后估计我再看还是会笑，只不过刚看时是大笑，到时只是会心一笑。功夫的情节设计和铺垫绝对是周星驰乃至动作喜剧的巅峰之作了，前后呼应，现在很多喜剧剧本是在是差，完全依靠演员的功底或者即兴产生效果，这样也不赖，但是长此以往中国永远出不来职业编剧，导演永远要当半,5,功夫
突然想再看一遍,4,功夫
光是耐看度就可以满分了，虽然电影艺术价值可能不包括这个。每次偶然看到都会一直看下去，以后的孩子也得看看这个啊。,5,功夫
周星驰的电影真是越看越有意思,5,功夫
尼玛，不到8分？？,5,功夫
2015年1月7日夜翻煲，导评音轨。故事简单，节奏紧凑，角色鲜明，聪明的细节穿插其中。04年的作品，实景与特效结合，动作设计有想法但交锋乏力。不可否认的，是周星驰的认真。PS：导评里别人对周说，男主反转太突兀，应该有个闪回。但周不理解——明明他就是一个好人，为什么做合理的事情还需要解释？！,4,功夫
当年国内评价不高很正常，因为当时国人的观影经历还太肤浅，看功夫只把它跟之前的周星驰电影比。现在重温发现了里面包含了黑帮电影，黑色幽默，无厘头幽默等，还有很多其他电影的桥段，这是最经典内容最饱满的一部，为自己过去的无知道歉。,5,功夫
其实并不很喜剧，也看不到多少星爷的搞笑桥段。但依然可以称为星爷不可逾越的经典之作。,4,功夫
我和哥哥看了三遍，在爸爸那看了一遍。,5,功夫
很久以前在电视上看过，当时觉得很好看，音乐很棒，周星驰挥棒打向火云邪神那一幕燃爆了。粤语版最好看，会计的国语配音不错,5,功夫
周星驰为功夫电影献礼的作品。注意一下，最后的打斗镜头是用的替身哦。,5,功夫
不看不知道，一看之下，原来很多段子皆源于此片。不过，有一组镜头似乎是借鉴了闪灵中的桥段。18.6.19重温，包租婆追阿星那段笑得眼泪都飙出来了,4,功夫
哩个就睇咗一次又一次嘅喇！电视整日都播嘅喇，比四粒星觉得有D少喎。,4,功夫
或许每人都幻想过一个传奇的英雄梦。同时，年少情深而又自卑无能与现实总是产生巨大的反差。当这一切阻力消失时，我们就能看到一个处处充满惊喜与传奇套路的人物出现然后征战四方，最终无者大成。轻松的桥段搭配严肃的斗争，该严肃处严，该冷处时冷。这分寸的把握恰当合适。,5,功夫
以前看的星爷的电影几乎从不在豆瓣记录，现在看到了还是要记一下,5,功夫
黄圣依在那时还是挺美的嘛。看完感觉有些意犹未尽。,4,功夫
最喜欢的功夫电影差不多没有之一了。无一处闲笔，分分钟都是经典，这没上9分实在太不公平。,5,功夫
老电影了，虽然有点无厘头，但还是很经典，全部电影，包括导演，编剧，主演，全由星爷一个人完成，向星爷致敬,4,功夫
陪贤侄，看电影，贤侄对号排排座“老妈是包租婆，最会狮子吼…”看到十点半，包租婆来打门“这么晚了还在看？赶紧洗洗睡！”,4,功夫
神片 我看了这几百部电影有见片就说神片吗？可功夫不论故事 演员 配乐 我都觉得是神片 豆瓣评分才7.8 太低了...,5,功夫
其实再再再再回过头重看觉得剪辑还可以更好一点，但是这部片子已经是真他妈的棒棒了，极具漫画感，大斗可以说是最完全符合小时候想象中的武侠，尤其是五郎八卦棍，踢凳子接棍飞身而起的镜头反复看了无数遍，左右连续跨步横打，双手双棍舞棍花简直不能更漂亮，无数的致敬，长大了才发现不正常人类研究中心哪里致敬闪灵，以及开门前就有蛤，预示着火云邪神的蛤蟆功，甚至文员那里致敬自己的功夫足球，“我身为一个文员，戴金丝眼镜也是很合理，很合逻辑的”，这部片大概是黄圣依的巅峰了，在电影里的每个瞬间，她是真的美,5,功夫
那些夸张的，不可思议的情节吸引了眼球后，有些细节必须重复看才能发现，星爷的这部电影还是很用心的，有着浓浓的周星弛风格，自成一派。,4,功夫
某年圣诞节我在电影院看这部电影22点那场，电影还没结束我睡着了......,4,功夫
2008.11.给了四颗星，9年后再看，5颗。前阵子看黑客帝国，感觉周星驰真的特效牛逼极了，好莱坞靠拢啊！剧情也扎实，故事说的完整，大卡斯也多。至于最近的美人鱼，呵呵呵。,5,功夫
"以前有看过，印象深刻不过停留在爆笑的包租婆！怎么又停水啦！！！啪啪啪下来就是一巴掌  😂😂😂今日再看，才感悟其内核和电影里那个荡乱的世界，坏人当道，为虎作伥！小平民的无能为力以及混口饭吃！以及那颗觉醒善良的内心，终究是为正义而战！只不过用荒诞搞笑大众更喜欢的一种接受方式讲诉这个人类永恒的反抗压迫外表搞笑内在赤诚！如今才看懂，棒！",5,功夫
包租婆,4,功夫
赞一下星爷，话说星爷好多东西都有《月光宝盒》的影子啊,4,功夫
高三那年元旦和同学偷跑到电影院去看，晚上回去还挨训。。重温。,4,功夫
这部电影完成度很高，没有什么废戏，和不好笑的笑话。偶尔看见电视台在放，能够不换台就直接看完全剧。,5,功夫
周星驰最好的电影，没有之一。集大成者，比《少林足球》大概要好三百个《新喜剧之王》加五十个《美人鱼》的距离。,5,功夫
这时的周星驰已经在数年磨一剑了，而且这时他已经与之前的所有配角产生的矛盾，只能孤独上路，那苍白的头发让人不禁为他担心。功夫是他一直想拍的电影，现在总算圆梦了。故事很精彩，又不失乐趣，是典型的后周式电影，无厘头与思考并存。既然已经上路，就要坚持走下去，周星星加油啊。,5,功夫
8分都不到，呵呵，无语。这都什么审美观，这个电影你们去看看北美评分吧。,5,功夫
真不是幽默为主。。周导至今为止最好的片子。。。。虽说一共也没多少个。。。。,4,功夫
背景居然是1940年代的上海！居然没有日本人、国民党和共产党的情感纠葛！这怎么行！剧情应该是这样：众武林高手原来就是当年大杀四方功成归隐的抗日奇侠，而国民党为了准备内战，指使斧头帮剿灭这一批革命中坚。最终以周星星为代表的无产阶级依靠《马列神掌》粉碎了国民党的阴谋。这样才够主旋律嘛！！,4,功夫
记得片子刚上映那会儿骂声挺多，而且之前自己看的时候也确实没有感觉有多好，但是今天再看，觉得这部电影绝对称得上是精品，斧头帮亮相、抢劫棒棒糖、瞎子杀人等段子非常精彩，而片子传递给我们的信念、勇气等尤其让人感触良深，这不仅仅是一部搞笑片，它表达了很多东西。四星,4,功夫
可能所谓的经典，就是响起一首首耳熟的bgm时内心的涌动，和周星驰回眸时流下的眼泪。喜剧也会让人流眼泪吗？这部电影给了我答案，无数个画面让人明明忍俊不禁却又默然流泪，无数经典的台词就是这样刻在人的心里的，也希望我们这个年代可以创造更多的经典。,5,功夫
没头地就开始看了.一贯的星爷风格.原来黄圣依就是通过这部片子成为了星女郎的.笑点和打斗部分都不错.,4,功夫
其实我挺喜欢这部片子的。多年之后再看，这个片子放到如今，最少8.5分起,5,功夫
周星驰将阿星的矛盾和他不变的初心都演了出来，虽然这时候他还没有发生本质的变化，可是我们可以感觉到，他的初心一直在那里，从来没有变过，只是他不肯承认罢了。,5,功夫
很久之前就想看，一直沒有看的電影。髮現自己沒有不喜歡周星星的理由，我愛他。,4,功夫
超级耐看和严重被低估的电影，我想100年后还是有很多人爱看它。,4,功夫
"杀人于无声之中，那段镜头中，这点诠释得非常有意境————————————12年后更新：4星改为5星。当年我就很喜欢，觉得特别好但说不明白。现在彻底明白了。另外当年还有装逼的成分扣了一分，但现在，很喜欢就是很喜欢，5星！",5,功夫
黄圣依在这部电影里可是结结实实感动过我，不知为何，可能这是我的点吧，在以后，此女越来越恶心，以至于严重影响了我重温此剧时的心情。动作也算精彩,5,功夫
好看！武打场面很棒！搞笑也很到位！武侠精神＆帮帮糖的故事也很感人TAT 四星与五星之间。,4,功夫
"严格来说这不算是一部喜剧.特效,动作场面出彩,演技将不再是主流...而且 星爷老了",4,功夫
东方武术与西方数字科技以及民国民间风味高度相融合的武学高峰。扎根于泥土的喜剧元素，人物有声有色的腔调与表演。最迷人的地方是融合了中国古代诗词歌赋的意境、中国武术刚柔并济的精髓、西方科幻片中的想象力并且融入周式味道的精彩动作戏。处处埋着伏笔，台词堪称经典。男女主角细节里体现真情，眼神中交汇爱意。人世间纷纷扰扰的斗争不如你的眼眸一泪与会心一笑，放下恩怨仇恶走向从容平和方为功夫与佛说的真谛，也是人生的至高境界。多次品味也不会厌烦的动作经典。,4,功夫
开头的那段舞蹈，哈哈，那时候我们班里他们男生总跳。。。汗！,5,功夫
这绝对是星爷的电影里被低估的一部。这部电影里展现了星爷对细节强大的控制力，以及对人物的刻画和描写。绝对不是我吹功夫，这一部是最能展现星爷导演功力和态度的电影。他总是喜欢把镜头对准小人物，总是用电影告诉我们，每个人，即使成不了世界的英雄，你也总会成为某一个人的英雄，哪怕那个人是自己,4,功夫
好多年前第一次看时还小，觉得挺好看，但也没觉得有多了不起。后来又重温了多次，越看越好看。刚才在头条偶尔看见那段精彩的古筝打斗，这么多年了，那创意和想象力依然让人激动钦佩，无人超越。,5,功夫
我第一次认认真真完完整整看这部电影，好佩服星爷啊。再怎么无厘头我都能看的入戏。看的津津有味。看完还觉得怎么这么快就完了。没看够。现在很少有电影让我有这种感觉了。这部电影里，星爷回忆小时候的自己的画面，还有电影最后，他开了间糖果店，又回到了童年的时候。我觉得是在讲【初心】。,5,功夫
看了4遍，3D版根本是骗钱的。半部好戲吧。,4,功夫
到底为什么会有这么有才华的人呐！以前看只觉得哇好看啊好厉害啊 现在才渐渐开始明白每一个画面都好像是一幅艺术品每一音效每一段配乐每一个转场 人物的对话原来都是那么的神奇而且耐人寻味星爷的每一个眼神他的灵魂他的艺术性真的太吸引人了 可能是十年之后的第一次回看吧感触太深 第一句评语只是在标记看过的电影时随手写的 但是现在我还是没有想到更好的话来夸星爷 只能 到底为什么会有这么有才华的人呐！（超级大声！）,5,功夫
卡通动画明白不？非常周星驰，内容与形式个人认为除了喜剧之王就是这一部了，星爷啊星爷，我想学，你能教我吗？,5,功夫
虽然有点夸张，但是看到星爷复出的努力，看到他做电影的执着，谢谢他曾经带给我的欢乐…,4,功夫
之前看热闹，看喜剧看周星驰看黄圣依，这次看情节编排，看细节，看导演的想法。致敬、个别音乐虽非原创，但改编地非常周星驰，风格独特，应景。人物出场极其顺畅，细节安排可谓心思缜密不露痕迹，尤其包租楼长镜头交代生活背景，三个武林高手已然全面呈现。有几个镜头的视角和处理手法真是如来神笔。能感受到周星驰对这部作品倾注的情感。,5,功夫
现在来看这片也值9分以上！镜头和配乐简直绝了。,5,功夫
2004年的电影，当年火得要命。现在2019年，我第一次看《功夫》，一点儿没觉得过时，还比现在的很多电影都高出好几个段位。剧情就不说了，星爷出品的，都是脑洞大开、奇思妙想，令人捧腹。电影开头诠释斧头帮的那一整段剪辑非常赞。斧头帮人数越来越多，夹杂着众多老旧报纸质感的命案，再后来又是各种夜场的饭店和歌舞厅，纸醉金迷。赌场聚众，帮众点钞，又点出了黑社会的经济势力。而开头在警局门口当众行凶且和警局分赃的社会现实，道出斧头帮的“权”。钱和权都有，帮派势力能不大吗？P.S.看的时候注意到，冯小刚一出门，镜头右边的 星辉电影院 正是星爷自己的公司，哈哈，还专门给了特写。/另外，包租婆那一整栋楼，场景布置非常生活化，是各种香港接头常见的有上个世纪特色的小店，现在都包围在灯火辉煌的大厦中了……在电影里看到也蛮感慨的。,5,功夫
编剧得很不错嘛。这些大隐隐于市的武功盖世高手们。后天磨练 + 后天觉醒类型的超能力 + 武功高手。舞蹈动作增加笑点，爱情成分点到为止很清新唯美。07/21/2016,4,功夫
看得时候挺开心的。只不过对黄圣依实在不感冒，但是包租婆真是挺经典的。,4,功夫
黄圣依你都不知道你在这个片子里面多动人。。。可惜。。。之后自个把自个弄残了。。。,4,功夫
当然时看完电影就来评分的话我会打三，这么多年里又看了几次，在心里的评分不断上升。夸星爷踩星爷的文章都足够多，专门跑来评分只是对他电影陪伴的一种感谢。,5,功夫
逗.周也圆了自己的功夫梦.特效做得很牛逼.还有.任斯璐...,4,功夫
我想很多年以后，我还是会很喜欢这部电影。,5,功夫
周星驰式幽默，虽然脱离了刘镇伟，周星驰的新片略显勉强，而吴孟达的离开也使得男配一号少了爆笑的元素。不过总的说来功夫还是很不错的一部电影，依旧是带有深刻的生活痕迹，以及对小人物的眷顾，并且对当下社会中的某些非常规现象做出了巧妙地讽刺……,5,功夫
林子聪、林子聪、林子聪、林子聪、林子聪、林子聪、林子聪、林子聪、,4,功夫
重看功夫，依然觉得是星爷最成功的作品。,5,功夫
回头再看 太用心了 这部作品 音乐细节我给满分,5,功夫
十年前的东西现在看来仍然前卫，故事、台词、道具、配乐，样样精准到位分毫不差，我只恨爱星爷太晚,5,功夫
看过两遍，还可以。,4,功夫
周星驰与好莱坞的合作非常成功。张一白，冯小刚的客串开场，元秋的包租婆传神，与元华珠联璧合。火云邪神梁小龙当年创造了陈真传奇，而这次星爷要cos偶像李小龙，不仅让陈国坤来带斧头帮，而且还有林雪，田启文一帮小弟。至于黄圣依的演技，只有一个棒棒糖而已。巧的是当年21岁的范湉湉客串了舞女,4,功夫
多年后的二刷…… 真的太经典了，虽然是喜剧风格，而且特效什么的实在过于浮夸，但是情感的细腻把握的确实恰到好处，尤其是在经历各种挫折之后碰到童年的棒棒糖，突然勾起了小时候埋在内心深处的一颗善良纯真的心…… 看了让人泪目…… 星爷所有的电影中这一部时最帅的！也是这一部，把小人物内心的充满人性的情感表现的最具淋漓尽致！,5,功夫
感觉是周星驰导演作品的巅峰，故事有点黑色幽默，有点嘲讽现实的意味，这是升华了这个电影的点，黄圣依很清纯很好看啊。,4,功夫
这就是神一般的存在，原来在15年前，周星驰就已经导演出这样的作品，我还能说什么！中国近些年动作片无一出其右。大爱！！！,5,功夫
十五年后重看这部片子依然非常好看，好多经典台词，最强大的不是武功，而是心中的佛性，星爷的电影，永远经得起时间的考验！,5,功夫
细节！细节！细节！观察细节，你会觉得这片子开始，星爷真的变了。恶搞——不是全部。,4,功夫
这部电影不配九分？啊？这部电影除了男主名字没说，其他还有什么问题？节奏紧凑吸引人，过度合适不突兀，情节也是在前面的铺垫暗示下一层一层地有序进行这还能打低分？啊？侧重点做得那么好，爱情线清晰不浮夸，时间和轻重把握的非常合适，自我的变化也层层展开，许多细节和段落特写，也真的绝了，比如谭腿被杀那段，简直完美没话可说了，无言无风，琴声一响，人头落地，对白也很好，现在看来没有那句话是多余的，对后续的发展有辅助而非完全剧透，电影不算长，但多重元素集结在一起也不显得杂乱，相反，故事脉络相当清晰，如今在看感觉不仅没有减弱，反而更加舒服享受，值得说特效也是非常好，没觉得有夸张不当，或者粗制滥造的地方，比现在的各种剧各种电影好千万倍好电影，没有任何夸张和带个人感情的成分，这部电影也是我最喜欢的星爷的电影之一了。,5,功夫
这都不叫经典什么是经典，真是目前为止看过最爽的电影。个人风格的极致运用，有这一部片子，星爷也配得上一声天才。周星驰，你真是天才！！！,5,功夫
这么好看的电影豆瓣居然才8.1分？,5,功夫
更好的场景特效音乐功夫，主旨也变得更高。最好的周星驰导演作品,5,功夫
斧头舞太赞了……掩面 &gt;&#34;&lt; 棒棒糖很感人 &gt;&lt;（黄圣依在《功夫》里纯得不行 =_=）,4,功夫
认为是看过的周星驰电影里最好的一部，想象力与创意棒呆，画面也特别喜欢！,5,功夫
十年里不知道看了多少遍，可每次看都会哭。以前每次都是在最后结尾那个摇臂长镜头，这次又多了一个，是回忆里学了无用神功的少年面对小姑娘的安慰，跑开了那里。真特么狗血又庸俗的泪点啊，还是哭了。残酷童年，和经历一番成人世界的生死搏杀后发现还只是在童年，真的不知道哪种更悲伤一点。,5,功夫
毕竟，因为看了周星驰前期的作品..//时隔十年，再次看了一遍，确实有种惊艳的感觉。各种配乐，人物和场景设计与桥段插入，匠心独运极具特色。年龄真的会影响观影感受，，,4,功夫
看了三遍~火云邪神超帅~~唯一不爽的就是星星那身肌肉= =+ 为啥我看着有种违和感。。,4,功夫
真的非常喜欢！周星驰目前为止最棒的片 视听语言都极其好 第一次看是十年前，十年后的大银幕上又来了一遍。,4,功夫
小时候唯一的印象是打穿整栋建筑的如来神掌了，今次蓝光重温，发现周星驰确实有才，绝不只是一名喜剧演员。整体编排超出了我的预期，场景设计、角色演绎颇有一番味道，值得分析考究的细节也很多，作为主要卖点的特效更是非常用心。而且黄圣依简直美哭啦！我就问问能拍出这样的功夫片的人，还、有、谁？,5,功夫
周星驰在银幕上圆了自己的梦，并告诉小盆于们一个简单的正与邪的道理,4,功夫
黄圣依的哑女真好看。,5,功夫
片中身怀绝世武功的人们不再是一个个古装的大侠，却丝毫不影响本片成为一部现代式的武侠片，拳拳到肉的打斗，惩奸除恶的剧情推进，古典音乐的绝妙运用，依然是如此的引人入胜,5,功夫
时隔这么多年看，还是感觉很经典,5,功夫
写论文这种事，让自己明白的成分多过让别人明白。,5,功夫
很好的收山做 可惜的是本以为 打这部片后 周星驰就永远成为了1个传说 可是往后却成了一个富有的很却还要用小朋友乞丐的老人家了 说白了就是见利忘义抛弃了大把死忠去讨好新观众 老人家 你的觉悟怎么和电影功夫里的差别这么大呢~ 无语 ,4,功夫
还是很好的爆米花电影的，除了特效耸了点~,4,功夫
周星驰的经典影片，有内容有想法，剧中的功夫描绘让人记忆犹新。演员也选的好，包租婆形象形象生动、几位功夫高手个性突出，电影值得一看！,4,功夫
每次重看功夫，都会有新的感受冒出来。不得不说这是我心中周星驰最棒的作品。不少片段具游戏性，画面营造漫画感，场景构图美感十足（如空中悬落的黑衣人慢镜头），色彩运用斟酌谨慎，动作设计精妙有趣，声画配合也颇具匠心。市井的描绘很精彩（公寓群像有希区《后窗》感），主题则以小见大。大气之作。,5,功夫
这不单单是一部功夫片，我们应该看到星爷对电影界无名者的致敬,4,功夫
打五星吧，希望星爷继续努力，一些丑梗比如龅牙珍还是少那么一点点吧，但这点和整个电影比起来还是微不足道的。电影很好看,5,功夫
记得当时是在高三的时候，一堆同学逃课去校外的小饭馆看了盗版的。差不多。。。回去后被老师逮到了。。。。难忘。。。,5,功夫
广告都打成那样了，不看可不行。反正闲着也是闲着，不想动脑时就去看。,4,功夫
原来我当年看了跟没看一样。,4,功夫
这片其实是可以稍微证明一下周星驰自己导演的水平是有一点的，至于为什么评分不高，因为拍的太超前了，假如你把功夫这片放到现在上映，跟别的华语片喜剧片比，那就是神作了，不知道当年那些说功夫烂的人看到周星驰后来的长江七号西游降魔美人鱼时是有多少后悔自己的年轻无知……,4,功夫
后半段冗长而毫无内涵的夸张打斗必须扣分，别以为你长得帅就不打你,5,功夫
周星驰虽然已不年轻，但片子还是可以的嘛，还是满搞笑的，喜欢其中的黄圣依,4,功夫
2017.3.10马连道看的。真好看。2018.7.15又看一遍，依然好看。评分又高了一些，8.1了。,4,功夫
再看一遍，真觉得以前是白看了，如此多被后人模仿的经典桥段，也是斯蒂芬原班底的最后一部作品,5,功夫
我心目中周星驰导演的最好电影，看第一遍时就让人眼前一亮，此后再看也不腻。,4,功夫
《功夫》抢占了2005年的贺岁强档，票房过亿，在香港电影低迷的时候，的确是一个很不错的消息。这部电影一如既往的架构在周氏喜剧自成一派的“无厘头”风格上，但又去掉了以往他善用的粗俗的搞笑技巧，而且笑的表面含义已经没有那么轻松，反而内在凝重了许多。,5,功夫
如果这部片子的特效用的少一点，那么看上去会更好看。如果周导不执着于小人物变大英雄的执着，或者是把这种变化写的顺理成章的话。那么这部片子就可能会是一部经典。,4,功夫
动画片么……可是星星叔竟然有腹肌=__=,4,功夫
那年我上初一，春节的时候屁颠屁颠的跑到音像店买盗版碟,5,功夫
一晃十年，明明熟悉到知道下一个镜头是什么，还是前仰后合笑到飙泪；明明是无厘头喜剧，但感受到一瞬流遍全身的温暖和感动又是什么……这部华语巅峰经住了时间的考验，对星爷的摧枯拉朽的才华，果断是彻头彻尾的“服”！,4,功夫
重看高中时的电影。当年觉得肤浅，十年后却觉得是部不错的片子。,5,功夫
这么多年了，今天才真正看明白，一切不过是场功夫梦。希望我也能找到自我。,4,功夫
我的天我居然没看过功夫？上映十五年后偶尔在Netflix邂逅此片，抱着来看童年印象中星女郎的心态，十分钟之后被惊艳到了！！！！又邪典又好笑又温情，星爷是神吗？！？！,5,功夫
还记得年少时的梦吗？像朵永远不凋零的花——献给所有曾经有过武侠梦的不想长大的老孩子们。,5,功夫
越来越喜欢星爷就是因为穷贫潦倒时候看他能继续坚持下，就像迷茫的时候遇见深夜食堂，饭不能解决问题，但是能让人感受到生活的希望，生活总还得继续，理想总还得坚持。,5,功夫
个人人为这是星爷导演最佳作品，故事情节和人物形象都非常棒，创造了经典！,5,功夫
平凡英雄的群像电影，星爷的巅峰之作,5,功夫
当时看没觉得什么，不过星爷的作品总是能让人回味无穷。,5,功夫
2014-03-14/还是最喜欢前与中，后篇似乎收不住了，与少林足球一样秒天秒地秒宇宙，个人臆想成分过重，但好在有个小孩儿之梦使其理所当然。毫无疑问是被低估的，观众对周星驰的关注似乎矫枉过正地偏向他的人文关怀，相反我觉得他对于喜剧的革新才是真正出众的。2017-8-7/导评版，神之手电影,4,功夫
冯小刚出来的那句“我做什么也不会做电影”。。。黄圣依那个时候还真是清纯~,5,功夫
星爷终于圆了功夫梦，功夫我觉得足够看得出星爷的诚意，让我摸不着头脑的反而是与黄MM的感情戏，不过本身占得篇幅少之又少，我也无须纠结。,4,功夫
不能複製的星爺，五星。慢鏡頭打的功夫實實在在，一招一式，一起一落，你明明白白看在眼裡。這大概就是一代宗師失敗的原因，功夫精緻但傳不入人心等於無。人長大了再看，還是打動了我。「你想學呀？我教你呀」慈悲的心，超渡人海苦難。,4,功夫
有种周氏喜剧集大成者的感觉 并不是说它是最棒的 而是剧情 场面 配乐 表演各方面的融合,5,功夫
元华，元秋，演的超好哦,5,功夫
一直以来都喜欢着星爷的作品，这部当然不例外，哈哈哈~,5,功夫
了解星爷才会感觉功夫是他的巅峰之作。,5,功夫
很奇怪，长大以后看周星驰没那么好笑了。不过是喜剧外衣下包裹的悲剧内核，一个小人物从想做一个好人到失望再到重新定位人生的过程。黄圣依浪费了这么好的起点，也是可惜。,4,功夫
不喜欢什么高科技，越来越不真诚。,3,功夫
小时候看感觉很无厘头的，而且这种喜剧我可能一直有点欣赏不来，打的很夸张吓人，被打的看着就很疼，但一直被打的挺狠的～长大了才知道这部影片的高度好像不低，可能真是各花入各眼吧,3,功夫
被迫跟着我爹看了12遍,3,功夫
是星爷的喜剧风格，一贯的喜欢，当年的黄圣依真的好美,3,功夫
到现在印象最深的就是里边的包租婆了,3,功夫
星爷最搞笑的电影之一！,3,功夫
电影插曲真得很好听。配角也是加分项，星爷还是一如既往的人物设定，虽然有些审美疲劳，但胜在笑料百出，还不错啦。,3,功夫
当年黄圣依太美了，眼角那滴泪不知道成了多少人的心头痣,3,功夫
我真的觉得就一般啊,3,功夫
对神一样的星爷其实并不感冒，这部算是印象比较深的一部了，很怀念小时候用盗版光碟来看电影的旧时光。,3,功夫
扯淡能扯到这个份儿上也算厉害。拍得还行，我确实是笑了，但是击败《黑社会》拿金马最佳影片就有点说不过去了。有点迷影情怀，只是这玩意儿不能作为打分依据。,3,功夫
一般啊,3,功夫
包租婆 包租公  斧头帮  棒棒糖  好多经典画面啊  ,3,功夫
虽然特技很眩目，可我更怀念那个靠表情和肢体语言无厘头闯天下的星爷。,3,功夫
星爷的经典之作,3,功夫
周星驰的片子，我都说“小时候老喜欢看了”，除了这部。。。还有长江七号。。。功夫足球。。。等等等,3,功夫
每年新片不都得捧场几部么。好吧。从来不觉得黄圣依有啥好惊艳的,3,功夫
功夫和一年之后的情癫大圣不约而同地选择了特效。其实这种无厘头的故事本来也就是一句话概括得了的，原来用幽默填充的空白，现在在幽默感欠缺和技术允许的情况下，就用特效填充吧。但是观众们习惯了原来的周星驰和刘镇伟，因此觉得这俩片不怎么爽。,3,功夫
上海，那天似乎是看到了包租婆的头像，所以就鬼使神差的翻来了这部十年前的电影，还行，预料外的好看 星爷独有的讲故事套路：底层起家-受尽嬉讽，阿Q似的自我解嘲和堕落生活-偶遇曙光--翻身做大爷。几个御用配角很有亮点。黄圣依的青春造型有瞬间让我误以为这只有可能是实力派。。。,3,功夫
前面故事不错，后半部分有点弱。猛滴发现周星驰长得还挺好看。,3,功夫
其实某几个武打段落，本还真可以有所谓“意境”可言的，却被夸张过头的特技坏事；配角们都很有特色，但周星驰看着总像有气无力似的，可惜。,3,功夫
杨过，小龙女的那一段很经典……没有想到它捧红了棒棒糖,3,功夫
当剧中的人物大白大白的说出如果在日常生活中说会被投进精神病院的台词的时候，偶的大脑得到了解放.....这就是这部电影的优点吧,3,功夫
我到底有多少部电影还没打钩啊，尼玛害我的看片量完全达不到理想的装逼数字啊。,3,功夫
电影拍摄的中规中矩，显见周星驰放入了太多自己对电影的想法与记忆，结果导致很多笑料部分无法做到足够的凸显。而在场景设置部分则相当的见功力，一些武打部分的设计与特效都做的恰到好处，如果说功夫片有某种传统，那么周星驰显然是做到了传承。,3,功夫
一点都不喜剧……////本来就不是喜剧嘛……,3,功夫
对中国武术的过分夸张只会对武术本身起反作用。片子让人觉得星爷是在漫无目的地搞怪。,3,功夫
1、 小角色莫名其妙就“绝世高手”了    2、星爷主角光彩被配角哄抢一空    3、重点放在猪笼城寨街坊各展身手齐心协力抗外敌  不是更好？,3,功夫
很奇怪，很多人喜欢周星驰的电影，但是我却无法领会那种无厘头！不过包租公包租婆这两个词倒是有时候生活中拿来调侃，或许这也是周星驰的厉害之处。,3,功夫
对不起，除了大众笑点其他我都看不懂。,3,功夫
个人觉得没有他以前的无厘头影片让人喜欢了，不过中间扔刀子和被包租婆追的一段还是让人笑破肚子 ,3,功夫
老套的无厘头搞笑片，不过包租婆和斧头帮成了经典记忆。,3,功夫
就真心觉得还好啊,3,功夫
这部片子也就是冯小刚比较流氓，斧头帮印象深刻，至今周立波拿他来调侃,3,功夫
跑步那段有點差~所以扣了一分..若是省了那段 就算好看了,3,功夫
我认认真真的看过吗？我不喜欢星爷的电影，不论他是星星还是星爷……我喜欢里面的斧头舞。,3,功夫
比不上同期的《天下无贼》……那段时间这两部电影是讨论的焦点哦～,3,功夫
不论是“高手都是居住在诗画一般的地方过着极度奢靡华丽的生活，一出手就桃花满天飞雨水都静止的家伙”抑或“真正的高手都是非常低调的。他们都是相貌平常的普通人，不显山不露水，干着卑微的营生，只有在危难之际才大显身手，拯民于水火”，人外有人，天外有天，一山更比一山高，却是亘古不变的真理。,3,功夫
"One hand hard candy, one hand tougher hatchet.",3,功夫
这片不能算喜剧了，如果没有元秋元华，就半点也不搞笑了。,3,功夫
血水从门里涌出来那段，傻逼老师竟然说是致敬某个什么斯基的东欧导演。。。。不知道就不要瞎讲嘛，库布里克会像闪灵里的双胞胎一样来找你的,3,功夫
星爷没落了，斧头帮倒是火了,3,功夫
中国电影转型期的作品，还算是不错啦,3,功夫
这一部有点血腥，而且失去了从前那种语言魅力。,3,功夫
周末在家看的，以前只看过片段，没有完整。周星驰，不一样导演。最后的如来神掌，联想到西游降魔里面，怪不得被称江郎才尽。从他个人风格来看，也算是一脉相承了。没有更好的想法了 吧。,3,功夫
第一次看感觉不怎么样，第二次看感觉还好，第三次感觉不错~~,3,功夫
也许是人老了，也许是自己操刀，特效太多，搞笑无力。已经没有了90年代巅峰的周星驰风采了。,3,功夫
没营养的无厘头 不比从前2009.3.15 2012.1.30 Haydon with C,3,功夫
音乐课的期末考试都从唱歌变成表演了，贵校真高级。。。。。。。。。。。。。。。,3,功夫
周同学比较经典的喜剧片之一了。漫画的叙事效果看得出他对于自己风格转变的追求。,3,功夫
冲着是周星驰的片子，给个3星吧~,3,功夫
如来神掌？我也想要一本秘籍,3,功夫
很久以前看的。现在只觉得黄圣依很讨厌。,3,功夫
经典形象很多，剧情不记得~~,3,功夫
维护世界和平什么的，因了能力越大责任越大喔～嘎嘎！跟上节奏这种事，我能乱说嘛～,3,功夫
真心不喜欢黄圣依。。。周星驰无感。。。,3,功夫
每年电视台总会放这个····但是因为不喜欢黄圣依，一直无感，断断续续看完了,3,功夫
太过精雕细琢，反而失去了粗糙而市井的幽默。,3,功夫
並沒有...多喜歡...我還是覺得自己看了一碗雞湯...,3,功夫
对此片印象有二。斧头帮，以及包租婆。,3,功夫
棒棒糖碎的时候 感觉非常好,3,功夫
只喜欢用粤语模仿：包租婆~怎么现在没有水啊？,3,功夫
补。元秋 / 元华 / 梁小龙 三人太过耀眼。,3,功夫
和老妈在电影院看的...散场之后一共70多对小情侣出来...我数过的...,3,功夫
不在恶搞中生存，就在恶搞中灭亡,3,功夫
故事色彩并不浓厚，也没有经典的周氏笑点，算是一次全新的体系变革，对于非武打动作爱好者来说本片由2/3的部分是可以用来快进的，倒是主旋律影片也算是一片赤诚为丹心了。,3,功夫
冯小刚的斧头帮帮主很出彩，整部电影令人略感失望，为了搞笑而搞笑为了动作而动作好比为赋新词强说愁滴老少年~还是更钟情于早期的喜剧之王。,3,功夫
唉，实在对后来的这种风格无爱……,3,功夫
周星驰的创作才能不足以支撑一个完整的故事，这部戏典型的虎头蛇尾。最后的镜头被N多文青解释的翻来覆去，好奇的问，不觉得累吗？功夫如七宝玲珑塔一样，有佳句而无佳章，跟喜剧之王一样，有佳句，有情怀，但是故事太差，类同此理,3,功夫
音乐恰倒好处，就是全片手法太卡通了，何必呢？,3,功夫
周星驰就是定死了的的小家子气....没办法v_v...出生如此...,3,功夫
- - 我现在一看到周星驰就想到隆昌路。,3,功夫
不搞笑啊  个人觉得  但是对得起他的流行度吧,3,功夫
很多年后星爷应该很后悔当年找黄圣依当星女吧，黄圣依也只有这一部电影的一个镜头让人记住,3,功夫
很多年后星爷应该很后悔当年找黄圣依当星女吧，黄圣依也只有这一部电影的一个镜头让人记住,3,功夫
唉，我还是在初恋的宿舍里看的这部电影。一想到这就想打1星……算了，好吧，还是只针对电影吧~,3,功夫
星爷岁数大了，再也不能指望他像星仔时期那样大玩无厘头，更何况现在那些“合拍片”哪个不是玩无厘头，星爷拍些故事好、创意好的电影就足够了。也许周星驰这三个字就是好港片的代名词,3,功夫
哈哈哈哈看过好几遍了这次终于和老爸一起又完整地看了一遍...,3,功夫
不太适应一个演员向导演的转变,3,功夫
优点是明显的：鲜明的后现代色彩，走马观花浮光掠影的人物形象，被解构而个人化的武斗片段，充分表现丰沛的艺术表现力；可惜缺点更为刺眼：扯淡的强行立意，极端薄弱的情感叙事，脸谱化而单薄的核心角色，过分苍白的叙事呈现，不甚恰当的影像把握，亦明显暴露艺术创作上的幼稚肤浅。周星驰应该是压根没有什么导演才能的，他最多当个副编辑，去敷衍一下《大话西游》，或许才能够打通任督二脉，化茧成蝶,3,功夫
配樂有好有壞；第二場打鬥完全沒有周星馳乃劇本結構最大敗筆；場面調度還不錯。,3,功夫
我看你骨骼惊奇是万中无一的练武奇才~  武状元苏乞儿的那位~,3,功夫
棒棒糖可以做得那么大,3,功夫
武打设计非常好，这也是本片的唯一价值。故事与人物都是周星驰不变的模式：一个小瘪三或小混混，机缘巧合就发达了，表情从猥琐一下子变成了牛叉；必然有一个不开眼的女人，很漂亮，却会死心塌地做公益：释放地爱、发泄地爱。,3,功夫
好吧，这是个我不兼容的故事,3,功夫
周从天马行空变成匠气满身,3,功夫
看了三遍前30分钟，总算一鼓作气看完全部了呢！“包猪婆~为什么没有洗找水呢？”,3,功夫
初中看电影活动。第一次看周星驰。,3,功夫
感觉风格变了很多。。。 有点与一般的主流喜剧靠齐了。。。,3,功夫
在影院观影真是很容易给影片带来加分~~~~在科文的豪华厅躺着看一遍，发现这片子还是创意闪闪~~~~~周星星真是银才~~~~~~~,3,功夫
那是安陆的电影院放的第一部电影，第二年还在叔叔店里手掌大的电视机上。,3,功夫
还不错，比想象中好看哇。黄圣依在这里面很美哇。好低的泪点。。。,3,功夫
在有限时间内紧凑地表现出一层吃一层的强中自有强中手的概念，也因此对于主人公从小混混成长为大师的过程腾不出足够篇幅，只能使用开挂的方式，可以算是本篇最大缺憾。“包租婆，放开那个女孩，人家明天还要上班呢，一支穿云箭千军万马来相见”等词句能火这么久，不愧是星爷电影呢。,3,功夫
周星驰的电影我似乎就看过这么一部啊。。好羞愧,3,功夫
"飞刀那段确实逗,其他可取的不多...",3,功夫
"好多恶搞桥段, 看得很开心很放松.",3,功夫
有一种东西，叫正义，正义需要高强的功夫。。。。不过不是这个功夫,3,功夫
周星驰也练就一身肌肉啦，呵呵,3,功夫
可能星爷的用意太深，反而大部分人看不来，只能当成是一般的搞笑片处理了,3,功夫
我讨厌的黄圣依从这里走出来的。,3,功夫
我为什么不喜欢黄圣依呢,3,功夫
今日来看，并不觉得十分精彩，很模式化。也许在当时观众的心中是一部视觉上的享受，但我也比较喜欢他之前那些更为无厘头天马行空的作品。,3,功夫
无论怎么批评星爷的电影 回忆起来 总有无数的经典镜头和台词浮现在你的脑海 ,3,功夫
周星驰真的是很喜欢这种风格啊,3,功夫
周星星开始拍大片就更加天马行空了,3,功夫
可能期望值太高了，号称是周星驰多少年多少年之后的唯一新片，也可能是拍完之后不再拍摄的收官作品，忘了。总之形成了万众期待的情形。可即使客观来看，我也觉得这部影片情节拖沓，过于做作，笑料不够自然，这就是喜剧片的大忌了。包租婆的形象赢了一把，也捧红了徐娇。对于最后的大手印真是觉得够够的,3,功夫
不是因為我有笑……他會得到我難得的【兩星】……,3,功夫
因为自觉无感，后来被补看的同志质疑观影水平＝＝,3,功夫
神雕侠侣和小胖的膘肉,3,功夫
真心不喜欢。（2014重新看了一遍，有些感动，成长大概就是这样吧）,3,功夫
感觉不如以前了，星爷还是不要做导演吧……,3,功夫
梁晓龙最霸气 “还有谁”更NB...,3,功夫
哈哈，上学那会学校组织看的,3,功夫
这是部电影算是我看的第一部星爷的电影，那时候纯粹当搞笑片看的。十三岁的我确实不能理解星爷在这部电影里的沉淀，哪怕现在，我也只能隐约感觉到星爷是想要表达些什么，一些我自己还不愿意可能也不能思考的东西。所以暂且给3星,3,功夫
与星爷早期的佳作相比还是有差距的,3,功夫
昨天看西遊才想起當年和爸爸媽媽一起看的這部。對周星馳的笑點一直無感。,3,功夫
片子里冯小刚的造型还挺令我印象深刻的～,3,功夫
还不错，依旧是星爷的小人物大智慧大作为之作。,3,功夫
看上去真的是不太周星驰的电影 可骨子里还是小人物成大英雄的模式 ,3,功夫
很用心的电影，斧头帮最经典了,3,功夫
我不要看特效，我要看搞笑！,3,功夫
看过的最后一部周星驰电影，蛮有纪念意义的。,3,功夫
這麼多年來其實我從沒有看懂過周星馳/ 我在裡面讀出了對功夫的詮釋（不是在用一種諂媚的方式），質樸的感情，小人物反抗霸權的笑與淚/ 可我連上4個小時課後在昏昏欲睡的放映室裡，仍然覺得完全沒有看懂他,3,功夫
老一套，没意思。,3,功夫
最后那朵金色的小莲花啊~~~~,3,功夫
感觉上没我想象的那么好看，与以往星爷搞笑的风格有点不同，但还是不错。怀念那个时候的黄圣依,3,功夫
感觉上总不如周星驰以前的作品了...貌似就是从《功夫》开始退步的...,3,功夫
这时候，这电影，期待，有点失望，他老了,3,功夫
2004年12月25日 天津华纳影城 星爷真帅！,3,功夫
一下子变英雄太突然了。,3,功夫
周星驰对自我的膜拜与膨胀到顶点之作。,3,功夫
个人不是很喜欢，夸张过头了,2,功夫
很soso，桥段也老套，星爷也老了。,3,功夫
武打场面有点骇客帝国的味道。,3,功夫
星爷如果开始要特效撑腰的话不是一种悲哀么。,3,功夫
不知道是不是因为我长大了 他很难再让我笑了,3,功夫
期待很高···看了有点小失望,3,功夫
星爷也开始悟道了吧,3,功夫
不太明白这片为什么分数那么高，完全就是一部夸张手法的动作片呀，也许是我理解不了星爷的无厘头搞笑吧，黄圣依当年好清纯啊！惊艳到我了,3,功夫
这部比长江七号好看很多，很多经典场景,3,功夫
包租婆两口子太抢戏了，赞！,3,功夫
多年后返回来再看，典型的周星星式喜剧依旧亮点多多，不乏温情。时光荏苒，就连黄圣依都再不是那个娇弱女子，就连林子聪都做导演了啊..,3,功夫
星爷开始不那么可爱了。。。,3,功夫
不经意间点开看的旧片 旧到都没有在豆瓣mark。十年前看的片子 每一幕都记忆犹新 高手的过招、山外有山的故事格局设定，还有当时惊为天人的黄圣依。,3,功夫
看星爷的片子，从头到尾难得的没笑一下。,3,功夫
这个“还行”给包租婆夫妇和那个结尾。,3,功夫
那天我们逃了一节培优课,3,功夫
喜欢“猪笼城寨”里面的人们,3,功夫
不如原来了。。。重温的感觉比第一次看要有意思~,3,功夫
周星驰的片，有时间的时候，也要过一遍，这片有了些内容，只是不再那么无厘头了，能学会说故事就是好事,3,功夫
笑点少了点，打斗多了点，让像我这样准备开怀大笑的人感觉十分不过瘾,3,功夫
"从少林足球开始,就觉得一般般了.",3,功夫
杨过和小龙女么。。。这个也太颠覆了。。,3,功夫
不喜欢不习惯这样的星爷，看完此片我开始期待郑中基的喜剧因素发散了~,3,功夫
有个镜头明显模仿闪灵,3,功夫
这部电影真的是贡献了好多流行词，但实在无法理解为什么会金马金像双满贯,3,功夫
看了许多武侠功夫片，回头再评分，周星驰的境界很一般，故作高深的样子。但其实功夫是他很认真的作品的感觉。似乎最后有个大bug就是如来神掌的位置好像不对。,3,功夫
华星 with 倪方舟、曹婉,3,功夫
很多人都夸，我倒觉得还好,3,功夫
小学三年级跟姐姐一起看，当时的我很懵懂，甚至不认识周星驰。,3,功夫
没有想象中精彩~但剧情比想象中有内容~,3,功夫
商业味道很重的特技电影,3,功夫
我喜欢大隐隐于市的人，但是周星星的电影越来越不行了。。,3,功夫
"也一般,,和同时出的&lt;天下无贼&gt;相比,,逊色不少~",3,功夫
3D粤语，繁体中字。回头再看，黄圣依本来可以发展更好。,3,功夫
看第一遍不觉得好看，但随着电视机里放得太多，也就这么招了！,3,功夫
整体说不错，应该给4星。但是男女主关系是硬伤，怎么都联系不起来……减一颗！,3,功夫
一般搞笑吧，没什么特别经典的印象了～,3,功夫
亮点是复制了闪灵。,3,功夫
with liu,3,功夫
黑帮gag集中在前面...后面大玩功夫。and阿芳剧情略生硬。没啥感觉。,3,功夫
又看了一边，才发现这个无厘头还真的有不少细节做为娱乐电影还真是不错的打发时间的选项。,3,功夫
和大学同学一起去看的,3,功夫
弹琴的对决不错,3,功夫
为嘛我觉得局部都很好笑，拼凑在一起却一般般。,3,功夫
如来神掌,3,功夫
他的片好像都不太喜欢，没有意思没有亮点，就当时觉得黄圣依挺漂亮，只是当时。,3,功夫
星星告诉我们，小孩子还是应该吃些棒棒糖的～,3,功夫
"星爷如果不拍后面这几部喜剧之王,功夫,长江七号,他在影迷心目中也许就留下了完美的印象了.",3,功夫
"周导象国际看齐,象名导致敬,我们也重温了下大杂烩.",3,功夫
旅游路上中巴车上，系统回顾下,3,功夫
周星驰的电影除了月光宝盒我几乎没有看过。。。可能不是很带感呢要哭泣了。。。,3,功夫
"小弟,看你骨骼精奇.....",3,功夫
没有星情结，所以觉得还好,3,功夫
7年前的贺岁…今年看什么？,3,功夫
过了周星星的黄金时代了。,3,功夫
额。。。总觉得周星驰的电影在走下坡路，就像这部电影，里面的黄圣依其实是一个狠可有可无的角色。但是星爷就是要弄这么个斗鸡眼的女人上去，最后还跟她翻脸了……,3,功夫
还可以，场面挺好看的。,3,功夫
星爷转型不是很成功,3,功夫
擦鼻血……星爷的那个裸体啊~~~~,3,功夫
记得是过年时租碟在家看的，总觉电影有点灰暗和慢节奏，不像以前星爷的电影那么流畅。“小朋友，我看你一身横练的筋骨，一定是练武奇才。你我有缘，这本如来神掌我就十块钱卖给你了。”,3,功夫
特效的过多运用，反而淡化了星爷的演技,3,功夫
为什么有人那么喜欢呢,3,功夫
what&#39;s ur point?,3,功夫
太幼稚的故事了，表现力也幼稚。。。,3,功夫
今天再看，觉得周星驰这片造得还是很用心滴~,3,功夫
星爷挑女演员还是很有一套的，黄圣依那时真灵，惊鸿一瞥,3,功夫
我觉得这部没有他的风格了开始。,3,功夫
不管他是誰拍的不管成績有多好，我僅僅只是不喜歡而已。,3,功夫
周星星深沉洗具的开端吧 开始变得没意思了,3,功夫
不给钱我就烧你铺子!,3,功夫
3D重映，感觉精神世界还是太单薄了，夜场看的全是80后以及80后以上，周星驰的东西看来也老了。,3,功夫
还是喜欢以前的他啊,3,功夫
这是星爷转型的时候吧、有点没有以前那么无厘头了、但是还是很好的、斧头帮、包租婆、都是经典,3,功夫
看过的为数不多的搞笑片。。。。真不是我的菜,3,功夫
特效做的还行，可惜我就觉得黄圣伊好假。,3,功夫
逃跑那段真笑死我了！,3,功夫
40岁多的周星驰还是那么中二,3,功夫
老外是很喜欢看,3,功夫
周星星算是圆了自己的梦了，电影无处不透出李小龙的气息。Stephen Chow，你是华人的骄傲。周导继续！我们看好你喔～,3,功夫
作为港片恶补大计划的其中一课，现在才看这片的火星人留印,3,功夫
初三时候隔壁班放的，本班居然在放简爱。,3,功夫
it&#39;s not even funny.,3,功夫
感觉不如以前的经典，虽然也是部不错的片,3,功夫
小时候看了好多遍，里面的打斗很有意境。黄圣依是最初的女神,3,功夫
20190502#50：1 周星驰很喜欢写小人物的逆袭 也许就像他自己吧 2 黄圣依的哭和周星驰从天而降的如来神掌记忆犹新 但是电影整体感觉一般 莫名其妙进了250 3 结局的最后告诉我们 即使是个骗局 但是坚持努力并相信 一定会成功！,3,功夫
还是有些创意,3,功夫
其实还挺经典哈,3,功夫
还是搞笑，有了功夫，没有进步,3,功夫
看惯了星爷的嬉笑怒骂的喜剧，再来看这部电影，总觉得有些不习惯。很多幽默的地方真的很冷。也许星爷以往的电影，太过出色的喜剧表演掩盖了他要探讨的严肃的主题，在这部电影里就突出了主题而弱化了喜剧表演。其实我觉得以前的喜剧让人能笑着笑着就想哭的，何尝不是一种喜剧的最高境界。,3,功夫
不喜欢无厘头风格的，怎么会去看了这部，想不起来,3,功夫
黄圣依到底有啥用，真是无聊,3,功夫
星爷没那么搞笑了，但还是顶啊,3,功夫
周星驰江郎才尽，随便看看。,3,功夫
算有笑果吧。黄同学果然够花瓶...,3,功夫
说实在挺雷的。。。,3,功夫
虽然也有小人物的堆砌，但一个个都像是平面纸模型，尤其那个哑女角色。在我眼中周星驰其实是个被放大和扭曲的小人物，他越是走红就越是失败。,3,功夫
周星驰导演的电影总给我一种在强行胳肢我的感觉，形式大于情节，为了玩梗不惜把剧情搞得支离破碎，影片整体风格也比较黑暗,3,功夫
包租婆真是太有范儿了！,3,功夫
VCD时候看的，包租婆和半个腚的小子印象最深。,4,功夫
星爷的电影一部不如一部对胃口了,3,功夫
周星馳現在的電影都不好看。,3,功夫
星爷超越不了了啊。。。,3,功夫
热闹。反而觉得感情戏是这片最大的亮点。,3,功夫
星爷低潮期的幻灭作品...扯大发了...,3,功夫
没有很搞笑的地方。把武侠一套搬出来加上一贯套路讲的也是最白话的道理。,3,功夫
周星驰刚开始导演还是可以的,3,功夫
七十二房客，有意思啊,3,功夫
总有一种功夫，让你泪流满面....,3,功夫
没什么意思····我冲包租婆去的,3,功夫
星爷实现了自己的功夫梦,3,功夫
看得出来周星驰很努力，一直在向他的《喜剧之王》巅峰学习，但这感觉，这意境周星驰还差远呢，某种形式上来说从功夫开始周星驰的电影已经走下坡路了，迟早有一天老本要吃完。,3,功夫
搞笑有，但后劲不足,3,功夫
一篇评论里写的里情节蛮精彩,3,功夫
虽然很多人表达了对功夫的赞扬。虽然我觉得我也能感受到看似小人物实为大英雄的历程。可我对这部片子还是没什么感觉。可能以后有机会再看一遍感受一下吧,3,功夫
就记得斧头帮跳舞了,3,功夫
晚饭时的峨眉电影频道。。。,3,功夫
小时候的迷恋,3,功夫
那三个人，真感人。,3,功夫
那个大院子很有感觉。,3,功夫
和当时5岁的牛牛一起看的，他很喜欢，看完了在地板上一顿拳打脚踢，完了央我再给他放一遍，so，3.5星吧,3,功夫
周星驰电影里的主角常常是社会底层人物，受尽欺凌，然后突然飞黄腾达，美女陪伴。很不喜欢这种自恋的心态。而且励志是励志，有多少小人物熬到了飞黄腾达呢，大部分还是忍受欺凌吧。电影前半部分倒不错，到了后面周星驰被打通任督二脉，成为天下第一就觉得很假了。但是比《喜剧之王》有意思。,3,功夫
在星爷的作品里 只能算个还行了,3,功夫
无论英文片还是~~~都要看原声,3,功夫
自功夫之后，周星驰再无突破！本片以＂七十二家房客＂为基础，特效还比较精彩，相比较那一年的国产片。,3,功夫
这个 跟以前的比 瞎了吧,3,功夫
我真的不喜欢周氏幽默。。。,3,功夫
当功夫致敬片看吧,3,功夫
港式奋斗，周式喜剧。精神层次欠于《大话》,3,功夫
去北京的火车上一直在放来回都是,3,功夫
喜剧元素不足，特效过多，禁不起细看。,3,功夫
依舊無厘頭,3,功夫
不如以前经典了,3,功夫
他还能不能再造巅峰？,3,功夫
我爱里面的包租婆婆,3,功夫
星爷的片子加入越来越多的特效 我反倒不那么喜欢了,3,功夫
爆米花电影，可以笑笑。挖深度？还是免了吧。。。,3,功夫
"as you can see, Chou quite adores Bruce Lee.",3,功夫
比起以前的作品这个差远了！,3,功夫
星爷给新一代的印象,3,功夫
包租婆太刚健了。,3,功夫
讨厌黄圣依、不解释。,3,功夫
如-来-神-掌,3,功夫
#致每个孤单下午电影频道的循环播放#,3,功夫
波板糖。。蛤蟆。。其它的不记得了。。【陈真你突然变成蛤蟆看得人很心酸呐好不。。,3,功夫
其实不需要第二部了。,3,功夫
看出星爷真的是用心去拍~不过真的不好看（既不是功夫片也不是搞笑的，不伦不类,3,功夫
这部好几次看 结果还是没什么印象。。 感觉不如周星驰早期喜剧了,3,功夫
其實感覺星爺退步了,3,功夫
英文版配音。。,3,功夫
特地回味了一遍。特技不错，拳脚打斗也很出彩，但不是星爷擅长。为虾米我看到当年的黄圣依，就会想起如今的章泽天呢......,3,功夫
无厘头的终结,3,功夫
我实在讨厌黄圣依,3,功夫
笑点很多，特效也很棒，但这故事讲得不太好。,3,功夫
充其量也仅仅是一部喜剧片！,3,功夫
从此之后周星驰失去了原来的风采,3,功夫
说好笑也不好笑，说不好笑好像也不至于......,3,功夫
好像周星驰的片子就是必看的、、、、,3,功夫
当年和天下无贼争票房那个激烈。。不错了。,3,功夫
里面的黄圣依真漂亮。,3,功夫
功夫这个片子其实还不错，特效挺好的，搞笑的东西也有,3,功夫
一直都当周星星的电影是一个调剂，并不会特意去看。他的搞笑很肤浅但是很搞。,3,功夫
周星驰那把肌肉，果然是付出了努力的。,3,功夫
李小龙、火云邪神、包租婆……周星星不过是在追忆自己青年时代的观影记忆罢了，大杂烩炖炖而已嘛，那些吹得花好月好的朋友是没看过七八十年代的港片么？！说得好听点这算致敬，难听点抄袭没创意随便伺候啦，反正普普啦~,3,功夫
看了一点看不太下去……,3,功夫
包租婆好犀利哦！！！！！！！！给包租婆点100个赞啊哈哈哈哈哈哈哈哈哈哈哈哈哈哈哈和！！！剧情每个转折都挺突兀的，看到三分之二的时候惊觉咦怎么重点还没出来咩？我可以觉得黄圣依在这里面还挺好看的么。。。,3,功夫
捧红了一个忘恩负义的女人,3,功夫
几段百老汇式的歌舞突兀地有笑点，黄圣依美的巅峰,3,功夫
周星驰老了，这种故事也不是当年的感觉了。就是很俗很俗的，但是能看到这么多老面孔齐聚一堂，还是很怀念的。,3,功夫
从默默无闻到大师，这种片子太多了，但只有星爷的最好看！（黄圣依真丑 = =,3,功夫
星爷好久木有拍电影了哈 长江七号蛮失望的有点 这个功夫倒是还不错吧 斧头帮和包租婆的造型迄今也算是经典了,3,功夫
星爷，再也回不去了,3,功夫
冗余还是太多,3,功夫
我觉得黄圣依比刘亦菲好看,3,功夫
星爷的电影只能用无厘头来形容，因为不了解大多数桥段的背景呀😂,3,功夫
斧头帮，包租婆，火云邪神，乳来伸掌，还有谁！！！,3,功夫
星爷不行了   悲剧   ,3,功夫
用此电影充分说明周星驰以此为分界点，开始走下坡路了,3,功夫
黄圣依从这起家的吧…尴尬 我记得这片子还是学校组织一块儿看的,3,功夫
#沐雨斋观影室#要多无聊有多无聊…不知道这作品想做啥，没啥笑点…,3,功夫
无论如何戏仿如何特效，毕竟还是不如以前……,3,功夫
没惊喜了。。,3,功夫
挺有创意的。。本来想给四星。。 但是我认真的不喜欢黄圣依。。,3,功夫
具有里程碑意义的一部电影。我不是说对周星驰，是对我自己。,3,功夫
巅峰之作，因为自此之后周星驰的电影质量呈直线下滑状态，时至至今。,3,功夫
都唔知呃乜,3,功夫
很早之前看的就只记得包租婆比较可爱了,3,功夫
初中全班一起看的，很欢乐，现在想想真是2的可以...,3,功夫
飞刀飞腿那段很好笑,3,功夫
个人认为是种倒退,3,功夫
看旧电影最悲哀的莫过于 旧服饰和旧特效,3,功夫
还是喜欢周星驰早期的片子,3,功夫
发现没有剩下什么。大概只有感情才能剩下，而不是动作。,3,功夫
近年来星爷不多的好片子~,3,功夫
 欢乐喜剧  热闹～标准卖座电影,3,功夫
黄圣依在星爷怀里流眼泪那瞬间美到我了。,3,功夫
如果说喜剧之王是铺垫的话，那么从这部片子开始，我对星爷的电影就再也没了先前狂热的兴趣。,3,功夫
太突兀。想要用特效表达中国元素的玄妙，却成了炫目的花巧。,3,功夫
剧情非常好 但是最后武打的动作还是有点弱【星爷在楼梯桩上跳的时候像是在飞 有脑子都看出是威亚掉得不好】评论里大把人都是说看得哭了 像大话西游 不是因为感动或者好看而哭 而是因为致敬怀念星爷而哭 如果总是因为这样而给高分 这是对周星驰的侮辱。,3,功夫
当时觉得很靠谱，评价的时候却说不出什么,3,功夫
很厉害，似乎国际影响力远超我想象,3,功夫
其实一直都不太喜欢周星驰的电影，这部也不例外。2014年12月23补，距电影上映十年后的同一天（好巧）在天津台重新看了前半段，比之前的印象好很多，之前对什么是好看的电影的标准确实比较肤浅，最近看的多了之后更加懂得了怎么欣赏去一部电影。,3,功夫
"the another side of Steve, his dream",3,功夫
包租婆太抖奶了~~,3,功夫
星爷又开始搞笑了。。。,3,功夫
很经典的片子了。很喜欢星爷的电影。,3,功夫
球不是这样T的~~对上部电影的补充和扩张,3,功夫
重温了周星驰的《功夫》，重温了包租婆、包租公的经典搞笑桥段，还有斧头帮们派各路暗杀猪笼城寨居民，夸张的特技和经典的台词好像历历在目。有人说周星驰不适合做导演，觉得他拍出来的东西没内涵很幼稚，而近几年星爷的负面新闻也颇多，这里暂且不论这些，光看《功夫》这部电影，虽然很多恶搞和夸张的,3,功夫
那年印象深刻啊...,3,功夫
很多经典的小段子,3,功夫
完全没立体效果，几家没任何贡献的大陆公司强插在演职员表里太刺眼 / 这才是武术的价值：没有,3,功夫
不咋地呀，还是创了票房记录。星爷还真影响了一代少年人~中国人的侠士梦如今也只能以无厘头的方式呈现了。歪歪侠+超能+佛。：）,3,功夫
"我们公司的,哈哈",3,功夫
比起周之前的电影 多了很多特技效果 却少了以往电影的纯粹和笑声背后的冷酷 讽刺,3,功夫
太多的特技效果并不是我去看这部电影的初衷。,3,功夫
星爷改风格了    改装B路线    但是装B不忘搞笑……,3,功夫
一直不喜欢周星驰，就是不喜欢他的幽默方式,3,功夫
嘿嘿！星爷的片！怎么说也得给面子的啦！一个人如果没有梦想，那不就跟咸鱼一样！,3,功夫
只有一小段还是周的喜剧风格，别的基本就是动作片了...有点怪异,3,功夫
周星驰第一次改变恶搞的戏路，觉得一般,3,功夫
有点水啊星爷。。。,3,功夫
星爷。。诶。,3,功夫
动作和画面很不错，其他尔尔。,3,功夫
少了那些不加雕琢的笑料，少了星爷招牌式的笑声，却也能从中感受到试着转型的态势，不是纯粹的无厘头，不过也还是有些浮夸，可能我更喜欢一些贴近生活的。,3,功夫
"星爷,你不要严肃起来吧",3,功夫
是一部咸鱼翻身的作品， 讲的仍是小角色，身在黑社会心仍善良的小角色。黄圣依的哑女太惊艳了！清纯干净的女孩，童年的白月光,3,功夫
有人说这部电影是周星驰向好莱坞电影的妥协与让步，反正我觉得很无聊就是了。,3,功夫
最牛逼的就是，周星星同学他用非常夸张但传神生动手法传达了“牛逼人士在民间”这一牛逼概念。,3,功夫
冯小刚很棒，其他一般，哑巴女孩儿简直是剧本里的糟粕。特效可以打遍国内无敌手了。,3,功夫
周大仙的电影~ 纯属娱乐...,3,功夫
炒冷饭。胖子甩刀给包租婆那段最为搞笑。就像现实生活中人与人的相处，捅了别人一刀故作镇定 若无其事的拔出刀say sorry，接着又若无其事的刺痛对方原来的伤口。星爷还是微笑以对,3,功夫
一直在退步。。或者说。。我审他的美越来越疲劳。。,3,功夫
这个还有点逗,3,功夫
周星驰后期的电影都不好笑了,3,功夫
忘了星爷这一部，其实回想起来只是一般般了。,3,功夫
从这部开始，走下坡路,3,功夫
在星爷导演的片子里……我还是更喜欢少林足球，长江七号我压根就没去看……,3,功夫
开始注重特效了~,3,功夫
笑点这么低还找不到太多笑点。。从那时起，周星驰就不是周星驰了吧,3,功夫
三星半，看之前被各种推荐，于是我抱着对《大话西游》式无厘头温情的期待来看，反而有点失望。表面上看电影关注的是小人物的命运沉浮，但主角是武学奇才的设定却是削弱了这种关怀的现实性，更像是一场小人物的意淫而已。荒诞和情感，以及人物性格都太刻意和流于表面了。唯有风格还是星爷。,3,功夫
看看星爷是怎么逐渐苍老的,3,功夫
周星驰形式上的巅峰,3,功夫
我觉得结局的转尾有点突兀。有因自有果。,3,功夫
当年在电影院看的 当时的黄圣依还是年轻的,3,功夫
想起小时候看电视周星驰说想改拍功夫电影，我小小失落，以为他从此退出喜剧界，原来是两者结合了。,3,功夫
搞笑吧，一笑而过,3,功夫
岁数大了，没小时候那种“笑”果了，开始更关注演技那类电影。,3,功夫
黄圣依在里面还是蛮清纯的,3,功夫
何必要国际化呢，星爷？,3,功夫
没有剧本，没有搞笑，只有特技。,3,功夫
真的非常单薄啊？？？比之前周星驰的电影差远啦（小时候电视上看的，不知道播了多少遍）,3,功夫
没有吴孟达，要不然会如何,3,功夫
看的时候好像挺欢乐的……？,3,功夫
已经不喜欢星爷的了,3,功夫
看了长江七号才知道，原来功夫还是不错的,3,功夫
给星爷三星,3,功夫
搞笑功力已经大不如以前，开始亲情牌。,3,功夫
这可能是身为Bruce Lee迷的周星驰玩票玩的最嗨的一次了，各种致敬，还看到了和闪灵类似的镜头。作为娱乐商业动作片的确很不错了，但是感觉配角要比主角出彩呢？,3,功夫
总有一种功夫让你泪流满面,3,功夫
以为是喜剧片，后来发现是武打片 呜呜~~~~(&gt;_&lt;)~~~~ 前面都是铺垫衬托周星星的 ~~~~(&gt;_&lt;)~~~~,3,功夫
我还是喜欢周星驰早期的作品,3,功夫
转型的第一步,3,功夫
周如果到这里就截止就好了。还算完美，如果没有后来的话,3,功夫
个人觉得很一般,3,功夫
"我記起卻是當時我們四個人的約會,對電影就...",3,功夫
很早之前看的了，一直不喜欢周星驰的电影，不理解他所谓的无厘头，可是有时看了还是会觉得有些东西是挺让人心酸的。,3,功夫
唯一认真看过的周氏电影。,3,功夫
动作片大杂糅，周星驰果然不喜欢感情戏且不会讲太复杂的故事。,3,功夫
周星驰基本没有不好看的片子，虽然这个没那么好看,3,功夫
比起星爷的早期电影，有些逊色,3,功夫
不喜欢周星驰导演的任何一部电影。,3,功夫
过了十年再来看，显然这部电影的某些桥段是经不起时间考验的。看评论对片子的解构很有意思，比片子本身有意思。黄圣依那个时候确实好美。,3,功夫
不知道为什么，还是喜欢老式的星爷电影。,3,功夫
没啥感觉了~~比少林足球好~~,3,功夫
星爷就是票房的保证  黄圣依跟朱茵有点象 每个人都有自己的审美模式,3,功夫
星爷年纪大了，还是拍出了心酸感，他内心该有多悲凉。,3,功夫
下坡路星爷走的越来越顺~~~,3,功夫
有点冷，不过总比《长江》好,3,功夫
很多朋友都说好看的电影，然而我却没怎么笑,3,功夫
象征意象和英雄情怀似乎给电影打造了一个立于不败之地的语境，但本片的情绪流动其实相当局促，也相对简单，抛却这个故事背景，基本就是童话故事，周星驰走在时代前沿打造着自己的英雄神话，但那些曾经正真打动观众的，笑中带泪的小人物，终于变成了例行公事。,3,功夫
有特点没逻辑黄圣依干嘛使的,3,功夫
看了半天就记得棒棒糖了。,3,功夫
不太记得了……有个男人露尻了，恶心= =…星爷是个传奇，可仍觉低俗……  2004年@小嘉雯家,3,功夫
好久没看这么欢乐的电影了，也挺好的，笑成傻逼了。,3,功夫
每个人的巅峰都有结束的那一刻~星爷永远活在我们心中,3,功夫
这样的故事实在是爱不起来，主角害死不少人，特效为主的打斗完全无法激起对功夫的狂热感。即使如此，亮点还是不少，至少包租婆斧头帮什么的已经深入人心。苦力工人、娘娘腔裁缝和耍杆的师傅，街坊性格鲜明毫无英雄气概。侠义之士隐于市，人人都是高手，关键在于危险之时能否出手。,3,功夫
还有谁。。火云邪神。。包租婆。。其实想起来这片子塑造的经典场面和角色还是蛮多的，但是怎么都觉得星爷是江郎才尽了。,3,功夫
大家一片赞誉的时候我反而觉得他后退了。,3,功夫
真的一般。武术相关的，的确下了功夫。,3,功夫
包租婆还是够酷的~,3,功夫
呵呵~~化茧成蝶最终贯穿而成整个影片，说实话，有些失望！,3,功夫
5.0   唯一升入三星的一部星爷，结尾散落的花瓣看出了点《阿甘正传》的意思。只不过最后阿甘送走了孩子，而阿星则化成了孩子。,3,功夫
星爷 就是特效差了点。。,3,功夫
多年前看的，当年直到现在，抱歉我可能真的无法欣赏“无厘头”,3,功夫
201802时代之不复可知矣。少年之心是最容易老去的东西，时间流逝不再，再回首已百年身。配乐佳加分。《只要为你活一天》很喜欢。,3,功夫
电视上放的时候还是会看看，这部还是好笑的，但没有那些老的好笑,3,功夫
对周星驰不甚感冒,3,功夫
黄圣依拿着棒棒糖的场景要是能多拓展拓展就好了，星爷还是星爷，电影蛮有意思的……,3,功夫
周星驰 就这样,3,功夫
三星半 这部也算是无厘头带给我最后印象了 风格依旧  不过背景设定不喜欢,3,功夫
重看了一遍功夫 一开始跟周生说：这片子rated R绝对夸张了，there is nothing there! 结果发现还真的挺血腥暴力的……不过好看&amp;好笑，觉得以前的分儿打低了 ,3,功夫
【增补#503（2006年及之前观看）】都是一个梦啊,3,功夫
高手在民间/大妈都是深藏不露的/抓钱舞一定是从这里学的,3,功夫
不搞笑~~~,3,功夫
个人感觉还过得去,3,功夫
星爷老矣，尚能搞笑否？,3,功夫
也是看的不全，后来又完整的看了一遍，还算不错的,3,功夫
棒棒糖真够BIG,3,功夫
这个  风格变的  初始呐,3,功夫
星爷已不是当年的星爷,3,功夫
这样的片怎么在国际上卖呢。,3,功夫
其实当时看它的时候，真的没觉得好看。╮(╯▽╰)╭,3,功夫
男票推荐- 按常理来说我是不会看这种很好笑的电影啦- 但看完真的心情好好啊喵！ 仁者无敌 也蛮喜欢这个主题了 另 黄圣依好美呀呀呀呀,3,功夫
等你好久了，今年会有新片吗？,3,功夫
不如以前,3,功夫
周星驰做喜剧自有严肃的味道在其中，别有一番风味,3,功夫
记得小时候大人带着去上海看的。。。,3,功夫
感觉虽然星爷的作品水平好像有点下降,3,功夫
真的不怎么喜欢。那是的黄圣依是多么清纯。,3,功夫
小表弟一直在重播重播重播。。,3,功夫
老式武侠片的节奏和镜头，元华元秋梁小龙，碎裂的波板糖。,3,功夫
我觉得这部已经逐渐缺失了周星驰特有的喜剧特色,3,功夫
笑死了……P.S：那时候黄圣依还很纯……,3,功夫
那个蛇的那段，匪夷所思啊,3,功夫
被感动到了。之前偶然看到女人孩子被浇上汽油三个高手挺身而出那段就直接流眼泪，这次看也还是会眼眶湿润。黄圣依那时候真好看啊。而且周星驰原来这么帅的吗！,3,功夫
最早的看的星爷的片子，那时VCD缺一半，所以没有黄圣依的戏，但还是觉得不错，曾幻想成为包租婆那样的人呢-,3,功夫
那种笑果已经没有了,3,功夫
星爷不比当年,3,功夫
搞笑方面略微逊色了点 喜欢中国功夫的可以看看,3,功夫
为迎合外国人而拍的功夫片，失去了它自身的魅力,3,功夫
好一般的电影，周星驰当导演，我就一句话：活儿不好。当演员是天才。不知道被捧成这样，是粉丝疯狂还是营销水军，这样的电影也能金像奖，香港电影真是堕落的没法要了,3,功夫
还是有些想象力的；理想浪漫主义式的功夫片；,3,功夫
看影评据说被严重低估。确实不是那些搞电影搞文论的人为了写论文弄出来的吗？“阿星假冒“斧头帮”成员试图在一个叫“猪笼城寨”的地方对居民敲诈，不想引来真的“斧头帮”与“猪笼城寨”居民的恩怨。“猪笼城寨”原是藏龙卧虎之处，居民中有许多身怀绝技者（元华、梁小龙等），他们隐藏于此本是为远离江湖恩怨，不想麻烦自动上身，躲都躲不及。而在观战正邪两派的斗争中，阿星逐渐领悟功夫的真谛。”,3,功夫
功夫可以说是周星驰电影中，最能体现他的导演艺术的作品，可惜如今的美人鱼也只剩下了毫无营养的笑点和浅薄的主题升华，也就是环保,3,功夫
对周星驰没感觉,3,功夫
谭腿铁线拳的一些武打动作倒是不错，不过精彩的也就是这些了，把黄圣依拉出来扯些有的没的真是没意义……火云邪神的终极绝技是蛤蟆功真是雷得我不轻。工夫。,3,功夫
其实也没那么好,3,功夫
虽然也可以看很多遍，但已经不是以前的感觉了,3,功夫
不喜欢他的后期作品了，觉得真有点江郎才尽！,3,功夫
很少看他的片子……没什么意思……,3,功夫
现在回看，太有点正剧范，但剧情简单戏剧张力不够，喜剧效果也不再突出。弃恶从善，迷途知返没有说服力，星爷只是在圆一个功夫梦罢了。,3,功夫
看了2次,3,功夫
周星驰的风格喜剧，掺和一点点功夫元素，可看性非常强,3,功夫
不好笑，但是还好有特技，有老戏骨~,3,功夫
转型了，没味道了,3,功夫
如果不是葛颖拉片 我可能至今一知半解,3,功夫
看过的一部粤语片。,3,功夫
看了后面一半。。什么东西- -,3,功夫
他的电影从这以后我就不怎么爱了,3,功夫
Unfortunately 星爷零零年代片风华不再,3,功夫
没以前的好,3,功夫
应该叫包租婆与公的故事,3,功夫
"星爷低成本大片,太多致敬,星式电影荡然无存",2,功夫
故意耍酷装无厘头，不知所云，难看至极，感觉是周星驰电影的分水岭。不过里面的黄圣依真是颜值巅峰,2,功夫
没有国产武侠大片那么多别扭的隐喻，但一样的怪力乱神。气质颇似司徒剑桥一干人等的漫画……,2,功夫
周星驰电影里最不喜欢的一部，唯一一部get不到任何笑点的,2,功夫
看到傻眼，就记得一堆人挥动斧头在转圈、跳舞，太抽象我就关掉了视频……,1,功夫
内容空乏、表演拙劣、剧本生硬、制作粗糙，论跳梁小丑的哗众取宠程度，周星驰和成龙不分伯仲，只是，前者出卖尊严博观众一笑、后者动不动拿自杀式动作换的观众同情，他们的成功都有特定时代的烙印，农耕文明向现代社会转型阶段的产物，野蛮粗鄙又楚楚可怜。,1,功夫
我全程绷着脸看完这部早就该看的喜剧片，一如我一直认为的，周星驰喜剧结束于《喜剧之王》。虽然电影留下了“洗地”、“还有谁”、“看你骨骼精奇”、“我有一招从天而降的掌（插）法”等熟见于网络的台词，仍不能掩饰剧情和梗的老套。同时我认为，即使从《喜剧之王》开始，新推出的群演演技已经很生硬,2,功夫
90%红番茄也太高了吧？大概是功夫+特效特别讨外国人喜欢吧。单纯故事给3星。,2,功夫
"我很纳闷,为嘛周被打到天上落下来后,下半身的衣服不被烧掉呢?",2,功夫
"我不大喜欢星爷式的搞笑,我想知道他在思考什么,为什么总那么郁闷.",2,功夫
完全get不到星爷的点，大家都看到的是什么善恶转变，我看到的依然是牵强附会，这年头观众已经不会轻易信不好意思一切都是幻想，不好意思我牛逼因为我是谁的儿子，恶搞蜘蛛侠责任越大能力越大很好玩么？依然围绕自己是大神别人都傻冒的人物设置，特效跟汉考克一样没事就陷下去一下～ ,1,功夫
"This is not a movie, but a joke. It&#39;s just fucking lame but still entertaining for one who wants to practice chinese. The director doesn&#39;t pretend to make anything good, but only make you laugh : a kind of self-derision actually, about dialects, kung-fu, stereotypes, cinema...",2,功夫
特效很怪！夸张大发了！一点都不自然！周星驰做导演开始就跟做演员的周星驰完全两种风格了。,1,功夫
"烂得要死了,周星驰原来这么没有想象力",1,功夫
周星驰就了不起了？拍的东西就都好看了？,1,功夫
离开了生活的喜剧还算戏剧吗,2,功夫
太差了。打两星都觉得相当之客气。不对，我还是打一星吧。。。因为确实是烂片。,1,功夫
自导自拍自吹吊丝的逆袭，没什么笑点，比007差远了,2,功夫
一点也不好看，周星驰就满足了下他自己,2,功夫
好像是跨年去看的耶，哈。,2,功夫
星爷这部片子实在不敢恭维，搞笑的才能原来也会耗尽吗？,2,功夫
周氏幽默在这片子里让我冷到极点，两星给的是动作场面。,2,功夫
纯坑爹货，连龙标都没换，所以也不可能是神马导演剪辑版。看着银幕上一个个跟他决裂的手足，你就能渐渐明白，周先生最好的兄弟始终是钱啊！,1,功夫
电影本身不错  但是这种十年之后做个3D字幕，出来再捞一波钱的行为，不合适。,1,功夫
周星驰自己的角色才是最莫名其妙的。。。,2,功夫
感觉周星驰走偏了，太多想法要表达了，反倒浪费了喜剧的外壳。请了一些功夫片的老派配角，表现都很出彩，倒是主角表现一般。,2,功夫
当年看的，还是长江七号好。,1,功夫
王祖贤的眼睛、李嘉欣的眉毛、关之琳的嘴巴、林青霞的鼻子和...王祖贤的眼睛、李嘉欣的眉毛、关之琳的嘴巴、林青霞的鼻子和脸型！拼凑起来的，会是大美人嘛？缺了吴孟达，星爷失水准了。,2,功夫
太太太太太太太太太太一般了!所以一般到&#34;很差&#34;里了!,1,功夫
老上海与隐居高手的结合，新意十足。但剧本有些散了,2,功夫
现在看还是蛮失望的  如果导演主演都不是周星驰它还会那么多好评么？或许会少很多吧,2,功夫
学校强制组织看的烂片，圣姨你让我恶心到如今，实属不易。医院的洗胃药品上应该都贴上你的照片。,2,功夫
星爷当导演总感觉差了很多，整部电影剧情十分空洞，星爷周围的黄金配角也所剩无几，营造的喜剧氛围也不是很好，星爷在这部电影里的诚意能够看出他的野心，但是只能说这部电影最终的效果真的是差强人意，结尾的一抹爱情设置的还算不错,2,功夫
如果這個喜劇只屬於天賦異稟的無賴的幸運星與地痞的暴發戶，那寧可沒有喜劇。,2,功夫
当年看的时候就觉得难以理解,2,功夫
喜欢很久以前的周星星,2,功夫
星爷你变左了……接受唔到。,2,功夫
对于周星驰，我明显不像一些人那么有好感。,2,功夫
"多少年后,街上依然叫卖着棒棒糖。",2,功夫
大概是我看不懂，这是我眼里周星驰最无趣的作品。但get到黄圣依当时的灵气，之后再也没有。,2,功夫
本来是想给一星的，但是很小的时候喜欢梁小龙演的陈真，看在梁小龙的面子上再给一星吧,1,功夫
凡是炒冷饭以为改个3D就可以重新捞一笔的电影不管原作如何统统1星好吗！,1,功夫
不喜欢周星驰的搞笑风格。,2,功夫
太没意思鸟。。。。,2,功夫
不得不说是烂片……,1,功夫
第一次约MM看``居然看的就这部烂片,2,功夫
其实不知道想表达啥,1,功夫
星爷的幽默LV越来越高了，已经开始看不太懂了...,2,功夫
很有噱头的大片，但不过尔尔,2,功夫
星爷在这失败了,2,功夫
我是晕头转向了,2,功夫
很茫然的看着一个巨大的手印出现在地上...,2,功夫
为什么要留言？我都想不通。仅仅是看过留下记号。实在不喜欢这个电影的色泽,2,功夫
显摆了特效，但是故事很烂,2,功夫
开头部分还不错，尤其“警察出来洗地了”那句很经典，可是后面就。。。特技太多，笑点很生硬。配乐拿的还是大话西游的，太偷懒了吧。总觉得周星驰做导演和编剧不如他做演员更合适。黄圣依就跑了个龙套，里面居然还有范湉湉，那时范湉湉还挺瘦啊。还是冯小刚演的部分有张力,2,功夫
无聊，这是特技不是功夫,2,功夫
"星爷还是有想象力的,足够了",1,功夫
不喜欢这种风格的。。。,2,功夫
有个向StanleyKubrick的The Shining致敬的镜头~,1,功夫
动作很浮夸，虽然还是有些笑点和创意，但是没有灵魂。感觉这部电影就是一部真人卡通。,2,功夫
我想看的是星爺的搞笑真本事，不是一大堆誇大無趣的CG啊！,2,功夫
体验了一把电脑大片儿，这片儿和周星驰有什么关系？,2,功夫
在家，跳着看的,2,功夫
周星驰，你没有了吴孟达，开始变的不可爱了。,2,功夫
我就记住冯导演的那句话了~~还有谁！！！,2,功夫
我能说，这是内容大于故事的电影吗？电影，还是故事重要啊！又不是上课。,2,功夫
不太喜欢这部星爷的戏 包括长江七号,2,功夫
周星驰终极堕落的开端,2,功夫
专心搞你的无厘头就好了嘛！整这么多干嘛呢，吃力不讨好,2,功夫
功夫？搞笑！,1,功夫
很多桥段不是搞笑而是尴尬,1,功夫
还是和老爸到电影院看的 难看 不能和早期作品比,2,功夫
星星哥哥还是不要做导演的好。。。,1,功夫
没有想象中那么好，我失望了,2,功夫
不是很喜欢，贺岁搞笑无里头,2,功夫
还是以前的好。。。,2,功夫
周星驰做导演后，拍片都有烂片的趋势，丢了精髓啊！,2,功夫
一个字----垃圾（别问我为什么，无论垃圾，还是一个字）,1,功夫
笑不出来。。。。。,1,功夫
我真没看出除了特效还剩下什么？竟然这么多五星,1,功夫
我不懂幽默？从来不理解周星驰的幽默。,2,功夫
我接受不了这个片子 星爷有些片子挺扭曲恐怖的,1,功夫
情节松散 花拳绣腿式打斗 周星星式幽默 无一看点。,2,功夫
貌似是跟ex一起看的……好久好久好久以前了……,2,功夫
2005看,2,功夫
这种牛逼的片子可以用来吐吗？,1,功夫
最他妈恶心周星驰,1,功夫
期待越大失望越大？,1,功夫
实在看不完,1,功夫
好像是学校组织去电影院看的，没必要看，小人物怎样成功的故事,2,功夫
星爷一大败笔啊~,1,功夫
让我去电影院花钱又后悔的片子周大爷的居然占了两部 长江七号更雷,1,功夫
动画片而已,2,功夫
09-10-1，家，IPTV。一开始还好，确实把我搞笑了，然后一直期待后来的发展，以为会有个出人意料，可惜结尾部分转折得太无趣了...忒俗套。另外这种忽略地心引力的“武打”特技，实在越看越乏味，假的不行。总觉得阿星快没喜感了,2,功夫
星夜后来的电影都可以用四个字总结,2,功夫
对比看以前他只是演员的片子，发现周不适合当导演。。。。。,1,功夫
非常失望，星爷选黄圣依实在太令人无语了,2,功夫
发自内心地觉得这电影难看,2,功夫
周星驰是个好演员却不是个好导演。我不管有多少人吹捧这个电影，最直观的感觉就是他不会完整的讲完 一个故事，前大半部分着墨于不相关人和事，高手打斗，主角忆童年，中途的转折匪夷所思，最后的功夫更是摸不着头脑。这是一个周星驰自身的故事，也是他一个人的意淫。这么一看西游降魔篇的确是完胜了。,2,功夫
对不起啊 真的不好笑 5555,2,功夫
咋就不喜欢呢,2,功夫
真的很无聊,1,功夫
什么玩艺儿呀也不逗,2,功夫
实在没看出什么好的！,1,功夫
恩，我实在不理解，周星驰怎么就成大师了。,2,功夫
星爷做导演确实不怎么样,1,功夫
其实对周星驰的哪部电影都不感兴趣,2,功夫
星爷这部没太给力,2,功夫
特技毁了周星驰。,2,功夫
真的看不下去呢。。。我还是喜欢小成本的感觉。,2,功夫
没什么突破~,2,功夫
星爷自己做的电影我反而不怎么喜欢，觉得丧失了周星驰这个名字在以往的岁月里给我留下的印象,2,功夫
看不懂，我睡着了..,1,功夫
零几年的寒假看过，笑过，震撼过，而后，烟消云散~,2,功夫
不知道星爷究竟想表达什么。。。,2,功夫
故事超级烂，但有些地方还是值得回味一下。,2,功夫
完全没兴趣看下去的电影，拍摄手法太夸张。,2,功夫
无厘头电影，不注重情节的撰写，处处漏洞，非常差劲，竟然被很多人中意，无法理解。,2,功夫
笑不出来~~~,2,功夫
烂片中口碑最好的。再好的一个演员也经不起这么消耗人缘。有一次还会有二次但我相信不会有那么多次。本片想搞笑不好笑，想传递功夫奥义可是不深刻，想讲述小人物励志故事可是不煽情。再加上夸张的动作场面和离谱无美感的特效。三星真的是我给烂片的最高纪录，毕竟大学时一不开心就看星爷解压,2,功夫
太无聊，有什么好笑的真是,2,功夫
特效大于剧情,2,功夫
感觉这算是星爷的分水岭，探索多于成果,2,功夫
2014年6月20日完整地看一遍。大学时候看了个开头就看不下去了。,2,功夫
这是周星星最无聊的电影。除了特效一无是处的电影，更是围观最能体现脑残的方式！,2,功夫
我对星爷的电影一直都很无语,1,功夫
反对阐释一把，真的欣赏不来。,2,功夫
商业味挺浓，制作算不得精良，但也有些低的笑点~,2,功夫
港片的笑点我一直不太懂。呃。,2,功夫
不喜欢这种,2,功夫
周星驰就了不起了？拍的东西就都好看了？,1,功夫
星爷电影里面比较差的,2,功夫
一直以来不喜欢他,2,功夫
2星给星爷的表演，想想如果不是周星驰演了，就这电影，这是个啥啊……,2,功夫
比较无聊 或者我未能领悟? 他的东西需要领悟?  需要吗? 不需要吗?,2,功夫
被强制看。极度不喜。,1,功夫
但是新片都是2颗,1,功夫
烂片。。。。。。,1,功夫
黄圣依面瘫,2,功夫
cult,2,功夫
周星驰的高峰已经过去。,2,功夫
活神经..,2,功夫
实话我真的没看出牛逼在哪儿，才疏学浅。看影评有点阅读理解的感觉。再者，如果一切设计都是本意，会不会有点太刻意了。。,1,功夫
星爷的作品从食神开始展现出在表演风格寻求突破的决心，从喜剧之王开始自己主导自己的作品，但老实说，也正是从这时开始，其作品为了承载更多独立甚至有希望有深度的想法，变得不伦不类，可能是少林足球的失利(不是商业的失利，是转型和创作探索的失利)，使到星爷希望借着功夫来翻身，但从这个角度来说，这次依然矫枉过正，显然，演而优则导的路，并不适合每个演员。,2,功夫
错误的颠覆，误导,2,功夫
垃圾，拜托周星驰不要自导自演了,1,功夫
最无趣的星爷电影,1,功夫
剧本弱，只有包租公婆还能看,2,功夫
我是看不懂想要说什么,2,功夫
清洁感觉特别脱节。。。要不就是我看的不认真 反正看不太下去,2,功夫
我貌似睡着了.,2,功夫
真正无厘头，搞笑都没了,2,功夫
"时代在变化，星爷从这个作品开始走了下坡路,因为拿不出迎合当代观众胃口的作品了，但是星爷可谓是留下最多经典作品的电影人。另外我想问一下圈钱狗们，长江七号要不要也重映一下?",1,功夫
我不爱.,1,功夫
完完全全就是烂片啊，星驰同学你不够格当导演啦,2,功夫
一部比一部差,1,功夫
不咋地，周星驰自己拍的电影有部好看的么？,2,功夫
真的好难看，全程迷之尴尬。。。,2,功夫
哎。笑不出来了,2,功夫
真不知道金像奖是怎么拿的。,2,功夫
烂片，不知道到底想讲些什么。,1,功夫
不知是无厘头喜剧失去了时代，还是我失去了无厘头的年纪，星爷的所有电影，在我心中皆胜不过喜剧之王。本片用场景代替剧情，用炫技代替情感，再也看不见当年那份感动,2,功夫
星爷越拍越烂了……,2,功夫
感觉是周星驰电影中最难看的，特技是败笔呀，什么东西,2,功夫
只能说。。。。我真的不懂周星驰吧。。。( •̩̩̩̩＿•̩̩̩̩ ),2,功夫
原谅我一直无法欣赏星式幽默，很容易走神，黄圣依怎么能算女主呢，明明就是打酱油的。,2,功夫
= =,2,功夫
反正我是觉得挺难看的。,2,功夫
星爷走下坡路的电影,2,功夫
少了幽默..,2,功夫
为什么制作成本与电影不成正比？,2,功夫
"分喜剧里了,不配称无厘头电影",2,功夫
星爷的谢幕之作,1,功夫
太令人失望了......,2,功夫
真的不能看第二遍，诶……,1,功夫
我好像不太喜欢看星爷的电影。。。,2,功夫
星星后期的电影俺都不是很喜欢,2,功夫
继承了周星星一贯的无厘头 ,2,功夫
这部我连笑点都不记得....到底好不好笑呢？只看过周这两部电影，以后也不会再看更多了。,2,功夫
年幼无知时在电影院看的,2,功夫
烂片，不能理解一些人的世界。,2,功夫
有时间 希望能仔细看第二遍,2,功夫
单机版RPG,2,功夫
片子有点混搭，搭得有点乱，风格不统一，个人不喜欢！看到出周星驰对功夫的敬重，所以用了很客观很真实的手法拍摄，但又怕受众不喜欢这种变化，于是又把喜剧接进，可是少了王晶/吴孟达，喜剧就变成闹剧，没有了嘲讽和犀利，真正的只是无厘头的闹剧……,2,功夫
国际惯例，上线把所有国产片刷一遍1星，国外大片刷一遍5星,1,功夫
堕落了啊 真的是一点笑点都没有,1,功夫
真难看..,2,功夫
这部的笑点真没好笑的，好歹也是喜剧啊,2,功夫
disappointed,2,功夫
完全不好看,2,功夫
就是这部片，毁了周星驰,2,功夫
不是很喜欢说实话，星爷后面的电影都没能超过90年代的。,2,功夫
看着有点儿闹心,2,功夫
星爷是宝刀已老吗？？？,2,功夫
烂片。,2,功夫
别看 很哗众取宠.虽然有个别小人物还是不错的,2,功夫
夹杂科技的周星驰 让我有点觉得四不像,2,功夫
飞机电影。不知道星爷想要拍啥。当喜剧演员正经起来，的确挺可怕的。,2,功夫
雖然邪惡勢力很強大，最后還是被打敗了。如來神掌境界高啊境界高。,1,功夫
慢性自杀用的电影。,2,功夫
制作精良的乐色，台词全是炒冷饭，还都用在很尬的地方，完全没有喜感。周星驰是个好演员，但是导演真不行。,2,功夫
可能很多人觉得很经典吧，但是我就是觉得不如周星驰以前的电影,1,功夫
演员和导演并不是浑然一体的。但无可否认星爷的脑袋里有一片汪洋大海。,2,功夫
很一般嘛,1,功夫
从这里开始~星爷不再是我心目中的星爷,2,功夫
我不喜欢星爷这部作品。。。没有太强的爱情线索，我就不懂星爷的无厘头了……,2,功夫
还记得是儿时租牒看的，无语之片,1,功夫
说实话，我觉得真他奶奶的难看。,2,功夫
看创意给。我还是喜欢你小打小闹。太帅也不要拉。,2,功夫
我是真的从头到尾没看出哪里有什么好笑的。。。,2,功夫
垃圾，毫无小火花,2,功夫
小时候看的时候就没啥感觉，而且对3D重映这种玩法不是很感冒（如果不是我认为的经典作品的话）。,1,功夫
一点都不好笑，笑点生硬。,1,功夫
黄圣依最好看的时候了,2,功夫
失望而已,2,功夫
人常说小俗即雅，大雅是俗；也可以说小雅是善，大俗即恶，周星星的电影，俗透了，恶的让人恶心！,1,功夫
总算看清楚黄圣依长啥样了。星爷嘛，一如既往地让人提不起兴致,2,功夫
老实说 我觉得还是他与王晶的合作电影好,2,功夫
以前看着挺热闹，现在觉得有点刻意堆砌。没啥意思。属于白开水一样的电影,2,功夫
难道这就叫现代版无厘头……,2,功夫
这货不是。,2,功夫
由此开始周星驰就不以前的周星驰了,2,功夫
"简陋了点,,",2,功夫
从功夫到后面一系列星爷的电影开始卖个人主义了，再也找不到从前“豁得出去”那股劲,2,功夫
火车上看的算不？俺真的是不会花钱去看这种电影。。。,1,功夫
不是以前喜欢的那个周星驰了   唉  人人都想国际化啊。。。,2,功夫
周星驰后期电影，不好看了,1,功夫
从小没被周星驰洗脑一组，最近在回顾周星驰 2019年4月,2,功夫
剧情太粗线条,2,功夫
我想说，难看！终于补评上了,3,功夫
我总系觉得一唔搞笑就好鬼憨居，所以后面成个钟我都好想训觉。,2,功夫
和星爷以前的片子没的比。,1,功夫
2013年06月15日 20:15 太制式化了,2,功夫
 周星驰 ,1,功夫
哈哈一笑,2,功夫
不是星爷的味了,2,功夫
不好看，黄圣依这个酱油打的真多余。,2,功夫
一颗星给周星驰，一颗心算感情分，自从功夫足球以来，周星驰演的电影是越来越差了。,2,功夫
get 不到笑点，我知道我是一个人。,2,功夫
星爷退化了的说,2,功夫
太血腥了，真的让人很难接受,2,功夫
不喜欢,2,功夫
就是还行 普普通通的一部电影 被无脑吹周星驰的热捧至死 依然沿袭了周星驰一贯的伎俩 小人物屌丝逆袭 太缺新意 难怪江郎才尽之后再无出演 可能是自己也不想太丢人吧,2,功夫
无厘头。,2,功夫
实在不咋地,2,功夫
闹剧。。。。。,2,功夫
不知所云，相当失望,2,功夫
断断续续看完到底算不算看过啊～～～,2,功夫
二逼片,1,功夫
挺一般的，而且没逻辑啊，无脑动作片，周星驰怎么就成了那个最有天赋的人了，前面一点都没有铺垫啊，因为他的主角光环吗，啊？搞不懂。,2,功夫
黄圣依那时候好纯，不过记得不喜欢不好笑的,2,功夫
烂倒不行,1,功夫
剧本太弱，形式主义和做作的味道扑面而来,1,功夫
是一部恐怖片,2,功夫
体会不了周氏喜剧,2,功夫
笑点？,1,功夫
从头到尾都在想这他妈什么鬼。大概因为我是直女癌吧,2,功夫
无萌点,2,功夫
小人物引发的一片串有关小人物的斗争，无厘头，特效也太夸张了，非常无趣无聊，非常做作。,2,功夫
我一向不喜欢周星驰,2,功夫
这片本身还是不错的，不过，似乎没有超越星爷之前的电影。,2,功夫
垃圾,1,功夫
我眼中的星爷的失败之作,2,功夫
我没有想看，但到处都在放~~~,2,功夫
此片一般,2,功夫
不好笑,2,功夫
除大话西游，唐伯虎以外，第三部百看不厌的星爷的作品,1,功夫
快點跟王晶和好啦~,2,功夫
下坡路。,2,功夫
e（一声，拉长）,2,功夫
有点找不到周星驰搞笑的那个point，一部经典的电影拖到现在才看，倒是看到很多熟悉的镜头和画面，包租婆没水了，以及冯小刚刚出场的“还有谁”,2,功夫
只有记得，陪我看的人，和爆米花的浓香。,2,功夫
和少林足球一样，失望,2,功夫
后期为了表达什么。。。,2,功夫
不喜欢,1,功夫
周星驰的电影总叫我感觉到人与人之间的笑点是有差异的,1,功夫
大学去电影院看的。那时候花了36买了超大棒棒糖,1,功夫
星爷当导演差了点,2,功夫
很久没看过这么烂的电影了 黄圣依那段勉强加一星...,2,功夫
对于周星驰，我一直喜欢不起来,1,功夫
真的不喜欢····,2,功夫
一场关于邪不压正的功夫之梦。,1,功夫
比较傻,5,功夫
为什么周星驰会拍这个呢,2,功夫
没感觉……,2,功夫
接受不了,2,功夫
不喜欢这种风格，有点莫名其妙。我想我以后不会再看他的电影了,2,功夫
补评：这是周星驰的败笔。,2,功夫
這真的很難笑。,2,功夫
没文化很可怕,2,功夫
过冷了。。,1,功夫
后来再看周星驰的电影 只是觉得恶心得不得了,2,功夫
这部功夫离经典很远，网民的时代滤镜很厚。这么多年这部电影留给我的记忆是，所谓功夫就是人像虫子一样满世界乱飞。不过比起西游降魔强点，至少故事讲清楚了。周星驰最好的作品还是喜剧之王,2,功夫
无厘头依旧。。。,2,功夫
一拳打的佛祖降临，一脚踢得人空中漫步，第一次看当时是极大的拓宽了自己认知，导致一段时间痴迷武学。虽然有些夸张，是星爷的基本套路，可以当成喜剧，爽片看。,2,功夫
老片补分。本身对周星驰有一些看法，但还是有些小时候的情怀。当年电影院看这片的时候，真是满脑子什么鬼,2,功夫
烂片，星爷被吹成神了，其实功夫一点都不好看,1,功夫
有点忘记讲啥了 只记得一些经典片段 反正很无聊……,2,功夫
好笑？好笑！把自己搞得像个笑话,2,功夫
出于以现在的阅读力重新客观去看星爷的目的，复习了这部。无论剧情、笑点、效果还是表现，都在及格之下。星爷后期的作品其实并不如他最经典的作品那般出色。可以看出很多要素和细节他在拿捏，但整体素质并不行。近年频繁出山，大家都在还电影票吧。但从实际效果来看，期待度放低比较现实。,2,功夫
不太好看,2,功夫
幻想症,1,功夫
就是一个功夫，黑帮，小人物各种元素混搭的片子，硬是被脑残解读的多么多么有内涵，一星给脑残。,1,功夫
片中的内地演员都很出彩。,2,功夫
看完90年代星爷的电影真的觉得这部跟少林足球都不喜欢...功夫固然很厉害，但此片就有点神化了。5毛特技。。年代问题也不好追究。唯一戳我笑点的就是星爷胳膊上被插了两把小刀逃跑时小刀充当后视镜的那段了。。,2,功夫
不喜欢喜剧片有血腥镜头，太暴力了，一点不觉得搞笑,1,功夫
没有以前星爷电影的感觉。。,2,功夫
以前在cctv看到夜色里弹琴杀人影子里人头断猫身裂那几个镜头对这个电影产生了兴趣，但是真看了全片觉得好浮夸。只有武侠的准则，邪不胜正，满足观众在现实生活里没有的正义。那时候黄圣依真美，有张柏芝年轻时的气质。,2,功夫
CCTV6（真的不太会主动去看周星驰,2,功夫
"电视上演了N边都没看完过,这在周星驰是第一遭.",2,功夫
周星驰少林足球后第一部作品，事实证明，周星驰离开了李力持，就是个屁,1,功夫
没什么，不配top250,1,功夫
已经稀薄到没啥印象了。。。。,2,功夫
重看周星驰，发现这部真心一般。人物心理变化说来就来，故事中期节奏有严重问题，果然童年滤镜真是可怕！,2,功夫
虽然电影好看，但是重映这么明显的圈钱行为，差评。,2,功夫
太假，这个功夫没有甄子丹的功夫真实。夸张做作！,1,功夫
從這部起，星爺真的老了。,2,功夫
转3Ｄ骗钱有意思么,1,功夫
啊，当时好多卖棒棒糖的,2,功夫
一直不喜欢这部，我也是看到这里对他失望的,2,功夫
原来有那么多网络语言是来自于这部剧....,2,功夫
垃圾,1,功夫
初三那年班级里放的，看的完整的唯一一部周星驰电影，没兴趣,2,功夫
恶搞得片子，感觉一般,2,功夫
哎。。。。,2,功夫
对通篇两毛五的特效是真的无感,2,功夫
其实我的性格有点像包租婆。,2,功夫
無聊...外國人竟說超級搞笑= =(話說這電影有在多倫多上映),2,功夫
到底哪里好笑了 ,2,功夫
对周星驰式幽默实在爱不起来，太过cult反而引发不适。和黄圣依的对戏倒充满张力。,2,功夫
很cult，披着“喜剧”外衣的荒诞离奇，但全程没有一处好笑的地方。,2,功夫
完全不能接受！,1,功夫
完全体会不到那种幽默...好冷,1,功夫
相当无趣，比以前的难看多了,1,功夫
从此彻底抛弃港剧,2,功夫
无脑喜剧。,2,功夫
不太想看周氏电影了,2,功夫
完全是给星爷面子 多打一颗星,2,功夫
实在欣赏不来无厘头搞笑，一点不搞笑,2,功夫
不太懂为什么评分这么高 感觉就是小人物大用途的电影 笑点也不太能get,1,功夫
不对味口,2,功夫
如来神掌那一段儿还是让鸟山明来拍吧,2,功夫
为了北美票房的标题,2,功夫
我觉得周星驰最不好看的一部电影,2,功夫
这电影怎么会吹得那么神？完全搞不懂。,2,功夫
周星驰的滑铁卢，这么多年过去了，我还是不喜欢,2,功夫
讲的什么玩意儿！,2,功夫
较差,2,功夫
第二次被星爷的令人失望吓到。,2,功夫
抖了一些没笑点的干瘪段子，模式化的无转折无惊喜无意料外的剧情，忍不住叹息美人迟暮。,2,功夫
周星驰当导演后的作品总是不对味,2,功夫
比之前差很多,2,功夫
无聊浮夸到爆。。,2,功夫
當時在電影院里只覺得好吵好吵~一向對周星馳的電影沒有很感冒~,2,功夫
哎，真落寞的搞笑,2,功夫
制作还算精良，无奈剧本硬伤。,2,功夫
从这部开始，注定了周星驰和前半生的赞誉已毫无瓜葛。,1,功夫
别喷我 这里面的黄圣依 送我我要的。。。,2,功夫
星爷终究是做演员的料,1,功夫
我没看懂。,2,功夫
各种破,1,功夫
不好玩,2,功夫
睡着了！,2,功夫
我一点都不喜欢。。。,2,功夫
soso,2,功夫
只能说，这是无厘头,2,功夫
觉得星爷退步了,2,功夫
看个热闹,2,功夫
黄圣依这些年是经历了什么，当年明明这么美好啊……,2,功夫
没什么感想,2,功夫
一百分钟的电影，周星星不再无厘头的幽默。爱情桥段敷衍得要命，当然这部片主打武打。之外的剧情平平，甚至于勉强。,2,功夫
不喜欢黄圣依,2,功夫
没一点好笑的,2,功夫
欣赏不来,2,功夫
只因周星驰才看，但是对周星驰彻底失望,2,功夫
有些地方有点扯,2,功夫
实在找不到笑点,2,功夫
江郎才尽？,2,功夫
也就那样吧，周星驰电影的价值观。。。。。,2,功夫
无厘头过了头,2,功夫
再看觉得值四星,2,功夫
一直对周星驰不感冒，高中时陪同学在学校后面的“小黑屋”看的，至今已经没什么印象了,4,功夫
都唔知讲咩,2,功夫
烂片王的又一次爆发 不明白这么多人喜欢这种片子,2,功夫
哪来这么多捧臭脚的？,1,功夫
别忘了，我们笑的不只是他，还有我们自己。,1,功夫
这种搞笑片很多小孩子都喜欢看吧，都是幻想,2,功夫
只有“功夫”，剧情空洞。,1,功夫
怎么会有周星驰这么烦的人…,1,功夫
星爷的电影总能让我在忧郁的时候笑出来,2,功夫
呵呵。,2,功夫
走偏了,2,功夫
受不了，都想从电影院跑了,2,功夫
一点意思也没有,2,功夫
没什么情节,2,功夫
幻想过度,2,功夫
周星驰的电影似乎都是靠情怀支撑的……,2,功夫
最不喜欢的星爷电影，哦，还有长江七号,2,功夫
弱智,2,功夫
不喜欢。,2,功夫
欣賞不了 周·· ,2,功夫
不好看,2,功夫
星爷的电影一部不如一部了！,2,功夫
有些桥段真是看的人恶心 夸张过头了 但感觉导演有功力,2,功夫
小时候看的,1,功夫
什么乱七八糟,2,功夫
我觉得不行,1,功夫
江郎才尽ａｇａｉｎ～,2,功夫
無味道、、、,2,功夫
可能我不大喜欢这种风格吧，尝试看了几次都看不下去！,2,功夫
。。。。。。,2,功夫
一颗星给黄圣依,2,功夫
下坡了下坡了,2,功夫
真的喜欢不起来，我宁可去看九品芝麻官。,2,功夫
人之初性本善,2,功夫
就记得包租婆了,2,功夫
不喜，比较适合十二岁以前的我看,2,功夫
真心不怎么喜欢,2,功夫
看了就像没看一样~,2,功夫
看过星爷出演最烂的片子，夸张不切实际的幻想,1,功夫
黑暗电影的开始,2,功夫
- -所谓的国产大片……,2,功夫
不知道为什么评分这么高,2,功夫
当年没看懂，现在也是,2,功夫
不好看,2,功夫
最后30分钟再也坚持不住了,1,功夫
看都看累了~,2,功夫
崩了崩了。,2,功夫
20世纪十大被高估的电影。不懂星爷的无厘头,2,功夫
不太懂,2,功夫
被迫看的，周的电影基本都不是我的菜。,1,功夫
这应该是我难以理解的幽默！！！！,2,功夫
没看懂。,2,功夫
说实话，真的一般,2,功夫
欣赏不来这个风格。。。,2,功夫
只能两星了,2,功夫
扯,2,功夫
留给三岁幼儿园小孩看吧。浪费时间跟生命,1,功夫
钱太多,2,功夫
大量电脑特技 昏昏欲睡,2,功夫
好演员未必是好导演。,2,功夫
电视台一遍遍的重播，还是看不太懂。晦涩，也不想去懂，那些灰凃涂的色调看着就难受,1,功夫
至今不明白为什么大家都这么喜欢,2,功夫
星爷的黄金时代过去了~,2,功夫
不喜欢这部 苦涩的不知所云,2,功夫
如来神掌这不是扯淡呢吗,2,功夫
我是弱智……,2,功夫
我没有觉得它是一部喜剧，里面各种镜头过于血腥和夸张，让我不适。,2,功夫
毫无动人之处,2,功夫
...,2,功夫
奇怪..,2,功夫
坑。。爹。。啊。。。,2,功夫
我还是不明白这部剧想表达什么，以及周星驰电影为什么总是要欺负女主角，最后女主角还要像圣母白莲花一样爱他原谅他保护他,2,功夫
不喜欢,2,功夫
看睡着了,1,功夫
RE,1,功夫
完全没感觉,2,功夫
好看在哪？,2,功夫
压抑,1,功夫
不太明白！,2,功夫
没感觉,2,功夫
这电影还拍三个D，歇菜吧。,2,功夫
不予评论,2,功夫
笑不出,2,功夫
虚...,2,功夫
小人物的逆襲,2,功夫
很普通的电影，笑不出来了已经，包租婆角色还是深入人心，说是最好功夫片太搞笑,1,功夫
周星驰的圈钱计划。,2,功夫
本来想给三星的但是我不喜欢黄圣依。,2,功夫
片子没毛病，3D没必要。,2,功夫
剧本!,1,功夫
2.7,2,功夫
不好玩。,2,功夫
适合18岁以下少年观看！,1,功夫
我觉得不好额···,2,功夫
对眼黄圣依 丑爆了,2,功夫
——,2,功夫
看过无感，不喜欢黄圣依,2,功夫
欣赏无能,2,功夫
…实在是无法欣赏 过于夸张的表现掩盖住了真实情感的流露 令人生厌 ,2,功夫
不知道评价为什么那么高,2,功夫
毫无诚意之作,1,功夫
记得长镜头和包租婆,2,功夫
破片。。。,2,功夫
烂片,2,功夫
糟透了,1,功夫
真烂,1,功夫
不知所然，烂,2,功夫
