比起其他人 我感觉赵薇更像是个真真实实活在我们身边的人 ,4,花木兰
推荐的理由之一是赵薇，演技纯熟了，可以看看塑造不一样的花木兰；推荐理由之二，是小虎等人死时，愤怒，无奈，悲伤，壮烈中唱的：人生百年，如梦如幻，有生有死，壮士何撼。这个时刻比拓拔宏对木兰说你愿意跟我走吗感动百倍。推荐三，执意死有其所的赵薇，选择战场结束生命时，那句你们怕死吗，也感动,4,花木兰
赵薇，你终于有一部戏的演技和周迅抗衡了。,4,花木兰
"花木兰替父从军, 谁说女子不如男. 赵薇演活了花木兰, 很MAN! ",4,花木兰
薇哥入行12年胸袭陈坤，坤爷割脉献血为国卖身。,4,花木兰
主题是主流的，感动得确是一个个的小细节,5,花木兰
木兰哥，动什么不能动情啊,4,花木兰
我是看过豆瓣的诸多恶评做好无聊的准备才去看的，可能也是没有太高期望的原因，感觉电影并不差，VITAS和李玫哲又算是惊喜，最后还听到了燕姿的新做，所以还是很满意的～,4,花木兰
除了流泪多了点，演员的表演基本无可挑剔。这部电影还可以更好，如果剪辑和台词能再好一点的话。,4,花木兰
虽然平凡笑场 但是 真的很不错~情节比较有悬念~~而且越来越喜欢赵薇和陈坤啦~~,5,花木兰
四颗星都给赵薇。都拿去！,4,花木兰
原來最能觸動我淚點的，是「兄弟」。,4,花木兰
四星给赵薇,4,花木兰
剧情推进有点怪 泪点也不少.. vitas美阿!~ (☆_☆),4,花木兰
大早上看的第一场，看完心情很沉重,4,花木兰
哈哈，今天首映第一场，片子还不错，对赵薇没失望，就是感觉语言有些苍白，音乐配的不错。什么时候赵薇和陈坤可以简单的恋爱一次？,4,花木兰
故事剪辑乱七八糟 莫名其妙 不知所云   只能看两位主演给星,4,花木兰
其实还是不错的。。能拍成这样至少没有让我失望。,5,花木兰
从开始，感觉这只是商业片，一切套路化，2星；到战争场面的时候，发现有《爱国者》《光荣之路》的影子，战争场面很棒，可以认为是史诗类的电影，给3星；到尾声，演员丝丝入扣的表演很感人，不考虑与真实历史是否相符的因素的话，4星；片尾赵薇说的那句哲理深刻的话，加上孙燕姿的歌声，不得不给5星,4,花木兰
木兰打架很帅啊。请问小虎跟乌龟是否有段情。。。我还以为木兰跟文泰只是兄弟情，谁知后来感情飙升哇,4,花木兰
叹气。。。。国家利益 操 我爱陈坤&gt; &lt;,4,花木兰
马楚成啊马楚成~这个基调的东西你驾驭不了的。。,4,花木兰
看上百分钟的电影只为了听最后出字幕时燕姿演唱的歌。,5,花木兰
凭那一句台词，给五星。,5,花木兰
我就是觉得很好看，也不知道旁边那俩傻逼女的笑鸡巴的笑。日。,5,花木兰
越来越喜欢赵薇，大气，沉稳，荣辱不惊，而且海报做得不错，设计相当有创意。陈坤也不在是我眼里的阴柔男人，起码他在围困的军中站出来，说了一句：“叫你们的单于出来说话！”这句我就有点刮目相看的感觉，觉得这个男人还是可以演得很好的，的确像个皇子该有的威严。,4,花木兰
一个成功女人的背后必定有一个伟大的男人~PS：不甘心Vicki被人抹黑，也不喜欢Vicki那金光闪闪的未婚夫~,4,花木兰
总体很不错，剧情演员都比较到位。但还是太想当然了。一军主将诈死去激励副将，在过家家啊，还说自己是孝文帝拓跋弘，昏倒。,4,花木兰
结尾有些拖沓，最后以刺杀方式结果柔然首领感觉不过瘾。但整体还是可圈可点，感人场面难以计数。,4,花木兰
可能是因为看过了[刺陵]的缘故 我发现[花木兰]其实没有想象的那么烂..本片3星还是值的...因为故事还算完整 所以我给4星,4,花木兰
2009年是“哥”的年！ 铁血真汉子！,4,花木兰
不像大众评论的那么差,4,花木兰
除去那些琼瑶戏份，整部戏还是很感人的，赵薇出演的很到位。不知道评论怎么会这么差，奇怪。还是很赞的，也很伤感。战争片。,5,花木兰
她是最适合花木兰淡定女子,4,花木兰
狗血而温情。现实的结局。好听的片尾曲。,4,花木兰
在电影院，和铃还有sy一起看的，正好赶上猪流感，用积分换的，一千五百分，三张电影票，电影院人很少，感觉包场，爽,4,花木兰
赵薇演的很好，但导演真的差了点,4,花木兰
女人不容易呀,5,花木兰
本以为很无聊，结果出乎意料的好看,4,花木兰
我竟然那么感动~~,4,花木兰
中规中矩吧。大家要求别太高，我看还是合格的。但是最后文泰和花木兰没在一起让我很不满意，我就是小女生情节怎么着~【喂,4,花木兰
看电影的时候就在犹豫，到底是给三星还是四星，妹妹说了句，都花钱看了，那就给四星吧。。。,4,花木兰
人生百年，如梦如幻。有生有死，壮士何憾。保我国土，扬我国威，生有何欢，死有何憾。害怕只能让我们失去更多。“而且，人缘也极其好。”那个表情太搞了！左右脸bug。死尸们纷纷起立唱歌真雷。这tm有拓跋宏什么事儿么。。。,4,花木兰
比想象的好，可能是预期值太低的关系。木兰成长过程中，经历的那段孤独、痛苦、迷茫，最后为了责任强忍泪水振作起来，让我深有感触。,4,花木兰
木兰同志最终的个人感情还没解决，这是我对本剧最大的不满~~~55555~,4,花木兰
我觉得蛮好的，赵薇演得很好，目前也想不出谁能替代她演这个角色。陈坤也很不错。看完此片，我更纳闷为什么会有《画皮》，幸亏那片子没去影院看！,4,花木兰
大爱。上映第一天就忍不住去电影院看了。赵薇没有让我失望。,5,花木兰
赵薇站在点将台上悲痛而用力的大吼“你们怕死吗”，气势如虹，直抵人心的感动。,5,花木兰
为爱出征！,4,花木兰
胡军演技最好 陈坤最帅 vitas最雷人 ,4,花木兰
其实没那么烂。。。,5,花木兰
还好吧 没有之前看评分那么累人 场面小了点 煽情点很多 房祖名依旧是说教角色  但总要加上“忘了我吧”以及“谢谢你”这样的王八蛋词语  。。三个编剧出不了好台词 这是真理。。VITAS出柜了,4,花木兰
给我很大的惊喜 赵薇演的特别好 陈坤也多了几分男人气 遗憾的是胡军那么帅扮相却很丑 还有vitas的出演很累人,4,花木兰
陈坤木有出彩~,4,花木兰
感人至深，非常喜欢，赵薇和陈坤的演技都很出彩！,4,花木兰
俺就是乐意给赵薇的片子高分(￣▽￣),4,花木兰
沉郁的基调，厚重的像盔甲，刮掉上面的积灰还是能看见透亮的本质。没有评价的这么差吧，赵薇的演技很好，意外的是七皇子这个角色。坤哥已经超然物外了啊。最后，竟然在编剧里看到邦妮的名字，非常意外。好想知道哪些桥段是来自她的。,4,花木兰
一开始便揭开身份，的确少了份冲突的快感。不过，结尾还算理想。人生若只围绕着情爱，那是年轻人的生活。P.S：原以为Vitas会是异域巫士，结果，竟然是只柔顺小猫。吃惊之外，倒也觉得合理。,4,花木兰
人，始终都是有感情的动物...看着自己的兄弟在自己面前被残忍的杀害，听着自己爱了12年且一直为他拼死拼活的那个男人亲口说出“忘了我吧...”最终，木兰到底得到了什么？,4,花木兰
赵薇的成长造就了这部影片的成功，刚柔之力，动彻心扉。,5,花木兰
电影不错，场面也不错，赵薇的演技大为提高，还是值得去电影院看下的，至少不会比赤壁差。不过能不能换的电影海报，这个太诡异了,4,花木兰
虐！绝望中终于长出了希望。虽然这次他们还是没有在一起，这兴许是最好的结果，@永华电影城,4,花木兰
也许不是一部好的让大家心悦诚服的电影，但是我确实被感动了。一开始就被感动了。百事孝为先，光是这样，就有足够的说服力了。有我喜欢的赵薇陈坤，有我中意的编剧柏邦妮，还有什么理由说它不好呢。,4,花木兰
赵薇和陈坤演技绝对没话说。奈何编剧太差，故事一点都不连贯。不过，我还是落泪了。因为赵薇。,4,花木兰
电影没有想象的那么令人热血沸腾，但赵薇扮演花木兰还是挺好的。这段爱情无论是否虚构，相知却不能相守总令人唏嘘，尤其是对于一个征战12年得到许多也失去许多的姑娘来说，也许她的爱这辈子也就是这一次了。,4,花木兰
看过那么多版本的花木兰~无一不是夸张的搞笑剧情~再看到这部电影~才突然想起来~这才是花木兰~才是战争~赵薇的演技很有进步~,4,花木兰
被装逼者喷不是你的错。我们不跟他们文艺。演员尽力了也尽心了。张靓颖一把实在的好嗓子。委屈了国际友人，可能稀里糊涂的就被当笑料了。,4,花木兰
总觉得前面的剧情进展过快，很多情绪都是戛然而止的= =Vitas出场的时候，雷倒一片= = 后面两大渲染点连续出击，引出了我不少的眼泪。如果说光看前面，也许我会说很失望；但壮烈的时刻永远可以让人泪流满面。。,4,花木兰
我看着李玖哲就Vitas就忍不住想笑。。。,4,花木兰
可能是我泪点降低了。被弄哭好多次。如果他们最后能在一起那该多好。可是悲伤的结局却又总是容易让人铭记。赵薇太有花木兰的气质了。总的来说我觉得这片还不错。不晓得为什么大家都给低分。ps.马儿好可怜。,4,花木兰
文泰，谢谢你,4,花木兰
原声很赞。赵薇进步很大。,5,花木兰
越发热爱这个女子。,4,花木兰
赵薇和陈坤都演的很好啊，特别是赵薇演的花木兰，很赞，很man！虽然剧情稍微单调了点。感动我的地方有三：1.小虎他们死的时候木兰他们一起唱起的人生百年，如梦如幻。有生有死，壮士何憾。。2.木兰最后问将士们：你们怕死吗？3.最后俩人相爱却不能在一起的无奈与辛酸。,4,花木兰
着戎装，上沙场。显英勇，不畏惧。替夫名，数十载。归乡时，含泪下。,4,花木兰
和某斐一起看的，赵薇陈坤还是蛮搭的，那个mini cooper的诺言估计要等几年了,4,花木兰
虽然我不喜欢陈坤和房祖名还有维塔斯，但是我喜欢花木兰。PS1.里面是不是有李玖哲啊？PS2.片尾曲怎么是孙燕姿的。。我还以为是张靓颖的木兰星。。。,5,花木兰
本来三星 赵薇这次演技不错 加颗星,4,花木兰
091130完全体现了一个香港导演讲故事的方式，七零八落，稍有高潮。表现得挺中国的，不过关于很多扩展的内容来看却是有点西式的调子。陈坤上一部戏要撑赵薇和周迅。这一部还是继续撑。赵薇本来就是一个很演技蛮干净的演员，这部表现很彻底,4,花木兰
哎。我真么的出息地觉得它不错。不过是演员演得不错。,4,花木兰
赵薇，你没让我失望，但是陈坤帮你做到了。,4,花木兰
作者想表达的太多，野心太大……剧本硬伤不少……赵薇的表演趋于完美！哎，以后如果重拍的话，超越这部并不难，但下一个导演还能再找到那么合适的演员吗？ 可惜了……,4,花木兰
其实赵薇挺不错的，就是剪辑觉得怪怪的,4,花木兰
赵薇的表演补回了导演的老套 比起今天傻傻没看出精彩的英雄 叙事度和表演度 最关键的是念台词的水准 回票,4,花木兰
我所有的星都是给主题曲的!!!!!!!!!!!!!!!!!!!!!!!!!!!!!!!,4,花木兰
前半段节奏略有奇怪，可是战争场面拍的真的难得的好。赵薇和陈坤老友的身份让我总是出戏，失去了欣赏这样一场旷世爱情的心境。看《谈情说案》没有当年震撼也是同样的原因吧？最后一个问题，刘雨欣嫁了，谁来做单于呢？,4,花木兰
导演水平有限，全片略显平庸，不过本身花木兰也就是单线故事，我觉得那些感情戏添加的还可以，很煽情。因为赵薇演的很好很投入，最后的很多部分深刻感动到我！引起共鸣，所以四星都给她。,4,花木兰
2010.1.26 音效很赞，尤其是yz的片尾曲。赵薇长相果然不是很精致，但演技不俗，并且很有英气。感情戏有些做作。陈坤没有什么突破。房祖名演的不错，普通话蹩脚。胡军演的不怎么样。BIN和我看法基本相同。,4,花木兰
"四颗星都给赵薇和陈坤。编剧去死吧,导演去死吧。",5,花木兰
我就知道他没死。。给四星我也不知道为什么。,4,花木兰
木兰替父从军，老片新拍，凑活看看。Vitas只大龙套老莫名的，小虎算死的壮烈的，李玖哲~额，叫个韩国人来演士兵，不敢恭维，还好是配音的。孙燕姿唱的片尾曲还蛮好听的。,4,花木兰
绝境下若爱上一个人，希望会重新绽放，拥抱生命。一心做个英雄保护他看不见自己，烈女的失败与伟大。,4,花木兰
赵薇。花木兰。很到位。,4,花木兰
从质量上来说，和《画皮》不相上下。但是热门程度似乎差了很多。是定位的问题，还是宣传力度的问题呢？,4,花木兰
三分有余 四分不足,4,花木兰
故事一般，还好结局没有迎合大众的心理，不错。冲着赵薇的努力，也得加分。,4,花木兰
哭了两次，但是整体来说不算好片，气韵不连贯，感情戏太多，没有看到花木兰的英姿飒爽的样子，过多的女性情怀，喜欢陈坤！,4,花木兰
情节很狗血，台词很没意思，但是感情很细腻，总的来说，比我预期的好多了~还是要支持我的薇薇的~~,4,花木兰
其实挺好看的呀，我个人还是非常喜欢有陈坤在的每一部戏。,4,花木兰
我真心想说。蒙古人没有那么弱。一个堂堂将帅还能被一个没有经验的黄毛丫头骑在身上？敖。,4,花木兰
自己不喜欢却必须做的事，这就是责任,5,花木兰
打动人心的就值得去看~,5,花木兰
父女情、兄弟情、战友情、爱国情、反战...各种情绪的交织，总有一种能感动你！演员的表演无可挑剔，战争场面大气磅礴，音乐也对剧情发展起了很好的烘托作用。  中影天河*5 + 1     yunyuan CT 5yuan   huoxingmeishi,4,花木兰
看之前看影评以为是烂片，看完发现，现在媒体喜欢装13吗？不厚道啊不厚道,4,花木兰
赵薇的演技这里可以看得很好。很真实，很感动。然后流泪。,4,花木兰
比我想象中好看很多！！！比乱七八糟的方言剧和用明星堆出来的电影好多了！！！！赵薇比以前演的好！！陈坤演技真不错！！！四星四星！,4,花木兰
赵薇这么大的眼睛扮演花木兰，多少还是有点牵强的，一看就能看出女扮男装~~,4,花木兰
不得不说，这是相当对我胃口的YY之作。,4,花木兰
...实在没什么大营养,4,花木兰
三星半。这部电影的确幼稚的地方太多，被诸多影评人称为烂片。但它打动我了，赵薇让我哭了。,4,花木兰
"陈坤在给赵薇拔箭的那一刻, 听赵薇的声音,让我怀念当年的小燕子呀~~~",4,花木兰
"从每逢周末我的泪点降低来看,赵薇的演技还是可以的,不过说话还是那个感觉,底气不足,陈坤真的好妩媚啊好妩媚...最后的那点还是挺不错的~话说这情节...真的不怎么样",4,花木兰
一方面心里想这他妈什么破本子，导演谁啊编剧谁啊，一看又是马楚成，不禁感慨丫的烂片率在花木兰之后正式赶超张艺谋。另一方面作为一名大龄未婚正常女性，看着从还珠格格开始喜欢的赵薇和从金粉世家开始喜欢的陈坤，无法抑制地花痴泛滥春心萌动阳光灿烂。最终情感战胜理智，手不抖心不跳给了四星。,4,花木兰
按理來說是應該打三星的~~但因為燕姿唱主題曲~所以加了一星~不過，這部片子還是給我帶來了驚喜~起碼我看到了古裝片編劇的成長~國內攝影的提升~當然~主角們的演技更是越發精湛~相比而言~國內很多片子是沒有辦法拿來做比較的~PS:vitas的俊美和陳坤成熟男人的魅力~~也是一大亮點~哈,4,花木兰
爱得好纠结……呜呜呜呜~~我就是萌这两个主演~赵薇很美丽呢~~~个人觉得这部片子的剪辑有点不太流畅……其他还OK啦~不能要求太高的捏~,4,花木兰
赵薇没让人失望......,4,花木兰
"我只肯定赵薇一个人,剧本台词全他妈滚边~",4,花木兰
没去电影院看实在是很遗憾，几度哽咽，演的非常好，只是最后非要结尾在一段爱情上实在离历史有些远吧。。,4,花木兰
前部进展太快，后面还是挺感人的。,4,花木兰
看下来了，虽然不能十分推敲。主演的演技确比导演的导技好的多。木兰从军前后所表现的父女情最是感动，最后木兰的那个自白也不赖。,4,花木兰
那些关于花木兰的点点滴滴。硬是差点把我的眼泪逼出来了。没那么糟吧。,4,花木兰
我就是爱陈坤和赵薇这对CP，画皮，花木兰，这2部电影都深得我心。也许我要求真的不高，一部电影的好坏对我来说，不会让人看不下去而中途放弃，豆瓣上一些所谓的高分电影，其实根本就很无聊，让人连看下去的欲望都没有,5,花木兰
房祖名让我眼前一亮。赵薇和陈坤只能说是中规中矩吧。战争的场面让我些许惊艳，觉得导演本不该花这么多气力拍了蛮长一段。再就是有些情节让我有些混沌了。,4,花木兰
人生百年，如夢如幻。有生有死，壯士何憾。保我國土，揚我國威。生有何歡，死有何憾！！！！,4,花木兰
good~喜欢赵薇~陈坤也好帅哦！~,4,花木兰
2009-12-17，和平影都。虽然还不错，感情煽情还是多了点儿，也有硬硬的笑点...副标题应该叫“花木兰的软弱”。是从小到大花木兰题材作品中几乎没见到过的，不同的切入点。软弱能害死人~~ Vitas很艳丽~~~两眼放光- - -,4,花木兰
文死于谏，武死于战、、剧情虽然俗套、、我还是看奔泪了、、、算了算了、、就这品味了,4,花木兰
处处是泪点，兄弟情，父女心，隐忍的爱情，不屈的忠贞。“每天早上醒来我都会想你，因为有你，我才敢睁开眼睛”，相扶持走过刀头舔血的12年，各有使命，有爱就够了，每天想着你睁开眼睛，这样就够了。,5,花木兰
人生百年，如梦如幻。有生有死，壮士何憾？保我国土，扬我国威。生有何欢，死有何憾？北地胡风，南国炊烟，思我妻儿，望我家园，关山路阻，道长且远。,4,花木兰
相对电影本身，我更看不起那些每次看到国产片就打1星，每次看国外大片就打5星的人……,4,花木兰
呃，，大概一直忘标记了~,4,花木兰
是的，你们可以说它虚假。可战争本身对于我们每一个只会品头论足的人来说，只能存在于幻想和虚构之中。它有多假多煽情都不重要，我看到了实在的感情，存在于大漠孤烟直长河落日圆之中，这让我感动，足够了。,4,花木兰
赵薇连演两部古装片，而且都是和陈坤……好吧，他们俩气场还挺合的，除了最后那个拥抱有点勉强，显得赵薇块头稍微大了点——不该给中镜头啊，笑~,4,花木兰
本身就是很悲壮的举动，只是还原而已。只是房祖名的港台音让人崩溃。看在孝女份上4星,4,花木兰
战场上是不该有感情的。---------不是你死就是我亡么。,5,花木兰
四颗星纯粹奉献给演员。赵薇演技非常纯熟，表演十分到位。小房子的表现较之以往有明显提升，只不过浓浓的港台腔仍让人很不爽。至于编剧、剪辑，怎一个烂字了得。,4,花木兰
要是沒那些矯情的臺詞多好~,4,花木兰
还是不错的一部片子，没有很多网友说的那么差。赵薇和陈坤的戏还是棒的，那种感觉也出来了，只是房祖名要加油了。,4,花木兰
哪有那么难看呀，我觉得还不错。只是再度迷惑木兰应该是怎样一个故事。,4,花木兰
嘿，重新点燃我对赵薇的喜欢。,4,花木兰
因为从小听姥姥唱《木兰辞》，看电影总是在耳边回荡。,4,花木兰
没有失望，觉得很好看。。。。,4,花木兰
我觉得是赵薇的一个好作品，有男生的英气，又不失女生的情感,5,花木兰
看来这片不适合文艺小青年们看,4,花木兰
一个女人，背上了一个被该属于男人的包袱，是需要放下一些东西的，比如女人的感情用事，文泰是个好男人，他懂得如何拿捏，他教会了木兰成长。战事告落，摆在面前的是国家的长治久安，那比生命还难以放弃的爱人让文泰犹豫了，他说，我们离开吧，我想，以前的木兰也许会，但现在的她，必定是不会了。,4,花木兰
赵薇的电影是花木兰，赵薇的电视剧是小燕子,5,花木兰
不要把它当历史片看，总觉得没有高潮，最喜欢文泰从沙中爬起喊着花木兰那场戏...背景音乐主旋律不错,4,花木兰
比张导演的英雄黄金奶之类的古装片强多了。,4,花木兰
貌似很多打四星以上的评价都被定性为脑残粉丝，豁出去了。虽然有些台词是雷了点，有些桥段是俗套了点，坤哥和薇哥的眼泪是多了点，不过整部片子感觉还可以，并没有之前看评论说的那么不堪。坤哥和薇哥的武将扮相以及表演都挺入我眼的，其实我就是一个被坤哥美色俘虏的花痴。,4,花木兰
看到了Vitas我被雷了一下，检查一遍，拼对了，没有拼成Vista,4,花木兰
之所以給四顆星星，是因為這部片子不斷給我驚喜，比如木蘭的紅杏出牆，小虎和胖子的斷背，vitas和單于的曖昧，還有最後的最後，七皇子的忍辱負重完成柔然公主的和親願望。反正，驚喜不斷。,4,花木兰
我以为我会是意映，可是到头来，我还是那个花木兰｜看在赵薇和陈坤的份上还是给4颗吧,4,花木兰
狗血的情节当然有，但几个亮点还是做的不错的，最后的台词其实写的不错。,4,花木兰
片子基调有点过于苦大愁深，花木兰从头到尾丧着张脸真的影响观感。不过感情戏意外的还能看，结局合心，小虎这角色定位也是很巧。,4,花木兰
虽然不过是裹了传说及战争外衣的爱情戏码，不过还算是比较顺畅的，另外不讨厌赵薇和陈坤这两个演员，至少他们是真正的演员，最后可惜了Vitas的海豚音没有用武之处。,4,花木兰
男女主角都是演技派啊 剧情和画面都非常棒 房祖名也是个亮点,5,花木兰
趙薇成功了那麼些許。,4,花木兰
女人，就算她是花木兰，就算她是穆桂英，她终究是水做的，感情是她剪不断的线，无论她被盛在什么样的容器里，变成什么形状，她终究是感情的动物，终究有流不完的泪水~,4,花木兰
马楚成选赵薇和陈坤演花木兰和文泰真会选，演得很好！,4,花木兰
撇开这是一个“泰坦尼克效应”的爱情故事。我分明看到了小虎和小奎，老单于和小Vitas……,4,花木兰
剧情方面有些地方太扯，杀主帅简单过儿戏、蹿升将军速度如火箭、梁车遭袭漏洞百出，喝血那段更是YY——纵然有这么多不足和缺陷，我仍觉得这是部好片，值得推荐。画面很好，音乐尤其赞。战俘被杀时的军歌也蛮有味道，挺感人的。赞一个,4,花木兰
我给五星，因为我看了不下于三遍了，我喜欢赵薇的戏，她演的真，每次看我都会哭，就觉得赵薇和陈坤是真心相爱的，只是陈坤那个不知名的儿子没有选择和赵薇在一起，他们之间绝对不只是友情！,5,花木兰
要死，难道我真的是存的眼泪太多了？看神马都得哭两下，他娘的，情节改的太多鸟，和平常印象中的不大一样，场面看上去做的还不错，不过4万大军和20万大军就那么个方阵是在是太假了点，胡军很适合演暴君啊，很男人，忽然发现里面的陈坤也是个妙人，风度翩翩，佳公子一个哟,4,花木兰
很多年都一直对赵薇报有偏见，不喜欢她扮演小燕子时候的唧唧喳喳。是从这部电影，开始喜欢她了。很喜欢她在给士兵做动员令的豪情,4,花木兰
本来给3♡，最后有一句话触动了一下，给4♡吧,4,花木兰
战争真残酷，女人老了就不好嫁，爱一个人不一定就会娶她，vitas和老单于到底什么关系？,4,花木兰
雷是雷了点，主演还是不错滴,4,花木兰
审美情趣低的我觉得这片子超感人的~~（无情地被众人的唾骂声掩盖了……）,4,花木兰
比想象的好太多了,4,花木兰
战争总是让人痛心。再小虎等俘虏被杀一段，哭得很惨。最后花木兰与七皇子的离别，也是。“12年来，我每天醒来第一件事就是想起你，这是唯一支撑我睁开眼睛的勇气。今后的每一天，也是。”,5,花木兰
借木兰的故事表达战争中的爱情主题,4,花木兰
马楚成对战争场面的调度是相当弱。话说非常担心赵薇的发音怎么诠释女扮男装的战士、将军，但她没有让我失望，虽然几个很漂亮的武打动作似乎都是用的替身。我就搞不懂马导演为啥把木兰的家乡和脱下武装后的木兰都搞得那么灰头土脸……,4,花木兰
在最近的一堆国产洗钱烂片中，也就它还像个样子了,4,花木兰
在20几分钟的战争场面，这么小，这么平常，居然让我泪眼婆娑。战争是残酷的。不论什么时候都是让人揪心的。管它剧情合理不合理。,4,花木兰
赵薇真的很适合演花木兰这个角色，刚柔并济；陈坤这次比较爷们儿，值得肯定；房祖名、李玖哲都把各自的角色塑造得性格鲜明；vitas的扮相很文艺；胡军演的不错；但我独爱柔然公主，她第一次出现就牢牢征服了我的心～～～文泰你也别难过了，没泡着花木兰却把公主赢回了家，你丫其实赚了！！！,4,花木兰
前半部分2星半，后半部分四星。不同地方的电影，要用不同的标准。PS:Vitas手很粗，房祖名普通话有待提高，胡军没演透彻，想当年《天龙八部》……,4,花木兰
这部片子还是不错的，至少让我几度哽咽，我觉得导演和编剧的部分有待加强，但是演员演的都很到位，当然啦燕姿的主题曲更没的说了，尤其是影片结束赵薇的旁白之后响起的那段清唱，所谓天籁~~~,4,花木兰
胡军还是那么霸气啊～就现在的中国电影来说 我觉得还是蛮好的,4,花木兰
超级无敌大烂片…… 囧囧有神无比欢乐~~ 雷得我外焦里嫩皮脆心软~ +1颗星给赵薇和陈坤的配对~ 恩恩~~ 老娘我萌这对CP,4,花木兰
我觉得没有很烂啊，为什么那么多人会说很烂。陈坤，赵薇，房祖名，李玖哲都还演的满自然的啊。虽然重点模糊了，光表现爱情了。但是看上去还是很自然的啊。,4,花木兰
一颗星送给悲剧结局 一颗星送给JQ桥段 一颗星送给题材 还有一颗星也是你们应得的,4,花木兰
喜欢最后的这一段：有人说，离家太远就会忘记故乡；杀人太多，就会忘记自己。在战场上死去，生命像雨水落入大地，毫无痕迹。如果那时候，你爱上了一个人，希望会从泥土中重新绽放，热烈的拥抱生命。文泰，谢谢你。,5,花木兰
为什么这么多恶评……电影上映多年后的今天在YouTube上翻到点开看，只觉得气势磅礴、勇者无畏、为国家大义而斩断情丝的悲凉。,4,花木兰
"赵薇的演技到位了,缺的是一个好故事",4,花木兰
太好看了，可是为什么让赵薇演啊，我都不烦她了.........而且我越来越爱陈坤了，哭了哭了,5,花木兰
2010.5.1 南方视讯宽带。就是看到后面有点悲剧。。。我果然是喜欢喜剧的人呐。。。,4,花木兰
我基本把此劇當成架空故事來看，所以沒遭雷。除了一些點太過現代化，還是不錯的。人是感情的，戰爭是無情的，滿載感情的人構築無情的戰爭，只能構成一道很深的傷。盡管如此，無可避免。我常覺得戰爭並非很遙遠的事，如果有一天要我去打，我會怎麽樣？ps. vitas怎麽沒唱的？,4,花木兰
"相信許多人對木蘭詞都能朗朗上口. 唧唧复唧唧，木兰当户织。不闻机杼声，惟闻女叹息。片子描述的是木蘭從軍12年的軍旅生活.片尾還是看到木蘭的織布機.說實話趙薇沒有花木蘭的英挺,不過表現得算是不錯的.陳坤~我想我喜歡這個演員.胡軍~霸氣滿滿.",4,花木兰
2009-12-19，跟《画皮》一样，是不错的片子，故事也是好故事，看完了让人心头落泪。稍显不足的赵薇的状没画好，该硬气的时候不硬气，该柔弱的时候不柔弱。音乐好。,5,花木兰
这是一个好片。不要因为个人的私情而毁灭了这部电影。你们想要的梦里的影片。你自己也拍不出来。,4,花木兰
很久没有这样喜欢一部片子了。表演很真挚很自然，不刻意不煽情，但能打动人心。很喜欢很喜欢的。,5,花木兰
我觉得这片子还蛮好看的么……相比于其他国产片而言,5,花木兰
5星for赵薇，3星for电影,4,花木兰
看得好纠结啊！！相爱的人就是不能在一起！！,4,花木兰
格格终于会演戏了,4,花木兰
很欣慰的是，《花木兰》果真是个很好看的电影，与以往的古装大片不一样的是，影片并未在历史背景上做太多的文章，而是单单从花木兰这个传奇女子的性情蜕变与情感经历入手，用一个很带有个人色彩的视角去构建了整个故事。花木兰的形象，随着赵薇那崭新的形象的深入演绎而变得鲜活，让长达十二年的军旅生,4,花木兰
屁股决定脑袋，如果木兰不是将军，文泰不是王子，相遇而相爱，两情相悦多好。可是这样又会有点闷~~所以还有如果，还是瑄烂开放，然后如雨滴落入大地，毫无痕迹吧。,4,花木兰
居然有Vitas，看到演员表先惊艳了一下。估计女孩子都会喜欢这部的，加入了感情，更把花木兰的角色饱满了才对。花木兰究竟还是一个女子啊，纵然有太多为了突出花木兰而设计的桥段，但深深地被打动了，什么都可以忽略，能让观众感同身受的价值，大于摆设了吧。这是一部商业片不是文艺片绕了它吧。,5,花木兰
还不错....不过遗憾的是小花没有跟小文泰在一起....唉.....,4,花木兰
这是一个成功女人背后男人的故事，只可惜我真的以为男人跟女人会在一起的。,4,花木兰
比2012好看。,4,花木兰
不为别的，只为有点小感动。,4,花木兰
圣剩女花木兰的悲惨故事,4,花木兰
巾帼不让须眉，导演不仅表现了花木兰的刚毅的一面，更凸显了她女儿的柔情。他们都是大背景下的“小人物”...,5,花木兰
说不上有多好。为数不多的被感动，露珠经不住地往下掉，我也被这样的自己给惊动。这样的感动发生在木兰杀死单于衣锦还乡以后。她和她父亲，他倔强可爱的父亲，她和文泰，稳重善良的文泰。而木兰，12年的青春满手皱纹独自照着铜镜，我不敢想象她未来的日子将为了成全天下的人们做出什么样的挣扎。。。,4,花木兰
好演员，好故事，导演也有想法，可惜整部影片还是过于平淡，木有高潮。评四星因赵薇那句“你们怕死么”,4,花木兰
从头到尾的悲剧 悲凉 悲惨  我看到结局哭得哗哗的,5,花木兰
是爱情的力量吗？,4,花木兰
至少我看哭了，因为文泰对于花木兰的爱……我承认自己泪点很低很低……,4,花木兰
赵薇演呢真的不错。,5,花木兰
很感人的片子，赵薇演技越来越好了,5,花木兰
2009.12.15.中影国际。演员还是很努力的，只是编剧较差，对白太白。,4,花木兰
过程一点也不闷，中国电影难得能做到这一点，甚至有些许触点感动到我~ 窃以为薇薇和阿坤的演技非常到位。少有的希望是大团圆结尾啊~,4,花木兰
对于一个有早睡习惯的人来说，晚上12点睡觉就为看这部电影。我觉得值啊，还心潮澎湃的..赵薇和陈坤太配啦！！啊呜~~~~~~~~~（狼叫）还有，花木兰大军被围困在峡谷，看到兄弟们被杀时，站在赵薇和陈坤前面的那个演员，太有戏了！太到位了！我看好他！,4,花木兰
Mulan.2009.CN.DVDRip.XviD-XTM[花木兰],5,花木兰
赵薇同学的演技是越来越棒啊  我还是在学校电影院看的这部电影呢,4,花木兰
有人说，离家太远，就会忘记故乡。杀人太多，就会忘记自己。在战场上死去，生命像雨水落入大地，毫无痕迹。如果那时候，你爱上了一个人，希望会从泥土中重新绽放，热烈的拥抱生命。,5,花木兰
看在赵薇和陈坤的面子上，勉强给个四星吧。,4,花木兰
虽然那么多贬的评价 我看完后居然看哭了 ……,5,花木兰
网上对它的结局议论纷纷，我觉得或许这才是一名从军女子应有的真实写照。我们往往都因现实的残酷而爱把痛苦美化，可我们可以逃避结局，不能逃避的是那段刻骨铭心！。就像是一朵落败的栀子花，落入泥土里，腐烂，然后，重生！,4,花木兰
因为是赵薇和陈坤所以就给了4星~没有情节，中国电影通病···,4,花木兰
为什么打分都那么低呀，赵薇演得还不错啊，,5,花木兰
造型，台词，节奏，演变都可以打五星，一星扣给稍显单纯的高潮部分和江南版的匈奴公主~,4,花木兰
两只演技爆表！可是你们军中的士兵真的不会误会你们在搞基吗2333，以及赵在里面的小兄弟扮相是和隔壁赤壁(下)同一身吧哈哈,5,花木兰
Vitas萌翻了wwwwwwwwww不行啦这分明是古代的男宠嗷嗷嗷~~~燃了燃了,5,花木兰
赵薇是个好演员 和陈坤一起搭戏很好。关键是燕姿的片尾曲,5,花木兰
想起小时候杨丽菁版的花木兰。。。,4,花木兰
本来想给5星，冲着赵薇的努力和进步！后来仔细想一下，这个电影远远称不上精彩。战争场面点到即止，让人意犹未尽；说到感情的释放，感觉演员们都不能收放自如，过于克制自己的情绪而让人感觉没有最终的释放；赵薇的台词……，她说话发音不好，太刻意，不能吞吐自如。最后祝福赵薇可以取得更大的进步！,4,花木兰
有梦最美，愿与相随。。。这个我怀疑是《画皮》前传？！！！,4,花木兰
谁说是烂片了··你们好好把逼装起来··,4,花木兰
赵薇演技很好。,4,花木兰
我只是一直在想，士兵们看着他们的二位将军那么暧昧的时候，他们心中会是什么想法……对了，还有小虎和胡奎。哦卖糕，这是多么和谐的场景呐~~,5,花木兰
那个剧情简介啊~诈死和炸死区别好大的说~,4,花木兰
其实还是个悲剧，后面让人看着大喘气，起起伏伏,4,花木兰
陈坤和赵薇在戏里戏外的表演 除此之外 我不知道说什么好了,4,花木兰
对于国产，要以宽容的心态来看待，相比什么熊猫大侠、麦田，花木兰还不错了，至少还能一直看下去，不像豆瓣上专骂的人那样烂，不要那么愤青的，觉得还行,4,花木兰
狠狠心酸了一把,4,花木兰
谁说这电影不好看，都装什么B呢？？？,5,花木兰
我真的很久没有这样哭了。,5,花木兰
理解不了某些人看外国什么片子都赞好 国产的就群骂。。。 只好打四星 支持一下赵薇了 她演得真的挺爷们~~~~~,5,花木兰
别考虑什么历史和题材。单单把它当成个电影来看。至少这个故事讲的我们能看懂，并为之感动。就够了。,4,花木兰
赵薇和陈坤两个人挺起来了整部戏，故事情节衔接比较差，但这两个人对手戏演的真好。我看着挺感动的。就是古代战争场面比较血腥。,4,花木兰
本来以为三星的喜剧片，中后段拍得还不错了。就是中间陈坤头受伤那段我真是笑抽了。。。,5,花木兰
优点缺点都星星点点。赵薇有些动作还是软，有些时候表情又彪悍到好处。在女星都比娇比媚的天下，这个角色还是最适合她演。陈坤的眼睛越看越漂亮额。。。龙太子文戏依然是万年酱油郎，武戏竟然还不错。各位演技台词有时略僵略窘。本子挺好，主配角都有弱点有光亮，而且都在战争中改变，感人了,4,花木兰
mulan~~~~,4,花木兰
相忘于江湖,4,花木兰
好行的嘛  坤大帅哥  我跟俏都喜欢。。难得的是中间还有感动,5,花木兰
啧啧啧，房祖名死的叫一个惨~,4,花木兰
那么多人评论这片有多差多差。可是我看的大哭。我觉得这就是好片。,4,花木兰
情节有些过于跳跃。。不过这个海报很有现代非主流气息 恩 新年嘛 给高分一点 ！,4,花木兰
这种四平八稳的电影在国产电影当中就可以立足了。可悲啊,4,花木兰
给四星的原因是，我从来不把这种片当历史片，而且对男女的感情戏不感兴趣。从三星上加一分星原因在于，如今的导演总算能把战争场面拍的正常点儿了。,4,花木兰
为赵薇的表演加一星。,4,花木兰
马楚成不行，但看在赵薇的表演给了4星,4,花木兰
我哭了我哭了我哭了 我哭得很开心,4,花木兰
至少有让人感动的部分,4,花木兰
刚看完这部电影，太好看了！赵薇演的太好了，最后被感动的稀里哗啦~赵薇的军装比女儿装好看，很英气，感情表达的都很真挚、感人，让人看了很带劲。陈坤哥哥演的也很好啊，把一个男子的爱阐释的很深沉、深情。整部影片对中国古代文化的表现原汁原味，很有韵味，看完让人回味无穷，不愿忘记。难得的好片,4,花木兰
看的女英雄多了 有时候会觉得其实说不定我也是女超人 一边修行一边等着变身那一天的到来......觉得要是结局改了 说不定评分能高一点 ,5,花木兰
本片其实值三颗星 最后一颗星是给赵薇的,4,花木兰
赵薇真的超帅气的~很好看~只是结局有点不从我愿罢了~,4,花木兰
从小燕子，到花木兰，看到的是一个人的成熟，赵薇的努力为自己赢得掌声~~~,4,花木兰
偶然间打开了这个电影，原本对国产电影是不报太大期望的，当然主要因为我看的电影也少。可是赵薇的表演还是打动了我，这是她在继《京华烟云》之后第二部打动我的片子。隐忍的眼泪、策马独赴敌营的勇气以及最后让人遗憾终生的拥抱……分明没有一句“我爱你”，可是确让人感受到了深深的深深的爱,4,花木兰
不管故事如何，赵薇和陈坤的演技毋庸置疑~,4,花木兰
万般柔情版花木兰～～～最后男女主角没有在一起令人惋惜啊～～～,4,花木兰
很喜欢。赵薇成功了。,4,花木兰
唧唧复唧唧，木兰当户织。没想到这样一首长篇叙事诗，被后人点缀想象，成了这样一曲令人遗憾的悲歌。,4,花木兰
虽然一度不喜欢赵薇，但这部片子真的很不错。,4,花木兰
一颗星加给赵薇。一颗星加给木兰和文泰的爱情，“十二年来，我每天在战场上，醒来的第一个念头，就是想起你。因为有你在，我才有勇气把眼睛睁开。”不知道别人看电影都看什么，那么多看似专业的评论，其实，重要的是你的心。,4,花木兰
我不关心别人说什么看过是什么感受。我看完感觉还好，片尾曲也很好听。,4,花木兰
其实当一言情小说看，挺好的呀~~,4,花木兰
其实我觉得……挺好的啊~毕竟跟香港人绉中原历史是绉不清楚的~,4,花木兰
我觉得赵薇和陈坤无论戏里戏外都该在一起！,4,花木兰
我难以言表的喜欢赵薇和陈坤，我和妖妖曾经深信他们俩应当结婚在一起。赵薇演的花木兰确实不错，加上孙燕姿和张靓颖演绎的片尾曲，不能说是经典，但也还算不错。,5,花木兰
给分是给演员的。编剧，导演。。。。加起来是0分。,4,花木兰
从蒋经国到文泰，坤哥！你的死样子真有特色！拿感情戏略做点缀的电影比那些感情泛滥的片子好太多了。薇姐还是一贯的美丽动人啊~~稍稍同情一下，维塔斯被打成那样还真可怜。。。,4,花木兰
在我失去你的那一刻，我才懂得你对我来说是多么重要。,4,花木兰
演员撑起了这部戏~蛮感人,4,花木兰
是不是俺泪点太低？,5,花木兰
赵薇的演技越来越好了。尤其在陈坤的带动下。,5,花木兰
若不是结尾太无力，我想给5星,4,花木兰
四星给赵薇，实在找不出比她更能演出花木兰感觉的人,5,花木兰
“婚姻”绝对是女性用来保护自己的一个有力武器。我将最美好的年华给了你，凭什么你一句爱过，就只留下了我不敢对镜的容颜和一身伤痛。,4,花木兰
赵薇的眼神，让我不得不爱你！每一个眼神都如此到位！除了你，没人能胜任这个角色，准确的说，我想不到其他人可以演！,4,花木兰
坤 和 薇太配了。 你们在一起吧。,4,花木兰
乌龟冲出去救小虎中箭倒下时，泪湿眼眶。 感动那一句——“来生我作马，你作人，你杀我。”,4,花木兰
我很无语在银幕里木兰的种种无奈、坚强、无助，竟然有人用雷形容？？？我很喜欢木兰的角色，赵薇演的很大气。一个女孩坚强的辛酸，没有体会过，是侮辱不得的。,5,花木兰
全是冲着燕姿的歌来的，电影感觉像言情片，纯为看爱情片的应该很喜欢，赵薇很努力了，挺好的,4,花木兰
赵薇真的挺不错，陈坤就比不上了,5,花木兰
"本次的重点在木兰个人的成长,个人觉得算是励志电影,房祖名和李玖哲笑点颇多",4,花木兰
赵薇一直在进步,4,花木兰
可不可抛弃一切...只和最爱的人在一起...,4,花木兰
为神马单于翻译还是Danyu,4,花木兰
嗯... 赵薇，比较适合演这类片，可是还是不够大气~~房祖名和李玖哲的扮演恰到好处,4,花木兰
我喜欢这个结局,4,花木兰
四颗星是给赵薇的。,4,花木兰
他们的爱，宛若星辰。爱上一个人之后，眼里就进不去他人。包括生活。,5,花木兰
  wo 我看了  我觉得它并不像一些所谓的知名影评人说的那样不好  。  里面有很多值得好好去深思的事情 ，很感人  爱国的情感再次由然而生。  木兰 文泰 小虎 乌龟 秀才 都演得很到位。,5,花木兰
觉得房祖名是不错的喜剧演员,4,花木兰
赵薇不错啊~最后结尾有点感动，我希望你心变得坚硬起来，但如果爱上在战场上爱上一个人，就像从泥土中绽放，重新拥抱生命。动画片好看，电影也不错。,5,花木兰
相望于江湖,4,花木兰
你们拥抱的姿势就注定要分开,4,花木兰
花木兰！偶像了已经~！有些地方粗糙不连贯 是广电总局搞的？ 看完电影再听燕姿的木兰情 就不突兀了 太有赶脚了！,4,花木兰
花木兰！偶像了已经~！有些地方粗糙不连贯 是广电总局搞的？ 看完电影再听燕姿的木兰情 就不突兀了 太有赶脚了！,4,花木兰
很多人说烂，但告诉自己要亲自去看。也许在很多人看来，编剧，剪辑都很烂，但至少让我感动。看电影，是自己一个人的感受，不必人云亦云，也不必因为别人的评价而影响了看电影的心情。从《京华烟云》开始，一直喜欢赵薇……,4,花木兰
好演员遇到了一般的剧本和不好的剪辑,4,花木兰
可惜了这么好的表演,4,花木兰
花木兰的感情很伟大 赵薇演绎的也很好 喜欢他们俩搭档演出 很舒服,4,花木兰
哎呀赵薇陈坤你们快在一起吧……归来对镜贴花黄啊什么的只演了一小下，全是感情戏,4,花木兰
为什么评价这么低……我看的挺感动的，尽管有很多雷人的地方。,4,花木兰
"我喜欢赵薇喊&#34;你们怕死吗? 你们怕死吗?&#34; 时候的样子,超帅",4,花木兰
反正我哭点低，看哭了。越来越喜欢赵薇拉,4,花木兰
木兰回家之后对着镜子梳妆的样子，很感人...,4,花木兰
跟我妈一起在家看....哭到一个不行...,5,花木兰
不错。很感人。跟我想的不一样，有亮点。,4,花木兰
我一直觉得赵薇的演技值五分，童年时期的女神啊，演什么都是入木三分，每个角色我都很喜欢,4,花木兰
-.-最后竟然木有在一起。过分。。。,4,花木兰
俺哭了，好吧，俺的哭点很低。,5,花木兰
个人觉得《花木兰》不知比《画皮》强到哪里去了！虽是一个耳熟能详的故事，却拍得细腻而感人，而男女主角在这部片子中有不错的本色演出，演技也发挥得淋漓尽致，刻画出一个有血有肉、真情真性的巾帼英雄。,4,花木兰
【在战场上死去，生命像雨水落入大地，毫无痕迹。如果那时候，你爱上了一个人，希望会从泥土中重新绽放，热烈的拥抱生命…文泰，谢谢你… 】因为看完@电影画皮2，突然很想再回味一下@赵薇 和@陈坤 的情感对戏，于是把《花木兰》再翻出来看一遍，再次被最后一段对白触动 ,4,花木兰
赵薇演的花木兰才是我心目中的木兰，内心很女人，不喜欢打仗，渴望和平，想和喜欢的人相伴永远，外表又要表现的很坚强。陈坤和赵薇太般配了，最后那里看哭了···最悲惨的事莫过于明明相爱却不能在一起,5,花木兰
《赤壁》+《投名状》+文艺爱情,5,花木兰
片尾孙燕姿的歌很好听，陈坤很好看，木兰很男生，没想到维塔斯也在里面，好妖。最后柳树下拥抱，看得眼睛湿了。,4,花木兰
好电影，喜欢赵薇的演技，很多感人的情节。还有女人永远都不会比男人差。,4,花木兰
其实感觉还好~  有感人~~,4,花木兰
截至2012年8月为止，赵薇最出色的一次表演。,4,花木兰
喜欢两位主角，有张力的表演~,5,花木兰
陈坤为赵薇哭的那段，实在动容,4,花木兰
对我来说很适时的电影。,4,花木兰
为了感动了加一星！,4,花木兰
不错，再进一步我就愿意给五颗星了...（呵呵，虽然有人依然说是crap，可是我不care）,5,花木兰
现在回头看看，虽然剧情有点跳跃，但是都不错了，毕竟后来这九年里，烂片越来越多。,5,花木兰
恩，肯定赵薇的演技,4,花木兰
赵薇很男人，陈坤很女人。。。。。。,4,花木兰
        导演的野心蛮大，花木兰和文泰的爱情荡气回肠，两人出生入死同甘共苦12年，为了她假装自己的死讯只为对方剪短感情的羁绊成长为有为将领，危难时刻以自己皇子身份换取她和兄弟的性命，为了他只身犯险闯入敌营斩杀门独，他们的感情日月可鉴，最后为了国家和平，文泰不得不娶那柔然公主，两人相拥,4,花木兰
别人再怎么说还是自己看看才知道 我就觉得挺好的,4,花木兰
主演演的不错  导演编剧(都是一个人)有点差劲,4,花木兰
原来我听不得语速慢，好着急。,4,花木兰
我看哭了。。。别鄙视我。。。,5,花木兰
赵薇的表演 绝了！,4,花木兰
不管怎样，还是会被赵薇房祖名的角色所感动；喜欢孙燕姿的片尾曲演唱，深远，坚强。,4,花木兰
眼泪情不自禁的就留下来了....是我欣赏的档次太低吗？我觉得挺好的...我想问一下...那些批这部戏的人...在你们眼里什么才是经典？？？？,4,花木兰
人生百年，如梦如幻，有生有死，壮士何撼。,4,花木兰
太悲啦~完全看在赵薇的精彩表演。但是剧情没有起伏啊，配乐还行，加点大气一些的就更好啊,4,花木兰
有一个给我看哭的片子,5,花木兰
奥特曼亚马逊盔甲的绝地反击。士兵眼中两位将军相互依偎的旷世腐恋。,4,花木兰
基本上与花木兰人物无关……但是不得不说，陈坤跟赵薇真的很有气场~~~~~~,4,花木兰
其实它满足了我对于战争某种偏执的想象,4,花木兰
感情戏看着太矫情 不过也可能木兰在沙场上已经够英勇了 感情上就小女人一些吧,4,花木兰
我认为 赵薇演的还是很不错的,4,花木兰
吸血鬼元素现在真的很in。,4,花木兰
一直都很喜欢赵薇，无论她演什么，我总觉得很入目三分。小房子也不错！,4,花木兰
愈发不讨厌赵薇了~,4,花木兰
今天从电影院出来，非常感动，其间哭了好几次,4,花木兰
虽然剧情很崩溃 但是陈坤很帅口牙~多给颗星。。,5,花木兰
基调，悲壮！对人物的心理描述很细腻，感人,4,花木兰
四星献给花木兰死去的爱情。,4,花木兰
你们怕死吗？就是这一句。,4,花木兰
当时是跟谁谁谁然后说塔磨想跳下去 ╭∩╮（︶︿︶）,4,花木兰
我觉得豆瓣对这片儿太挑剔了。它其实可以的，拍的挺辛苦的，至少要尊重一下劳动果实嘛，哎。,4,花木兰
从小胸怀大志，敢于打拼事业，情人的远遁成就她终成高管——木兰就是这样成为剩女的……,4,花木兰
中國人的感情都有一段填不滿的空白~,4,花木兰
当赵薇豪迈地说你们怕不怕死的时候，只见陈坤——这个女人背后的男人——留下了晶莹的泪滴。。。这个角色真的非他莫属。anyway，我其实很喜欢陈坤啊。,4,花木兰
木兰其实也有太多的无奈和悲伤，其实也算是历史的牺牲品吧。,4,花木兰
被感动了，本来以为又是用大牌堆砌出来的大片会很烂……最后，却是还好。看到了赵薇的隐形眼镜，陈坤的耳丁,4,花木兰
人家说的烂片把我感动得一愣一愣的，鼻涕+眼泪。,4,花木兰
谁说女子不如男?  情义、孝道,5,花木兰
超不错~~很充实的电影~~不晓得票房为何很差。总之赵薇的潜在男子气概让我震惊了~~~木兰哥啊~~~电影果然不轻易给圆满的结局，总之也不错了~~~小房子实在很可爱~~高清mac也看的很爽~大女子万岁！10.5.10,5,花木兰
强烈推荐，好好看好好看好好看,5,花木兰
这里的花木兰是个任性的姑娘，战场上不能有感情。总觉得花木兰不应该拍成战争片或爱情片，可以轻松点再轻松点。,4,花木兰
为赵薇和陈坤的演技多加一颗星。,4,花木兰
似乎是到部队看的第一部电影，领导真是考虑周到,4,花木兰
为数不多的女性战争片，虽然场面不是特别的宏大，情节也没那么的紧凑，但由于细微的演出，还是值得观看的。,4,花木兰
挺好看的~~专心只注意电影的话，是值得四颗星的~,4,花木兰
好想让他俩在一起啊。。一个儿子一个女儿俩人儿一结婚该多和谐啊。,4,花木兰
剧情很烂台词很烂我就是爱看！,4,花木兰
十二年来，我每天在战场上，醒来的第一个念头就是想起你。因为你在，我才有勇气把眼睛睁开，以后的每一天也都会这样。,4,花木兰
陈坤!!赵薇!!绝配.........T.T,5,花木兰
刚开始看时，看到马导拍的打戏有些失望，以为马导还是突破不了细腻的感情戏。越往后看，越发觉得是个错误，后面的大场面还是可以的。赵薇的木兰演的还是可圈可点的，但陈坤给我的感觉总是脱离不了书面小生的那种气质，只能用深邃的眼神折服一些人。,5,花木兰
好纠结的电影啊...看到陈坤被扣押公主看他的眼神...我就知道一定完蛋了...很想掀桌啊.....我要是编剧一定让木兰和文泰在一起...不过要是酱电影肯定就不好看了...=.=...ps其实我一直还都蛮喜欢陈坤的...要是八卦看少一点就好了...现在看电影的时候真是幻灭的feel,4,花木兰
赵薇的演技越发成熟了，总的来说，是部让人落泪的情感片~【with珍】,4,花木兰
不管怎样，故事是好的,4,花木兰
破音的声线让你感觉不到平时的赵薇，陈坤的演技越来越精湛。,4,花木兰
情节相当不靠谱。,4,花木兰
无惊喜也不失望,4,花木兰
陈坤就是没那个将军的气质 他就是一万年受,4,花木兰
每天醒来，第一个想到的就是你。因为有你在，我才有勇气睁开眼睛。,5,花木兰
还可以啊，没有众人说的那么差，除了刚开始二十分钟就有n个人知道她是女的有点。。。还算感人！,4,花木兰
单纯觉得赵薇在将士面前那几声吼得挺帅的,5,花木兰
第一：电影的前半部分很糟糕 第二：小虎死的那一段我哭的死去活来的 第三：编剧是柏邦妮~哇~ 哈哈 第四：其实我觉得四星是可以给的 第五：没了,4,花木兰
下辈子 我做马 你做人,4,花木兰
不想多想故事之外的因素。仅仅是这个故事，让我又找到了久违的感动。12年，也许是一种成长。  “生命我可以很容易就放弃，但让我放弃最爱的人，太难”......,5,花木兰
剧本3星，演员5星，影片4星，最后感动到哭了，这应该是我看过赵薇演过最好的一部电影了，面对着自己的好友战死却无法搭救，她不能因为个人情感再次牺牲全营的生命，面对着自己爱的人不能留在自己身边，个人情感在国家利益之下，她都有把那份苦演出来了，只是选角好奇怪，选了个Vitas跟李玖哲...,5,花木兰
话说赵微的演技真的是越来越好了.,4,花木兰
其实我觉得赵薇演的还是挺好的……,5,花木兰
我就知道你没死,4,花木兰
四颗星里面一颗是因为yz,4,花木兰
必然是要看的。,5,花木兰
赵薇演花木兰演的还是蛮到位的，最后的告白让人很感动,4,花木兰
陈坤，，，帅的稀里哗啦的,4,花木兰
还是很喜欢赵薇和陈坤的~~房祖名也很搞笑！！,4,花木兰
总觉得有点像画皮，赵薇经过那么多年的历练，成熟了，有内涵，内敛了很多，有情人不能终成眷属总觉得心理不舒服,5,花木兰
喜欢赵薇在这部影片里的表演:),4,花木兰
赵薇演的确实不错，维塔斯确实多余。,5,花木兰
多亏了演员，导演说故事的能力实在不敢让人恭维,5,花木兰
赵薇变成熟了，越来越喜欢！！！,4,花木兰
除了给房祖名太多特写以外，其他都还可以……,4,花木兰
看了这么多不好的的评论，都什么素质啊。,4,花木兰
一直小看它，有陈坤撑台，不怕不怕。,4,花木兰
陈坤给赵薇喂水的那一幕很动人。,4,花木兰
我是不讨厌赵薇的，费小虎也太可爱了，马房初次见面怎么那么暧昧？我的木兰哥这句台词也太雷了，时不时的出现。一个人的头突然从温泉里冒出，我可能会吓死。玉佩这段戏不喜欢....我不会，这三个字多伤人。房祖名演得多好呀，小虎死得多壮烈。乌龟和小虎很相爱。我喜欢大团圆的结局，操。,4,花木兰
【木兰情】有人说，离家太远，就会忘记故乡。杀人太多，就会忘记自己。在战场上死去，生命像雨水落入大地，毫无痕迹。如果那时候你爱上了一个人，希望会从泥土中重新绽放，热烈的拥抱生命。,4,花木兰
看陈坤饰演赵薇的小娘子。,4,花木兰
坤哥和薇哥的再次联袂，水旺旺的爱情力作,4,花木兰
姐就喜欢赵薇和陈坤,5,花木兰
会感动的，因为喜欢赵薇,4,花木兰
女演员何必去整容呢，整成花瓶就只能一辈子演花瓶，像赵薇这样，有味道的女演员就很好。好片，可惜忘记去电影院看了。,5,花木兰
都看过新月了吗？那演员根本不是在演戏，分数居然比这个高。。ORZ~~~~~,4,花木兰
讲述战争的真实、残酷、无情，人在对战争的恐怖，而不仅是传统大片的恢弘场景。编剧有点牵强，我们只是从《木兰辞》认识花木兰，不知道她一生的详细故事。,4,花木兰
感情分 为我内心的震撼,5,花木兰
总体感觉还不错，只是求求导演不要再让赵薇在剧中读台词了，能找个配音演员行不？她一开口说话，我就想笑。,4,花木兰
赵薇的表演深深地感动到了我。,4,花木兰
其实，演得真不错，，，，我被感动了。。。。。。,5,花木兰
薇哥和坤爷演技太好了~,4,花木兰
如果不是马楚成多好,4,花木兰
最难过的，不是生死相离，而是历尽千辛万苦站在彼此面前，以为之后是长相厮守，却只能泪眼相看 ，连拥抱也是禁止。,4,花木兰
赵薇的蜕变,4,花木兰
赵薇的演技确实不错。房祖名也有提高哦。我感兴趣的是电影的背景，北魏时期，柔然，到底迁都洛阳没有？北魏本来就是一个少数民族，怎么能完全是汉族模样。忘记陈坤叫拓跋什么了，宏？那就是孝文帝。如果是这样，背景就完全错了,4,花木兰
囧vitas+赵薇蜕变,4,花木兰
木兰情，父女情。同学说这部片子一般，我觉得看电影大部分是看心情吧。音乐不错,4,花木兰
赵薇会越来越好的。,4,花木兰
这样的一部片竟然从中途哭到尾。三颗星给片子，一颗星给赵薇。,4,花木兰
我就是喜欢赵薇陈坤，我就是觉得这个电影好！,5,花木兰
我觉得赵薇演的花木兰才是真正的花木兰。演得很好。,4,花木兰
不得不承认，赵薇真的是演的不错，一改过去那傻大家哈哈笑的形象，从头到晚几乎都没有怎么笑过。下半部和陈坤那些对手戏甚至还赚去了我一大把眼泪。虽然最后不是大团圆结局，但是凄美有余，值得一看,4,花木兰
中间那些兜兜撞撞还是有些狗血 但是各位演员绝对值4.9999……星,4,花木兰
此片豆瓣分虚低了，至少电影完成度还不错。相比于之后的真正烂片，此为良心电影，可放心看之。,4,花木兰
“我去死。”“我陪你。”血染沙场，情断天涯。,5,花木兰
那些战争的场面挺壮观的，赵薇，陈坤都演的挺好，房祖名为爱牺牲到底，挺让人感动的。胡军发现最后杀死他的人是花木兰，只能饮恨而终了。当知道陈坤是皇子的时候，就可以预测到情人无法走到最后，因为皇子不然死去，不然荣华，和民家女子只能是遗憾。,4,花木兰
一个很真实的花木兰，不错的电影,4,花木兰
呃。。。为啥我看着又哭又激动的。别人的评价这么低呢。。。看来俺的欣赏水平赶不上大众的平均水平。。。嘿嘿。那咋的？俺就爱这盘菜~~~,4,花木兰
3星半吧，演员很尽力，没有传说中的那么烂,5,花木兰
额 说不上的感觉 深沉+故作深沉,4,花木兰
薇是敬业的演员！,4,花木兰
让我放弃生命容易，让我放弃最爱的人难！,4,花木兰
有赵薇 最最重要的因素,4,花木兰
从第20分钟木兰留下第一滴眼泪开始，一路悲壮、苦情到尾……但都因为内容够充实够抓人以及各部门都堪称同类影片中优良的表现而给人感觉这一点也不过分。,3,花木兰
跟预想的基本差不多。做为一部古装大片来说，说他该有的也都有了，说它没有，它也啥都没有，so平庸，但至少能看，赵薇没问题，虽然嗓音还那样，以后她会越来越好。全片最大问题在剧作，不是编剧能力的问题，还是片方对题材认识和把握似乎有一些偏差，本来可以更好。,3,花木兰
柔情版花木兰，煽情啊煽情啊，使劲的煽情……,3,花木兰
看了花木兰我才知道 酒壶原来可以这样用 果真是居家旅游之必备啊,3,花木兰
具体说真的拍得不好，情节基本全无，内容也是拼凑，仿佛就是在看照片。而且为了聚星，刻意地引入了那么多没有用的角色，比如Vitas和房祖名等等一干人都是没有任何功用的。看来早就不应该对马楚成抱什么太大的希望。不过里面的一些服饰道具还是值得称赞的。,3,花木兰
演员太棒了!!!!导演和编剧洗洗睡吧~,3,花木兰
"十二年,每天早上起来我就想你",3,花木兰
我爸说陈坤这男的长的挺美的 另外房祖名演的不错 Vitas这个男宠可有可无,3,花木兰
赵薇很酷！配角很煽~我讨厌战争片TAT。。。陈坤割脉为君点绛唇。。狗血台词少一点就好了==，这年头演员比编导靠谱==,3,花木兰
虽然我已经（伪）脱下了腐女的外衣，但我不得不说，这真的是女人拍给女人看的腐剧呀~~腐得我春心荡漾，萌得我笑不拢嘴，赵姐的攻势和陈哥的受态都太明显，还有其中另外两对CUP也。。。太。。。雷人了。。。别说花姐你真的是为了战争了。。。整个就是爱情爱情爱情片，战争？在哪里？女人？在哪里？,3,花木兰
黄沙百战穿金甲...不破楼兰终不还嘛...比想象中要是好一点...只不过导演空有拍史诗的愿望...却没有史诗的胸怀...拍来拍去还是香港电影那种小情小调...赵薇看来也还担当不起这种层次丰富的角色啊...,3,花木兰
观感：木兰和文泰哭得稀里哗啦，影院的观众笑得噼里啪啦。评分：片子只有一星，其他两颗是给赵薇和陈坤的。,3,花木兰
赵薇将花木兰的英气和勇猛演绎出来了，还可以吧。,3,花木兰
临近尾部，才看到马楚成的一点功力来~赵薇台词功底依旧很烂，除了了结尾的旁白~PS:北魏的都城在大同，花木兰难不成是我们大同姑娘？,3,花木兰
60/100。导演拍战争场面的水准令人发指。陈坤赵薇的优秀从头至尾都游离于整部电影之外。好演员还是多接点好本子吧。,3,花木兰
还好没让我剪这个的预告 只写了预告唱词 最近对片子都木有什么好感了啊 谁让我每天要剪这么多啊啊啊啊~~~,3,花木兰
中国电影都这样 毫无惊喜 我也无法热烈拥抱大地 唯一的感触 我们没有战争 我们还有很多以后London Quadrant,3,花木兰
《三国》就是那样的《赤壁》 《木兰辞》就是这样的《花木兰》,3,花木兰
随便看看还行。木兰像动画片一样本来计划嫁人，结果替父从军，然后突然一下子变成了大将军，身边则有一位帅哥将军一起率队，然后七杀八杀，兄弟死得差不多了，还有个小帅哥小虎勉强撑着，最后被困山谷，意外脱身，巧计打败BOSS，失去帅哥，茫然返家，变成大龄剩女。,3,花木兰
其实都还凑合，是文艺片范儿了点，但是比那近期那些装疯卖傻电影要好一点点,3,花木兰
陈坤选择国家是正确的。胡军你不是有野心么，怎么这么爱躺着？！想展现出你的雄心抱负，怎么也应该上一回战场吧，其实你不是狼，你是黄鼠狼。赵薇真老了。vitas怎么看怎么像男宠。,3,花木兰
越来越喜欢赵薇，喜欢她眉宇间的那股英气，换做任何一个大陆女星，都无法演出花木兰这个角色。“十二年来，我每天在战场上，醒来的第一个念头，就会想起你，因为你在，我才有勇气把眼睛睁开，以后的每一天，也都会这样。”,3,花木兰
毡包打斗那场是我唯一觉得精彩的地方，喜欢陈坤的皇子宫服装扮，和VITAS的白奴绝配啊~~~~~公主也的确漂亮，可怜的赵薇当了绿叶。不过到底是大漠战争片，不合我口味啊~香艳华丽派最高~~~,3,花木兰
主要是這個主題脫離了時代背景，不能引起共鳴。,3,花木兰
赵薇的演技真的进步了。编剧实在是香港人的商业品味,3,花木兰
无精彩，无过错。唯一的价值是填补了花木兰在中国电影里的空白，闲暇时候可以用来爆米花。,3,花木兰
爱情的着墨过多，导致剧情整体显得拖沓，而且有些地方刻画不够细致。不过总体来说，赵薇的表现让人眼前一亮。,3,花木兰
不管怎样，就是喜欢赵薇和陈坤！,3,花木兰
没那么不堪，也没那么好看，马楚成比《剑蝶》算是进步了，也只是《江山美人》之流。,3,花木兰
一边吃饭一边看还不错~,3,花木兰
在二星和三星之间徘徊了许久。后来还是厚道点算了。看的时候我就在想，这些人演的也挺使劲的，其他的工作人员也挺用力，为什么这电影就是不好看呢？为什么就是没有抵达人心的力量呢？到底是缺了什么呢？,3,花木兰
"谢谢你个鸟,最烂的结尾台词...妞烤的土豆让我郁闷了一把,真是一个先进的民族呀...剧情平庸,该慢不慢,该快不快,整咯就是一部次高潮电影╮(╯_╰)╭",3,花木兰
平庸得刚好能配得上大部分中国影迷的欣赏水平。其实这个题材拍成三级片效果会更好。,3,花木兰
演员明显比导演靠谱多了。。。,3,花木兰
国家胜利了，却毁了缔造胜利者的一生。试问，谁会去爱一个24岁上下，满身伤痕，杀人无数，心里住着另一个男人的女人？,3,花木兰
有人说，离家太远就会忘记故乡，杀人太多就会忘记自己。在战场上死去，生命像雨水落入大地，毫无痕迹。如果那时候，你爱上了一个人，希望会从泥土中重新绽放，热烈地拥抱生命。文泰，谢谢你……我越来越喜欢陈坤和赵薇了,3,花木兰
电视剧+大片+王家卫结尾，囧喷了我。可是我就是好喜欢赵薇不上镜的大脸。最辉煌的段落，当属男声低音合唱，气壮山河。,3,花木兰
还好之前没报什么太大的希望，不过感觉也大家说的没那么差，从《像雾像雨又像风》开始知道陈坤，怎么现在才觉得陈坤长得挺帅的~,3,花木兰
我们看到了一个努力演好戏的赵薇，我们感觉到了一个尽力在拍好电影的导演。可是电影不是幻灯片，如果影片情节的发展一步步的都毫无悬念，看着有什么意思呢？,3,花木兰
有vitas很喜感呃，看到李玖哲很兴奋。虽说基本是扭曲了历史故事，但是电影播放期间令人频频有落泪的冲动。这是给女人看的片子。还有。结局挺潦草的。本来想打四个星。演员的演技都很不错。胡军把坏人演出神了。喜欢赵薇vs陈坤阵容。,3,花木兰
我好像已经被迪士尼的花木兰动画片洗脑了，看情节不同的就感觉超级违和,3,花木兰
海报和结尾，喜欢着,3,花木兰
赵薇虽然不像当年那么漂亮了，但是演技还是不错的,3,花木兰
Vitas和那个因无限崇拜花将军而被贬为火头军的小军，玖哲的“舅舅，你死了我怎么办”，真好笑。导演为谁为煽情，为谁哭啊？感情戏份也太多乐吧 。看似中规中矩的正常片子，其实，雷区很多。,3,花木兰
无论多少个版本 核心思想不离一个男人的爱情才最终成就了我们的巾帼大将军 只是诸多男人 文泰尤胜 他善良 英俊 身份高贵 从没有因为自身立场伤害木兰 更因为BJ给了他们一个残缺结局,3,花木兰
这剧本让人好无语啊.........白白浪费那么好的一首主题曲，不过这结局偶喜欢~~,3,花木兰
"赵薇的声音老让我想起琼瑶剧,不过听到她在士兵们面前的几次宣言,着实震撼了下,很有气场。不过影片真的很单薄。有几个桥段看起来实在无趣,前一个钟头我想睡。",3,花木兰
为了小坤坤我才看的，当然也恭喜薇哥摆脱了票房毒药的恶名，胡军在里头很无奈，VTAS更是一打酱油的角色，龙太子也哎。。。,3,花木兰
中规中矩。不过觉得马楚成很多想法挺乏力的。中国文化熏陶得还不够浓厚，还是好好拍你的港片，别把诗史当成港片来拍，这趟水不用你趟。还是觉得迪斯尼的动画片拍得好。,3,花木兰
前面还很紧凑的，不知道为什么后面感觉在拖时间。,3,花木兰
必须要承认 赵薇并不是永远或是处处都看上去那么顺眼顺心的（常常令人觉得某处极度失望） 不过这一点 是我对她最大的好奇所在,3,花木兰
问：为什么这么久都没有发现花木兰是女的？答：阿爷无大儿，木兰无长胸！！！,3,花木兰
说实话，我最后哭得止不住，硬是哭了近10分钟，浪费了7，8张纸巾，可我明明还在大骂说编剧无良，故意搞这么煽情，可我就是抵挡不住，演员真的... 让我很无语，真没太多话想说了，没看不可惜，看了不浪费，就三星吧,3,花木兰
小虎~~~烏龜~~~~（臨時前那依依不捨）很純哈~~      可憐那被陳坤踩的馬兒！,3,花木兰
关vitas鸟事= = 为啥把他拉过来... 主角太喜欢泪流满面了 陈坤叔叔的大脸闪过夜空的时候我崩溃了,3,花木兰
真的很一般····陈坤绝对是信春哥的，死后原地复活！！！哈哈哈哈,3,花木兰
印象中，战争场面就像是一百来个人在打闹。,3,花木兰
虽然剧情极度的狗血和做作，但动作场面还是过得去的。相比于国内数不过来的超级烂片，本片就如矬子里拔将军一样显得还不那么烂。,3,花木兰
VITAS是我見過最大的龍套，劇情鏈接得我都懷疑這部戲是不是馬先生拍的。,3,花木兰
一个外国人竟然比我看得还津津有味，他看懂了么。。。,3,花木兰
戏里人哭，戏外人笑。,3,花木兰
1花木兰之那些男孩教我的事 2当我家陈坤华丽丽站出来说自己是皇子的时候 俺的头顶一群乌鸦飞过 &gt; &lt;~  3一颗星给陈坤 一颗星给海豚王子 还有一星给俺乐意 无关剧情无关演技 4不许顺带把我家陈坤骂了,3,花木兰
很纠结。画面感稍显冷，但似乎战争就需要这么冷血；感情对白太白烂，但似乎缠绵又稍嫌苛求。编剧有待提高，薇哥演技有待提高，但要注意身体，毕竟高龄妇女了都····,3,花木兰
马楚成导演成功成为中国电影新浪潮第一人，完全不必考虑如何讲故事，只需要把长度做足就可以了,3,花木兰
仁慈的我给了3星。花木兰第一次砍敌军大将头颅的时候怎么那么容易？战场上还有时间互相凝视、发呆？“嗖嗖”就升到将军了，简直让人错愕不已。开头那段女声的咏叹调及结尾孙燕姿那首歌还挺不错的。喜欢陈坤，哈哈，就喜欢阴柔男人。,3,花木兰
“十二年来，因为有你，每天早上我才有勇气把眼睛睁开……以后的每一天，也将会这样。”我对你说出同样的话，你知道我用情之深吗？,3,花木兰
靠，连接吻都没有。玉佩呢？,3,花木兰
当年看时还是很爱那样你侬我侬杨柳依依却只能在眸光中别离的感觉。。。如今想来却矫情了。。。vitas跑了一个华丽丽的龙套。。。。,3,花木兰
剧情确实可以无视——皇子不偏不倚的潜伏到赵薇身边；赵薇更是成了潜伏专业户，赤壁之后潜藩营如履平地，策反公主易如反掌……不过整体情感的渲染还是不错的，凭这一点本片应该算不上太烂。个人认为赵薇的表演也有进步，那两句“你们怕死吗”还挺狠的。,3,花木兰
一个成功女性的背后总有一个甘居幕后的男主、一个无私奉献的男二和一群不明真相的男性群众,3,花木兰
薇哥入行12年胸袭陈坤，坤爷割脉献血为国卖身。 ,3,花木兰
编剧太烂，剪辑太烂，配角太烂。三星给的是赵薇和陈坤。,3,花木兰
虽不至于尽善尽美，但比想象中要完整得多，赵薇的演技亦值得肯定。,3,花木兰
对一部旨在煽情的电影来说，它达到了它的目标，这就够了，所以它应该得到它改得的。ps电影选角儿时考虑了动画版的风格啊,3,花木兰
让我把回忆当晚餐，吞下这许多年的酸,3,花木兰
撇开历史背景不说，片子并没有想象中那么差，的确，导演还有很多功课要做，但是就做为故事片来说，我们的要求有些太高了，所以才有这么多骂声,3,花木兰
那是觉得徐娇还不错,3,花木兰
好于〈见龙卸甲〉，差于〈墨攻〉,3,花木兰
赵薇以前演还珠格格是疯女人极端，现在都是强悍女，干嘛非要走两个极端,3,花木兰
文泰身世太雷人。但是结局处的对白和独白还是很喜欢。,3,花木兰
马楚成不行，完全不行。演员们都有长进，花瓶们除外。,3,花木兰
戏本身不佳，但是赵薇演得很好。,3,花木兰
小虎啊，你走了以后好多人就退场啦~这剧本是琼瑶阿姨帮着编的吗！,3,花木兰
您就纯把它当一穿越狗血爱情片看了吧 其余免谈,3,花木兰
没有那么差，赵薇演得还不错,3,花木兰
囧得说不出话 陈坤从头到尾都挺雷的嘛...,3,花木兰
赵薇喊话底气不足...她一贯的问题：说话漏气儿。不过基本上她和陈坤演的还是不错的...在看过风云2之后，已经没什么电影在短期内能雷倒我。,3,花木兰
每次房祖名出現，人們就笑的一塌糊塗。tnnd，嚴重影響看片心情。趙薇跟陳坤一矯情就矯情大半天，搞得我一直看電影院天花板。,3,花木兰
我觉得历史上的花木兰应该是个长得跟李宇春一样的女人，电影有点模仿圣女贞德,3,花木兰
原来这是爱情片。,3,花木兰
故事家喻户晓，但可挖掘的东西有限，迪斯尼独辟蹊径，用动画的形式表达一个温暖而幽默的故事。此翻要不同凡响，已是甚难，或许除去花木兰这个名号，这就是一部一般的容战争，爱情的普通电影。马楚成擅长细腻的感情戏，飘来飘去，还是逃不掉爱情二字。说来说去，花木兰到底是个什么形象，或许更加迷茫。,3,花木兰
木兰耶，你是去代父从军啊，不是去谈恋爱啊~~,3,花木兰
VITAS这个阴人客串个鸟球，好下贱啊。,3,花木兰
想吐槽的点很多……李玖哲在哪里？柔然公主好南方女子！胡兵最近怎么老演坏人！,3,花木兰
"第一个vitas镜头把我吓到了，第一句单于的舞台腔把我笑到了....剧本和剪辑幼稚,光知道杀啊杀啊杀,哭啊哭啊哭-  -..赵薇和陈坤的演技比以前进步很多",3,花木兰
好吧我承认我是为了坤姐而看的 所以评分偏高的很大因素也是为了坤姐~ = =~ 薇姐输了啊，何奈坤姐实在太美~嘤嘤~~不过薇姐在山谷中对士兵们喊话那段演得很带感哦~p.s.小虎和乌龟是一对嘛！,3,花木兰
赵薇女扮男装一眼就能看出来了吧，所以从一开始就不太满意演员设置,3,花木兰
嗯，感觉故事被压缩的有点走形，侧重点似乎不太一样。,3,花木兰
没看出来爱情是怎么铺垫的 不感人 不过其中为国捐躯啥的还是挺感人的,3,花木兰
陈坤依旧不错~~故事一般，剪辑的不太衔接，叙述的太快。。。这种水平的编剧我也就不计较那该是“氐”还是“氏”了。。。。不过最后离别的镜头很赞，当然赞的是在我脑中形成的穿越文。。。。,3,花木兰
我和一个长的很像赵薇的女生在科文某厅最后一排角落看的 整一过程那是相当尴尬啊~,3,花木兰
还好，没那么多人看的那么烂，剧情是薄弱，拖沓，矫情，还好。再说上映的时候正看一个女人的史诗，对赵薇有新看法。挺好,3,花木兰
一直很喜欢花木兰这个故事 所以给个三星 我喜欢赵薇的演技 但是 我看到的是一个烂剧本拍出来的烂电影 关于内容的过度 细节的处理 完全不到位 出现的雷人镜头让我外焦里嫩 典型的就是花木兰走出阴影对战士所说的那段话 镜头衔接 情节连贯性 完全不能称之为电影,3,花木兰
兩個柔情似水的將軍上戰場殺敵且戰功赫赫，太諷刺了~亮點是房祖名，比他老爸可愛不知多少倍~,3,花木兰
因为他们最后没在一起所以我觉得这部电影不好看 为燕姿加一星。,3,花木兰
一个男人和一个假男人的2P画面大多充斥着眼泪，情煽的紧。,3,花木兰
这都什么跟什么啊  好不容易在一起了   结局还是不行,3,花木兰
故事塑造太弱。赵薇像邻家姐姐，不像女将军,3,花木兰
演员演技佳，但是剧本实在是觉得好弱智。真是越来越喜欢赵薇了。,3,花木兰
剪辑不知道是不是故意弄得，很多地方都很碎。,3,花木兰
感觉像流水账，不过这种大片的音乐还是很好听的,3,花木兰
有几个故事点还行。但是影片的整体制作水准偏低，导演驾驭能力差，很多该有的基本的拍摄和剪辑技术都不过关，剧情和人物塑造都在基本功上很欠缺。,3,花木兰
“我每天醒来，想到有你在，所以才有勇气睁开眼睛”为这句话加一星。。。。这个没有铺垫没有高潮的破电影,3,花木兰
多一星是给赵薇的，马楚成这个垃圾导演,3,花木兰
除了赵薇，不能想象谁还可以演花木兰；陈坤偶尔还是有演技的；导演把Vitas叫来，就是让他端茶送水挨踢的么；胡军演反派还是很帅；房祖名眼睛确实小了点儿；谁是李玖哲。。。,3,花木兰
赵薇还是没有那个霸气，房祖名有进步，维塔斯很雷人。。。。。。,3,花木兰
赵薇似乎只能和陈坤搭戏，才能在电影里稍微出彩,3,花木兰
雷点多多，但是赵薇同学不错哟，百花奖最佳女主角,3,花木兰
编剧编的好白痴啊，拍的也一断一断的，看在有些镜头还可以，演员比较到位的份上就忍了，给三颗星吧。,3,花木兰
我只是想求证一下，房祖名扮演的角色是不是相当于动画版里的木须？其它没问题了，编导们接着扯吧,3,花木兰
花木兰这个故事本身注定了拍不出很好看的电影,3,花木兰
其实就演员来说，赵薇陈坤都是能用好的演员，可惜遇上了一个烂导演，一个俗的不能再俗的剧情设计。尤其是前半部分的极致烂剪辑，让我恍然有种回到“三国之见龙卸甲”那总过场烂片的感觉，,3,花木兰
同志们相信我啊!!!!!《花木兰》里VITAS的角色一定是老单于的男宠啊!!!!!!!!!!!!!!!!!!!!!!!!,3,花木兰
木兰说:你们怕死吗?我那时哭了,3,花木兰
这么个大眼妹子进了军营居然没人认出来，真是要命啊，还有房祖名那一口粤语普通话，真是让人要命啊，太诡异了！这故事也确实改烂了，这电影其实还行，化妆什么得都还可以，场面也还不错了，就是已经看累了，还有那个奇怪的海豚音王子在里面是干什么的。,3,花木兰
虽然年代有点混乱，不过还算值得一看,3,花木兰
喜欢最后那句独白，大概是‘战场上，生命就像雨水落入大地，毫无痕迹’,3,花木兰
一星给赵薇，其实演员演的都不错，只是编剧太差。台词也是雷人的多，对于战争场面更是草草带过。不解为何像花木兰，赤壁这样大片，最后都拍成这样不堪，导演再大牌也无济于事。,3,花木兰
看来我在飞机上基本把主要情节都看到了。很多台词都很雷啊，不过木兰跃马持刀踩着慢动作杀回来那个镜头还是挺令人感动得。赵薇念台词的功夫很有待提高。片尾还整了一把余虹日记范儿……,3,花木兰
"跟三个疯子一起看的，全都毁了！笑了劳资一个多小时……vitas很有喜感……btw,这海报很不错～=。。=",3,花木兰
合适佐午饭电影  不会让血液从胃里分神  不过我也想 女扮男装 替父从军  ,3,花木兰
流于表面的马楚成你真的很可笑，就读了一遍《木兰辞》就敢拍么？不怕亿万从小就背过《木兰辞》的中国人砸死你？因为喜欢的演员所以是三个星星，不然就是零分,3,花木兰
维塔斯竟然不高歌一曲,3,花木兰
俗，造型也太丑。赵薇有那种凛然的气度，只可惜说话的声音太怪。演得有点木讷。太深明大义的女人不好，只求相爱不求相守么？愚忠啊,3,花木兰
没法和《画皮》比，加上vitas的出场太雷了。但我喜欢陈坤赵薇在一起,3,花木兰
这导演是何居心，这么无耻的挑拨民族关系。耽误了两位好演员。。。,3,花木兰
剪辑很烂= =前半段剧情安排太紧了，很假...后面勉强能看得下去||话说果然有在银川拍摄...冲这个加半颗星...,3,花木兰
情节有点潦草了，结局为什么是这样的撒??还以为会在一起的。哎~~~~~~~~,3,花木兰
不如动画版还有电视剧版的好看…,3,花木兰
嗯~我的木蘭哥~——作為一部YY片，很YY。情節設計和我的心情一樣辣麼矛盾。但沒字幕我實在聽不清臺詞啊！~~~,3,花木兰
二十多年来，花木兰在我心中一直替父出征；一昔令改，木兰也为爱出征了……马导，不谈情说爱电影会掉价吗？,3,花木兰
"跟锦衣卫相比赵薇的演技高了好几个档次. 但当唯一的亮点VITAS都暗淡下来,还有啥可看的?",3,花木兰
1.剧情不太好，特别前面烂到不行。2.房祖名好萌= =小虎和乌龟基友情深咩。3.维塔斯你一定是仙女吧吧吧…… 4.竟然还有刘雨欣，我觉得那时候她貌似没有整太过？5.赵薇一直爱的╮(╯▽╰)╭,3,花木兰
剧情很扯，演员演技很好,3,花木兰
哎，赵薇还是只会演小燕子的赵薇，有进步，但却仍不自然。,3,花木兰
最近出现很多电影依靠名演员来提高票房啊！可是好的演员、好的脚本也还是需要一位好的导演才能把影片拍好吧。。。,3,花木兰
我只是太喜欢薇薇和坤坤~~,3,花木兰
近期上映的大片中，这个似乎还算不那么雷的。,3,花木兰
三颗星是给100分设定的男主角,3,花木兰
我愛陳坤....XD....哇咔咔~~~~,3,花木兰
看这片子，就得忽略逻辑  音乐真好听，片尾曲谁唱的？ 祖名的普通话真是该练练啊 我恍惚间看见被困谷中，支起那顶破帐篷的是无缝钢管~~,3,花木兰
我说 那人真像李玖哲！！还真是，天哪,3,花木兰
其实他们俩很配。。。赵薇真的成熟了，很有味道~,3,花木兰
  讲故事的能力果然不咋地，片尾的歌儿倒是还不错。,3,花木兰
忠孝两全。整个放映厅欢笑声不断，好多细节处又把我哭得……哪有你们说的那么烂，真是。,3,花木兰
本来一直觉得这电影不咋滴，自从看了两眼央视的花木兰传奇，我觉得这电影，好极啦！！！！！,3,花木兰
难道七公主嫁了个区区部落就能免以后以后的战争了？木兰兄愚钝啊！应该带着七公主浪迹天涯的哈哈哈哈！,3,花木兰
为什么受到那么多批评？也许可以在最近《社会性动物》中找到答案吧，刻板印象和偏见应该是最主要的原因吧。,3,花木兰
颠覆性的男色时代，胜者有寂寞但不悲伤。基调和演员都不对味。明明是巾帼的戏，却都是男的味道。马楚成啊，马楚成,3,花木兰
小场面，小剧情，马楚成也就这样了,3,花木兰
情戏拍得差强人意，相对来说父女情虽笔墨不重但特自然。剧情稍拖，台词很非主流，麻烦照顾我这类笑点低的人还好阿。Vitas大亮点，演啥不好演男宠阿，真让人浮想联翩。大陆自从成功造就了刘烨这个大bt后，现在又多了个胡军，一见这两人我-怕。还有，赵薇和陈坤真的非常的搭~两个大眼睛哦,3,花木兰
不知道为什么，赵薇一说话我就想笑= =不知道是台词太奇怪还是她语气太奇怪……不过我本来也只是为了VITAS才看的，但是我怨念他唱的太少出镜太短,3,花木兰
比想象中好，不过剧情没惊喜，俗套的情节，赵薇的表演有提高,3,花木兰
我只想说……这片不应该找赵薇= = 她真是怎么看都不能跟“代父从军”联系到一起…………坤哥倒是还不错啦。房祖名那港台腔太不适合穿越到古代了，好歹给人家配音嘛 = =,3,花木兰
当琼瑶剧披上战争的外衣。。。,3,花木兰
毕竟我在电影的某些部分还是 感动了的、、、,3,花木兰
我觉得赵薇演的花木兰蛮好的，而且影片整体也没别人评价的那么烂。,3,花木兰
可以看，如果电影票不花钱的话。,3,花木兰
我坚持看完了，我老公看到第40分钟就受不了放弃了……,3,花木兰
风风火火跑去看了部花木兰 觉得拍的挺好的 虽然有些情节有点矫情 在此之前也没抱什么希望 因为看了很多愤青们的激愤们 可结果发现这部片子比近几年历史题材影片都要拍的不错呢 咱不是什么影评家 但也分的出香臭 比那些不分青红皂白一通乱骂的人要理智些 怎么说呢 此片值得一看,3,花木兰
虽然评分不高，有你们俩在还是值得看！~赵薇和陈坤 你们俩赶快恋爱吧~~,3,花木兰
"不如想象那么垃圾,却也算不上好,一些细节有点雷人,剧情交代也太赶,还是编剧的能力问题!",3,花木兰
看到赵薇和陈坤一起在绳子上绑死者名牌的镜头了吗?陈坤的背影比赵薇还像花木兰，不知道是不是我的错觉。,3,花木兰
相比马大导演前作剑蝶，花花型警，本片可以用惊艳来形容。战争场面不能算恢宏，也勉强能看的过去，毕竟不是赤壁这种巨制嘛。故事讲得有点缓慢，悬念也一点都不悬，这是明显的弱点。但是对战火纷飞年代爱情和人性的刻画，还是有一定深度的。李玖哲演的好，胡军发挥空间不大。,3,花木兰
&#34;题纲式电影&#34;,3,花木兰
不少笑点也，还行吧。木兰星比木兰情好听。和陈小磨一起看很开心。很多时候，我们无需太苛刻。,3,花木兰
昏昏欲睡,3,花木兰
房祖名很卖力。。胡军你就继续变态着吧，对你没坏处……赵薇沉稳了……,3,花木兰
陈坤 你还是有贵族气质的 尤其在那一瞬间 直面阳光 傲视群雄 嘴角微微上扬  是壮士断腕 也是为爱而殇,3,花木兰
拍惯了爱情片的马楚成，一如既往的把这部花木兰拍的儿女情长，太过于秀气，辜负了观者的期望~,3,花木兰
用没意思的方式讲没意思的故事。,3,花木兰
三颗星最多了--看的出陈坤赵薇很认真的在表演 但无奈马楚成实在驾驭不了这个题材  国家情 兄弟情 儿女情到最后什么都没讲清--,3,花木兰
自从看过画皮，我就喜欢上了坤哥的古装小受扮相。。。,3,花木兰
其实想打两星的，不过还算看得下去，结尾居然是悲剧结局，木兰扮女装完全没有惊艳的感觉。,3,花木兰
还是我一直喜欢的赵薇,3,花木兰
情节过于的差。当然去看这种题材的电影，当然不能对情节抱有什么希望。看完此片中有个体会，国产电影，不论编剧水平如何，制作上却有巨大的进步。,3,花木兰
赵薇说话时的嘴是因为牙齿的关系吗，从自然的张合度来讲就看着很怪异……哦以及现在看见赵薇和陈坤两个人的对戏就会串戏到画皮，谁能救救我（哭泣脸）,3,花木兰
我是来看赵薇的,3,花木兰
导演驾驭历史题材能力不足 赵薇真的很棒 进步很多 陈坤亦是。,3,花木兰
国产历史片现在的硬伤就是考据不足啊，语言真够现代化的哟，为了赵薇多给一颗星,3,花木兰
陈坤像保姆，玖哲真爱龙太子，最后看来看去，vitas就是个端盘子的，最后的刺杀笑尿了,3,花木兰
就是最后没在一起让我耿耿于怀，哎~~~还有就是李玖哲还是在很后面我还把他给认出来的，真对不住他。,3,花木兰
太恶心了这结局··先给人家文泰写死了，然后又写活了，最后又不让花木兰和文泰在一起，导演这什么心理吖！！！,3,花木兰
赵薇不错，但是其他人很脑残。,3,花木兰
看不下去，就是看不下去。满脑子的“阿爷无大儿，木兰无长兄，愿为市鞍马，从此替爷征”……所以就关了。。,3,花木兰
没觉得有那么烂啊……||| 看，再强大的女人 也得有个男人当精神支柱||| 他们俩不在一块儿是对的，因为花木兰的老公是李亮……||| vitas缺钱花了么……||| 小虎扮演的就是gay友的角色……||| 那匹大黑马可真帅~,3,花木兰
你怎么能殴打vitas！！！   屡次看到胸，怎么禁欲12年的男人还看不出来？,3,花木兰
雷点很多...在雷点中感动也挺不容易的....,3,花木兰
徐娇配配配配配角，扮相还不好看；维塔斯花花花花花瓶，对白也够少；李玖哲太太太太太草根，几乎认不出来；不过，不那么较真的话，这片子还行，打发打发时间~,3,花木兰
一颗星是给维塔斯的~~终于见到这美男的样子了,3,花木兰
看过，还行！赵薇的ShowTime。,3,花木兰
嗯，其实比我想象的要好一些。但前有《风声》，不久前还看过《太阳照常升起》，有这两个参照，差距大的就不是一点两点了。所以，三颗星吧。,3,花木兰
楞把木兰姐姐整成江湖女侠的范儿。唉！,3,花木兰
故事和我想的不大一样,3,花木兰
依旧无法超越乐府诗　木兰辞　有时候觉得诗词真是有魔力的东西　它能够让人千年不腐　让情感永驻　这种魔力是中国的电影大片是永远无法企及的　真心的希望中国电影早点知难而退　拍不了的就不要拍　多少有些自知之明　,3,花木兰
赵薇一瞥一笑间尽显温柔丈夫气，陈坤依然迷倒众生...,3,花木兰
胡军和陈坤的那场戏…………我萌了…………T___T,3,花木兰
还可以，不算好也不算坏,3,花木兰
我有一次问我姐姐，对于国产货来说，是不是给它些压力才能有更好的发展，但姐姐说：&#39;&#39;如果你不给它足够的生存空间，它也不会有任何进步。&#39;&#39;毕竟这次赵薇和陈坤房祖名等都演得很好嘛....,3,花木兰
做露天电影的兼职，穿着傻逼服卖水啊混蛋！站着看完的全靠陈坤撑下来啊混蛋！中间陈坤疑似挂了的时候时间变得无比漫长啊混蛋！但是好爱好爱陈坤啊混蛋！,3,花木兰
其中有个片段我睡着了，有个片段我落泪了，不可思议的是木兰和陈坤杀啊杀啊的就刻骨铭心的恋爱了——《花木兰》如此平庸，怪导演还是怪编剧呢？反正都是一个人~马楚成！HK导演不灵的~ 房祖名倒是出彩~ ,3,花木兰
还可以把.剧情一般.拍摄地特效也很一般.但最后结尾老赵说的那句话挺感人的...,3,花木兰
从剧情到对白一路雷人，好好的《木兰辞》就这么被寒碜了，要不是赵薇和陈坤这两个我比较喜欢的演员。。。连三星都不给。。。,3,花木兰
一位伟大的女性和站在她身后的伟大男性,3,花木兰
VIVI和陈坤真是般配的一对啊~~,3,花木兰
其实 为什么不找春哥来演呢··,3,花木兰
陈坤，你什么时候才能演戏不那么做作啊！！！！！,3,花木兰
除了赵薇等几个演员演的还行，别的真的烂的可以。,3,花木兰
没能看完 主要是没劲 也不觉得很雷,3,花木兰
俄版画质真是好。太小气了，盔甲、盾牌都是橡胶做的，整部看下来都觉得鼻子里一股橡胶味。,3,花木兰
赵薇的表演很出彩，就是台词有点港台，言情部分有些套作，bug太多和电影前部分的节奏太快了。。。可我很喜欢海报啊！,3,花木兰
和老婆看《花木兰》，我俩回忆《木兰辞》：东市买骏马，西市呢？西市买鞍鞭。南市买辔头，北市呢？北市买鞍鞭。买两套鞍鞭干屁啊？,3,花木兰
2009，港汇永华影城，补登豆瓣。,3,花木兰
不够科学 不够历史 不够纯正 中国电影在发展 ,3,花木兰
大爱赵薇,3,花木兰
12年來 每天早晨我醒來 第一個念頭就是想起你 我才有勇氣睜開眼...,3,花木兰
每个成功的女人背后总有一群默默付出的男人。剧情太细腻，太假，不过场面和画面还不错。,3,花木兰
雷，我在房祖名跳入水中找玉佩的时候发现了他右耳上面闪闪的耳钉，囧死我了~,3,花木兰
比想象中好。喜欢房祖名的角色，好可爱的噻，可惜是炮灰……,3,花木兰
比狼灾记好点。怎么都觉得还是有点好莱坞的花木兰的那点影子，小龙变成了小龙牌子了而已啊。呵呵。,3,花木兰
没有别人说得那么烂吧，至少我挺感动得，哭了好几次,3,花木兰
算给你面子了，要知道我最不能接受的就是“SHI人”这种错误……,3,花木兰
看了之后看无语，很失望。。。记得很早以前花木兰的预告就在电影院上播放，所以就一直很期待着能重温小时候看动画时带给我的惊喜。。。结果没想到，居然是部爱情戏，人物的性格设置也很有问题，动不动就哭，当将军了还因为感情而士气消沉····严重影响观看感受。。。和乖妞一起看的第一部电影,3,花木兰
原来是爱情片。意思是说，如果有爱情，上战场也不怕。,3,花木兰
其实赵薇挺适合花木兰扮女将的，奈何什么垃圾编剧插进来一段言情桥段，皇子为爱献身，比花木兰还伟大么这不是来抢风头？,3,花木兰
Vitas的客串很逗啊，主题曲很好听。,3,花木兰
对于这样的电影，结局不是中国式大团圆很奇怪。。。,3,花木兰
看过很久了，印象中赵薇演技进步相当的大。,3,花木兰
"剧情是慢了点，结局是虐了点,眼泪也太像眼药水了，但陈坤的确挺帅的~Vitas一出场我就想笑，永远是端着盘子……",3,花木兰
100字作文硬撑成一个半小时的电影。。编剧可以去上吊了。,3,花木兰
剧情连接不够顺畅，细节表现力欠佳。。。而且，我的神呀！房祖名怎么会演得如此之差。。。。背景音乐非常棒,3,花木兰
C-.节奏、切换、场面均不佳。“有用的镜头太短，没用的镜头太长”,3,花木兰
这部电影坏在了剪辑上。,3,花木兰
 完全变成了言情剧...,3,花木兰
我的维塔斯·····,3,花木兰
2009最大杯具——Vitas！你需要这么拼吗？！你需要像C10、040一样拼了吗？！,3,花木兰
好粗糙啊。。好没剧情啊。。为什么觉得赵薇和陈坤都演的那么烂呢。。比起它同期的《风声》和《十月围城》真是差了不止一点两点啊~我就是冲着片尾曲去的啊～,3,花木兰
巾帼不让须眉，坤哥也是相当帅气的。,3,花木兰
问题不出在演员上，而是编剧上。感觉很空洞。,3,花木兰
赵薇的演技+1  音乐+1....,3,花木兰
猜不透一路的剧情~还是喜欢有情人终成眷属的大团圆的结局,3,花木兰
花木兰很不一般，但是电影很一般,3,花木兰
感觉像政宣片,3,花木兰
真无聊，就看到他们在不停的升官、打仗来着,3,花木兰
对比后面的刺陵，其实它没有那么烂。。。,3,花木兰
啧啧……老子那么喜欢赵薇+陈坤……可是马导对节奏和重点的拿捏果然还很是问题……,3,花木兰
片子没什么感觉，看了头30分钟就觉得剧本衔接的不好，很唐突，有点乱，事情交待的不清楚，转换太快。燕姿 靓影 两首歌演绎的不错。马楚成拍这种片子……不够料,3,花木兰
前边看得有一点不耐烦。。。年纪大了，容易被自己悲壮的心境感染。。。,3,花木兰
房祖名好可爱，赵薇很威武，姿的歌最棒！,3,花木兰
已经不错了，赵薇演技的确不错,3,花木兰
好一般好一般。,3,花木兰
不错的，可惜全出戏离讲过于平淡，还有爱情部分过于累赘~,3,花木兰
两分给预告片 一分给燕姿的歌和赵薇本人...当初盼啊盼的 后来还是失望了...,3,花木兰
和《拆弹部队》还真有很多相似之处，但比《拆弹部队》好多了，至少明显有个感情上的过度，不是一上来就牛逼到尾。[2010-03-16@天津],3,花木兰
全电影院的人都在哭 我米啥特别大的感觉 ,3,花木兰
看到某女孩的评论——总有人在玩“潜伏”，哑然失笑。马楚成童鞋不会讲故事，赵薇和陈坤不太会演戏，整个看电影的过程就像是“隔靴搔痒”，总是触不到痛处，挠不到痒处，糟蹋了一个还算不错的本子。,3,花木兰
看的时候一直出戏，总在想，要是陈坤和赵薇在一起该多好……,3,花木兰
通过台词能感受到的情感，表演能感受到的情感，但是故事里没有……两者完全错位，各种错位。能感受到想要表达的东西，但故事是只展示不阐释的，而这个电影却恰恰相反……我想说台词不应该是抒情的，而是推动故事发展的，抒情的是散文。……好吧，《花木兰》电影散文……？（抠鼻）不过平淡的风格不错~,3,花木兰
实在印象太不深刻了，忘记了忘记了忘记了啊。就记得赵薇每次扮男装都很傻很大只。,3,花木兰
那些不必要的人物就是个笑点,3,花木兰
算了。。。我留点口德,3,花木兰
这个片子给我们的启迪是：女人要成功，一定要靠男人。同样的，《香奈儿》也给了我们同样的启示。,3,花木兰
"细腻但拖沓,感伤却不感动",3,花木兰
把花木兰改成什么了。。。变成一个简单的爱情剧了,3,花木兰
她重振雄风的那段领军宣言，我笑了，感觉又重回初中在教室里听广播的时候,3,花木兰
编剧实在是傻啊，导演实在是懒啊，剪辑实在是是糙啊，宣传实在是贱啊。我被雷得实在是不轻啊。,3,花木兰
一直关注着想看，不知道谁是马楚成，我想看的是花木兰，赵薇的花木兰，但评论几乎全是烂评，凡是烂评的主人又几乎都很懂电影制作和编剧理论，导演和演员貌似都是他们同事。还是喜欢抛开这些只看故事的人的评论。,3,花木兰
快进，再快进...,3,花木兰
木兰你真是太爷们了！vitas真美！！,3,花木兰
其实某些细节还算不错的。,3,花木兰
故事没什么可说，小赵的声音要不那么刺耳就好了。,3,花木兰
没预期中好看，比较可取的是赵薇，虽然扮相没当年袁咏仪那么有说服力，但感受到她用心卖力的演出。房祖名也OK。另外，昙花三现的Vitas竟然成了片中最帅的男演员，哈。,3,花木兰
当我看到房祖名耳钉的那一刻……,3,花木兰
竟然在出了电影院以后哭了,3,花木兰
竟然连VITAS都弄来跑龙套，阵容真牛逼，不过，除了有点明星，什么都没有。胡军能弑父夺位，却为了要挟点赎金，搞起了绑票，最后被卧底的赵薇成功击毙，真是太有喜感了。花木兰干掉对方老大升任将军的桥段我就觉得很不专业，然后大将军背弃手下的做法更不专业，最后连陈坤脸上的那条疤都很不专业。,3,花木兰
赵薇是不是爱上演爷们儿了咩！,3,花木兰
奇怪的剪辑+为毛砍了个头就说她是将才+配乐是“啦啦~嘿~~~嘿~~~ 呀~~~嘿嘿嘿嘿呀~~~~嘿嘿呀嘿~~~~~~~~~~+开头那个是维塔斯咩。= = + 我的天原来那个混混真的是李玖哲+满满的都是笑点+我真的没看出赵薇演技进步了,3,花木兰
一个女人，就算表面上再刚毅、再坚强，她的感情还是无法独立，她的心还是会依赖一个男人，这个男人就是她的天。,3,花木兰
黑风。来生你做人，我做马。你来杀我。,3,花木兰
神呐...你换个配音吧...房祖名憋足的普通话 陈坤大学生般的口吻 赵薇矫揉造作的呐喊...还苦了咱国际友人Vitas,3,花木兰
还真是一部煽情巨作啊。。。,3,花木兰
“下辈子你做人，我做马。”——哭点很奇怪,3,花木兰
前面节奏太快，让整个片子略显仓促。木兰哭戏太多，说不上是好是坏，就是金刚不坏之身堪比纯爷们。结尾很好，我喜欢。然后…VITAS你实在太销魂了，你实在是亮点，啊哈哈！,3,花木兰
比起现在的热映电影 这个算拍的不错的  有薇哥当镇,3,花木兰
文泰、小虎和乌龟的角色设定与一些小桥段都还很有味道,3,花木兰
战争是残酷的，是没有英雄主义的。,3,花木兰
经典的题材总会有一个NC的编剧,3,花木兰
制片很不错。。但是剧本硬伤太多。。。还没有看完。看到他们在唱歌。。。惨了点。、、房祖名，挂了。,3,花木兰
还行啊，没有传说的那么烂啊，不要当作正剧来看啊……哪那么多历史……哪那么多真实……,3,花木兰
集 爱情，喜剧，文艺，惊悚，战争，励志，亲情，灾难于一身的大片。雷点是台词，注意防雷。期于都挺好。,3,花木兰
剧情太单薄，战争戏有点煽，感情戏太牵强娇情了，但是演员不错，尤其赵薇，觉得跳出了以前的束缚，让人有点惊艳。总之没有大家说的那么一无是处。还有，我非常非常非常反感电影没有字幕。,3,花木兰
一部平庸之作，毫无新意，毫无亮点，但也基本没有败笔！胡军的造型还是乔峰啊！,3,花木兰
每当vitas出来跑龙套就忍不住笑抽o∩_∩o,3,花木兰
经典的是这个故事，而不是每次翻拍的电影,3,花木兰
木兰V5，有情人不能成眷属,3,花木兰
Vitas还是雷到我了，赵薇挺好的,3,花木兰
其实比想象中的好，场面还可以，只是感情戏不怎么滴,3,花木兰
短短木兰辞能扩展成这样，而且能在里面看到悬念，已经不错了。,3,花木兰
有人和我说这个好看。看完觉得一般,3,花木兰
开头很好，过程无感，结局坑爹。片尾曲好听。,3,花木兰
还行，故事情节还有点看头。,3,花木兰
太过平淡，又是一个拿投资方来练手的吗？这个世道真是Winner get all啊！,3,花木兰
vitas雷死几个的……,3,花木兰
真的挺一般的 失望了,3,花木兰
国人的花木兰确实不如迪士尼的动画片啊,3,花木兰
第二次看，竟很感动。我花木兰，绝不背叛国家。,3,花木兰
没什么意思~没看完都,3,花木兰
我只想说编剧实在太烂了。因为剧本的不严谨导致影片整体节奏出现问题，当然也使演员的演技变得平庸。,3,花木兰
由于学过相关课文，所以知道史实，让人揪心也难。,3,花木兰
他的离开让我明白到逃避停止不了战争，害怕只能让我们失去更多！...,3,花木兰
剧情烂 画面美 爱赵薇,3,花木兰
配曲很好听，但是我觉得感情线很多条，很丰富，但是陈坤和赵薇的这条还是不够的，觉得有点平淡，而且最后也没在一起，很可惜，感觉叙事速度太快了。开头看到vitas很惊讶，不过还是蛮不错的，看到一大半的时候，才发现李玖哲--！！房祖名演的也不错，有些地方很搞笑~~,3,花木兰
木兰没那么伟大吧，不过赵薇和陈坤的表演还可以的,3,花木兰
能不能不这么苦情？维塔斯那一句我要为老单于报仇让我爆笑。,3,花木兰
比想象中好看，终于看到赵薇的进步，反倒是陈坤令人失望,3,花木兰
花木兰竟然是个单亲家庭的独生女，一群老文盲！！！,3,花木兰
终于，在网上看了这部片子，值得庆幸的是，幸亏没去电影院看。到最后没搞懂这片子到底想拿什么当作卖点。如果是儿女情长，那我看不够刻骨铭心；如果是恢弘壮阔，可我却没看到一幕让人激动的古代战场。在我看来，古战场是最容易制造恢弘场面的，可惜，没看到。,3,花木兰
Vitas，你妈喊你回家唱歌。。。要不是有赵薇和陈坤的演技，这烂片也就一星了,3,花木兰
还蛮不错的，在某些片段还能打动人心,3,花木兰
赵薇演技不错。战争场面表现出宏大的气势，可惜没有排除新意。让人感觉像《英雄》、《赤壁》甚至《勇敢的心》的拼接版。Vitas似乎没必要来客串，没有什么戏份，貌似也没听到海豚音。,3,花木兰
一个经典的故事不是换个演员就有新意,3,花木兰
为这个虐的我十分通透的结局，多给一颗星！,3,花木兰
苦了赵薇了，为了拍花木兰老了十岁，还差评不断~~惨兮兮,3,花木兰
不得不说看完这个电影，对赵薇的印象就不仅仅停留在小燕子的身上了，她在电影中对角色的诠释还是挺好的，有花木兰的那个气势，和影子！,3,花木兰
陈坤把脸包成那样我因为是鼻子被削掉了结果只是一道疤 VITAS的扮相不错 ,3,花木兰
一部爱情电影而已 与花木兰无关,3,花木兰
虽然剧情让我忍不住快进了一点~不过总体来说还能看啦~,3,花木兰
华语片太难打分了，完全取决于心里期待值。3颗星全部由演员表现挣回来（除了赵薇发表演讲，可怕的台词功），以及赵薇和陈坤的天仙配，看着超级搭。导演和编剧都是失控状态,3,花木兰
原来我还没有标记啊。剧情真的好烂，改得不三不四。VITAS打了回酱油。,3,花木兰
陈坤脸上要是没那条疤或许会吸引更多人,3,花木兰
赵薇演的有点没说服力 陈坤怎么演什么的都有点痞痞的 最后被胡军吊起来那边还一脸享受orz 算了反正我重点是看师哥的 霸气侧漏艾玛~~~,3,花木兰
赵薇这装也不化一下，声音也不变一点，就是华丽丽滴男淫了吗，而且和陈坤在战场上公然搞基，你让广大战士如何HOLD住？那时的徐娇还小呀，《星空》里徐娇已经是个少女了。,3,花木兰
真心觉得可以看，赵薇演的不错啊,3,花木兰
打的是感情仗啊。。但喜欢看赵薇演戏，不记得从哪部电影开始很喜欢她了,3,花木兰
有些情节显得有些假，看到某些情节感动的落泪，片尾曲蛮好听。,3,花木兰
原来柏邦妮还是编剧。 女性YY的伟大作品！,3,花木兰
诶 最后为什么不在一起 另外我是为了坤哥打三星的~,3,花木兰
“本片跟史诗的唯一联系就是像史诗一样漫长”~~剧本太差!~配乐也奇差~~,3,花木兰
。。。剪辑这个东西也很重要的。。。,3,花木兰
赵小姐演的还不错。。喜欢最后那段独白,3,花木兰
赵小姐演的还不错。。喜欢最后那段独白,3,花木兰
没有拍出新意。没有拍出创意。只是普普通通地一部戏。没有看的价值。,3,花木兰
"想把故事合理化,可还是不合理。看到赵薇的扮相就想起赤壁。Vitas眼神还是那么诡异~",3,花木兰
成功女人后面还是要一个相当有实力的男人,3,花木兰
看评论都很糟糕~偶觉得还行啊~三星半。张靓颖的歌和这电影配得真好！,3,花木兰
其他人无感了.  唯有李玖哲是亮点,3,花木兰
细节处粗糙，故事整体十分套路，有一些表演上的闪光点。赵薇的台词还是一如既往的弱。,3,花木兰
全剧最喜欢的是海报和最后柔然公主、花妹、七皇子三人定格的画面，很有感觉。其他的都忘了。老是闪镜头，太碎了。,3,花木兰
或许爱情是一种信仰，即使结局终悲伤！,3,花木兰
那个客串的Vitas很帅哦，哈哈,3,花木兰
木兰战争爱情史诗。最后那点灵光稍微有点意思,3,花木兰
我觉得没那么烂啊，为什么大家都还是骂来骂去？,3,花木兰
一个多情又厌战的花木兰,3,花木兰
怎么现在这种片子都这个调调,3,花木兰
虽然看到我几欲睡着，但是赵薇确实值得肯定。,3,花木兰
可问题是某位仁兄的11月26号就写出来的影评，那可真是，不能说是“欣赏水平不一样”啊。那就是带着有色眼镜。,3,花木兰
一直质疑花木兰这个故事的真实性！,3,花木兰
赵薇真心挺适合演这种角色的，陈坤虽然长得妖，戏里也挺爷们的。,3,花木兰
改编看得我莫名其妙,3,花木兰
马马虎虎，歌曲不错,3,花木兰
呃。。。在电影院巨大的氛围下，我不幸落泪了，事后那个汗。。。,3,花木兰
让我感兴趣的只有孙燕姿和张靓颖的歌。。。,3,花木兰
我已经记不得任何情节了！·,3,花木兰
镜头很美，讲故事的水平很差，从剑蝶到花木兰，马大叔确实一步一步在尝试，可是。。。唉，其实我还真想给两星,3,花木兰
和兔子霸占了一间五教教室关灯看的，爽~,3,花木兰
除了小虎死的那段，苍白无力……,3,花木兰
我觉得陈坤比花木兰神秘，还包着脸。,3,花木兰
纯粹因为两个主演给三星,3,花木兰
什么级别的电影啊，还搞悲剧结局？你以为你是小众文艺片么...,3,花木兰
不是喂血那几个感人的场景也许连三星都不到。,3,花木兰
赵薇跟陈坤在一起真的很配,3,花木兰
好无聊的片~~但是我还是喜欢陈坤的~~~,3,花木兰
看完那片子脑里就冒出一句话，世界上最遥远的距离不是我站在你面前你不知道我爱你，而是明明彼此相爱却不能在一起,3,花木兰
忠实大劲了,3,花木兰
赵薇不愧是票房毒药。,3,花木兰
好吧 我承认在看到Vitas那荡漾的一笑时 我萌住了 除此之外 一部大银幕的战争场面拍得比小电视剧都不如 有些可惜了,3,花木兰
结局很讨厌，有情人不成眷属，说什么为了国家，为了和平，为了更多的人不再流血牺牲，非逼我说脏字，狗屁,3,花木兰
感觉说不出的怪异的味道贯穿始终····,3,花木兰
战争场面少点，从真实故事基础上改编了很多,3,花木兰
名演员的名剧情的平庸电影，掺杂着中国特色的古代爱情的战争片，很多场合都似动情可动不了我们的心的情。演技是没话说，个人感觉拍得不到位。不史诗！所谓壮观的场面没新意。,3,花木兰
一般般......还不如动画片,3,花木兰
老套了点，不过做为一部商业片，你还指望它怎样呢？,3,花木兰
璞璞哭着说木兰太不容易了...是我冷血了难道。。。,3,花木兰
最后拥抱的那幕，赵薇真心大妈了。。坤姐霸气依旧啊~华丽丽的美人,3,花木兰
结尾两首歌都不错，电影就寒碜了，本来只值两星，有那么多烂片垫着，勉强够三星。,3,花木兰
表演的很好，但是故事讲的不好……,3,花木兰
赵薇姐姐气场不够,3,花木兰
我之所以给了三星之多 就是因为比赤壁要好 还有~支持vitas 支持孙燕姿...,3,花木兰
琼瑶新片:花木兰,3,花木兰
四不像：想表达的太多，片子拍得又太单薄，所以不伦不类。还喜欢来虐的……好吧，维塔斯让我很惊艳，从一开始就露脸，到最后很没面子的被打飞……真不知道他在片子里的作用，就算是一个噱头吧~,3,花木兰
不好意思，我真的是倒完的！晴天霹雳的李玖哲和龙太子~~~哈哈哈，一点都不好笑。其实,3,花木兰
本给两星，但后面被感动了。。所以一星就添加了。,3,花木兰
一个多么柔情似水的花将军，眼泪比林妹妹还多 =.=,3,花木兰
不知道为什么看到赵薇陈坤满脸土一头乱发在那说煽情的台词的时候 觉得很好笑,3,花木兰
一般般吧，不喜不悲，了然无味，在六级开考前看了一半，紧接着去考试，回来继续看，然后，然后就这个样子了~~~~,3,花木兰
真TM狗血的剧情。,3,花木兰
啥也不说了！~~~~,3,花木兰
需要那么夸张吗文艺青年们?,3,花木兰
花木兰一开口，感觉就穿越到了普通话不标准的现代中国- -~,3,花木兰
"人就是贱,happy ending的话要嫌俗气,结局不圆满的话又觉得不happy",3,花木兰
矮马 刨掉主演以后完全不能看啊...剪得也太不通畅了吧...剧情也感觉好山寨,3,花木兰
导演貌似没想明白自己要拍一个什么样的片。。,3,花木兰
后半段拍的还行，整体来说剧情平淡,3,花木兰
赵薇很颤抖，陈坤很妖媚，vitas很浮肿，结尾那段旁白很奇怪，不过看到编剧“柏邦妮”，我有一点明白了。。,3,花木兰
赵薇天生有男子气，陈坤天生有女人味。。。被煽哭了，总是无法抵挡悲剧而隐忍的感情，vitas的出镜有些搞笑,3,花木兰
阿坤，马导的电影你以后能不要再接了伐？！,3,花木兰
看到很多差评，自己觉得其实没有那么差，这部戏我从情感和付出那一面看，还是值得去感动的。,3,花木兰
有些狗血的片段，以及能接下句的台词，外加一个超级纠结的结局。感情基调不错。,3,花木兰
不禁YY起柔兰公主和花木兰...柔兰、木兰...&gt;.&lt;,3,花木兰
赵薇演的不错,3,花木兰
赵薇那干的起皮的嘴唇印象最深。,3,花木兰
我以为结局是俗套的皇子携木兰哥私奔从此过上了幸福的生活……原来结局这么爷们儿，木兰哥，你真爷们儿！,3,花木兰
@北京时代广场影院,3,花木兰
是漫长的影片，但是我还是小小地感动了,3,花木兰
由原先的不喜欢到欣赏 赵薇是个了不起的女艺人,3,花木兰
导演急着赶火车呢。李玖哲着实是好苗子啊~^^~另外，歌儿是不错的。,3,花木兰
没有期待中那么精彩，还是动画片比较好。,3,花木兰
看在Vitas处女作的份儿上给三星,3,花木兰
这个木兰有点呆。或许看惯了战场厮杀的无情与残忍，对于期间中出现阴柔与沉寂便觉呆板，或许真正的女将主导的战争应是如此。总觉战争之中人如困兽，草木吹风皆可悸动，沉沦、迷失与酒把愁的情节匪夷所思，想来对手决计不会给你时间从困顿中苏醒吧。,3,花木兰
预感这是今年结束前最值得看的片。。就为赵薇,3,花木兰
战争场面还不错，台词太搞笑。。。,3,花木兰
这片子整体太平了，很好的传奇脚本，但因追求太深沉的主题，因而没有拍出真正让人激情澎湃的地方。赵薇的台词太不给力，陈坤很漂亮。:P,3,花木兰
果然没辜负我的期望，的确很难看,3,花木兰
原来真的是李玖哲,3,花木兰
为什么我觉得还不错呢？我都看哭了呢。赵薇演得挺好。,3,花木兰
一部战争片愣是差点成了言情剧..,3,花木兰
没选好主角，要是春哥演，估计票房翻10倍,3,花木兰
"演员很好,导演\编剧有问题",3,花木兰
其实剧情比较烂~但是演员我都喜欢诶,3,花木兰
故事完全没有什么新意，和小时候听的故事没什么两样。有点假的是古代男人都那么差劲吗？连一个女人都打不过？哎，被同学扯着为了陈坤看的，不过好可惜的最后都不是完美大结局！,3,花木兰
本片和史诗之间唯一的联系，就是看电影的时候感觉像史诗一样漫长。,2,花木兰
一群男瞎子和一个女人同吃同睡同拉屎12年，还分不出是男是女，够有种。,1,花木兰
整个就一喜剧，神话版《建国大业》，什么绝不背叛国家、民族大团结、消除了阶级、消灭了剥削、最终实现共同富裕之类的。确保了政治正确，却犯了历史问题，氏族是个什么族？看着托儿、粉丝们刷得辛苦，送一颗星吧。,2,花木兰
啊~~~~《花木兰》太烂了~大烂片儿，从头到尾的受不了，导演能不能把陈坤脸大肉虫一样不靠谱的疤揭掉，太假了吧，能不能把血做得真点，特效真一点，别让他们老哭鼻子…别把《花木兰》给改成恶搞剧和戏说版？快退我票,1,花木兰
都要脱水了还顾着流眼泪和唱k，魏国将士好茁壮，柔然人被雷到了,2,花木兰
超级无敌大烂片,1,花木兰
真的不该对马楚成抱有幻想。,1,花木兰
赵薇您老的台词说得太烂了！！！,1,花木兰
豆瓣上有关喝血桥段的总结：1，应该喂尿，方为正道。2，陈坤为什么不换一条手臂。3，陈坤有奶水就好了。不禁感慨，豆友真有智慧啊~~,1,花木兰
Queen（坤）陈的才俊美貌赢过赵薇的徐娘半老，整部剧没有高潮。PS看过花木兰你才知道吴宇森的赤壁有多好。,1,花木兰
咱能退票么.....,1,花木兰
马楚成拍《花木兰》，一不会处理战争场面，二不会展示人物心理转变。演员打酱油的多，会演戏的少。戏是飞机场般的平，词是电视剧般的拖。大投入拍了个评书，太屎,2,花木兰
真是平庸之极,1,花木兰
没高潮，在电影院里忍着想走的冲动。我很失望。,2,花木兰
这个是剑蝶II？马楚成你不要告诉我那个门独就是冒顿……,2,花木兰
影片唯一感觉还行的是赵薇的演技，其他的例如剧本改编，节奏控制，镜头转换，剪辑技巧，拍摄手法，都像是个学生作业，不知道马楚成怎么想得。特别是最后一个摇镜头，简直不堪入目，本年度去电影院看过的除了白银帝国以外第二烂片。,2,花木兰
你TMD一个古代传奇故事还被你加上政治，SB,2,花木兰
某人说的好：“鉴于你们如此无耻的注册无数马甲来刷高此片的星级，本来可以看在配角都很努力的份上给你两星的，现在我决定，只给一星。” ,2,花木兰
马楚成你还是回家洗洗睡了吧，别拿你那套老掉牙的东西忽悠内地观众了，“木兰姐”简直是茶几！V哥和坤姐就是姐们！拍爱情戏跟姐妹闹别扭似的,1,花木兰
马哥你也太荒唐了 这要教坏小孩子的 全是什么抛下军团不管去救情郎还说是“军令”啊 一男一女年纪轻轻混成将军啊 再说了 一个五胡政权怎么可能汉化成这样啊 还有氏族是神马东西 秀才北魏能他妈有吗  杯具了孝文帝。。。,2,花木兰
你就编嘛…整个就好似一个剪辑版…剪得太多于是片中大家哭兮兮的开始托时间…最后还来个反转剧情和文艺腔的结束语…花木兰在多部传记中与不同的男猪脚搞在一起…这次到了三十岁最后还是失恋来一句“忘了我吧”…她以后也只能尽一辈子孝道了…除了陈坤帅我还真没看出可取之处,1,花木兰
平板，没惊喜，并且很多bug。演跟画皮前传似的。针对Vitas为什么事先没有派发避雷针。2分给演技及场景。,2,花木兰
怎么不找春哥 亏了Vitas居然还说出一句“我要替老痰盂报仇” 毁了毁了,2,花木兰
其实这部戏的重点在最后一句旁白……不好意思我喷了啊……就知道马楚成拍不出什么好东西，浪费演员了。房祖名的港式普通话怎么听怎么别扭，VITAS演的啥我没看明白。小太监么？,2,花木兰
有粉丝说，不是赵薇的错，是导演和编剧的问题。我想问问这些赵薇粉丝，你们家赵薇是不是导演系的硕士生？就这眼光，这水平啊！还有，赵薇的口条是不是应该10年如1日的进步些？！,2,花木兰
这片才114分钟？不是为了坤少打死我也不折磨自己。马楚成最近水平下降得厉害，以后看他的片子得慎重了。中国能写出好台词的编剧太少了，为什么每次好莱坞的战前励志宣言都特让人彭湃，但一听花将军开口我就想死呢？Vitas那角色除了噱头以外一无是处。,1,花木兰
给我一个打三星的理由。,2,花木兰
某日，花木兰的大姨妈来了，而且很痛很痛。但正好碰上最后一战，没有办法，她只能硬着头皮上了。战争一开始，花木兰再也受不了，一头昏倒在沙场。战友把她救了回去。当她醒来时，军医兴奋地对她说：木兰，我们胜利了！随后，军医又用低沉的语气说：遗憾的是，你的JJ被敌人的炸弹炸飞了，流了好多血，幸,2,花木兰
平庸至极，无冲突无戏剧，一空壳子，不值得去电影院看。,2,花木兰
全片唯一的亮点是vitas和李玖哲的本色演出。其他全是在打酱油。这可以是个雏形框架，可以是你导演的一晚梦，但绝不应该成为一部电影啊！导演你到底有没有诚意？完全囫囵吞枣生拉硬拽莫名其妙自以为是，导演你是在开玩笑吧？这真的是一部电影？,1,花木兰
受不了了..... ps: 春哥乃花木蘭轉世也!,1,花木兰
没什么好说的，也就是一电视剧的水准，尤其是编剧。故事大体一听好像还有点意思，但细节真实毫无一点新意俗套加俗套，丫还好意思说：花木兰的故事有那么多留白，我发挥的空间很大。你倒是发挥一个让大家看看啊……,2,花木兰
剧情硬伤太多，感情戏还在“画皮”。用虚拟人物不是挺好吗？小虎小猫的，戏说花木兰我们都能接受，偏要整出两不在同一时代的历史人物，关公战秦琼？Vitas堂堂一阉伶天王，何苦趟这浑水？一超级大龙套，可惜，浪费！胡军没事就爱躺着，看星爷的东方不败太多了吧？再说，单于就这眼光？就一胡扯戏！,2,花木兰
靠，没见过这么爱哭的花木兰的,2,花木兰
真正的垃圾，没啥可说的,2,花木兰
"我的妈呀 这什么狗屁不通的电影,还有李玖哲在哪里?",1,花木兰
打着花木兰旗号的战争片和爱情片。给两星是给结局还有赵薇陈坤的,2,花木兰
赵薇说那马叫黑风，那声音和她叫《还珠格格》里面那只鸡黑毛是一个差不多频率的。这故事像个空的螃蟹。vitas的出现像很久以前的一个流行词-“莫名”。赵薇演技还是差不多，倒是陈坤比以前好了。古代还炸死那么低能的...海报是个恐怖片!,2,花木兰
只见她拿着一个木头牌儿洗来洗去 一直在提醒我 有汰渍没污渍 ...................真不是我要看的 老师在放我也没办法呀！！,2,花木兰
开篇就吓到我了，不要这样好不好……为什么故事都完全不连贯……累得懒得说了,1,花木兰
毫无场面可言的战争戏说打就打，毫无头绪的感情戏说来就来，乱糟糟如流水账的剧本加上电影初学者般小儿科的拍摄剪辑，演员的表演看上去也假得可怜。就凭些跳脱场景的干巴巴的对白就想让人哭？电影界的疯子越来越多了,1,花木兰
本来还好的，一到陈坤装死就傻逼了，而且一逼到底。电影里非得有牵强的爱情吗？真他妈莫名其妙。操。,1,花木兰
台港导演还是别碰这种历史题材了 史诗变琼瑶 台词不伦不类得让我都不好意思看下去 赵薇的声音也限制了她不适合也演不好这个角色 vitas的角色莫名其妙 是为了增加为影片神秘感吗？本来有些欣赏马楚成淡淡的小文艺风格 但是面对此片 还是很多无语 有段时间没给电影打两星了 但怎能违心哪,2,花木兰
台词囧到不行，剧情进展太快反而没有融入感，赵薇和陈坤的演技没发挥出来。配乐不错。唯一深得我心的就是该片融入了最流行的元素---腐。看看Vitas娇媚的笑容，听听陈坤妩媚的气音，你就会知道作为本片最大反角胡军大叔有多么的艳福齐天。,2,花木兰
剧情老套，情感肤浅，制作粗糙，毫无惊喜的拼凑之作，我实在不想将这样的作品归为电影。观后无欢，花钱遗憾！,2,花木兰
粗制滥造 对于最初故事的改编完全是为了偷懒 这些导演拉这么多赞助为什么就不认认真真拍点能看的东西出来呢？华丽的宣传后面总是让人欲哭无泪的作品 他妈的臭电影人通通拖出去吊起来打,1,花木兰
超失望的！这个导演怎么把中国拿手的大型古装戏拍成这样？没头没尾，该慢的赶，该赶的拖，完全没有可品味的空间。只有赵薇鼓舞人心的那番话有看头。马楚成，记住你，永远都不再看你的戏！！ -- 2010-1-31,2,花木兰
没看过不妨碍我打分,1,花木兰
最後那段12年每天睜開眼...的臺詞真是令人潸然淚下啊啊啊（人家沒有在開玩笑 非常能理解那種感覺）但就算是眼淚也掩蓋不了這片爛到家的事實 編劇爛到家了,2,花木兰
烂片中的战斗机。没有任何一个演员是入戏的，没有任何一句台词是恰当的，没有任何一个镜头是拍到位的，没有任何一个打仗动作是具有观赏价性的。制作水准比多数电视剧都差。真不知道这个导演想干什么，洗钱吗？？？,1,花木兰
这么多星怎么来的？莫非我看错了？神啦，这片子糟蹋古代也就算了，把现代的演员都糟蹋光了，最后还搭了个外国友人进来，唉……,2,花木兰
那个长发漂移的什么族的那个哥们是谁？此人出镜总计不超过2分钟，居然在大海报上呢见到他,1,花木兰
不得不说下中国电影已经在无限的自我复制和票房论下越来越极端。无非是个老掉牙的故事，再恢弘的场面也掩盖不了空洞的剧情。orz。最后还让木兰孤独终老。,1,花木兰
年度最大烂片，只有孙燕姿的片尾曲还不错。,1,花木兰
这群男的都太纯洁了。。。。那么明显的女的都没看出来。。。ORZ。。,2,花木兰
胡军纯爷们。花将军男人婆，文泰从头到位就是一骚逼儿。还有一班娘子军。,1,花木兰
马楚成到底在搞什么东西啊，一塌糊涂,1,花木兰
vitas的出现很雷人。。七仔真的像个男人。。房祖名笑的那个镜头是这部片唯一的经典~李玖哲真有李逵的feel~！赵薇大妈一回头吓死路边一头牛。。很累很累的台词，很累很累的剧情，还搞得惨兮兮的挣观众的眼泪。。。真TMD一群SB,2,花木兰
真后悔看过这部烂片,1,花木兰
媚俗的剧情，vitas雷人无比的扮相。。。柔然小公主是整部片唯一的亮点~,1,花木兰
[2009.12.18]完全是在讲一个爱情故事嘛，可又讲得不好看，不合逻辑，还超级狗血，受不了，我用两倍速播放都看不下去，只能快进。虽然我不喜欢赵薇，不过对这部电影还是有点期待，结果只有失望，比袁咏仪的电视剧版差多了。不过战争场面还凑合，有《赤壁》的影子，主题歌也还可以。,2,花木兰
几次以为终于完了，却又奇迹般地继续演了下去……马楚成在拍摄前，还没把花木兰是个什么样的人搞清楚，里面的人都像是人格分裂,2,花木兰
故事在这里的表达方式显得很单调，眼泪作为表达情感和传递情愫的惟一方式。木兰为了文泰而哭屡次落泪，文泰又为了木兰而反复痛哭，每次看到两个人彼此感伤，大特写定格在泪眼朦胧的脸上，老是让我穿越到了琼瑶剧中苦情戏的感觉，们哭吧哭吧，不是罪，这“两个都很寂寞的人”一直如此纠结。,1,花木兰
"看的太难受了,当赵薇母里母气,大喊什么大魏将士的时候,我终于受不了崩溃了,妈妈的,怎么中国题材的片子,还是人家当年迪斯尼搞的好呢。",2,花木兰
with YY.喃喃,2,花木兰
烂死了。。。。故事能力极为低下，还老多慢镜头。。。,1,花木兰
从Vitas的出场我就知道，这是一部超级雷片！于是我带着避雷针认真观看，时不时被矫情剧情做作表演不着四六的台词深深雷倒，上有天雷下有地雷中间有飞毛腿导弹嗖嗖嗖嗖地飞过，战争啊实在是太残酷了......曲终人散还不忘用“她叫木兰..我想和你吃晚餐”这样雷人歌词收尾，真是无有最烂啊.,2,花木兰
居然有人说赵薇演的好。。。亮瞎我狗眼了····,1,花木兰
现在的电影好不起来，还是我眼睛坏掉了？,2,花木兰
不得不说，首先这是一场内战。其次要说，电影剧本是中国电影的病根。最后，连剪辑都略显幼稚，这位剪辑师您就那么喜欢用闪白吗？谢谢。,1,花木兰
OMG，没见过这么弱智的电影。一个弱智假大空的无知少女还能混社会？一个阴柔男。见过假的没见过这么假的，见过弱智的没见过这么弱智的，见过恶心的台词没见过这么恶心的！见过雷的没见过这么雷的！看完了觉得赵薇长得真是特别（其实是觉得长得难看，没好意思说出来）。,2,花木兰
"男女主角俩张欠抽的脸,完全看不下去...",1,花木兰
如果可以没有星星就不选星星了。,1,花木兰
全片平淡如水 作为古装史诗大片没有令人血脉贲张和记忆犹新的地方就是不可饶恕的罪过 还有导演一个劲地玩悬念 出其不意倒是有了 但是当观众都傻子啊？！不可原谅。PS：难道《花木兰》整个剧组都不知道中国古代有纳妾这一说吗？！PSS：小徐娇全片不过三两个镜头 竟然被放在主演名单里 无语。,2,花木兰
室友话 这是一部可以抹去的电影....,2,花木兰
大军团团包围了我军，不抓紧消灭，还好几天不打，敌方的胡军得知交换条件后，说：一个王子换20万人，值！……这种逻辑还敢上映？！臭不要脸,2,花木兰
咱不说雷台词就有那么难吗,1,花木兰
本想打3星的，可刚才又回味了一下开头的维塔斯。。。马上就改成2星了！！！,2,花木兰
在听了无数人吐槽之后，我还是忍不住看了...杯具阿。感觉真的像有些上不了台面的穿越小说..从故事到台词到情节到镜头，基本没有让人满意的。不过，马楚成的片子，我还期望什么呢？就是部yy的古装版建国大业，这马屁拍得。看在赵薇份上给个两星吧....,2,花木兰
狗血的剧情，一群演员跟过家家似的，VV你什么时候才能真正拥有一部属于自己的代表作呢？,2,花木兰
两星；从开始灰头土脸到结束，一路悲歌苦情。,1,花木兰
在欣赏“刺陵”以前，我只给保留性的两分，准备考完截图吐槽,2,花木兰
什么时代了，还宣扬这套，为了国家，为了民族阶级利益，为了政治，女人要牺牲女人的特质、要舍弃爱情、要抛头颅洒热血，演员一个个激情澎湃地热泪喷射，一副大情大义苍天可表的架势。我看不如改名叫“烈女传”得了，明明称颂的是狗屁，还要装蛋。,2,花木兰
看得鸡皮疙瘩一身又一身,2,花木兰
除了柔然骑兵几秒钟的骑射令人眼前一亮之外，此片比《赤壁》还垃圾。,1,花木兰
又是烂片界的一朵奇葩，花木烂的五毛生生不息，大有燎原之势。,2,花木兰
打仗的戏确实不太适合我，马导没请李宇春来真是有点失策，起码票房可以保证到几几几了！,1,花木兰
期盼这部电影很久很久了，因为在外地读书，没有能在电影院看，但是幸好没有在电影院看。失望死了，好歹我也姓花，我都是快进着看的。,2,花木兰
某人看的时候睡着了，唉……剧本太烂了。还有就是最后一句台词，太雷了！“文泰，谢谢你”,2,花木兰
集合您能想到的各种不及格~歇菜吧，庸才老马~,2,花木兰
我以为那是夏克立、不是Vitas……,2,花木兰
"历史和军事常识的无知甚至还不能掩盖编剧的小白程度,我也没啥话说了,理都懒得挑,只是可惜了vitas的电影处女作居然献给了它......",2,花木兰
我可怜的陈坤给傻帽的编剧老点了~~~呜呜呜~~剧本难以置信的脑残！只有陈坤每次出现让我醒一醒神。花木兰果真不是一般的烂！,1,花木兰
好演员，烂导演，傻编剧，小孙的歌是亮点。不过还是烂片，建议就看下木兰情那个mv就够了。,1,花木兰
为毛这么多五星。。。。,2,花木兰
一边看该片一边深刻地同情该剧组，居然能拍出这么丢人现眼的电影，这是怎样的一种无知无畏厚脸皮，啼笑皆非啊！,2,花木兰
本来想给两星的，看在那么些枪手的份上，一星吧。其实枪手你们还不如五毛，可以叫四毛……,1,花木兰
要不是看在坤哥的份上，就这片子，给一星已经很给面子了……遥想几年前看的迪斯尼动画《花木兰》，当时一边感慨老美的厉害，一边也有些愤愤，心想我们自己的故事却让老美抢了先，现在看来，不得不佩服老美的技高一筹啊……,2,花木兰
稀爛的導演毀了薇哥爆發的演技。,2,花木兰
演技很好。但是...我的老天爷啊那个镜头用的啊..那个transition啊...那个剪辑啊...看得我肛脱。,2,花木兰
《花木兰》竟然还算“冒险片”，作为一场打着“史诗”旗号的三观不正的古装春梦，要逼迫任何一个有战争常识的正常人观赏不说，还得把握好尺度，确保不把人雷瞎或气得突发心脑血管疾病，哎呦我擦，这还真是一场“不坑你坑谁”的冒险。,2,花木兰
难看到想在电影院里群发短信告之。,2,花木兰
言情就言情呗，但是文泰居然是皇子这就雷到我了，任何突发事件都不能凭空而出，得一步一步前期铺垫的啊。。。柔然的盾牌带一圈毛毛很萌。。。。,1,花木兰
还不如墨攻和投名状呢-_-||| 大场面+一起10分钟 剩下全是小场面...,2,花木兰
我觉得本片十分雷人，当说陈坤“死“的时候，我就说假死吧。。。为了花木兰成长。。。结果居然是真的。。。开头说vitas是唱歌的。。。我说出场镜头不超过3次。。。果然就3次，最后还是一句特别雷的”我要为老单于报仇“。。。可敬的是里面还是有很有爱的人。。。比如娘娘腔的房祖名。。。。,2,花木兰
我是为了赵薇去捧的场，唉，看的时候挺气愤的，好好的片子拍成琼瑶片，喜剧片，惊悚片，科幻片，还有个Vitas没事出来把人雷一下。现在是不流行拍MV的人出来拍电影？拍出来的是个屎！那个....要是能退票就好了。,1,花木兰
"忍着看完后还是忍不住给了一星,只可惜豆瓣没有更低的评分了…完全没有想到在今天还能出这么差的片子!!!我想这部片子更大的意义是给中国的影迷一盆冷水,告诉他们中国电影仍然在别人的路上迷失着…",2,花木兰
好狠啊，这是彻底考验着我的历史常识么？惊天大雷……已不想说什么了。给两颗星纯粹是因为音乐还是很不错的。,2,花木兰
不得不说镜头切得太混乱了- -马楚成你果然还是老样子。也就生日快乐拍的还成。,2,花木兰
赵薇、陈坤、胡军主演的贺岁大片，很假，观看前期望就不高，但仍然失望。赵薇好丑，胡军扮演的大反派很假很可笑。,2,花木兰
马楚成快和朱延平沦为一个档次了。。。。。。。。。。。。。。。。。。。。。。。。。。。。。。。。。。。。。。。。。。。。。。。。。。。。。。。。。。。。。,2,花木兰
很一般很一般，竟然将军中箭在身士兵还在一旁清理尸体...,2,花木兰
不用品味，电影赶不上木兰辞有味道。,2,花木兰
………… 对于各种文化上的漏洞~也没啥好说的 能不把拓跋宏和花木兰搞在一起吗？ 赵薇演得还是不错的~！,2,花木兰
这镜头剪的…跟PPT似的；这台词编的…跟小学课文似的；这片尾曲接的…跟串烧似的……,2,花木兰
好雷的剧情，到最后还拿感情说事。陈坤献血、假死、变星星，哈哈。赵大妈的声音好难听。P.S：其实我是来围观赵W的,2,花木兰
喜欢“铁盔下的红唇”海报设计,1,花木兰
前半个小时有点懒散 不过几个包袱设置还不错 后边渐入佳境 当然最重要的是我最钟爱的两个内地演员赵薇陈坤的再度联袂 让我觉得值得电影票,2,花木兰
其实演员演的很卖力，从表演上讲也很不错，就是拉这么大个架势搞个言情片，还是白痴言情片实在让人受不了。史实无从谈起，要说木兰没有爱情的权利吗？有的，不过地点放在冷兵器时代的战场，还是让我起了一身鸡皮疙瘩。,2,花木兰
配乐着实恶心，台词极其无聊。陈坤的小受样，赵薇的粗嗓门。着实史诗般的片长，对不起给胡军端盘子的肥臀维塔斯。,2,花木兰
所有参与制作的人脑袋都被驴踢了马？！！,1,花木兰
剧情极烂。。。赵薇在电影的后一般终于有点儿将军的感觉了。。。唯一可圈可点就是结尾了。,1,花木兰
你们难道没有觉得魏军的盾牌长得很像奥利奥吗。。。,2,花木兰
台词太雷人了，我早就说过马楚成不靠谱，还是老老实实拍星愿和夏日嬷嬷茶吧。,1,花木兰
要不是免费票只能看这个真不想看，就一白痴言情剧。这部电影怎么看怎么像一部电视剧。赵薇再次让我倒胃口，为啥她演那么多角色我只喜欢小燕子呢？,2,花木兰
用假死这招来磨练花木兰让我囧了又囧,2,花木兰
看完这部电影，我第一时间用手机访问了赵薇的微博，留言告诉她这部电影简直是糟糕透顶。别浪费银子买电影票，看它简直是在浪费时间。,2,花木兰
华元。欢、金琳,1,花木兰
马导演出品基本上已经是烂片的保证了，加上那些个扯淡的剧情与台词，一张嘴就能让你出戏的赵薇，最莫名其妙的维塔斯，烂片的确是烂片。,2,花木兰
不说别的  木兰姐  您能把声音装的再男性一点么？,2,花木兰
实在看不下去了，剧情的推动就靠时间线索这么推动，来来去去都是在那个外景地拍的。,2,花木兰
赵薇的表情貌似从来没变过,2,花木兰
做作 肉麻 完全看不下去  难道是我对国产电影的偏见？,2,花木兰
赵薇的演技是唯一看点。剧情烂到爆,1,花木兰
怎么可以那么拖沓！幸好在电脑上看可以快进。言情剧。陈坤的诈尸和最后身份的曝光丝毫没有悬念，非常狗血。赵薇很大妈。,2,花木兰
我的妈呀。电影院看的。差点吐。,1,花木兰
【烂片评比大赛】坚持时长：40-50分钟。,1,花木兰
呸！这是史诗么？根本是蹩脚的情诗！场面寒酸，情节单薄，剪辑不知所谓，编剧时常穿越，演员表演僵硬。我不是嫌它烂，只是拜托，表不懂装懂。,2,花木兰
好编剧都死哪去了，弄这么个破剧本。战争场面也没拍出一点气势，连最基本的战争形势都没阐述好。,2,花木兰
对不起，我浏览过了，不然真对不起我听了1个多小时,1,花木兰
赵薇有五张了吧？陈坤还在演戏？俄罗斯人也来？别闹了！,1,花木兰
明明不是文艺片，为毛要搞一个文艺片的剪辑手法，实在是很装13！厌！！！,2,花木兰
vitas出来当时我就震惊了。前半截就像导演拍了舍不得剪掉的片花一样堆着，后半截因为陈坤的小出彩而显得不那么不可忍耐了。北电中戏大PK是北电赢了，胡军演的越来越像是在演了，不知道他是不是最近缺钱的紧。整部影片除了演员没什么可说的，如果这样的片子还分析它的叙事和结构那我一定是疯了。,2,花木兰
当赵薇在众将士面前慷慨陈词时，陈坤却站在她身后泪眼婆娑....花木兰放到乐府诗里是在讲孝道，放到迪斯尼动画里是在讲故事，放到马楚成的电影里则是女权主义的彻底复兴。,2,花木兰
没有一个情节经得起推敲。赵薇很MAN。男人除了胡军没个不娘。VITAS受的不能再受了。。。,2,花木兰
不好看啊~感觉重点不在重点上，剧情本来就又是老调重弹了，所以新意就更谈不上了。,2,花木兰
不给一星完全是为了给匪夷所思的更差的片子留个空间,2,花木兰
导演&amp;编剧不知道这世界上有一个词叫逻辑吗。该哭的时候一个教室的人都笑了好吗,2,花木兰
完全没有感觉，现场收声没有让人入戏反而出戏，除了陈坤和胡军其它人到底会演戏嘛？？？印象里刘雨欣真是一片一个样儿，那下巴上的手术刀口还能再明显点儿么……,1,花木兰
也不知道是不是在电影院看，屏幕比较大，看起来演技都好差，而且剧情太偏离了。,2,花木兰
闻花丧胆跟见龙卸甲真是不分上下,2,花木兰
赵薇还是专心演小燕子那类觉得吧！,1,花木兰
咋那么心窄压抑呢，角度有点大吧，成了一个女性将领的悲惨军营生活,2,花木兰
跟江山美人感觉一样。沉闷。,2,花木兰
我一直在想，他们被困的时候没水喝，他给她喂血，但是脸上的血污是怎么擦干的，用水么……真TM 矫情，恶,1,花木兰
说是大片吧，战争和动作场面太过小气和山寨，说是反战的人性片吧，心理描写又丝毫无法引起人共鸣，这么好的题材挖掘得这么浅实在是浪费了……,2,花木兰
这个剪辑实在太扯淡了，为什么这些导演都喜欢YY历史故事,2,花木兰
我超级佩服我自己，以为我坚持看完了整部电影。,2,花木兰
我亲爱的vitas啊这样被遭践…,2,花木兰
赵薇、陈坤一哭，观众就笑，李玖哲、房祖名一笑，观众就哭；还有句更经典的台词：“我觉得你们俩太孤独了”！！！有才，太有才了！！！,1,花木兰
有一天你发现天上多了一颗星星，那就是我找你娘去了..大囧,2,花木兰
一个女人的成长史，也是腐女们的yy理想···唉，看到薇哥望着星空，突然看到坤哥的脸时，被彻底雷到了···,2,花木兰
主题不对啊没重心了,2,花木兰
赵薇打人的时候丑的我痛心~,2,花木兰
他们两个演的烂片还少吗,2,花木兰
有点过分 编剧的问题 演技是没有问题地,2,花木兰
永远不要对马楚成有任何幻想,2,花木兰
怎么就感觉不像电影呢，演员没演技，剧情没逻辑，没高潮没结尾的。。。,1,花木兰
编剧太差。对白空洞。,2,花木兰
看赵薇面子打的2星,2,花木兰
电影的阵容实在是太kuso了，赵薇和陈坤最近好像都是打包出售，李玖哲的憨样确实演不出恶霸的感觉，最无语的是Vitas，纯sb似的反复出现，马楚成都快与朱延平并列为中国烂片之王,2,花木兰
肯定看过。就是什么都不记得了。只记得，听说删掉了激情戏,2,花木兰
是个会花钱也能花钱的剧组，演员制作不可谓不精良。但是……这最核心的故事也特么的太扯了啊！！！！这一刻花木兰罩着圣女贞德的外貌依萍附体了啊！！！！尼玛的编剧你给门独的台词是你的心声吧你是有多喜欢看人绝望啊看了这部片子我都对女人上战场的可能性绝望了啊！！！只能算赵薇和陈坤玩票来看吧…,1,花木兰
国产大片你敢再烂一点吗？居然YY出狗牌了。。。绝对是近期最雷人影片,2,花木兰
哎，演员，剧情，剪辑，色彩，服装。。。。太多失败了。,2,花木兰
完全可以跳着看. 匠气!,2,花木兰
感情线不明显，武戏不震撼，人物刻画太失败,2,花木兰
居然木兰星没有适时的用上，失望。。。两个人感情的产生铺垫很少，突兀了点，结局还蛮意外...,1,花木兰
"给俩星...原因是还带点腐味...=_,=",2,花木兰
是我读书少，这肯定跟历史不一样。恩，一定是我读书少,2,花木兰
题材本身是一个女人的史诗，但是呢，电影讲的是王生和佩蓉的故事，是画皮的前传... ....,2,花木兰
从头笑到尾，差点断气。从美受Vitas，到雷娇少女木兰，从毁容陈坤到圣斗士胡军，从祖名玖哲之萌爱，到赵薇陈坤公主之三角恋，马楚成，还是好好拍纯情偶像片哄好小观众吧。,1,花木兰
好的故事 好的演员 烂的节奏 懒得结构 应该怪导演吧,1,花木兰
Vitas何必这么作践自己…编剧太逗了，原来打仗就是抬头数数星星低头洗洗名牌…,2,花木兰
难道是想拍成童话 却一点也不童话 总觉得存在逻辑障碍 这是不是就是编剧的生硬,1,花木兰
这大姐不是花木兰这大姐不是花木兰这大姐不是花木兰……,2,花木兰
难看。。不是历史片，貌似喜剧片，又像爱情片。。。哦。。明白了，，是烂片。。一星垫底，二星给场面。。,2,花木兰
两颗星给两首很感人的主题曲。,2,花木兰
赵薇绝对就是票房毒药，有了她，这部电影很难好看,2,花木兰
垃圾中的轰炸机。奶奶的，这类烂片块组成一支空军了……,2,花木兰
我要是给了三星就说明我没有鉴赏能力。想到海盗电台给了五星我又不能给四星。所以我还是给两星吧。不过赵薇演的还行啦。还有VITAS基本满意。很飘逸。,2,花木兰
喜欢赵薇说没有羊的那一段,2,花木兰
赵薇弟弟被敌人抓住了，她不去救，说“你们都是我弟弟”，显示大义灭亲. 男友被人抓了，她抛弃所有部下一个人去救男友，显示情深意重. 这编剧的逻辑真的太差了,2,花木兰
这么耳熟能详的故事也能拍得如此平庸。,2,花木兰
马楚成。。。果然,1,花木兰
张小北同学说的好，“这是一部对大部分普通观众来说没有任何惊喜的电影，虽然有赵薇、陈坤这样的明星压阵，但本片还是难以掩盖平庸的气质。本片和史诗之间唯一的联系，就是看电影的时候感觉像史诗一样漫长。”,2,花木兰
好好的战争片不好好体现花木兰的爱国之心非要揉进去爱情，风马牛不相及的东西死拼烂凑在一起，成了这么个四不像。心情不好就不带兵了，为了个男人就感情用事还说类似于“如果是我你去不去”这样搞笑的话出来，编剧开玩笑呢吧。就是想体现那句“战争不能动情”一句话，弄巧成拙。好好的本子，糟蹋了。,2,花木兰
冲着赵薇去看的，我们去了电影院,2,花木兰
忽快忽慢的步伐不但绕晕了观众也绕晕了导演,2,花木兰
情节拖沓 全是bug 谁他妈不看简介就能知道Vitas是个歌者啊？！ 这是为毛,2,花木兰
oh 我宁愿看动画版 长途汽车电影放过我好吗。,1,花木兰
此片战争场面拍的跟电视剧一个档次！都这年头了真想不到！马楚成怎么搞的？,2,花木兰
薇哥入行12年胸袭陈坤，坤爷割脉献血为国卖身。,2,花木兰
我都难以想象《刺棱》和《风云2》会是怎样！我疯啦！！！,1,花木兰
喜剧片和逗片之间的一线之隔……  导演 您的胶片是丢了么 老拿黑场糊弄我,2,花木兰
编剧大概是靠潜规则上位，而导演为了捞钱，用了县城里的婚纱摄影师。,1,花木兰
其实我看了没啥感觉……过了还跟某人吵了一架……真他妈郁闷……为此我想只给它一个星星！！！还有，那么可爱的我爱的Vitas咋这么被打了？于心何忍？操你大爷的编剧,2,花木兰
赵薇陈坤合作总是出这种让人搞不明白的作品，很老套混乱,2,花木兰
直接睡着了、只觉得房祖名还挺可爱的,2,花木兰
"漏洞百出的烂片,编剧这历史功底也太差了...忍到最后等着看衣锦还乡...居然等出了牺牲小我的三角恋结局~~~美其名曰为了和平.....",2,花木兰
很差，也就看看搞笑的房祖名。。。赵薇演的还不错，导演编剧不知道在想什么。,1,花木兰
受不了受不了。。。实在看不下去了。。。vista的出现已经搞笑了。结果剧情发展得愈发的离谱。。。受不住。相比之下古典文学的一板一眼的简洁真是可爱大方啊~！,1,花木兰
拖沓的剧情，繁亘冗长的感情戏，狗血的“啊，我死了。啊，我没死”，赵薇的发挥也平平，陈坤依旧很娘，Vitas求你不要自毁形象了！（闲扯一句：这片掐架掐得好凶哟，淡定淡定~）,1,花木兰
Vitas居然是父子兩代單于的男寵，看見他內賤笑就想踹他。五個沒搞清楚寫花木蘭到底該寫些什麽的編劇加一個只會閃白的剪輯，白白讓V姐坤哥泡澡澡了。你們真不好玩。,2,花木兰
弱智情节+白痴对白,2,花木兰
1.平淡无奇2.没看完就强烈的想硬盘删去,1,花木兰
“灰”姑娘和刀疤男滴小言~,1,花木兰
我一度对赵薇的电影失去信心,2,花木兰
半个星给预告片 半个给孙燕姿 整个一烂片。。。 ,2,花木兰
傻逼片，要是有负分直接就给了,1,花木兰
不知道还有什么好说的……,1,花木兰
我又花时间看了一部烂片吗！,2,花木兰
赵薇和陈坤之间的感情毫无培养然后就突然出来了真是莫名其妙。最后赵薇的所有光芒居然都被陈坤那个什么七王子反转给抢走了。胡军演的单于到最后就是个白痴。花木兰真正的精神在这边完全被曲解，感觉就是个除了恋陈坤的废物。只想打一颗星，第二颗星给的是我实在很喜欢赵薇和陈坤在一起。。,2,花木兰
情节呢?情节在哪里?,2,花木兰
其实我本来想打一星的！！！真懊恼,2,花木兰
陈坤同学不时抖动双肩泪流满面的样子真是楚楚可怜，应让他来演花木兰,2,花木兰
Vitas到底是来干嘛的。。。,2,花木兰
这是战争片？分明言情片啊，赵陈两人从头哭到尾，看得我都想哭啊啊啊啊…闷到死真是…哭哭啼啼的这是花木兰？？？,2,花木兰
我刚刚数了一下，马楚成的电影在豆瓣上没有超过7分的,2,花木兰
好好的干嘛非整点棒子和俄罗斯人来搅啊？中国好演员那么多！！！,2,花木兰
不好。历史题材不要乱拍，文学作品也不要乱拍，导演们请拿出来点诚意。如果小孩子没人指导看完一遍，花木兰这个民族英雄在她心中就这么个形象了，战场谈恋爱贻误军机。整个片也没出来个木兰词，还要我和张然一句一句往下背，我说当窗理云鬓，张然说，对镜贴黄花……,2,花木兰
马楚成很秀逗，赵薇很林黛玉，Vitas很太监，陈坤很穿越，房祖名很想搞笑却一点不搞笑，胡军则浅薄到一塌糊涂,2,花木兰
比刺陵强点吧。为了孙燕姿的片尾曲多加一星。,2,花木兰
主角如果是chun哥 那就好多了,2,花木兰
这烂俗的剧情，这做作的表演，再一次对马楚成的失望,1,花木兰
电影价值只有那2分钟：Vitas出镜的时候,2,花木兰
剧情太狗血了，演员也很做作，最诡异的是居然还硬插了Vitas一角~~~鸡皮疙瘩掉一地,2,花木兰
小燕子上战场原来是这样啊……,2,花木兰
大宛不是大碗啊！,2,花木兰
为啥国产大片的台词越来越sb。。。,2,花木兰
还没看 已经被vitas雷了 妖人,2,花木兰
西游记+x战警+三国演义+SMAV串烧。剧本烂、对白烂、调度烂、演的烂、剪辑烂、音乐烂、化妆烂。太糙了吧。,2,花木兰
古今大戰薇坤情,2,花木兰
只是讓我有點失望……但不得不說花木蘭的戰前宣言確實讓我怦然心動激情熱昂。,2,花木兰
你还能再假一点吗？大烂片,1,花木兰
赵薇那双大而无当的窟窿眼……,1,花木兰
话说一个终极BOSS那么容易就挂了？荒谬！,2,花木兰
不知道电影想说什么,1,花木兰
"当赵薇阿姨在死了一众兄弟的当口儿还逼问陈坤大叔&#34;如果你是我呢,你会来吗?&#34;,我分明看到了一个现代肉食女在表白过后当下逼问&#34;我爱你,那你呢你呢你呢?&#34;我立刻被深深闪倒......",2,花木兰
自《画皮》以后，又被周围群众谎报军情了 幸亏不是买票去看的……不然以后要直接视赵薇为毒药了……,2,花木兰
不能期望太高，因为赵薇我去了，演技没问题，是剧本问题，我被骗了！,2,花木兰
花将军威武！！Vitas同志，你是收了多少钱才拉得下你那C罗脸打个成色这么低的酱油啊？！你可是这里边唯一的国际巨星啊~~~~咳咳。,1,花木兰
属于看的时候没有感觉，看完了没有印象那一类，不雷人，也不动人,2,花木兰
三流言情剧，带着喜感的看完了。话说拓跋宏啊！！！拓跋宏啊！！！是北魏孝文帝，改革的那个！和花木兰谈恋爱去了！本年度最囧！！！,2,花木兰
电影节奏缓慢到了令人发指的地步，老套得透出一股子霉烂味道的故事情节让人昏昏欲睡。。。,2,花木兰
就那样吧。一个粗壮女人以及一个阴柔男人的故事,2,花木兰
从来就不喜欢洗碗的我，看不到二十分钟就放弃而跑去洗碗....,1,花木兰
年度最佳烂片！香港导演无法驾驭拥有宏大叙事结构的历史题材影片！,1,花木兰
为了电影故事就一定要改写得面目全非吗,1,花木兰
剧情拖沓……花将军一边泣不成声一边发表复职演说，一点都不鼓舞士气，太假了,2,花木兰
这个是军队霸王花养成指南，或者叫军队里的三大纪律八项注意，反正它不叫花木兰,2,花木兰
什么垃圾片子~看见赵薇就烦~,1,花木兰
跟《赤壁》一样，糟蹋一个好题材。维塔斯的戏全删也可，只是赚影迷眼球的，李玖哲几段台词有点幽默感，拉点笑点不错。赵薇不配演花木兰，虽然用心，但气质不符，我宁愿看好莱坞动画版的花木兰。故事最后导演设置的几个悬念也猜到了，无聊中看完整部电影.,2,花木兰
2点，1.镜头拉近的时候，我看到了赵薇睫毛上那没有涂开的一疙瘩睫毛膏，造型师们不能敬业一点么- -||||2.陈坤割脉一割再割的时刻，我觉得这是一个重口片儿，太重口了！,2,花木兰
花木兰应该让杨紫琼来演，赵薇眼镜里面东西少，空洞,2,花木兰
赵薇已经是第二次女扮男装混入军营了，上一次是演孙尚香。不过无论她的样子还是声音都不像是一个男人，奇怪怎么不叫春哥来演呢？,2,花木兰
一星献给薇姐洗澡，一星献给坤哥毁容,2,花木兰
除了演技海报和音乐，其他真不怎么样,2,花木兰
好多地方感觉都说不过去……牵强的很,2,花木兰
前天做梦，豆瓣可以给影片打0.5分了,1,花木兰
毒药啊毒药 赵薇,1,花木兰
这是韩国剧吧！！,2,花木兰
王子爱上灰姑娘的故事就够俗套了，而且结尾完全就是为了悲剧而硬造杯具啊……,2,花木兰
。大家演得累，我们看得累..。,2,花木兰
"艹,看了这个之后我觉得赤壁好牛B!复古嘻哈的房祖名很赞!小胖子也不错.可惜了VV来打酱油、",2,花木兰
相比之下画皮算是好的了。。。也只有张靓颍的歌声一如既往,1,花木兰
真矫情.烂...,1,花木兰
杯具&amp;天雷阵阵&amp;狗血&amp;SHITS,2,花木兰
凡是有于荣光的电影都减一颗星~,2,花木兰
09年度最雷人之作,1,花木兰
故事讲得叫一个生硬，过度无谓的煽情，确实乏善可承,2,花木兰
编剧很烂，剪辑很差，赵薇总是瞪着水牛般的大眼睛木木地念着台词。,2,花木兰
薇薇，我真的想坚持看完的...,2,花木兰
只有盛唐才能出武则天，也只有北朝才能出花木兰。可是当赵木兰说出“氏人”的时候还是想自戳双目 编剧都考证到北魏皇兴年间了为毛就不能再认真一点？,2,花木兰
真的很烂，再也不看这个典型港产导演的片子了,1,花木兰
难得一见的烂片~不过依旧很萌赵薇跟陈坤~~冲着他俩去的,2,花木兰
国产大片的烂是没有尽头的。,1,花木兰
看着电影的时候，是我最喜欢陈坤和赵薇的时候，可是看过就忘了，现在才突然想起来赶紧标记了。总体来说，水准以下。更何况——现在陈坤装逼得让人不忍直视,1,花木兰
不想說了，費事被粉絲圍攻。這2星是給房祖名犧牲的那part的。,2,花木兰
女人哭着看完，然后说了句“真的蛮烂的诶”,2,花木兰
真看不下去这种片子，从《画皮》到《花木兰》,2,花木兰
相爱而不能爱，中国导演总是想当然地把人物置于一个所谓两难的境地之中，试问哪个皇帝不能有三宫六院七十二妃？,1,花木兰
马楚成，烂片导演排行榜你榜上有名了。,1,花木兰
基本上属于琼瑶电视剧级别的片子。,1,花木兰
真不是一般的难看~~从没有一部影片让我快进看完，它开了先河,2,花木兰
真不是一般的难看~~从没有一部影片让我快进看完，它开了先河,2,花木兰
太他妈雷了！我操！又是可恶的文艺腐女！我真是忍不住骂脏话！,1,花木兰
我怎么看赵薇演什么都只是赵薇，成不了剧中的人。,2,花木兰
看完后那样地纠结花木兰的女儿身竟只有文泰知道，那样地纠结那些出生入死的战士竟认不出“已经死去”的文泰将军就在营中，那样地纠结我看到的只有花木兰代父从军的爱情！,2,花木兰
一星给赵薇，一星给陈坤...除此之外，我真的找不到给星的理由了。话说那些给5星的同志们能不能告诉我这到底好在哪里~！！！！！！,2,花木兰
这部片子绝对是导演的问题，处理的很生硬。不过这应该算是同期中国片子里的上流之作了。,2,花木兰
人物塑造苍白无力，胡军的塑造尤其如此。台词sb。情节设计业平庸无比。,2,花木兰
一地..狗血...,2,花木兰
剧情的确挺扯的。马楚成果然没有让我失望。我本来想看花木兰的飒爽英姿，战场上的金戈铁马的，没有看到。只剩下对陈坤的期待了，不过在这么烂的情节下，他的光环也被掩盖了。哎！在花木兰面前，陈坤就像个女人一样，汗死了。,2,花木兰
大片，烂片，大烂片,1,花木兰
故事较差，众配角龙套显得有些呆板空洞，不过赵薇的表演很不错,2,花木兰
喜欢赵薇这么多年，我终于想放弃了。,1,花木兰
胡军演的角色一定很喜欢看《喜羊羊与灰太狼》,1,花木兰
vitas很驚豔 其他。。。。就。。。。,2,花木兰
你们都好寂寞哦！！,2,花木兰
哇 真的烂 烂！烂！烂烂！！！！马楚成啊真有你的。。。,1,花木兰
額。有那麼幾分鐘還不錯覺得提勁的時候，然偶就會感覺直線的下降。如此循環，發現挺狗血的。,2,花木兰
如果没有陈坤，这部电影我可能会给一星半，看看帅哥养养眼而已,1,花木兰
想提高境界又提不起来的感觉真难受。知道赵薇尽力了，但是她太年轻。编剧更加思想幼稚，导演更加白痴,2,花木兰
完全是给赵薇面子，虽然这个角色挑战性上难度很大，结果也只能是差强人意。略带搞笑的台词多少有点对时下口味的嫌疑，这部影片让我更加坚定了绝不掏钱到电影院看华语影片的原则！5分,2,花木兰
。。。花木兰战功堪比霍骠姚啊,2,花木兰
剧情的1/3是在宣传中完成的，对这种节省影片成本的方式我的死党不止一次的暗中叫绝，至于剧情嘛肯定不可能出新意的，否则就得换名字了，至于演员演技嘛，赵薇的声音表现的很明显，陈坤呢就那样，保持稳定的水平，不得不提那句“怕，死，吗”带来的意外喜感。。。,2,花木兰
以后姓马的这个导演的片都不看了 编剧胡扯一气的爱情 还不如我手里的LAYS薯片吸引我 ,2,花木兰
因为考研没空看……呵呵~呵呵呵~只能说还可以吧~演员的表现还是不错的~整体比剑蝶好一点~,2,花木兰
slowwing,2,花木兰
弱智小俗烂片。没劲。,1,花木兰
配乐不错，别的么，唉,2,花木兰
是的，我有偏见。动画片及电视剧情结,1,花木兰
谁说赵薇这部演技好！！好个木顺，我觉得她演技最好的就是还珠格格了。。。,1,花木兰
章子怡演就好了，另外，陈坤无论如何也不像个将军，另外，编剧好烂，瞎加什么戏啊，扯淡，毁了我的花木兰,2,花木兰
真不忍心看~我都替编剧演员不好意思了~真不好意思了,2,花木兰
意外的烂。一颗星给张靓颖的【木兰情】。,2,花木兰
这么个片子居然将近一半人评五星？是拖？还是中国人的品位真的如此低下？,2,花木兰
故事不通，语言不通，人物不通...,2,花木兰
我是赵薇粉，也是花木兰粉，但太讨厌这片了……,2,花木兰
如果没看到【十月围城】的预告片，我会给三星，看了预告以后，就完全看不下去【花木兰】了，浪费一张电影票。,2,花木兰
厄……马楚成，你被开除了,1,花木兰
     和同事去看的免费电影。对不起导演和演员，我看得很不严肃，剪接差是很突出的毛病，当然，除了毛病也找不到什么值得一提的长处，还是不说了吧。,2,花木兰
严重没看头。缺乏历史感。鉴于良好的偶像剧情节，赏两颗星。,2,花木兰
白痴一样的导演和编剧,1,花木兰
较差的是剧情…赵薇和坤哥的演技还是非常好的…,2,花木兰
又累又冷的台词，难道是中国电影的发展趋势?,2,花木兰
煽情也不必这么做作,2,花木兰
木兰原来是个哥，哥参的不是军，是爱情,1,花木兰
我由衷觉得很难看。。。,2,花木兰
哎 没什么看头 就是觉得胡军也蛮洗具滴~,1,花木兰
我要行使我宝贵的权利给这大烂片投上符合实情的一票。马楚成你害的我看不了心水的陈坤啊,1,花木兰
可能是我落伍了，不过这样的电影我真的欣赏不来。木兰的“孝”和“忠”完全没提，木兰的“情爱”莫名其妙地开始，莫名其妙地结束。港台腔的房祖命，不知什么腔的ｖｉｔａｓ，让我看得既生气又好笑，哎，中国现在的电影都怎么了？,1,花木兰
演的囧就算了，剧情就更囧了。,2,花木兰
"真是..当初还小抱了点期望, 结果, 还是不得不面对残酷的失望现实...真是对中国电影失望透顶了!!..看来要今生要创造奇迹, 最简单的选择就是致力于国产电影---那一片蛮荒未垦之地... PS: 两星,献给绯闻男女主角的精神默契度, 当然, 这与他们的演技无关...",2,花木兰
呵呵~这片子剪得 = =|||,2,花木兰
这是一部可以边看边出去买东西，可以去上厕所，甚至拉屎，还可以边看边织毛衣，而且还要快进的电影。,2,花木兰
这片子怎么看怎么像七十年代拍的。,1,花木兰
这一星是给赵薇的,1,花木兰
差就是差，再怎么包装还是没用。,1,花木兰
看了一半，实在看不下去，太jb扯了,2,花木兰
说什么好呢。若不是为了坤哥和薇薇，哎。没劲透了，睡觉去。,2,花木兰
花木兰岂是如此没有生气?,2,花木兰
花将军威武 09大烂片,2,花木兰
不得不说是烂片，主线情感处理尤其莫名其妙。。好吧，如某大所说，这个片的摄像机镜头是个女人。。诚如是。。,2,花木兰
编剧和台词都狠雷人..,2,花木兰
即使有燕姿的《木兰情》，也只配给一颗星！！！,1,花木兰
我喵了个咪的。。。编剧是在晋江写小白yy文的吧？还xx那么长，看得我头疼,1,花木兰
不自寻乐子根本熬不过这漫长的两小时,2,花木兰
也就只能在飞机上看了。无论是故事，台词，还有几位的表演，都具喜感。,2,花木兰
赵薇的演技和台词 太差劲了,2,花木兰
是说现在流行黑色幽默么 我上来就被真人版一只耳震撼住了 他抱着他舅舅的尸体嚎啕大哭之后我就明白了 两星非常合适,1,花木兰
见过马楚成的电影。。没见过那么烂的马楚成电影。。马楚成越导越垃圾！,1,花木兰
每天早上醒来，只有想起你，才有勇气起床,2,花木兰
雷死我了。这种题材是很难拍啊。,1,花木兰
好吧，全片我最喜欢房祖名还有音乐……,2,花木兰
星空中浮现出陈坤的面容……人怎么能把片子拍到这么难看？,2,花木兰
这张海报是怎么回事?怎么像历史文物展览的......,2,花木兰
真的很粗糙、很做作……但是赵老师演戏的确很舍得。,1,花木兰
"木兰姐跑起来,两手翘翘,风姿卓越",2,花木兰
可惜了薇薇同学的演技,2,花木兰
皇子藏匿军中做小兵是剧情的硬伤,2,花木兰
我居然看过花木兰……原谅我吧。,2,花木兰
我只求看到一场完整的战争，或者有足够感染力的一帧画面，可惜没有，却被几十次惨白的渐变闪胀了眼睛。,1,花木兰
赵薇怎么又成间谍了,2,花木兰
中华民族的精深文化历史就这样被这帮不争气的电影人们摧毁了,2,花木兰
扯淡的片子   一点新意也没拍出来   演员演技真就是见仁见智了,2,花木兰
已经让我不想看了。。。。091213,2,花木兰
本故事純屬虛構，如有雷同，純屬巧合。,2,花木兰
什么JB烂片……,1,花木兰
真瞎了眼了，难道赵薇很像男的吗？,1,花木兰
这简直一喜剧片，老子从头笑到尾。剧本是90后写的么？,2,花木兰
你要我说什么，Vitas都出来了。,2,花木兰
一半是打历史牌，可惜我都知道了。。一半是打爱情牌，我只能说太狗血！！这片真够长的。。。。。,2,花木兰
要是能给负数就好了,1,花木兰
企图摆脱动画片的影子，花木兰这毫无由头的爱情，vitas完全是个打油的，大将军背弃花木兰的原因也很扯，完全是豁命的嫉妒，剧情设计的也太富贵险中求了吧,2,花木兰
烂片啊烂片，演员烂剧情也烂。我突然想念大眼睛姑娘了找来看看，结果让我想念全灭。倒是李玖哲，这个配角有些亮。,2,花木兰
编剧是历史盲吗！！！！！vitas好萌~~~,2,花木兰
我还是很喜欢赵薇的，虽然她的台词总是出戏,2,花木兰
就看了10分钟有资格评论吗,1,花木兰
虽然知道花木兰的故事，但还是觉得男女颠倒了……,2,花木兰
主题歌是什么东西?张靓颖完胜燕姿mm.唉,2,花木兰
手淫过度伤身，意淫过度伤脑。,2,花木兰
所谓史诗让我联想到拉肚子----屎湿或者还是拉肚子----又长又稀，看了这片子我竟然有了歇后语的天赋,2,花木兰
我操我居然没标记过这个东西！！！！！！！！虽然我大概只记得陈坤姓拓跋然后给赵薇喝血……啊咧这么一说我想起来了里面有Vitas跟房祖名哈哈哈哈啊哈,2,花木兰
难道是因为宅在寝室的原因，100多分钟里，一直在预测“小虎”的死亡和剧情的发展。有人告诉我这是一部“悲剧”，貌似中国人的悲剧观和悲剧情结比西方人远远相差了、淡了许多。只有像《李尔王》《麦克白》那样由人性的弱点导致的悲剧才能引起人们的共鸣吧。,2,花木兰
对此的定义，只能说是一部古装片,1,花木兰
这片居然比江山美人差多了……,1,花木兰
哎，这就是所谓的过程大片……,2,花木兰
原来海报是真的应景的,2,花木兰
剧情俗套，场面也一般，看不出赵薇陈坤的演技牛逼在哪里，大腕用的却不少，没什么看点。,2,花木兰
房祖名先把普通话练练吧 囧死,2,花木兰
导演真的很一般，很多剧情感觉都是草草了事。我看到一半就看不下去了。,2,花木兰
莫名其妙，不知所云~~赵薇倒是越老越有味道了！！,2,花木兰
千万不要看，盗版都别看，太垃圾了。虽然我很喜欢很喜欢赵薇,2,花木兰
让人很无言的电影~,1,花木兰
太做作，太忸怩，太装逼，太短浅，太累人。。。,1,花木兰
超级烂片，这一颗星是给赵薇和陈坤两个大眼贼的。,1,花木兰
差的编剧，毁了一堆好演员和一个好的传奇故事。。,1,花木兰
赵薇都被陈坤那个贱人拖下水了,2,花木兰
小虎死后  电影对我便没意义,2,花木兰
皇室血脉很管用，强身健体不说，还能退敌,2,花木兰
两颗星为赵薇和陈坤两个演员打，剧情为零分。,2,花木兰
vitas的意义何在？,2,花木兰
说句心里话，我甚至都懒得给它评分。,1,花木兰
看在盔甲的份上....,2,花木兰
我今天才知道我爱的是房祖名。,2,花木兰
原来挺期待的~不过看了30分钟后我知道我真的不喜欢啊~,2,花木兰
没看完，受不了了，空洞，做作,2,花木兰
唉。。捣着看的。。,2,花木兰
仔细一想还有点价值，花木兰好像从小就没什么男人缘，有好朋友要她去保护，有父亲要她去庇护，有将领要她去杀戮，有心爱的男人要娶她人做妇-----,2,花木兰
douban上竟然有36%的人给五星，脑子都让水淹了吧！浪费我的排队时间、票、爆米花、水溶C100.求你们不要再糟蹋历史了，我们历史上没有‘氏人’，你们也不要胡编拓跋宏，人家干啥要到军营里卧底，为锻炼你们花将军吗。。。唉这洒狗血的剧情，莫名的节奏。。额滴神,2,花木兰
我实在很懒得说些什么。。。,2,花木兰
把马楚成贬为伙夫吧,2,花木兰
毫无新意甚至是没有逻辑的剧情，没有看到花木兰的成长过程以及心理描写，让我深深记住了“马楚成作品”……,1,花木兰
实在看不下去，好好一个题材被搞成这样，糟蹋了。看了三次还有半小时，估计就这样又得删除了,2,花木兰
时间线索太乱了，怎么一会成将军，一会就死了的，光让人猜时间。,2,花木兰
全片全然不知所云，下面一篇评论真是写到心里去。标准的晋江系YY片。陈坤很帅，片子很雷，看完之后我陷入深深的沉思：那时候花木兰的第二性征估计由于营养不良没表现出来，要不然真像电影里这样绝对得出事...,2,花木兰
虐待动物的经费节省下来请个好一点的剪辑和编剧吧,2,花木兰
这部电影作为电视电影在电影频道放放还可以，在电影院看还是有点不值。,1,花木兰
在片尾编剧一栏，我看到了邦妮的名字,2,花木兰
这部电影作为电视电影在电影频道放放还可以，在电影院看还是有点不值。,2,花木兰
军中士兵都在窃窃私语 我们这两个将军哟，啧啧啧啧。,2,花木兰
两星给陈坤，还让陈坤毁容还真舍得。赵薇一开口就出戏饶了我吧,2,花木兰
难看死了,1,花木兰
刚看完《善德女王》就看这个，杯具啊……,2,花木兰
剪辑简直是坨屎，感情发展都没有条理了，才见面不久就到水池里面一起洗澡了，然后莫名其妙就爱上了。果断烂片。赵薇的表演时好时坏，极不稳定。前面台词出戏得让人看不下去，后面回到家乡，用沧桑的手抚摸沧桑的脸庞流泪又变好了。薇姐，你还是不开口比较有演技,2,花木兰
狗血弱智 打着古代名人的旗号贩卖现代名人的东西,2,花木兰
本片和史诗之间唯一的联系，就是看电影的时候感觉像史诗一样漫长。,1,花木兰
要战争没战争，要感情没感情，要谋略没谋略,1,花木兰
vitas俊美，房公子有惊喜，赵薇不是V5的料。。,2,花木兰
以为是爱情片……结果成了战争片！呸！我连特效的星都不想给了！,2,花木兰
"赵薇 didn&#39;t bring out the character, just a potray her beauty. what a shame!",1,花木兰
有必要拍成电影吗？？？,2,花木兰
花木兰 赵薇 陈坤 马楚成   这几个词组在若干年内变成阻碍我看一部电影的原因,2,花木兰
多余的东西太多了！衔接太慢。哪里是写花木兰哦，应该写花木兰和魏国王子的故事！,1,花木兰
拿一个大家熟悉的事儿来编故事，情节不紧凑，不吸引人。赵薇老了，尤其片中又总是灰头土脸的。陈坤还演得不错。片尾孙燕姿的主题歌好听，她的嗓音很配合剧情。,2,花木兰
不值得上电影院看的电影。,2,花木兰
老实说，我是去看陈坤的。所以没有陈坤的戏份的时候，我就看手里的时尚杂志，哈哈……,2,花木兰
老实说，我是去看陈坤的。所以没有陈坤的戏份的时候，我就看手里的时尚杂志，哈哈……,2,花木兰
得失不在于演员~！导演过于一厢情愿了！,2,花木兰
这是在侮辱观众的智商么?,2,花木兰
seriously.whats wrong with the director???unbelievable.,2,花木兰
2分与3分之间犹豫，最终选了2分。播放过程我数次不可抑制质疑剧情的合理化，导演对于节奏的安排很不合理，总是喜欢段段转换，好像是把一篇爱情记叙小说段落化。我只能说，这些人把明明可以使国人轰动与感动的题材硬生生的糟蹋了。,2,花木兰
柔情戏不要太多哦,2,花木兰
小V啊小V，你让你的翻囍情何以堪挖情何以堪挖,1,花木兰
看赵薇面上给两星半吧....我整个笑个不行。,2,花木兰
http://movie.douban.com/review/3120483/,2,花木兰
2.5星，战争的气场始终没表现出来，有些个画面还是不错。我是来看“小房子”的，可爱啊！小虎被俘那段挺感人的……花木兰为文泰的死而颓废的桥段显得很做作，还有我没搞懂Vitas出演的意义？那句别扭的“我要替老单于报仇！”几乎让我喷饭！不过Vitas挺萌的……全片最喜欢的台词——来生你做人，我做马,2,花木兰
张靓颖唱的主题曲都想看,2,花木兰
我一般不给一星，这已经是很差很差的评价了,2,花木兰
趙薇&amp;陳坤の《花木蘭》。十分不好看！我直接用不好看形容了。花木蘭什麽時候變成兒女情長的姑娘了，陳坤難道你現在的演技只剩下眼淚嗎？？！！唯一覺得亮眼的是大配角-房祖名。如此失望的一部片子。 （我直接把在校內上看過之後的狀態轉帖過來了。）,2,花木兰
把花木兰这个题材拍成这样，我得哭了。我超爱这个故事好吧！,1,花木兰
"去年开始听袁腾飞,期间一部历史剧都没看,所以对袁所说的“国内大部分历史剧都没法看”和“很多导演是历史盲”的言论没什么共鸣...看完这部,我由心底赞同...",2,花木兰
看这部片子完全是因为拍戏的时候赵薇跟陈坤一语不合，气极大叫“我再也不想和你拍戏了！”，而陈坤回敬她说“我下辈子都不想和你拍戏了！”。很可爱嗯。,2,花木兰
替鲜卑人去打柔然人?柔然和建立北魏的拓跋部一样，都是鲜卑人的一支。狗血的感情戏太多了！结局是等陈坤当了皇帝可以进宫做妃子。,1,花木兰
