觉得周迅的演技越来越好。,4,画皮
看赵薇跟周迅飙戏真爽！,4,画皮
“我爱过一个人，一心想和他在一起，他说他爱我，我相信了 ……” 还算凄美的故事……有人说是琼瑶式苦情戏，有人说是烂片，我觉得还不错啊，片尾曲《画心》一出，整个人就融化了。,4,画皮
我对周迅总是无可救药。,4,画皮
中国大眼睛演员的集合--周迅说的。,5,画皮
你也觉得赵薇更美一些,5,画皮
看完我就很难受啊～～～我一直怨念，因为我感觉，男主喜欢小唯的，嘤嘤嘤,4,画皮
王生对小唯说他爱她的时候，我特鄙视那个男人=。=  ,4,画皮
赵薇好坦然 我喜欢她 干净又纯粹的演出,4,画皮
【武汉万达】四号厅。最近心已经软塌塌了，一看爱情片就感动，《画皮》不错，赵薇尤佳。,5,画皮
周迅的演技还是蛮精灵古怪的！赵薇也大气👍，陈坤当然很帅呀！,4,画皮
看完以后挺感人的，我也希望有这样一个人，每个人的演技都特别到位，打斗很酷，喜欢😘,4,画皮
这他妈就是爱情!,4,画皮
这部电影我看到了周迅的演技，撕心裂肺的爱情。士之耽兮尤可脱也，女之耽兮不可脱也。爱情对女人是毒药，对男人只是蜜糖。,5,画皮
好看是好看(๑･̆⍛･̆๑)，不过当初还小，怂的不行，拉着一串人陪着我看(╥╯﹏╰╥)ง ，现在还被他们嘲笑(⇀‸↼‶),4,画皮
近年来诠释“妖”最好的就是周迅了 不是画一条上挑的细长眼线 画一个朱红色口红 长发飘飘就叫妖怪了 比服化道更重要的演员本身往往被人忽略,4,画皮
剧中的女鬼一改过去恐怕丑陋，此片女鬼外表清丽可人，纯真无邪，魅力十足，妖气逼人。这哪里是女鬼，明明是女神。,4,画皮
没有正反面 爱情到底是什么？赵薇的角色让我心痛,4,画皮
一直喜欢周迅，实际上从这部电影里也能看出她的实力。不是说其他两位演的不好，但是在其中我更深深的记住了她的伤痛和她的成全。,4,画皮
画皮的画面是真的好看   演员颜值真高    ,4,画皮
有时候，我们愿意原谅一个人，不是我们真的愿意原谅他，而是我们不想失去他。不想失去他，唯有假装原谅他。,4,画皮
非常喜欢张靓颖的片尾曲《画心》！很动听！,4,画皮
周迅真的是演员给角色加分的典范。张靓颖的歌好听。,4,画皮
周迅依旧灵气十足，中间撕掉脸那段真的吓到了。,4,画皮
喜欢周公子的声音 喜欢陈坤的内心戏 深爱的人 输的会惨吧 ,5,画皮
神级演员配置，周迅演技太有灵气了，画心太好听了。,4,画皮
两大花一同拍一部电影，怕是往后都很难再有了吧，她俩的演技真的很好，小唯很美很灵，陈坤在里面倒是有点平凡了。不过也是帅！,5,画皮
周迅饰演的小唯，在一颦一笑间妖媚与清纯变换，难怪王生会心动。空有一张美人皮的妖怪又如何能得到一份真爱，悲剧注定如此。,4,画皮
耳熟能详的故事，改编的还算可以。情情爱爱的故事其实特别无聊。还好演技基本在线。,4,画皮
男主超级渣，不过是来看两个女主的啊，换皮那里吓坏了。,4,画皮
女性角色太出彩，男主角有点像推动剧情的存在了。,4,画皮
迅哥真棒。,4,画皮
又重新看了一遍，经典果然是经典，周迅好美～,5,画皮
如果王生选择了小唯 又会是怎样的光景 可惜没有如果,4,画皮
周迅真有灵气，感觉就是小唯本人,4,画皮
两个女人的爱情，我不知道怎样评判谁的对错。值得一看的电影,4,画皮
一部值得去看的商业片，演员们的表演都很有功力。,4,画皮
自己胆特别小，上映好久一直没敢看，后来2都上映了才鼓起勇气来看1，剧情不错，特效做的也很好，良心制作,4,画皮
客户投资的电影  当时包场请看电影  还是很好看的  还带动了同名网络游戏大火,4,画皮
男主的存在感略有点低，整部戏都被周迅和赵薇吸引了，变身的时候有点吓人，挺聊斋的，结局很感人，好评。,4,画皮
周迅给电影加分不少。画心很好听。,4,画皮
这三个人的合作还会再有一次吗？,4,画皮
小时候看觉得好恐怖好吓人，现在发现小唯让人心痛，好悲伤好凄美。,4,画皮
以前看的，有点忘记了,5,画皮
小唯很惊艳。现实生活往往狐狸精会被骂得很惨，这画皮被骂的只有将军,4,画皮
虽然说在现实中不会发生换皮这种事情，但是为了某个人整容也是有可能的。觉得她们太傻太天真。,4,画皮
原来喜欢不可以伪装，原来快乐不可以假装，原来永远和瞬间一样。,4,画皮
电影中三位知名女演员，互飚演技，看着过瘾，唯一的缺憾就是三观不太正。,4,画皮
很精致的画面感，对于画面控和颜控来说简直是视觉盛宴。其内容也令人深思，非我族类其中的悲凉让人一凉,4,画皮
小唯美貌无双但内心却冰冷寂寞，得不到温暖，她来人间寻找真爱慰藉自己冰冷的心，王生是唯一一个对她没有企图美色的男人，所以小唯对王生心生爱慕之情。人妖之恋还是挺让人动容的,4,画皮
画皮，整体为暗色系，有种阴森森的感觉！小唯脱下皮的那一瞬间太可怕了，不喜欢男主这种人设！,4,画皮
小唯美貌无双，但内心冰冷寂寞，得不到温暖，她在人间寻求真爱，慰藉自己的内心。,4,画皮
画皮画骨难画心，画心好听加一星！,4,画皮
跟印象中聊斋志异讲的画皮故事还是有些出入的，不过演绎的还算精彩，歌也蛮好听的！,4,画皮
当时看的时候感觉很恐怖，整体氛围很沉重，演员的演技都在线，很好的一部电影。,4,画皮
這世上，愛恨徹底純粹的人已經越來越少了，所以才要等妖來幫忙。,4,画皮
这么说来是 大三刚开学的某一天，我 PP 彭卉去看的？那天说好是去 玩桌游的。。,5,画皮
评分有点低了,5,画皮
喜欢迅哥儿,4,画皮
第一部还不错，起码周迅很灵气，赵薇很端庄，陈坤确实很有男性魅力！,4,画皮
你有过人的体温吗，有过心跳吗，闻过花香吗，看得出天空的颜色吗，你流过眼泪吗，世上有人爱你吗，愿意为你去死吗？,4,画皮
看实力派飙戏是一种享受。,4,画皮
还可以，换皮的时候蛮唯美的,5,画皮
喜欢赵薇,4,画皮
画虎画皮难画骨...,4,画皮
都是真愛,4,画皮
当时看的时候感觉很恐怖，整体氛围很沉重，演员的演技都在线，很好的一部电影。,4,画皮
很好看，赵薇和周迅演技都很棒，看的超过瘾，也是小时候的电影啦，主题曲也超好听,5,画皮
看的有点像恐怖片，小唯和公主的角色精髓表现的太棒了，,4,画皮
让人感动的恐怖片~,5,画皮
beautiful,5,画皮
中国式童话。,4,画皮
他们正视爱。,4,画皮
最后周迅的阴谋如愿以偿了，却又为甚故意不躲开甄子丹的一刀而暴露自己是妖呢？脚本还是有太突然的地方。还有啊，谁说狐妖和画皮是一类的！！！？,4,画皮
看得时候还是觉得挺好看，也许我从小就对这类故事感兴趣吧,4,画皮
白月光，红玫瑰，两个女人都可叹可怜，喜欢，演技超好，特别是周迅，好有灵气。配乐《画心》好听，,4,画皮
今天看了118分钟的导演剪辑版，比之前的版本好一些！,4,画皮
“你是我一首唱不完的歌”,4,画皮
最后发现孙俪比这两妞好看,4,画皮
第一感觉还算不错的，每个角色都出彩,4,画皮
081006@太原长风剧场，20,4,画皮
周迅还挺有点狐狸精的潜质的哈哈哈~白狐好漂亮,4,画皮
"在电影院看着哭...以前不太喜欢陈坤,看了这电影后觉得他其实还可以.",5,画皮
零八年秋，新世纪泉城,4,画皮
剪辑谁呀..毙了吧..,4,画皮
老故事新编还挺有现实意义，拍得也很浪漫唯美，为什么那么多人说烂？,5,画皮
爱情  责任  ,4,画皮
太好看了,4,画皮
最后一段好感人,4,画皮
好电影。角色可以更丰满一些,5,画皮
就看了最后20分钟 啧啧 爱太深,4,画皮
结局好可怜，小唯，还有蜥蜴,4,画皮
其实还不错的。三演员都还合格。张靓颖应景的歌声顺带升华了下。,4,画皮
本片集合了現代社會最熱鬧的話題。小三，備胎，男人婆。,4,画皮
感动了，就是好片子，去他妈的什么专业评论分析,4,画皮
我觉得不错呀,5,画皮
特效不错，讯哥演的很好，赵薇演的让人有些生气，讨厌王生,4,画皮
赵薇周迅发挥上乘，小唯角色应该是周迅的特色，赵薇一向水平不稳定，但其对王夫人角色的人品大爆发显然超出了其原本的功力。加上国产古装鬼神爱情片，没有太多破绽与指摘应该给四星。,4,画皮
跟Yvonne看的第一部电影,4,画皮
很喜欢，孙俪最后的女装给人惊艳的感觉。,4,画皮
里面的武打境头还是有点看点的，这部爱情片不错，挺好玩。,5,画皮
那么美丽的小狐狸却因为爱上了他而演绎出这样的故事，离奇，杀戮，猜忌，为了爱她坏了心肠，她只要做他唯一的王夫人。我喜欢这样的故事，尽管剧情很简单。最喜欢陈坤说的一句话，我爱你，可是，我已经有佩蓉了，，，原来，爱，是分先来后到的。,5,画皮
周迅演的真好！,4,画皮
满眼都是帅哥与美女...,4,画皮
配乐不好。周迅撕下皮的那刻，我特别high，但特技还是假。这只万千风情的狐狸纵使迷倒了无数愿意为之辩护的人，纵使有再多人挺身而出为人妖殊途找华丽的反驳借口，纵使忽略后半句的转折只剩下那句“我爱你”，我都无法动容。我爱佩蓉。她不是这出戏里的弱者。所谓忍辱和隐忍的词语戴在她头上都是错误的,5,画皮
可怜的小白狐,4,画皮
这东西我没想到是因为我妈的原因才看得。,4,画皮
我對黃岳泰有點失望啊…,4,画皮
高中时候看的 那时觉得不错,4,画皮
我完全是抱着“这部剧很烂”的心态看的。没想到看下来还没那么烂=。=周迅的颜真是萌啊……可是一张嘴-。-哎。,4,画皮
执念。,5,画皮
难道从原著的角度来说，这不算是一个改编的满成功的电影么？（更不用提还有超养眼的美女！）,4,画皮
感人。。没想到,4,画皮
这片还可以列,4,画皮
忽然发现赵薇盘目如月,4,画皮
画皮拍的还是蛮深刻的,4,画皮
周迅是个好演员。,4,画皮
周迅和赵薇演的不错👍，很喜欢这部电影，感动到我了,4,画皮
水中ML。。。,4,画皮
终于看了，真心不错，周迅越看越喜欢,4,画皮
感动。画你的皮却画不了你的骨骼。只是最后才明白爱，是可以让我放弃所有，包括自己的生命。,4,画皮
挺感人的，人人都能为了爱无限付出自己。,4,画皮
人家不爱你，就是不爱你，不需要理由,4,画皮
男人不会拒绝任何一个他觉得还不错的女子,4,画皮
下了删节版，到处找完整版，结果看了两遍。,4,画皮
3.5,5,画皮
等到清晰版出来我才舍得看的，没让我失望,4,画皮
。妖已经不是最初意义上的妖。她学会了怎样爱，怎样慈悲，怎样付出自己成全他人。从她的眼睛里，我们看到更多关乎人性的东西。一只残忍的妖能成长至此，确实让人感动。||赵薇服药变白发女那段，湿了不少人||这电影的确应该在电影院看,5,画皮
进电影院看的第一场电影，爱死周迅和赵薇，感人的爱情故事啊。,4,画皮
本来也就三分- -留一分给厂花和周迅好了。。。叫哥哥妹妹的太无法忍了卧槽。。。小三逼宫故事什么的。。。。,4,画皮
周迅 那水汪汪的大眼睛，真是电到我了,4,画皮
赵薇越来越淡定了。,4,画皮
其实挺感人的，周迅和赵薇演的都挺棒的。最让人感动的还是王生……整部电影都是贯穿着爱的主题，王生和佩蓉，庞勇对佩蓉，小唯对王生……为爱做一切，最后的结局画面很动情。,4,画皮
看了118分钟版。感觉还不错。陈嘉上在这部《画皮》里淡化了恐怖元素，增强了爱情元素。大胆改编了聊斋故事，最终效果还不错，并没有感觉烂。但电影也充分表露出导演并无多少才华，只是流水账的讲故事。转场衔接和剪辑十分平庸。周迅赵薇演技真好。藤原育郎的音乐也非常好听！国产片算不错的了。三星半,4,画皮
只为音乐,4,画皮
我突然发现，原来爱情不是最动人的，克制才是。,4,画皮
和小澍一起看的,5,画皮
当年在电影院还看哭了。陈坤哭着捅赵薇那里看得很心碎，周迅仰天长啸那里印象很深。开头的周迅美呆了！,4,画皮
中国的鬼怪片就是可以拍得这么美！一直想看这一片，今天终于得尝所愿，一边看一边觉着幸福！唯一看不惯的就是服装太像日本风格了！ -- 2008-10-19,4,画皮
小三与反小三经典教材！,4,画皮
不懂这部片子评分为什么那么低，很厉害的片子，究竟什么是爱，我能爱你，我也能爱别人，但是因为爱你我也能割舍掉其他人。三角关系里，我看到的爱，都是牺牲，分不出来究竟谁爱的更多。因为这部片子，觉得自己将来的房子，一定要装一个家庭影院，不要太大，但是满满当当，有书有投影，有懒人沙发也有小书桌，昏黄的灯光和落地窗，我要和我爱的人一起看所有讲什么是爱的电影,5,画皮
《画心》摆在电影里听更有味道 故事很煽情 却偏偏对它情有独钟 结尾的高潮段落尤为精彩 喜欢 原来琼瑶式的苦情戏也能打动人 但是电影的一些逻辑细节上有待弥补 可以更好。,4,画皮
爱情电影,4,画皮
很喜欢这部 对周迅突然很喜欢~,4,画皮
没感觉，不好意思承认它是烂片,4,画皮
将军就是个渣男，摇摆不定。周迅演的小唯太灵了。还有脱掉皮那一幕，到现在都印象深刻。,4,画皮
陪伴我走过整个高三无聊的时光！看了整整4遍！其实觉得蛮好看的。@Home,4,画皮
从这部电影开始对赵薇有点改观。,5,画皮
那年是周迅年。记得秋微以前在城市日记里说，20岁左右的人会看海角七号，因为他们还很浪漫。三十多岁的人会看画皮，因为他们关心小三的问题。ps:那年周迅年。,4,画皮
点点桃花，是我为你演绎的旖旎。今年第一次进电影院，因为这个加一星。音效不错，故事感情基础太浅，导演重点没放好，作为恐怖爱好者那短短六秒的换皮实在是太短了，周迅演技很赞，赵薇变白后的眼睛变得硕大又黑，惊为天人。整部片子最弱的角色大概就是陈坤的了，甄子丹的搞笑都比他有看头。音乐旋律有,4,画皮
泪奔，不同性格才有不同理解。狠辣的小唯，任性的小唯，无畏的小唯，善良的小唯。更还有痴情的蜥蜴精~当一个男人精神上已然出轨，肉体贞不贞洁已无谓，不过王生的责任感值得歌颂一下,5,画皮
和画皮一点关系都没有 但是非常复古的港片套路 很好~,4,画皮
平面海报的效果很惊人。电影的画面感就显得一般了。开盘的特种兵战法对古装片来说，很新颖。赵薇、周迅的演绎的很不错，高潮的煽情连绵不绝。陈嘉上的作品还是值得期待的。,4,画皮
蜥蜴精的角色是在向x战警里的蛤蟆怪致敬吗,4,画皮
陈坤真好看 周迅虽然满惹人厌的 可是这个扮相实在也是太美啦,4,画皮
耐看的周迅,4,画皮
剧情的简单不能抑制我对古装片的喜爱，更何况全部是我喜欢的演员和精良的班底，赵薇流下血泪的时候我也哭了,4,画皮
记住了小唯的眼睛,4,画皮
虽然挂羊头卖狗肉，但是蜥蜴精太萌啦！！另外俺们宁夏的片儿当然要顶！,4,画皮
赵薇演得好啊~~~！,4,画皮
信任与责任，爱与占有欲,5,画皮
炒得忒热了点 拿信用卡刷的票10块一张 哈哈。,4,画皮
中国香港,4,画皮
歌很好听,4,画皮
其实不是妖和人的区别，而是责任与爱可以分开。你明明爱她，却选择用她的千年道行来成全你们的美满。你错了吗。[2008.9.26.12PM.1号厅1排1号2号.],4,画皮
很不错的片子，感人,4,画皮
男主角看来很怪,5,画皮
偶像派演员的集体突破。,4,画皮
这片子拍的不错，拿出去放也够味,4,画皮
爱，一切都是因为爱，周迅痴起来也可以这么柔情！,5,画皮
冲着周迅来的。,4,画皮
挺经典的，阵容我很中意～整体感觉够作够纠结,4,画皮
原声不错,4,画皮
美到不像人类的小唯！！！！！即使害了那么多人我仍想她能得到属于自己的爱情💓,4,画皮
赵薇扮相好啊～两人甜甜蜜蜜的时候让我想到小帅…唔…有很像的嘛～是不是？！,4,画皮
周迅太美了！,5,画皮
起初不保佑什么希望，但看到最后觉得这片子还算不错，不看也算可惜的。,4,画皮
我怎么觉着这片子还行？喜欢周迅~~但是台词确实很囧，尤其是孙俪那几句，一共也没几句结果还都挺让人受不了的~~,4,画皮
你不爱你老婆了,4,画皮
期待2,4,画皮
讲透一个&#34;情&#34;字就够了,5,画皮
最后我还哭了。,4,画皮
人人都是有面具的，所以人人网就是画皮网，Facebook不是脸书而是皮堆,4,画皮
节奏有问题，但它和琼瑶没关系，别把世情人心都归给琼瑶，就像别把某种态度都归为安妮宝贝。赵薇是可信的，周迅还是那个鸟德行。陈坤的王生是个真男儿。记住了一句话：她是妖，我一定会杀她，但作为丈夫，我怎么能放弃。谢谢这种煽情，赵薇出道后就好的表演就在这了。,4,画皮
看过，挺不错的，就是男主人设太渣。,4,画皮
好看。,4,画皮
我最后还是同情了周迅，她的演技已经越来越惊人了。,4,画皮
真爱无敌,4,画皮
我都说了，周迅是精灵。,5,画皮
看了2，才觉得1真是好,4,画皮
两个这么美的女人，干嘛要争一个王胜那样的渣男呢。实在无法理解这种爱情，也不感动。周迅演的小唯太美了，就算是妖精，也会不自觉的可怜她，可能这就是演技？,4,画皮
在华语电影里它应该算是最成功的所谓“魔幻大片”。,5,画皮
比想象中好看的说。。。。,4,画皮
我爱你，但我已经有佩容了,4,画皮
奇幻题材要支持一下,4,画皮
还好啦,4,画皮
颠覆了国产大片在我心中的印象。,4,画皮
贊｀,5,画皮
“王生”=“表哥”？哈~原以为电视剧中的情节就跟童话一样，直到现实复刻了童话。,5,画皮
周迅赞！赵薇赞！孙俪赞！都赞！妖精比较恶心，白发赵薇真惊艳，比正常的时候好看。小狐狸应该多给几个镜头嘛~周迅真适合演妖精……,5,画皮
哪有那帮猪说的那么差，作为商业娱乐片来说还是很不错的,4,画皮
“若干年前，我一个女童鞋对我说，其实她很爱某男，她可以为他做任何事，除了追他。现在想来，这位姑娘才真是灵长类中的万年老怪，把妖精都比下去鸟。”,4,画皮
一开始看片名看造型也被我当恐怖片来着。。最后还是给看哭了，杀死自己的最爱是件很难过的事吧？爱情没了有信任，还有爱情么？,4,画皮
她没有错，只是用错了方式。,4,画皮
周迅的狐狸精都演成了正面角色。,4,画皮
国产能这样已经让人欣慰了,4,画皮
“我爱你，但是我已经有佩蓉了。,4,画皮
7,4,画皮
只看周迅就好了，四个星全是给周迅的，如果单评她，应该五个星，只不过故事本身没有什么悬念。这个演起来，大概比李米还要难吧。,4,画皮
看在周迅的份上给你四星。其实。很多地方很搞笑。,4,画皮
喜欢，演员阵容也都不错，不过其实更喜欢2,5,画皮
故事还行,4,画皮
爱情，无关人或妖,5,画皮
为了爱，谁对，谁错，谁又说得清？,4,画皮
厂花：真的不留下来？丹丹：我还有很多地方想去。厂花：我也很想去。丹丹笑，抚上厂花的脸，二人情不自禁拥抱。,5,画皮
抓胸龙爪手有笑到，，,4,画皮
邂逅的一抹红 还是枕边的一屡安静纯白 你会选择哪个..,4,画皮
说实话，我没有想到会这么好。,4,画皮
人比妖爱得更疯狂,4,画皮
赵薇的演技啊。。。。,4,画皮
狐狸精怎么了。狐狸精的爱情就不是爱情么？小三怎么了。小三的爱情就不是爱情么。。我莫名的愤怒了。。,4,画皮
电影院看的，与小黎.周迅小妮子真是惊艳啊!~,4,画皮
不爱甄子丹的。赵薇演技越来越不错鸟。整体效果还行，除了特效稍微欠缺一些，特别剥了皮的那东西，做不好就别做，就用反衬手法表现就行了，非要做的跟枯柴一样，整个片子的美感都被破坏了。蜥蜴精的角色从哪儿来的？不过还好，没有宣兵夺主的赶脚。,4,画皮
6.5对它不公平,4,画皮
逃不过的 虚情假意,4,画皮
很不错的编剧，流畅且细腻，除了没来由的降魔小妹，都很棒了,4,画皮
中国电影的硬伤 居然把故事讲通顺了,4,画皮
赵薇太端庄了好吗！！,5,画皮
值得看的电影。皆大欢喜。我爱靓颖。,4,画皮
配乐很诡异，衬托得剧情都很诡异了。还是可以看出陈嘉上的诚意。以上。,4,画皮
电影很烂，和我一起看电影的人好看！！！！,5,画皮
起码演员台词说出来~太都不怪异~~还是国产~就支持下~,4,画皮
周迅是真好啊,4,画皮
小有感动~,4,画皮
让人很无语的he啊···,4,画皮
原来喜欢不可以伪装，原来快乐不可以假装，原来永远和瞬间一样。,4,画皮
我喜欢就好~,4,画皮
很诡异，2个画皮,4,画皮
其實挺好的,4,画皮
这部片子赵薇令人眼前一亮,4,画皮
终于看了《画皮》，满足满足。,4,画皮
还好没那么恐怖！所以现在那些以爱之名做了坏事的人，根本不是人！,4,画皮
小唯我爱你，但我已经有佩蓉了,4,画皮
赵薇好棒！！,5,画皮
周迅,4,画皮
小三~,4,画皮
这世上只有一个小唯，王生你可懂…？,5,画皮
陈坤 周迅 赵薇 孙俪,4,画皮
挺不错了滴。。,4,画皮
爱的画皮~有谁真正懂得？,4,画皮
近年来看得剧情最靠谱的古装片。,4,画皮
挺好看的，值得的,4,画皮
赵薇给力,5,画皮
那一年 我们才大一 记得我是感冒 在宿舍逃课看的画皮 剧情相当不错 古老的爱情 人鬼恋 感觉当时的作者爱情理念相当先进,5,画皮
赵薇真的演的不错，越来越漂亮,5,画皮
爱情，没有对与错。 ,4,画皮
有喜欢的演员,4,画皮
我是觉得很不错啦......,4,画皮
这个电影讲的其实是爱情与责任，在爱情与责任，怎么样才是真的爱一个人，其实最关键的是不要太较真,4,画皮
只为那句“你要陪他一起老”而一直感动着,4,画皮
看得我是一个感天动地,4,画皮
这个片子..有阴影..,4,画皮
鼓励 一下国产电影，不过真的有很大提高余地。,5,画皮
电影真不错就是有点恐怖，虽然看的时候有些情节让人害怕，但是还是想看。,4,画皮
迅哥真漂亮,4,画皮
周迅的演技实在是灵气中带霸气,4,画皮
其实这算得上伦理片，可以的话，拒绝当小三，那种会为了一个女人放弃家庭的人本就不值得去爱。,4,画皮
大家还是那么尖锐，我却感觉，应该给国产的电影一点鼓励，真的。何况，真的值得一看。,4,画皮
吵吧骂吧，还不是照样一大堆要去看，反正我觉得还不错，何苦都要摆出一副专家的样子拼命地说它不好看不好看！,4,画皮
很感动。周赵的造型都很喜欢。很古典。赵自从姚木兰之后似乎很擅长把握隐忍这一感觉。隐忍到眼神。周第一次让我觉得她原来可以很阴险。孙俪很可爱。配乐很好。唯一缺憾是尾巴过大。我觉得可以在王生自杀后就结束。,4,画皮
配乐+1，虽然瑕疵不少，但我比较喜欢,4,画皮
赵薇＋周迅,5,画皮
周迅好演员,4,画皮
故事剧情演员都是一流的，没得说的好。,5,画皮
狐妖，鬼魅。张靓颖《画心》,5,画皮
原来是真人版动画片儿啊。好一个至死不渝，好一个精神出轨。好一个古典版“中国式没离成婚”。陈嘉上，我看好你。,4,画皮
赵薇演技大幅飙升啊,4,画皮
周迅比赵薇演得好！,4,画皮
爱情是有先来后到的,4,画皮
真的有差点有哭,4,画皮
除了孙俪，一切和谐,4,画皮
冤冤相报何时了，爱爱相报又何时了。,4,画皮
陈坤很帅的。,4,画皮
又看了遍导演剪辑版，将五星转为四星。虽然依然有感动，可是结尾的仓促也是无法忽视的。群众演员也需要演技训练啊！庞勇之所以会输给王生，是因为他出征之前逗佩蓉笑的样子实在太像登徒子了！张靓颖的歌真棒！,4,画皮
泪奔。。,5,画皮
剧情还是不错的，视觉效果很唯美,4,画皮
小唯那么让人怜,5,画皮
还好，感情戏了。,4,画皮
"王生对佩蓉的爱不够坚贞,对小唯的爱不够坦白...",4,画皮
小唯超美，赵薇白发中毒那里演的不错。,4,画皮
常用标签里没有陈坤。。。看来他这次真的蛮失败。。。,5,画皮
赵薇升华了,5,画皮
咋就给了五星？当时着了狐媚？,5,画皮
音乐很好。日本人配的。。。。,5,画皮
两个女人一场戏,4,画皮
可我已经有佩蓉啦。这叫什么话。,4,画皮
相比还是更喜欢赵薇，别说妖精不懂爱，虽然她TMD是小三。,4,画皮
小唯很精彩,4,画皮
蛮感人的,5,画皮
7分,4,画皮
2008/9/28，北京王府井新东安，dyl,5,画皮
周迅灵气逼人，赵薇演的干净纯粹，看两个大花飙戏好爽,4,画皮
你不懂什么叫做爱,4,画皮
谁让他先来惹的我?,4,画皮
人妖恋,4,画皮
佩蓉：你根本就不懂爱情。小唯，与我一样同样不懂爱的女子。,5,画皮
好喜欢，好电影！,4,画皮
世间难有真情在。。如今小三难击败！！,4,画皮
周迅猛,4,画皮
"淒美的愛情故事, 周迅的狐狸精也太唯美了吧!",4,画皮
可是你还是爱上别人了，不管是不是在梦里。她白着头发奔跑出来时，痛到落泪。孙俪好像李宇春，还让我想到倩女幽魂里的虚竹的妹妹= =。。不过演得还好啦，配音选的都蛮有意思的。各位都演得很好，有说陈坤演得不好，其实我觉得他诠释对了，这么个忽真忽假、自以为很负责其实最懦弱的混蛋东西。,4,画皮
兩個女人一台戲。,4,画皮
第一部好看多了，第二部就是个X,4,画皮
爱情温暖生命,5,画皮
冲着赵薇去电影院看 为了这个我也要给四星,4,画皮
虽然甄子丹和孙俪始终不在一个拍子上，虽然赵薇演得很平淡，虽然周迅的拿腔拿调略显造作，虽然剧情有点琼瑶……但综合素质还是很均衡……,4,画皮
情感到位，看俩大花飙戏很爽,4,画皮
简单的故事 不简单的爱情,4,画皮
其实我觉得还蛮好看的= =+,4,画皮
对这种爱情故事看得太多了 不过还是值得一看的,4,画皮
我很伤心。无关电影。,4,画皮
我觉得还是很不错的，特别是特效,5,画皮
对6.5分不满，就酱。,4,画皮
看完印象挺深刻的，但是周迅还真是骚.,4,画皮
only with you can i find such beauty and happiness.,4,画皮
柔弱胜则钢 最美的是温柔,4,画皮
爱情是永远的主题，只要心还在。近几年，我最喜欢的一部电影，,5,画皮
四星给甄子丹【喂,4,画皮
只懂得爱而不懂责任的人，就是妖。,4,画皮
华语电影的优秀魔幻典例。故事充实，演员卡司强大，服装造型很讲究，导致全片剧情线稳定，画质考究不流于浮华。最后一首«画心»很好听。,4,画皮
为佩蓉给四星~,4,画皮
成功的商业电影,4,画皮
这部的摄影角度很非主流 陈坤太肉 周迅美极了 赵薇进步显著 孙俪声音最好 甄子丹很广东,4,画皮
信与不信之间，爱与不爱之间。,4,画皮
只不过因为她是妖所以你杀了她，如果她不是呢？,4,画皮
一切源起小唯的爱欲，一切由于王生的不坚，看了第二遍，虐的要死要死的，真的很好看,4,画皮
有周迅在，赵薇演技分分钟被秒啊，一只有心机却又爱上人类的狐狸精，被演绎的出神入化。主题曲画心也相当不错。,4,画皮
挺好的了，最起码比十月围城要好。我看了5遍，每遍都感动。,4,画皮
去电影院看的。。。太恐怖了。。。而且又一苦逼路线,4,画皮
一直心心念念的要去电影院看画皮，因为嫌网上下载的版本不清晰，现在终于如愿了~~~太喜欢周迅的缘故，所以看的过程难受了些，好在最后陈坤的一句：“我爱你，可是我已经有佩蓉了。”让我困惑许久的心，终于明了~~~要是我那么爱一个人，不知道会否有那样的勇气，成全他......,4,画皮
其实是个俗片，但是我被感动了。,4,画皮
整体不错。剧本写得比较草率简单。看点在周迅~,4,画皮
在思考了2个月以后，我发现这真是一部可以评4星的电影，周迅最后崩溃的场面让人绝望又充满希望,4,画皮
还不错~,4,画皮
小赵演技突飞猛进，小周一如既往地可爱,4,画皮
挺好的。,4,画皮
情也是妖,4,画皮
“可我已经有佩蓉了啊”这结尾传达的感情真是太赞了。赵薇好赞。其他都是渣,4,画皮
和旬子一起～再感人的电影都能看出2B处～～～可那拨了皮的妖造型也太假了吧～,4,画皮
很喜欢里面鲜艳的小唯，一只狐妖爱上了人便不惜一切代价苛求幸福。可是给了你爱，就不能放弃自己的责任。,4,画皮
再多種愛情其實都是一種,4,画皮
喜欢小唯,4,画皮
今年的大陆电影整体水平提高,4,画皮
通过中央六套又看了一遍。总之是个全世爱的故事。,4,画皮
重看了一遍，其实应该值得4星。画面不怎么样，但是该讨论的小三的问题已经讨论尽了。,4,画皮
  前半部根本没有节奏，不过后半部渐入佳境——我这评价还是很宽容的,4,画皮
周迅演技神了,4,画皮
结尾挺感人的,4,画皮
你们根本不懂什么叫做爱 赵薇说 .,4,画皮
"这个,我看睡着了..",4,画皮
挺好,4,画皮
我挺羡慕男主的爱情观的，也许有的人会觉得假，但我觉得很现实。,4,画皮
"王生开始梦小唯时是不是就是一种出轨?精神出轨?所以他说不相信我?一个陌生女子他那么肯定她不是妖,一个耳鬓厮磨多年的爱妻,仅仅是变幻了摸样,他便相信她是妖?他说不管你是人是妖我都爱你,女人为了这一句话自尽身亡,不理智的女人啊,你何时可以如男人般,有精神出轨又极其有理性地说出万分感性的话呢?",4,画皮
画皮容易画心难,4,画皮
给五颗星是因为我被感动了。,5,画皮
多亏周迅撑着这部戏,5,画皮
妖，很简单；人，太复杂。,4,画皮
没有宣传的那么好，但也不错吧,4,画皮
还是不错的,4,画皮
王夫人只有一个..,4,画皮
我觉得片尾曲非常好听，赵薇演技小爆发,4,画皮
"编剧实力不够,结局拍的不好!!!",4,画皮
13，我的怀里,4,画皮
喜欢赵薇的表演,4,画皮
没感觉……,4,画皮
还是有感动。,5,画皮
我终于看了，一个六角恋的故事，周迅很妩媚，赵薇很贤惠，孙俪很可爱。顺便提一句，陈坤的造型让我想起小时候看的连续剧《东游记》里的穿山甲,4,画皮
"真的,一般...但是现在在想想,大家都演得很出色,而且偶尔还很搞笑,浪漫的爱情故事",4,画皮
除了节奏有点慢，其他还挺好的...,4,画皮
“不论你是人是妖，我都爱你”个人却不能和他在一起。感动于庞将军对佩蓉的执著。,5,画皮
画皮画骨难画心···,4,画皮
这种爱情太伟大了 ,4,画皮
有些地方比较搞笑,4,画皮
至少还有画面。,4,画皮
没有我想象中好，但我必须承认周迅和赵薇真的不错,4,画皮
"爱,说不清对与错,那是不是精神出轨就是可以原谅的?",4,画皮
其实还挺好看的~,4,画皮
比期望的好很多啊,4,画皮
哎呀~~真的哭泣了啊~~,4,画皮
最后我居然听见了街上有人喊 两个六块一个三块= =     那时候就用块了吗....以及配乐究竟在想什么？！,4,画皮
画面不错,4,画皮
感觉还不错啊，陈坤大爱,4,画皮
从内容，表演，到主题歌都不错,4,画皮
由于片尾曲加一颗星,5,画皮
坤哥，,4,画皮
我一顿哭 一顿哭 虽然我知道 可能是挺老套的 但是这种放弃爱的 人 成全 别人的这种感情。。。。,4,画皮
营销学成功范例 ,4,画皮
歌好听,4,画皮
看在煽情把我和阿蚊煽哭了的份儿上，给个4星吧。,4,画皮
久违的爱情戏,4,画皮
一，是不是我恶俗了？看这种片子除了觉得赵薇的装真是画的太不服贴了几乎没有别的感慨了。二，我觉得吧，其实我喜欢这个很大一部分层面还是因为虽然有男小三女小三，但是每个人最开始喜欢谁，还就继续喜欢着。这种执着还有男一那种小三都脱了他还稳如泰山的定力，一定要看齐！,4,画皮
虽然被捧得有点过了，但确实不错，画面服装摄影都很考究，确有“东方魔幻”之架势，，音乐太电子游戏了，经常让我出戏。,4,画皮
你根本不懂什么是真正的爱~,4,画皮
我觉得挺感人的,4,画皮
无奈，终究变了心,4,画皮
我竟然下的是粤语DVD版本，别有一番风味啊。,5,画皮
周迅真是美,4,画皮
管别人，我喜欢,4,画皮
千年的道行依旧不敌一句“我爱你”,4,画皮
上一堂爱情课,4,画皮
结局太傻了,4,画皮
还不错,4,画皮
真是可怜的周迅，，，老演被陈坤负的女人,4,画皮
不吓人但还不错,4,画皮
不知道为什么就觉得好看,5,画皮
到最后..已不是谁是妖的问题...而是爱的问题...,4,画皮
其实我觉得还不错，古代的场景还原得挺好的。,4,画皮
老实说，这种对爱不求结果的执著真的很令人欣赏,4,画皮
★★★☆比想象中好。,4,画皮
因为爱情 。。,4,画皮
画皮这首歌响起的时候，眼泪忍不住掉下来了,4,画皮
太商业化的爱情电影。还好有周迅。,5,画皮
电影一般般，但最后一个画面实在太矫情了！4星。,4,画皮
2008 10 18,4,画皮
国内算是比较好的片子，所以给了五颗星。两个小时很快过去，不仅仅是因为好看，也因为可以有很多的内容插进电影却最终没有。。让整部电影的内容除了那似懂非懂的爱情之外，别无其他。。陈坤，到底什么是责任，你弄懂没有？！但是谢谢你，起码让我有了一个再一次认真思考到底什么才是责任的机会。。,4,画皮
周迅演白狐狸真是太恰到好处了~~~,4,画皮
爱情，怎么总是看不懂。。。这部里面可爱的丹丹，要赞一下～,5,画皮
挺好一部爱情片，这么个放在任何时代背景下都说得通的套路故事也拍得挺感人，演员演得都不错，我第一次发现赵薇有演技。周迅风声前的状态和拍风声后还是大不相同啊，语气眼神都不一样。片尾的狐狸萌得我一下出戏了，张靓颖再唱煽情歌曲也没用。这片里最美的人儿是陈坤~,4,画皮
即使王生为佩容自杀，但自杀前对小唯说的那句“我爱你”就不能让人原谅。,4,画皮
有小宝的气息：）,4,画皮
刀槍不入都只怕你的義無反顧,5,画皮
没有想象的那么好。,4,画皮
觉得本片最像妖的其实是王生的扮演者——陈坤。,3,画皮
剪辑不流畅，前半部分流水帐，结尾啰嗦而无聊。周迅的表演是最亮点。王生定位错乱，导演缺乏才华。,3,画皮
还是觉得赵薇挺好看的。,3,画皮
赵薇同样值得表扬,3,画皮
周迅越来越有味道了,3,画皮
王晶夸周迅说，“她以五呎的身高，绝非玲珑浮凸的身材，把一个狐狸精演得比任何一个性感女神都性感三倍。 这就叫演技。”《画皮》之于周迅本来可以成为《青蛇》之于王祖贤那样的经典代表作，可惜独木难成林。一个颠倒众生的狐狸精救不了一部烂片。,3,画皮
美人一张脸，王生晃花眼；蓦然一回首，一颗骷髅头。,3,画皮
画皮一出，人人怀念青蛇的好。如今画皮2一出，大抵是人人又怀念画皮的好了。,3,画皮
还是不喜欢赵薇，看咱家孙俪多舒服。。。,3,画皮
还不错，合适的演员演的不错的角色,3,画皮
赵薇变为白发魔女的那段演绎的不错，那种眼神真的很感人。,3,画皮
我始终无法同情周迅。两颗星给画心。,3,画皮
赵薇，陈坤，周迅，三个人的铁三角，真的配合的不错！,3,画皮
记得那时候看的时候真的有被吓到,3,画皮
原来喜欢不可以伪装，原来快乐不可以假装，原来永远和瞬间一样。,3,画皮
画皮难画骨，识人难识心，迅哥真棒，小唯再难见了，当年的娘娘还真是青涩,3,画皮
本来以为是恐怖片，但是却是一个爱情片，片中的人物不知道该心疼谁，觉得既可爱又可恨！,3,画皮
赵薇啊！！！！！！,3,画皮
个人觉得匠气很重的一部片，连周迅的灵动都所剩不多，拍摄技巧、故事情节阻碍了演员发挥。,3,画皮
都说心不在了，要皮何用？始终相信，世间没有永恒的情爱，能永恒的都已幻化为亲情，一张皮还包裹着责任。非常喜欢主题曲，演员都挺好，但没有什么惊喜。,3,画皮
画心,3,画皮
周公子真是……迷人,3,画皮
我还是觉得应该尊重原配把，我选赵薇，用手段得到的应该没法长久把,3,画皮
画面很美，只是感情方面感觉不是很喜欢,3,画皮
演员真的是演技派啊，大花飙戏呢，两个都挺喜欢的，本来故事里更喜欢小唯的，可是这里赵薇的角色也很可怜很让人心疼啊。,3,画皮
根据聊斋故事改编的电影 赵薇周迅陈坤都是当时一线当红的明星,3,画皮
断断续续看完了，不喜欢男主的人设,3,画皮
赵薇和陈坤好不搭,3,画皮
周迅演的很灵气，赵薇感觉被压的没有存在感了。,3,画皮
还可以，歌不错,3,画皮
虽然都是大牌演员，但是真的觉得一般，里面的歌曲挺好听的多加一星。,3,画皮
赵薇把王夫人的端庄稳重诠释的很到位，周迅把狐妖的妖娆与灵性也演绎的很有味道，全剧我只关注这两位女主角了。另外就是主题曲十分给力。,3,画皮
妖有画皮，蛊惑人心,3,画皮
其实算不错,3,画皮
陈坤很帅呢,3,画皮
剧情有点恐怖，不过都是大咖演技还是很过硬,3,画皮
周迅和赵薇的惊艳程度还不够，周迅没有红高粱那样的放开，赵薇也是，可惜了,3,画皮
隔了十年再看画面依然很唯美，小时候很不喜欢小唯来着，现在，心疼,3,画皮
周迅赵薇不愧是大花,3,画皮
为了2,3,画皮
谁说大制作就工业，小成本就感人。起码比李米会讲故事，不过不失就成功了。可惜场面不够大，特技少。没了王祖贤的美，妖都变平凡了。,3,画皮
赵薇和周迅的演技都很好，不错,3,画皮
挺漂亮的。,3,画皮
我始终无法同情周迅，画心很好听。,3,画皮
果然果然，就是争风吃醋的爱情故事。不过，事情的发展总是非常微妙的。,3,画皮
其实故事还是蛮好看的，就是脱皮的那个真真吓到我了。and周迅赵薇都好有味道。,3,画皮
一颗星给音乐 一颗星给两个女主角 一颗星给服装道具化妆灯光,3,画皮
现在看也是平平，所以这么高的评分是？给演员还是导演的？,3,画皮
还可以吧,3,画皮
3.5  1.没那么差。2.周迅、赵薇、陈坤、孙俪都演的不错。,3,画皮
一般吧…感觉是个魔幻片，与我理解中的聊斋相去甚远，大概是为了迎合当代的审美吧，不懂。。。,3,画皮
真吓人= =,3,画皮
情爱里无智者,3,画皮
這全都是因為我對你的愛。,3,画皮
古时候在念书人姓氏后面加“生”以示尊敬，比如画皮的王生，西厢的张生。且不论化身为武将的陈坤还适不适合称生，单赵薇一口一个“生哥”就够让人雷倒，如同今天管丈夫叫“先生哥”…………嗯，别样亲昵,3,画皮
一直挺喜欢周迅的，她的小唯让人心痛，好悲伤好凄美,3,画皮
爱情真是……,3,画皮
画人画皮难画骨,3,画皮
能给四星的，无奈这戏迅哥儿小三演的太好以致于我讨厌了她好长时间(￣▽￣&#34;) 减一星【喂！,3,画皮
在电影院看的，也就那样吧。所谓脱皮那段也就那样而已咯。,3,画皮
说实在的，我真的挺不喜欢看恐怖片的,3,画皮
这算什么，台词好烂，陈坤演技不行,3,画皮
孙俪 你真萌啊···,3,画皮
讨厌甄子丹,3,画皮
你爱他，他爱她，她爱他，他又不爱她，他又爱她，她最后居然又爱他。。。牛逼,3,画皮
也就可以看,3,画皮
爱情片。。。,3,画皮
小三想转正,3,画皮
“你这个吃苍蝇的，根本不懂什么是爱情！”,3,画皮
一个惊悚题材的故事拍得和白开水一样平淡,3,画皮
孙俪啊你就是个悲剧,3,画皮
很细腻的片子，不闷。孙俪和甄子丹真算是欢喜冤家了，不知道赵薇和周迅对调对方的角色会是怎样的效果,3,画皮
跟英杰哥和小野姐滴美丽回忆……永远记得“找手机”,3,画皮
一般，没觉得特别好看，主题曲挺好听的。,3,画皮
错位的爱～越画越邪～画面做的跟网游宣传片似的～,3,画皮
大家变妖之后都好看了很多,3,画皮
原以为是恐怖片，如今才知是部爱情片。,3,画皮
女人啊。。。里面很多的话都是有所经历的人才能够一下子说出来的。,3,画皮
我不吃人心，会老的。,3,画皮
哎。。。。,3,画皮
CCTV6。。。,3,画皮
其实，比画皮2好很多,3,画皮
噱头足够，内容疲软,3,画皮
"画面很漂亮,尤其是开头.那个妖的原生态没必要用特技做得那么恶心,全是虫子.感觉导演应该进一步颠覆一下原来的故事,即然能多了勇哥和什么捉妖帮的女道士,也完全可以让那雌雄难分的妖爱上王夫人,让王生面对着自己老婆的女同性恋问题束手无策,故事看起来会更有趣.",3,画皮
"不管你是人是妖,我都爱你.",3,画皮
一般般，再也不相信媒体了,3,画皮
画皮想要让你去敢相信，美色面前绝不变心的男人并不是没有的，女人要对自己充满自信。但是，我依然不信这种鬼话= =,3,画皮
我觉得赵薇成熟得好美人，只可惜又嫁走了一个。,3,画皮
观影体验还行。,3,画皮
剪辑有大问题。,3,画皮
那个时候看的迷迷糊糊，剧情就这样吧，画面美吧。,3,画皮
冲着蒲松龄先生，应该不给星星，但冲着片中赵薇2个精艳的造型和场面制作，给个还行的评价吧,3,画皮
坤姐你怎么man得起来~~,3,画皮
特效效果在国内已经算不错的了，剧情逻辑还是漏洞多啊，女演员不错。6.9,3,画皮
给美工加了一星,3,画皮
我是一个降魔者…… PS:片头的周迅太惊艳了,3,画皮
现在想起来有点搞笑，和怎么办先生开始,3,画皮
补上分数，只记得开头和结尾的那只蜥蜴了,3,画皮
三位女主各有精彩，周迅一贯的水准之上，赵薇第一次演技说话，孙俪分外抢镜~,3,画皮
不及老版的韵味。,3,画皮
结局太俗,3,画皮
画面不错，整体一般,3,画皮
小周迅真可爱,3,画皮
没有想象中难看 只是一般难看,3,画皮
我被爱情感动了,3,画皮
除了华丽的汉服外什么都没有,3,画皮
就记住了赵薇的装束,3,画皮
情节粗糙 还是无法忍受赵薇 虽然她这部演技还好,3,画皮
看的我好纠结，看哭了呐~ 狐狸精一直没看到身边对自己好爱自己的蜥蜴精，厂花明明动心了，还要装忠贞，但是最后还是证明了有些男人就算心理出轨了，但是会负责会克制自己，也算好男人嘛。。。。。 ,3,画皮
小于期待值,3,画皮
比預期的好一些,3,画皮
表扬下美工，结局太忽悠人了，浪费人感情么不是~,3,画皮
人与妖，人与人之间差别何在。一张皮换上妖就是美女，而人撕下这张皮呢！,3,画皮
曾经水灵水灵的赵薇啊，岁月真是不饶人～特效很差，砸下去的100万美元看不出效果，同样是找老美来做，效果不如《功夫》,3,画皮
还Painted Skin...,3,画皮
可以看。。,3,画皮
特效像假的一样。。。,3,画皮
因为张靓颖让我对这电影稍微有点好感,3,画皮
这片儿没啥好哭的,3,画皮
开始看的时候还很有感觉 可是看完之后。。。发现 真的没有什么剧情  没有什么留下。。。,3,画皮
享受了甄子丹原音.,3,画皮
蜥蜴,3,画皮
经过这样的事.佩容还怎么能跟王生在一起呢?,3,画皮
脸上抹了好多粉啊~,3,画皮
好狗血,3,画皮
最后大家都披头散发，皆大欢喜咯！,3,画皮
这不是魔幻片，这不是恐怖片，这也不是惊悚片。以上这些都是电影宣传时的噱头，这其实只是一部爱情片，还是一部告诉你如何成为完美小三的电影。公正的讲，在香港导演北上拍片大潮中，这部还算不错的了。,3,画皮
赵薇白发+血泪惊艳,3,画皮
哎,3,画皮
音乐很美，真不知电影的名字和情节怎么对应的起来 ,3,画皮
删掉最后十分钟还行,3,画皮
"虽然一般,但是我还是哭了",3,画皮
大概是陈嘉上这个烂片王拍的最好的吧,3,画皮
尽管开篇剪辑有点生硬，但是整体来说，还是高于预期的~情感方面做得很到位，并且每个角色都塑造得还算鲜活，喜欢周迅，喜欢那一段跟拍赵薇的镜头,3,画皮
我端正了态度，去美嘉看了[画皮]。故事还不错，但为什么这样拍呢？ 但重要的是，到影片结尾我才看出那条bl暗线呀，坤美人最爱的是庞勇！黯然销魂……,3,画皮
一个主题：画皮者怎么也看不透这爱。,3,画皮
为啥子赵薇总是那么的苦命呢？,3,画皮
周迅出场还是蛮惊艳的,3,画皮
本子不怎么样，但演员真是很强,3,画皮
给三分！我觉得及格了！还是初中的时候上映第一天去看的～,3,画皮
我真感觉。。。女人好脆弱，真的那么喜欢这种粗枝大叶的影片吗？什么点那么吸引她们呢？,3,画皮
要不是剧本好。。。。。。聊斋志异可以的。。。。。。。,3,画皮
小狐狸很pp，就算最后的画面不是很美好，小蜥蜴毕竟是。。。,3,画皮
拍烂了的片，如果换成张曼玉，梁朝伟们……,3,画皮
故事的基本结构是这样的:陈坤和甄子丹本来是战友，两个人都喜欢赵薇。赵薇选择了嫁给陈坤，甄子丹愤而远走。赵薇怀疑陈坤喜欢周迅，进而发觉周迅来了之后，城里开始死人。认准周迅就是妖怪,3,画皮
1颗星给周迅赵薇，那个王生实在混蛋,3,画皮
“有时候，我们愿意原谅一个人， 并不是我们真的愿意原谅她，而是我们不想失去她。 不想失去她，唯有假装原谅她。”——《画皮》,3,画皮
张靓颖的歌真好，周迅演的也好。,3,画皮
赵薇演技有突破，可小三的实力也不弱。,3,画皮
火了一首歌，验证了周迅演小三的实力，同时证明了赵薇不愧是演过姚木兰的人啊...,3,画皮
结局挺雷的，除此之外都很喜欢，拍得很美，赵薇让我惊艳了,3,画皮
周迅演的好是好。但是她一说真的吗的时候我就想哭了。可惜了一个美人。,3,画皮
佩蓉憋屈得太不够了 明显良家妇女是斗不过小三的。。。巨大的问号——为什么她会怀疑她是妖呢。。。很突兀,3,画皮
@周迅 你的演技和美貌是要将@赵薇 置于何地？,3,画皮
真是人也痴情、妖也痴情……可是这电影，从造型设计到音乐，怎么都那么像电子游戏啊？~~~,3,画皮
俗，放在九十年代，它能算什么？,3,画皮
以前被室友天天放主题歌逼得只好看了，还算是中规中矩，三星半还是可以有,3,画皮
《画皮》是带有很强的古典人文气息，陈坤扮演的文武双全的王生很有风采，身上蕴藏着几分让女子动容的魅色,3,画皮
第二次太无聊看居然快看哭了。。。。。。。。,3,画皮
何必是这样的结局呢,3,画皮
剧情两分，主题曲不错多一分,3,画皮
演員都是喜歡的 但劇情一般般 。,3,画皮
能引起大家这么多评论的。就不错了。,3,画皮
除了音乐还可以，其他的不值一提。编剧真是脑残……,3,画皮
2013.3.19 22:15,3,画皮
故事确实糟糕，摄影和演员其实蛮好，台词很不合气氛,3,画皮
我觉得还是配乐比较好听。,3,画皮
看了这部更加喜欢周迅多一点，更加不喜欢赵薇多一点,3,画皮
能看,3,画皮
想怎样 = = 三星是给周迅的！,3,画皮
算是国内比较早期且质量也过关的玄幻片了。视效并不差，少量的特效加不错的美工，主要还是以实景打底。当然剧本还是一般，最后也是落入俗套，一些细节倒很赞。最大的问题还是高潮解决得太随便，整部电影将近3分2在明争暗斗，期间有些不痛不痒的动作戏，可最后却突然前功尽弃，简单粗暴后只剩一口的干涩,3,画皮
感觉没那么好，但也不算差。可绝对不是原著。。。,3,画皮
其实这故事挺好的,3,画皮
最跟到底 男人还是徘徊在白玫瑰和红玫瑰的问题上,3,画皮
还算好~,3,画皮
20081011 青年宫电影院,3,画皮
真和谐！,3,画皮
果然什么样的电影被CCTV6一介绍就好看很多~然后看了其实也就这样~TAT,3,画皮
貌似真的不恐怖,3,画皮
重温/导演剪辑版。你根本不懂，什么叫做爱。可试问，又有几个人能算真正懂呢？！,3,画皮
陈坤你要不要演的这么假 周迅加星 豪杰你太TM像甄子丹了！！,3,画皮
对于这种鬼啊怪啊的 实在不行= =,3,画皮
没有一丝恐怖，周迅身上没有小唯应有的妖气，再也没有第二个王祖贤了,3,画皮
人不象人，鬼不象鬼，而最大的败笔··是甄子丹和孙俪,3,画皮
老听同事唱主题曲，才看电影。,3,画皮
最后有点小感人…,3,画皮
有周迅的，我大都不会给太差的评价。,3,画皮
没觉得很好,3,画皮
第二遍在北京和维看的，第一遍在杭州和谁看了。,3,画皮
歌好听,3,画皮
浮躁...,3,画皮
片子很不靠谱，但确实让我想了很多，不是演员的演技好，也不是故事内容好，而是遇到混乱的三角关系都能激发我的思考……累啊,3,画皮
扮相挺美的,3,画皮
7分,3,画皮
爱情不是占有,3,画皮
出乎意料的不错,3,画皮
怎么说呢，顺利看完不瞌睡，看时没有骂这什么比玩意就超过预期了。,3,画皮
MLGB 我看不了这个 我看不了这个 我看不了这个 MLGBD ,3,画皮
很一般啊~但好歹支持國產電影...大概...一半國產？~記住了王生在那一刻說的話~那一刻的表情~那一刻的眼神...,3,画皮
这是我小时候看过的周公子的第一部电影作品，画皮给我留下了深刻得印象，小唯挺让人心疼的，恨不起来，陈坤和赵薇也奉献了不俗的演技,3,画皮
精武英雄恐怕是陈嘉上唯一的亮点了。不过周迅吵架真NB，不逊色于徐静蕾。,3,画皮
生平唯一一次在电影院哭到气短长达半个小时以上，所以当后来和同一个人一起看《人在囧途》时，发现这个人的哭点如此之低，为刚刚接电话去了而庆幸没有又一次在她的影响下在电影院苕皮。,3,画皮
有史以来最差电影配乐，好在演员演得都还行,3,画皮
可不可以再丰富一点？,3,画皮
生活中的原形不少,3,画皮
"六角恋,好可怕",3,画皮
画皮居然是08年的，天呐，也就是说08年的时候我电脑里就有这片子了，可是四年过去了我都大学毕业了我才看了这片。,3,画皮
看画心的MV就足够了~~~~,3,画皮
两女人都好，男人太贱,3,画皮
有点粗糙...,3,画皮
一般般,3,画皮
电影还行，赵薇表演不错。电影和原著出入太大了,3,画皮
歌曲很好听...赵薇很漂亮,3,画皮
妖有了人性就不再是妖...,3,画皮
剧作动力在哪里啊在哪里？,3,画皮
勉強。,3,画皮
内地俩最喜欢的女演员,3,画皮
还行，总体不错。恐怖镜头不恐怖，有点象有新意的感情片。用了聊斋的套子内容全不同，包括不是鬼是狐，可是并米有看到狐狸尾巴，我是很期待看到尾巴的~其实~~,3,画皮
没什么好说的，全给说完了,3,画皮
在中国，女妖怪都是情痴，男大侠都是白痴。,3,画皮
278,3,画皮
情节挺简单的。。。,3,画皮
有点儿好莱坞风格，不知为什么我觉得它比“游龙戏凤”商业化...,3,画皮
一点不恐怖...狐狸精的声音太雷人了啊...Orz,3,画皮
“无处不在”的音乐成了一大败笔（马上让我想到了《亮剑》）。更喜欢刚上场在客栈吃火锅的孙俪。,3,画皮
比想象中好多了，不雷,3,画皮
都是为爱伤神的主啊~~,3,画皮
场景还算唯美~,3,画皮
台词很水来的，其实无感，当初同学还看哭了,3,画皮
及格！,3,画皮
一晃四年过去了，我依然记得。,3,画皮
人妖都痴情。,3,画皮
蛮无聊。,3,画皮
三星是冲着周迅和赵薇的。我爱你，可是我已经有佩蓉了。。。男人啊。。。男人。。。,3,画皮
突兀,3,画皮
啊，是我们四个人一起去看的吧，当时我还问，为什么每次我们看电影的时候都选鬼片呢？现在只剩下三个了...那个连我手机号码都不知道的人，在我的生命里算不算完全消失了呢，如果每一次都要我去低声下气的去找她，问她在哪里现在怎么样了，我是不是也太招人烦了...,3,画皮
周迅真是不错,3,画皮
赵和周的演技真是炉火纯青，片子很淡但是总是隐含很强烈的伤感气氛~这点是片子很夺目的地方~忽忽，另外镜头的运用很娴熟表现力很强,3,画皮
小三励志片。鉴定妖怪的手段都太专业，划个手指滴个血不就真相大白了。这是个bad ending！,3,画皮
总体感觉一般，很一般。赵薇演技进步明显，周迅还是这么精怪，陈坤的表演中规中矩，甄子丹还是不适合拍文戏，片尾的《画心》张靓颖唱的是真不错。,3,画皮
200811.24.半截加入。女角很棒。over。爱情么。费洛蒙而已,3,画皮
也就这样，囧囧更健康,3,画皮
我以为是恐怖片 看了才知是爱情片 悔了,3,画皮
三分全给周迅的后背。,3,画皮
世俗。,3,画皮
@梅小···席地而坐···还能有几次？,3,画皮
周迅赵薇演技不错，其他没什么好,3,画皮
节奏太慢,3,画皮
服装太美丽了！！！！除此之外没有什么给我留下深刻印象,3,画皮
不是每一部票房上成功的电影都是好电影。。画皮完全是档期好，奥运刚过，大家憋太久了,3,画皮
给周迅请个配音啦。。,3,画皮
陈导,3,画皮
有点搞笑，有点悲情，弄得严重不搭，只能说尚可娱乐。功力如此不济的片子居然拿去申奥斯卡...不解,3,画皮
这个世界本身没有画皮的存在，之所以讨论是因为心里有鬼。只要心里不忠贞，外面的女人就是画皮了。,3,画皮
我美丽的周迅。,3,画皮
这封面比电影恐怖多了。。。,3,画皮
三分都給趙薇~,3,画皮
並不喜歡聊齋故事。這部適合所有觀影人群的電影，足以證明篡改和與時俱進有多麼的重要。一摒傳統的對於鬼怪的厭惡，小唯的存在更確切的說是小三的化身。於是，無數人感慨小唯的良心未泯，同情王夫人的遭遇。不過，卻沒有人指責將軍的行為，若是堅毅的感情，為何不相信自己夫人所言呢。,3,画皮
赵薇变白发那超心酸,3,画皮
故事不错。其实不要那么苛求！,3,画皮
看哭了。。。,3,画皮
剧情 配乐都算不错 只是美工处理比较让人费解……,3,画皮
淡淡的感覺趙薇的演技比周迅好.............,3,画皮
这年头周末看场picc也不容易，排了约1小时的队，10号厅的屏幕画质不佳，让人联想到有n个坏点的psp，音响输出也有问题，一度怀疑自己是否左耳失聪。。将原作摇身变成多角暧昧关系的神怪爱情片，但剧情较单薄铺垫不够缺乏信服力，在感人方面先天不足。人物造型比较日式，动作戏无甚新意，剧情一般略带纠结，究竟何谓真爱，影片未能自圆其说，将答案留待观众自行回味。,3,画皮
周迅的演技真的很好,3,画皮
没有宣传的那么好看，一般吧，很一般,3,画皮
画人画鬼难画骨,3,画皮
狐狸精在世,3,画皮
王生已爱上小唯，小唯虽是第三者，却也着实可悲~,3,画皮
我就觉得周迅挺好看的··以及王生明明gay感很浓好吗==,3,画皮
嗯。。5个女生挤在我床上看,3,画皮
其实后来仔细想想这片子，不怎么样,3,画皮
无关画皮的爱情武侠片。,3,画皮
601四宝@武昌电影院,3,画皮
画皮儿~,3,画皮
周迅 我喜欢你 我喜欢你,3,画皮
暧昧让人受尽委屈,3,画皮
太注重特效，视觉，特效也没做多大好，剧情还行而已，双女主演技好评。,3,画皮
各人各画自家皮，为情为欲为名利。,3,画皮
刻画的不够...,3,画皮
为什么画皮拿下来是这么个恶心的东西！这电影我在电影院看了3次！第一次是呕~~~第二次是~耶~ 第三次彻底没感觉。。,3,画皮
我真的是恶趣味……,3,画皮
勉强及格,3,画皮
赵薇老得真快啊,3,画皮
打上這個標簽還真讓我感到奇怪 一點也沒有港味 脫皮后真讓我失望 失望 ,3,画皮
也许是对港台电影就是有思维定势，就觉得这部电影还行吧，原以为是惊悚片，变成了爱情片，呵呵～男女之间真的有至死不渝的爱情吗？我还是持保留态度啊～,3,画皮
再次肯定周迅的演技，她是本片的最大亮点。关于聊斋，是很神秘蕴藏丰富中国元素的文化，但是影片似乎对这个不感兴趣，爱情的诠释非要这么拖沓、直接吗？陈嘉上作为一个香港导演还是显得不大气，这是香港的通病。我认为画皮的主题是神秘诡异的传说以及丰富的神话细节，当聊斋沦为言情小说是什么样的灾难,3,画皮
过的去,3,画皮
其实王升才是披着人皮的妖吧，大老婆没错小三没错，你如果不朝三暮四能出来这么多的故事吗？,3,画皮
毫无意思,3,画皮
真没啥好看的,3,画皮
其实周迅和赵薇都是很好的演员。,3,画皮
还是觉得赵薇挺好看的,3,画皮
撕脸那个镜头花那么多钱不值,3,画皮
"故事讲得很清楚,只不过镜头语言有待提高..摄像和剪辑也实在让人无语",3,画皮
古装外衣下的现代戏。,3,画皮
陈坤好帅,3,画皮
"compromising, i am not a big fan",3,画皮
和同好边看边讲冏笑话真幸福~,3,画皮
和皮娟看的~,3,画皮
我好讨厌赵薇在里面的装扮啊- -,3,画皮
不吓人，不凄美 音乐很好,3,画皮
我那个恶心啊！,3,画皮
还行。,3,画皮
我想说。。还可以更恶心点,3,画皮
和宝宝电影院看滴。,3,画皮
电影的开始的感觉很好。中间有很多地方还是有欠火候。可以是一部好电影。其实聊斋志异是一部很好的书。还有音乐很好听。,3,画皮
白发赵薇抱陈坤时稍稍感动到了~~加一颗~~,3,画皮
画面音乐还不错，剧情一如以往的大片一般沉闷...终究是无法超越倩女幽魂这样的经典,3,画皮
闹鬼……鬼闹……,3,画皮
配乐很一般，编剧有点扯，摄影不太专业。最关键的是，它没有大片的气质，也没写出情感的深度（小唯为什么死乞白赖要爱王生呢？）。导演的水平似乎仍然停留在九十年代。,3,画皮
好吧，佩蓉和小唯死的时候我还是掉了泪的。,3,画皮
比想象中好,3,画皮
陈坤！你个妖男！,3,画皮
实在是太白烂了。。。,3,画皮
赵薇更让我惊喜一点,3,画皮
情不知所起，一往而深,3,画皮
又是讲爱情伟大的，但你为啥把角色都搞死了？,3,画皮
小三即便美如周迅可还是个三，最终得不了幸福又作践了自己，何苦。但赵薇隐忍怨妇状一样很可恨，虽然演技不错。,3,画皮
一声叹息-v-,3,画皮
可以看看，周迅的脸很适合拍电影,3,画皮
铺垫还不错，结尾太水了,3,画皮
你不知道什么叫做爱！哈哈,3,画皮
周迅的声音真是......让人无语。,3,画皮
爱情就是一场狩猎,3,画皮
纯粹是为看甄子丹,3,画皮
这剪辑这配乐有问题吧，太卡了,3,画皮
记得赵薇演的很好。,3,画皮
画皮难画心。,3,画皮
美术不错,3,画皮
佩蓉好幸福啊,3,画皮
&#34;任何一个同年龄段的女演员和周迅对戏都可以被轰成渣&#34;，赵薇再次验证了这一点并且证明了自己比李冰冰还不如。,3,画皮
故事不怎么样，但是特技很棒,3,画皮
没那么差啦，虽然至终都没看出王生哪痴情原配。当年看的时候，身为桌桌的我还和同同全程忍不住说，哎呀，周迅简直美爆了,3,画皮
这就是个第三者插足成功的片子，现在人每天都在宣扬什么啊,3,画皮
估计是那天看的是影院折扣票 用的拷贝都不是最好的。。 以及其它一些莫名的原因 觉得有硬伤 ,3,画皮
CCTV6,3,画皮
还是比较低龄的,3,画皮
"看完就感觉,绕了一圈后,依旧是上帝的归上帝凯撒的归凯撒。。",3,画皮
骨子里还是鄙视王生这种人的，许多事做了就再也无法挽回，一步走错了，全盘皆输,3,画皮
"看画皮,习打光.",3,画皮
有爱永远都不会有恨，戏里的人懂，可惜戏外的人都不懂，有恨那便是无爱的,3,画皮
在片子结尾的集市场景 我分明听到有人喊：两个六块！。。。囧,3,画皮
"第三颗星for画面,纯粹的画面,对话令我恶心到崩溃。爱人的刀才是最伤人的，伤到你无话可说。有一位评得好：备胎那么多，你以为你不是么？",3,画皮
分给高了,3,画皮
一般吧，本来也没抱多大幻想。,3,画皮
不是特好看,3,画皮
aloys,3,画皮
愣是把个恐怖篇拍成了文艺片。,3,画皮
中国电影对白是对白，环境是环境,3,画皮
整体剧情很弱，但是很爱这两个女人的对手戏，感动于佩蓉对王生的付出，一个关于爱的故事,3,画皮
反正国产大片总是一如既往的烂,3,画皮
真的好烂 ,3,画皮
陈坤先生真爱哭。,3,画皮
《画皮》不错，赵薇尤佳。,3,画皮
挺一般般的,3,画皮
爱没有错,3,画皮
还是督主最美丽。。。,3,画皮
男人需要自制力.,3,画皮
预告挺好看...,3,画皮
我不吃人心，会老的,3,画皮
其实不恐怖,3,画皮
古典的皮。现世的骨。,3,画皮
老套。,3,画皮
真不覺得好看啊，坐在第二排把我眼睛都晃昏了,3,画皮
三个主演的表演撑起这混账的剧情……,3,画皮
我爱周迅,3,画皮
恩，看来啥东西都会变成多角恋情,3,画皮
这部戏还真是...,3,画皮
一张皮而已,3,画皮
还算不错的魔幻电影，张靓颖的歌很好听,3,画皮
其实没被感动。看到了不一样的赵薇。周迅一如既往的有灵气。,3,画皮
不恐怖，不过挺感人,3,画皮
“大片”名号下的束缚太多，情节单薄难觅感动,3,画皮
看的是内地公映版，剪的不好，还没看导演剪辑版，可惜！,3,画皮
周迅这个小妮子很不错...隐约竟然有点张曼玉的影子，有潜力哦...真是便宜了周大齐那小子了。电影本身.....很漂亮.....但剧情张力还是欠缺...“意识形态”方面也挺矛盾的or只是偶看完后觉得迷惑？呵呵,3,画皮
歌很好听。女人要拿得起放得下，就算再喜欢，那啥的时候还是要走得干脆一点吧~好吧，我不懂爱。,3,画皮
周迅脱皮的瞬间还是被惊倒了,3,画皮
一个笨狐狸和一群笨人的故事,3,画皮
周迅脱掉皮惊魂  孙俪的可爱,3,画皮
唉……,3,画皮
在网上看的，因为看了2里赵薇童鞋的惊艳，就说看看1里她有多美，结果电脑和电影院效果果然不能同日而语。这个故事有点2乎，感觉甄子丹和孙俪就像2里鸟和庞郎一样，专门搞笑的~没明白为啥小唯就爱上了王生，真混乱...,3,画皮
你是我一首唱不完的歌。,3,画皮
没点新意,3,画皮
本子不错 没拍好,3,画皮
生硬。但周迅大腿好看,3,画皮
剥下皮后真的惊悚到我了。,3,画皮
关于小三的故事,3,画皮
全片人物设定都奇怪的很，行事缺乏必要的逻辑性。。。就陈坤至尊宝上身的那分钟还有点意思。周迅前途无量嘛,3,画皮
演技是可以保证的,3,画皮
一个小三想当大奶而引发的婚姻危机,3,画皮
算是大制作吧，故事不完整，特技不好看,3,画皮
电影频道,3,画皮
难得赵薇比周迅出彩的作品,3,画皮
第一边看哭得稀里哗啦  第二遍没感觉了,3,画皮
这部片告诉我们找一个在关键时候能靠得住的老公是多么重要！,3,画皮
三星全给小狐狸,3,画皮
三角X2关系,3,画皮
真可怕的赵微,3,画皮
偶像派……,3,画皮
为啥每个人的台词都念得那么奇怪。,3,画皮
还是看周迅的演技，别的。。。呵呵呵,3,画皮
这个片子，属于典型的看的时候觉得很感人，看完了以后，一想却什么都没有,3,画皮
演员 声音 画面 都不舒服,3,画皮
小三儿反面教材,3,画皮
完全没有灵魂！！！,3,画皮
扯。世间会有王生这种男子吗？赵薇让人惊喜。,3,画皮
我得承认我流了眼睛水滴。,3,画皮
谁都没有错，是爱在作祟。爱需要信任，信任瓦解崩溃的时候是爱情灰飞烟灭的时刻，爱或不爱无需多问，爱就相依相伴，不爱就优雅离去，没有什么值得痛彻心肺。妖妄图取代人，取得人的真心，是悲剧的开始。位置是前世已经注定的，无法取代。佩蓉想牺牲自己成全大家，爱的真正意义是她心里全心为对方的心意。,3,画皮
音乐确实挺雷的，有些地方剪辑的挺莫名其妙,3,画皮
畫面顏色還蠻好看的，就是不喜歡陳坤。,3,画皮
除了歌儿没啥亮点。。,3,画皮
之前八叔在看我也跟着看了两眼，一开始看的就是脱皮镜头，老实说我还有点惊悚到，所以后来自己去下了重头看一次。感想有：“赵薇好大饼啊！”“周迅好公鸭啊！”“陈坤你还是演书生吧演什么将军！”“甄子丹牙挺大的！”“孙俪你终于不推销苏宁了！……剧情很麻麻，周迅没有大美女的霸气，就是个小情妇的样子。不要说赵薇演得好，深沉或张扬她都演过了，这部里看起来没有突破，演法永远一样，就是木讷。最后的狐狸是萨摩耶吧。,3,画皮
电影频道播，重看了一遍，发现拍的演的都还可以,3,画皮
陈嘉上这次真的是有失水准啊，三颗星给造型和演员的演技,3,画皮
剧情简单 片尾的狐狸很像mini版的萨摩耶 甄子丹和孙俪在剧中完全承担了重量级的搞笑戏份 赵薇演技的确不错 周迅发挥一般 陈坤基本花瓶,3,画皮
男人做到王生这份上不能算功德圆满，至少也没给男人丢脸。他有一颗廉耻的心。。,3,画皮
最爱的那个人往往是在心里 而不是在一起,3,画皮
倒霉的电影...,3,画皮
很囧，没啥出彩…,3,画皮
周迅蜕下人皮以后那是蛆么?雷死我了...,3,画皮
前半部是好片，后半部靠抻够,3,画皮
盖上正宫与小三的戳，然后带着自己的拙见加工一把就整成了现代婚姻预言版影评；我的观感就是机关算尽一场空，尤其针对感情方面。,3,画皮
陈嘉上说：我在拍生命。我说：你的生命也太单薄了。,3,画皮
看完2后，想起来没给1打过分。一起码还真是讲了个清清楚楚的爱情故事。起码节奏还是正常。还惊艳了主题曲！！,3,画皮
看过了……,3,画皮
破,3,画皮
可惜了这个好故事,3,画皮
感情的东西，掺加了责任，终究是变了味。可惜我们到头来首先还是一个社会人。,3,画皮
不喜欢赵薇,3,画皮
就算为了子丹叔也值得去看，孙俪和甄子丹在里面的BG居然很美好,3,画皮
若不是因为那两个女主，这部片就是部大烂片,3,画皮
居然会去电影院看这个,3,画皮
最后还是被陈坤那句我不能放弃她给感动了...,3,画皮
中国风奇幻爱情,3,画皮
我觉得整部片还不错，挺感人的~,3,画皮
其实宣传噱头蛮大的，最后看了也一般,3,画皮
女人们都被拍得很美,3,画皮
周迅演小妖都那么动人。,3,画皮
结局是所谓的happy ending，爱情却有了杂质。,3,画皮
就是喜欢这样的纯爱片怎么地了,3,画皮
三流的剧情,3,画皮
唯爱情与音乐动人。,3,画皮
聊斋，呵呵。,3,画皮
一般吧 不过比起之前中国的大片好些了,3,画皮
猪耳朵吃起来还是挺美味的,3,画皮
这个故事是怎么回事呢？其实导演就是佩容，观众们都是妖怪。佩容导演对妖怪们说：你们根本不懂什么叫做爱，你们想知道什么叫做爱吗？我来告诉你们……然而佩容导演所谓的爱情就是小三上位、男主精神出轨、女主摇摆不定。于是妖怪们纷纷喊：退票！之所以给它三颗星，因为对比其他国产大片，它还真不错……这不是悲哀么。,3,画皮
《画心》比《画皮》更让人印象深刻,3,画皮
哎。。。,3,画皮
妈妈啊明知道这是烂戏，我明明知道不会太出彩，可是我决然还是泪汪汪的哭了.....哎最后终于明白，做什么都不要做人啊，太累还是动物好,3,画皮
其实不是很喜欢这个故事 感觉任务太杂 而且不喜欢周迅,3,画皮
看的时候肚子疼得要死 前半段几乎没看,3,画皮
造型还不错,3,画皮
爱情片。舞美，服装，音乐都不错。影片立意很好。,3,画皮
烂台词，烂剧本，陈坤的烂表演，烂音乐，烂剪辑，烂特技（如果算是有的话）。,1,画皮
周迅是亮点，其他算了吧,2,画皮
幼稚到死的表演,1,画皮
实在找不到有什么惊喜的地方,1,画皮
可以说，没啥才华,1,画皮
除了赵薇和甄子丹我想不起别人.,1,画皮
想讲的是那么简简单单的东西，为什么偏要安个中看不中用的皮囊。,2,画皮
最后的结局为什么要这么悲，人鬼殊途……,2,画皮
鬼片包装的Noir Femme Fatale。皆大欢喜的结尾并不好，周迅的丫头表现欲太强。赵薇演的不错。,2,画皮
,1,画皮
王生妥妥的渣男。,2,画皮
陈嘉上这什么调调.亮点只有最后的萌狐狸萌蜥蜴画面以及张的主题曲.后半部分的比前半部分的要好.,2,画皮
男人是愚蠢的～,1,画皮
各种国产大河剧,1,画皮
丹哥不适合这类片子儿,2,画皮
延续可怜的中国大片一贯脑残，故事情节乱七八糟，自以为的特效差强人意，浪费我们的精神啊，最可怕的是——没有任何共鸣，真正的“鬼片”，一点人气没有！,2,画皮
"功夫耍不好,特技不夠好. 張靚咏-劃心,還可以.",2,画皮
我只是联想到我对为什么美剧里的男人都很重视家庭的解释。,2,画皮
港片套路加了个大陆壳子，不伦不类。冲着将军叫“勇哥”，你当这是香港黑帮片么？故事非常平面化，人物感情毫无起伏和深入刻画，全靠对白表现，像个TVB电视剧。既不惊悚恐怖又不浪漫唯美，纯属乏味的怪胎而已。聊斋故事的意趣在本片中消失殆尽。,2,画皮
台词很有趣,2,画皮
好烂,1,画皮
单纯不喜欢赵薇而已,1,画皮
这部戏的编剧是琼瑶吗？,2,画皮
“再贤惠的妻子也阻止不了忠实丈夫上的心灵出轨？”,2,画皮
重点不是画皮吗？闹这么多事干啥~看的我一累,2,画皮
妈呀，和我小时候看的画皮怎么差了那么多那。,2,画皮
10.12,1,画皮
我觉得这些演员不仅仅要背负着号召票房的作用。。。,2,画皮
那时候看的高清 周迅脱皮的那段有点恶心 不过现在看起来简直就是小儿科。。。,2,画皮
虽然笑场多次，但王生最后的告白还是把我感动了一把,2,画皮
烂就一个字，还不错的一段故事愣是被2B台词，2B演员，2B导演毁成了一坨屎,2,画皮
不知为啥，电影吸引度不够似的，老半天就一个印象，这脸画的太白了！,2,画皮
不是我爱说，这片子看了，真的真的让我感觉挺蹩脚的！,2,画皮
这种极端畸形的爱情表达得很糟糕，若不是还能复活得话可能会更糟糕，另外背景音乐莫名其妙的不搭调。,2,画皮
唉，就这样了。,2,画皮
净扯淡,2,画皮
不行呐.... 人妖不分...,2,画皮
小时候，我第一次独自进影院探险，看的就是老版的《画皮》。没想到，儿时最勇敢的会就这么轻易地被践踏了……,2,画皮
周迅美，主题曲不错。,2,画皮
用愛感化妖小三。這片看得我那叫一個糾結啊！甄子丹在這裡完全領著主角的片酬演配角。,2,画皮
有点搞笑  无奈了,2,画皮
整个剧情衔接太差，情绪周转没有铺垫。赵薇和陈坤心事重重地隐忍，周迅太假惺惺，还是甄子丹和孙俪更率真，演得也更好。“你来做妖，我来做王夫人”这段不错呵,2,画皮
全家一起看的最烂的电影。,1,画皮
糟糕的配乐。 ,2,画皮
為什麽殺完妖怪就要換造型類...,2,画皮
诡异的组合拍鬼片…,2,画皮
基本无嚼头的商业片 ,2,画皮
只有爱上你，才懂得，什么是爱。。。。,2,画皮
节奏掌控太差尤其最后大战蜥蜴精 笑料加入得太突兀 配乐不对太像RPG游戏 特效小儿科 周迅挺好,1,画皮
不知道该怎么说才好……,2,画皮
这部电影只是披了一张聊斋的画皮，骨子里是一个黄脸婆纠合老情人赶走小三的主旋律电影,2,画皮
1.5 女的造型还成,2,画皮
電影不怎麼樣，一起看電影的人倒是不錯。,2,画皮
喜欢周迅,1,画皮
你根本就不懂什麽叫 做愛  =。=,2,画皮
哎哟嘛呀，真是烂的没底线啊~~好的故事框架居然能拍出这样，这台词还能再烂点吗？,2,画皮
这片除了卡司多点 有什么可值得拍第二部的 那傻逼结局让我着实看的很开心 赵薇同学在终于摆脱小燕子之后就只能摆出一副苦逼脸了么 ,2,画皮
垃圾电影,2,画皮
很刚很刚。。,1,画皮
难得看到这么烂的电影，从情节到传递的观念都是垃圾……所以一定要留个爪印,1,画皮
主要为了看甄子丹,2,画皮
一杯白开水,2,画皮
如果不是周迅和孙俪在，我绝对给1星,2,画皮
难看,1,画皮
捉鬼的线索把握得还行 爱情故事还是加工一下再拿出来扯吧,1,画皮
这是一喜剧啊,2,画皮
爱到真正的无私，就是可以连爱都不说。为所爱之人献出一切乃至生命不算最伟大，最伟大在于你献出这一切却可以不告诉任何人你是为了爱。殉情是一种自我成全，大多数时候，我们为爱情所做的牺牲都是一种自我成全，在看似无私的奉献和自虐中满足自己的精神需要 ,2,画皮
中国恶心电影本身,2,画皮
深圳卫视拍电视剧版的咯！,1,画皮
因为是改编的聊斋，那么就没必要去问责剧情的俗套与否，故而能看的就只剩导演的表现与演员的表演。演员上只有孙俪不是惯性演出，但是这次所谓的“转型”可谓一塌糊涂；导演邝和陈明显是文武的不同路子，但这回硬是要“人鬼”结合，其结果也可以预知。我想还是仅仅把其作为对于《聊斋志异》的致敬吧，勉,1,画皮
如果是在家看的话一定会是在半小时内快进看完~~~~ 09年生日那天独自一人去四平特地看了一场电影，依然记得那时在广场时的孤单。,2,画皮
整个影片的渲染能力，概括能力，叙事、编剧、和节奏都很差。看看豆瓣评论就知道了，很少讨论电影本身的。,2,画皮
真不敢相信当年竟然花钱买票看的= =,2,画皮
每个人单独拉出来都能独当一面~~VV好像是给迅哥的配菜！,2,画皮
啥破玩意儿。。。鸡肋,2,画皮
"在糟糕的配乐剪辑中,几个人哭来哭去的,终于把这个大烂片哭出来了",2,画皮
陈嘉上真的拍不出我喜欢的情境。。,1,画皮
原来是大便,2,画皮
虽然不咋稀罕陈坤，但不得不承认这小子真俏啊,2,画皮
周迅依然是灵，剧情太拖沓。,2,画皮
哪里惊悚,2,画皮
陈坤真美，比俩女主角还美。。。,2,画皮
把电影当电视剧拍，真有你的。,1,画皮
这是我今年到现在看过最没逻辑，故事发展最突兀的电影。SHIT!,1,画皮
人物太繁杂，多而无用,2,画皮
我是来看讯哥儿的。,2,画皮
拍电影不是把视觉效果弄好就OK了,2,画皮
狠狠地被恶心了一把~不仅仅指大年初一明晃晃的圆月……,1,画皮
无言以对...旦求还我票钱！！！,2,画皮
和鼓眼一块看的，看到陈坤那头秀发快笑死我了,2,画皮
。。。,2,画皮
孙俪栽了，苗圃也栽了,2,画皮
周迅演的很好 可是整部片很一般很沉闷,1,画皮
一星给片尾曲，一星给迅哥儿,2,画皮
囧。。。,2,画皮
实在是一部低段位搞笑片。,2,画皮
真是够了,2,画皮
浪费时间,2,画皮
我真的看了半天没有看懂 然后快进看完的...,1,画皮
"太难看了呀，太难看了,前面半小时侯忍了只快进2次,后面部分5分钟解决了，太难看了",1,画皮
无数惨痛的事例证明，越是国产“大片”越是烂片，画皮就是其中之一，不过片中大年初一的圆月还是异常的惊艳啊。,1,画皮
不看也罢，中国魔幻，中国科幻，中国奇幻，看了准后悔！,1,画皮
赵薇和周迅的表演我都很喜欢，丹哥就逊了点……台词更逊了~,2,画皮
之前我确实对它的期望比较高~`但是也确实在电影院有几个瞬间想要打磕睡~,2,画皮
无聊,2,画皮
跳着看完的  国产大片确实很难让人忍受,2,画皮
一颗给周迅，一颗给打得还算卖力的甄叔。。。,2,画皮
周迅是唯一的亮点。,2,画皮
这是一部喜剧片。给五颗星的喜剧片。,2,画皮
莫装逼 装逼遭雷劈 100万的画皮 两星给周迅后面那个妆和那条一点都不像PS的哈士奇,1,画皮
幹，費我兩張電影票。,2,画皮
N角恋爱而已,2,画皮
鼓吹中的中国首部奇幻电影，糟蹋了奇幻的名头。,2,画皮
周迅那张为银幕而生的小脸啊……真想揭下来贴在自己脸上。,2,画皮
陈嘉上功力不行,1,画皮
台词真的很浅，很弱智。周迅不够漂亮。,2,画皮
我在打psp，听的都比小八看的明白，哈哈,1,画皮
烂俗,1,画皮
不是一般的烂,2,画皮
2分给歌,2,画皮
孙俪你每次说“降魔者”三个字的时候不觉得害羞么？这算什么古装片？没一点中国古代的感觉，太可怕了…,1,画皮
像她们的脸一样苍白。,2,画皮
不觉得好看,2,画皮
唯一好的是音乐。。。,1,画皮
古代婚外戀,2,画皮
一窝情圣,2,画皮
陈坤的脸真的很三级片……每到他的表演尤其床戏我都不能忍……,2,画皮
赵薇还凑合,2,画皮
review完跑到may家去看的。昏昏欲睡的，情情爱爱 缠缠绵绵什么的 最讨厌了,2,画皮
我的天哪，这片儿是给人看的么？！我觉得让任何一个日本A片导演来拍这片儿都不会成这德行，脱皮还不如只脱衣服就算了呢。让我来拍的话，拍“画衣服”多好，放心，我肯定不会拍成皇帝的新内衣。,2,画皮
影片本身没什么亮点，倒是话题性造就了票房,2,画皮
我不明白那两个道士起了什么作用。。。最后居然要靠黑道自残来挽救白道。。。。,1,画皮
“你根本不懂什么叫 做爱 ”= =,2,画皮
周迅真恶心,1,画皮
就记着一句cd话：我爱你，但是我已经有***了,2,画皮
拍得挺无语的 不明白有什么拍成电影的意义 书不是挺好么,1,画皮
爱情片必定要死几个人。。。,2,画皮
和聊斋奇幻都无关，就是爱情伦理片。第一次发现甄子丹原来还有一丢丢演技，不是只有肌肉和打打打。孙俪的存在感太弱,2,画皮
这星给赵薇的,2,画皮
港导北上还是有些水土不服,1,画皮
在周迅把脸皮拿掉的时候我们做了一件很浪漫的事情,2,画皮
“你这只吃苍蝇的家伙 你知道什么是爱吗”哈哈哈,2,画皮
不知道为什么会评价那么高,2,画皮
和肖，太原长风剧院,2,画皮
堆砌明星的垃圾产物,2,画皮
我不想说 好假！！！！,2,画皮
2008-10-16 13:14:59 6/6.4(141) 为陈嘉上汗颜 ,2,画皮
画心很好听，嗯！,2,画皮
好吧 现在的香港电影都流行请内地演员,2,画皮
怎么打分这么高。。。,2,画皮
衣服是真心美。。。其他算了吧,2,画皮
又是一坨~~~~~~~~~,2,画皮
"挺无聊的片子,就是觉的孙俪还演的行,以前不喜欢她的",1,画皮
雷人的地方不少无聊的地方很多,2,画皮
真是受不了……半文半白的古装片，所谓魔幻，吓唬人全靠安静处一声惊雷。周迅这个嗓子太对不住她这角色，还有陈坤也太娘了点吧,2,画皮
主题曲不错！,2,画皮
还是喜欢周迅,2,画皮
所谓烂片。。,2,画皮
saw half of it.,2,画皮
烂片，比《倩女幽魂》系列差远了，片尾曲还蛮好听的,2,画皮
皮畫了嗎？,2,画皮
看见赵薇就够了。,2,画皮
最后的全体大复活看得我直接无语，最讨厌这种骗完眼泪再来个完满结局的东西，当然前面剧情也没骗下眼泪,2,画皮
一般,2,画皮
爱情没力度,2,画皮
陈坤的演技不令人信服。赵薇的表演很好。但是周迅怎么看怎么不像是妖精，如果是欧美的提线木偶。还算是比较恰当。,2,画皮
说是恐怖片么？请问到底是恐怖在哪里？爱情到底是感动在哪里？,2,画皮
除了看我喜欢的2位女主角，加上孙俪也还算可爱外，这部电影不值一提。,2,画皮
狐狸精不妖,2,画皮
在电影院看的仍然觉得很差，赵薇陈坤这对CP好别扭，甄子丹孙俪酱油打的很认真，妖怪的化妆特效神马的太太山寨了，简直一低成本片,2,画皮
想方设法的去照顾过多的明星戏份的失败典型,2,画皮
好几年前就看过了，居然忘了加。周迅扒开身上的画皮，全身爬满了蛆的镜头果然在CCAV-6播放的版本中被和谐了。《画皮》改编的三部电影中，赵薇陈坤版的很爱情很魔幻很动作，朱虹版的很书生，王祖贤版的很神怪，但殊途同归，都告诉了我们同一个道理：路边的野花不要采，陌生女人不要带回家。,2,画皮
为什么没有0星,2,画皮
很郁闷。。。,2,画皮
还能再烂么？！,1,画皮
结尾太让人震撼了，biu~的一声，大家全都复活了！！,2,画皮
和画皮没什么关系,1,画皮
可怜的周扒皮，可怜的小燕子阿姨,2,画皮
……,2,画皮
音乐做作得很。人物行为动作要多傻有多傻。。陈坤刺周迅一刀的时候我简直要笑腹痛了。。总之是我最近看到过的最烂的“大片”！,2,画皮
"带着非常公正的心态开始看,结局还是一样.除了周迅刚出来的撩人值得一看.",2,画皮
赵薇一如既往的会演戏,2,画皮
无聊= =,1,画皮
2008.9.28@金逸，该快的慢了，该慢的快了，让人看得走神。配角选得还行，主角都不合适,2,画皮
就算卡司再强，画面多美，烂剧本和演技下=0,2,画皮
我还以为你们演小品呢,2,画皮
为什么没有0星,2,画皮
我觉得这片在侮辱我的智商……,1,画皮
搞笑片,1,画皮
傻逼导演。故事讲的这么苍白 我擦,2,画皮
看的是导演剪辑版，坚持不能，差不多三分之二的时候开始快进了，这什么渣片啊！有想抽编剧的感觉，什么脑残剧情都编出来了。台词都很现代的感觉，孙俪的那句“我是驱魔者”，相信是人都被雷得不轻吧。P.S.一直都不喜欢周迅和赵薇，怎么看都不顺眼。,2,画皮
真不大行啊这个片子……,1,画皮
看完真是让我内牛满面啊,2,画皮
264,2,画皮
讲故事讲成这样  也算是烂的奇迹了，2星给导演，导演太烂,2,画皮
有什么好说的麽——,2,画皮
太想当然,2,画皮
平庸，甚至有点差。,2,画皮
国产恐怖片还是走心里路线的好，特技太差，没有创意。。。,2,画皮
真没劲~~哪儿来的那么多好评！？？！？！,2,画皮
不明白为什么有人看哭了？,2,画皮
甄子丹持续三国无双...一点儿也不恐怖...也不香艳...,2,画皮
彻底恶了,1,画皮
就一个镜头蛮美的·可惜还是个假桃树·,2,画皮
真受不了一群爱爱爱死死死的中二病患者啊...我说那个妖精的本体也弄的太恶心了吧！！,2,画皮
无话,1,画皮
看了就可以忘了的电影。,2,画皮
不知道编剧怎么想的，好好的故事硬是改成了复杂的情感纠葛，就借了个名号而已，人物造型和特技实在是够现代…,2,画皮
无语~,2,画皮
虽然近年此类大片在剧情上总是很狗血，但毕竟是中国人拍的，所以电影的感情或者表达的情绪还是比较能引起共鸣，再加上都是熟悉的黄色面孔，快进起来看还是挺舒服。,2,画皮
打发时间还行,2,画皮
可怜的周迅……,2,画皮
怎么说哟...没法说了.不过...,2,画皮
全程吃屎的感觉 长达近两小时的巨无聊大奶和小三争夺贱男外加N角恋的MV 另外多年没看国产电影现在的片子耻度这么高了啊？,2,画皮
无聊,1,画皮
演得好么？,2,画皮
这电影感觉已经远远脱离原本聊斋里面的那个可怕故事了，其实不过是一个讲“忠贞”的爱情故事。剧情安排还是不错，演员就觉得大漠里的将军怎么找个这么书生气的陈坤来言，甄子丹一站过来就显得他如此地瘦弱，其他演员表现得还不错，就是那特技差得有些夸张……期望太大结果失望更大……,2,画皮
实在不懂这片子的G点在哪里,2,画皮
妖弄得好像西方魔怪……,2,画皮
看了一半，无法忍受。怎么看蒸自蛋怎么讨厌。,1,画皮
我靠，就编剧来说就已经烂到底了，还有什么脑残台词啊,2,画皮
这就是狗血爱情片。1星给甄子丹，1星给赵薇，她哭的时候眼泪在她大眼睛里面滚动，她演苦情妻子的角色真的让我哭了。孙俪的降妖剑谁也拔不出，我还以为要郑中基来拔，没想到最后关头竟然是她自己拔出来了，这剧情也太神经了。结局太和谐，死的人都活过来了。陈坤样子太娘，周迅太老。,2,画皮
《无极Ⅱ》、一坨屎,1,画皮
对甄子丹各种难以忍受,2,画皮
完全不懂 无法欣赏,2,画皮
真烦赵薇，呆逼脸最讨厌了，小燕子之后哪部拿得出手？吃老本吃的凑表脸,1,画皮
这是什么？为什么我觉得看得如此无聊？原著的影子都没有了！甄子丹客串，孙俪打酱油。,2,画皮
看的是118分鐘的導演剪輯版 但四年前的觀影記憶已經很模糊 根本無從比較。倒是聽見「畫心」的時候心裡絆了一下 就像當年散場時失魂落魄的被臺階絆了一腳。很想囬到那年的西湖影院 抱抱坐在身邊的靜潔。告訴她不要哭 所有人都會活過來的。,2,画皮
剪辑不流畅，前半部分流水帐，结尾啰嗦而无聊。周迅的表演是最亮点。王生定位错乱，导演缺乏才华。,2,画皮
小三儿最后还是赢了。肉体出轨or精神出轨，哪个更恶劣？,2,画皮
无辜啊,2,画皮
如果你不挂个画皮的名号欺骗我感情，我一定给你三星，如果有些情节不是那么拖沓，没准我会给你四星哦……,2,画皮
我只看有赵薇和画心。,2,画皮
陈嘉上可以洗洗睡了。这叫什么画皮啊，本身就披着张画皮。,1,画皮
看到后面以为是教育大家劈腿是没有好结局的，结果便当全吐了。小三必看= =,2,画皮
画面很好看，就是这故事。。太平了。。,2,画皮
“美女…”，第一句台词五雷轰顶；貌似没一个入戏了的…,2,画皮
都演得很用力,2,画皮
真的烂,2,画皮
典型 让男人看完的话 他们的评价会不一样 可是让我学到很多,2,画皮
渣特效,2,画皮
唯一的观后感，周迅真是个大美人啊。,1,画皮
我想我開始喜歡周迅勒，妖得靈爾美。甄子丹倒讓硪懷疑是導演安排角色劇情問題還是演技問題，搞笑得奇怪。两顆星一顆給周迅，一顆給陳坤+趙薇。趙薇略顯過胖，可是犧牲勒。,2,画皮
节奏慢没起伏结局让人无语的国产大片,2,画皮
除了周迅和孙俪的表演之外，一无是处,2,画皮
一星给周迅,1,画皮
扯皮，那段做得真好。,2,画皮
跟画皮完全没关系,2,画皮
2012。狭隘。,2,画皮
配乐很失败,2,画皮
外遇与反外遇的故事,2,画皮
说的没错，确实不好。,2,画皮
2008.10.9跟老婆一起看的，个人觉得不好看，但是老婆挺喜欢。音乐不对劲，演员对台词的把握也不够，唉,2,画皮
没劲,2,画皮
又浪费掉一个故事,2,画皮
你不懂什麼叫做愛,1,画皮
我拿什么形容你好啊？ 好在片尾曲还好听,2,画皮
大鬓角，最后装作狐狸的狗,2,画皮
什么烂片，一流卡司制作的三流作品,2,画皮
周迅那个吓死宝宝了,2,画皮
有孙俪吧,2,画皮
"好吧,张靓颖的歌很好听....",2,画皮
化妆和服装不错,2,画皮
忍不了,2,画皮
实在是。。。,2,画皮
周迅很漂亮,2,画皮
没意思...,2,画皮
只有一个看点：那只很像我家臭臭的白狐～～～！,2,画皮
除了特技和纠缠不清的多角恋还能有什么？,2,画皮
不好看,2,画皮
一年里能看部烂成这样的也不错了,1,画皮
改编成这样...真是不喜欢,1,画皮
镜头很碎。笑点很多。,2,画皮
剧情架构不合理。人物塑造不丰满。配乐感觉像抄袭。《画皮》你到底披着什么皮？,2,画皮
把周迅的角色改成任何其他的，都可以。,2,画皮
不得不改评价啊，我真的在电影院睡出了,2,画皮
如果没有你，赵薇，我就给一星。,2,画皮
太浪费资源咯嘛。。。,2,画皮
一个好故事被编剧改的很俗套，被导演导的很无趣，想进影院的筒子请三思,2,画皮
谁能告诉我配乐的那个日本人是不是以前做电子游戏配乐的？？？化妆的是不是以前做国产大型连续剧宝莲灯的？？？导演是不是，诶，傻逼？？？,2,画皮
亮点只有赵薇,2,画皮
故事架构太无聊空洞些了~！,2,画皮
绝不看2,1,画皮
编剧比无厘头还无厘头，还画皮呢，鬼画符比他画得都强,2,画皮
我不适合这片子 我不能被打动 里面任意一段感情都没什么彩 演员的表演没什么问题 但故事讲的很难看,2,画皮
COSPLAY大戏。。。,2,画皮
看了两眼，已基本可以肯定，这是一部烂片。,2,画皮
浪费钱财，音乐比影片经典~,2,画皮
那红色的眼泪好恶心呀,1,画皮
恐怖片不像，爱情片不够,2,画皮
騙錢的。。。太稚嫩了,2,画皮
中间范冰冰变身让我想起了徐大宝的漫画。。   我的电影审美观是从大一才建立起来的，自从看了《美丽人生》后才慢慢学会辨别好坏电影,2,画皮
你说我都看睡着了· 能好看·？,2,画皮
那么多段爱情 咋没有一段感动偶来,2,画皮
无聊。。。,2,画皮
明明是个喜剧,2,画皮
气死人了，这么难看,2,画皮
没印象,2,画皮
这片子到底是要走悬疑？爱情？搞笑？配乐好搞，简直像看蜡笔小新,1,画皮
好难看,2,画皮
如果这也算是爱情片，那我现在真的觉得爱情还不如羊肉串够味了；如果这也算是恐怖片，那我现在真的觉得恐怖片还不如冬日娜吓人了。PS：海报是在为“七剑”续集做宣传么？PS之PS: 给2星一是因为08年还有木乃伊3和赤壁垫底，二是因为周迅和赵薇的服装造型设计还不错，尤其头饰，近年国产片很难看到这种典雅姿了。赵薇的白发血泪厉鬼造型除外——我这才明白徐克的功力，《梁祝》里杨采妮泣血造型那才叫凄美！,2,画皮
明显很难看的电影……,2,画皮
真鸡巴烂。一点也不商业。,1,画皮
飞飞看的时候哭的那个惨啊……我倒是觉得这片拍很肤浅……每个人的“点”不太一样吧,1,画皮
给我一个不打一星的理由，剧情弱智，对白煞笔，表演？说实在的我们班的山东二哥都比这有演技。2008第一大烂片应该就是它了,1,画皮
画面、画皮、难画心,2,画皮
因为喜欢赵薇才给的两星,2,画皮
三个人干嘛呐，缺钱花接这种烂剧本啊,2,画皮
"差就一个字,幸亏有甄子丹还算添点色,没有给最差..不想说太多..给个评价足够了..以后这些导演没事不要动不动就要拍什么号称第一的片子,也给自己留点后路,中国人都好个脸.奇怪为什么他们不要呢?",2,画皮
剧情拖沓，故事也一般。浪费时间和生命。,1,画皮
小学生级别的剧情,2,画皮
恐怖片拍成这样，很无奈,2,画皮
再次用行动印证中国式大片是电影中的垃圾！为何我们要花钱干这种事？,1,画皮
其实演员发挥的都不错，可还是喜欢不起来。,2,画皮
这种爱情 叫人发笑,1,画皮
哎哟 多喜感的片子,1,画皮
老套啊，老套。不过这爱情啊还真是让人想哭,2,画皮
烂片，编剧太伪善了。,2,画皮
好吧好吧，最后我终于还是看了，可能是因为听到的评价都太差，看起来还好，只是觉得故事被改编的弱了，周迅演的不错，陈坤根本不适合那个角色嘛！,2,画皮
我真不想说我看过啊!忍了20分钟实在受不了啊啊!神马烂演技烂剧情烂场景烂化妆啊! 我宁愿去看坨Shi啊!! 啊?! 我靠就周迅那公鸭嗓都可以演鬼片!听她说话就是一个破音的鬼 啊!,1,画皮
这属于典型的各路豪杰都烂一块去的典型：编剧、导演、演员，连音乐和美术都很失败。,1,画皮
黑白双贞,2,画皮
囧囧片,1,画皮
除了赵薇和周迅可以看看,2,画皮
不好看，场景太假，最后很琼瑶，陈坤和其他男演员的脸都跟得了黄疸肝炎似的。,2,画皮
内个配乐啊 真他妈像班得瑞 这个也要抄！！！,2,画皮
电影院看的。服装造型太烂了。剧情很琼瑶。人物都很煽情。,2,画皮
平心而论。。。挺垃圾的。,2,画皮
整个电影空洞而贫乏，烂片烂片,1,画皮
弱智电影，浪费时间金钱。再不看国产大片了。,1,画皮
薇薇老了-_______-岁月不饶人啊,2,画皮
得出新的结论。。赵薇是白毛女,2,画皮
就像是穿上古装的现代都市言情剧，二女争一夫，再加上两个在边上打诨插科的……烱,2,画皮
跟“画皮”的关系也太少了。。还不如改叫“吃心”得了。。。,2,画皮
寝室共看。,2,画皮
言情悲喜剧,2,画皮
失败,2,画皮
我是听了那个歌才去看的，结果也就最后那个歌记住了。。。演你妈个锤子东西，找点明星是不是就叫电影，在商业也不是这个样子,1,画皮
有很大的落差。,2,画皮
KUSO片吧= =,1,画皮
它干吗非要叫《画皮》不可呢。,2,画皮
这叫四不像,2,画皮
作为爱情故事，它挺成功，作为鬼故事，真的很失败，尤其不理解为什么鬼也要用武术打斗的招式，我以为鬼神都是飘来飘走的，鬼知道这些大导演还能把真正中国的东西糟蹋成什么?,2,画皮
兴冲冲到头是场噩梦,2,画皮
2星是因为有周迅,2,画皮
哎,2,画皮
补签，说实话我已经不太记得了。,2,画皮
整个没搞清楚所有的情节是如何连到一块的-_-|||,1,画皮
在里昂,1,画皮
浪！费！时！间！,2,画皮
十分爱恋 一分羁绊,2,画皮
多感人的场面，只要一看见陈坤那张脸，立刻变喜剧。。。,2,画皮
什么人才值得拥有幸福呢？,2,画皮
都不咋地,1,画皮
脱去高科技的画皮，发现中国商业电影的丑陋，第五代导演，请集体退场，该轮到地下导演出场啦。,1,画皮
这是给陈坤的星星。,2,画皮
杀了我吧,2,画皮
"这妖精电影一点也不妖,反正没迷惑到我",2,画皮
F比较喜欢里面的小狐狸精，可惜一块看到的是个被阉过的版本。非要我选择角色的话，做王生吧,2,画皮
台词蛮搞笑的。,2,画皮
不知道说什么好。普普通通,2,画皮
烂,2,画皮
纯商业大片,2,画皮
普通,2,画皮
剧情支离破碎,2,画皮
哪儿有演技？还去申奥？,2,画皮
笑尿,2,画皮
三年前和初恋男友看的，看一半我俩就发觉是烂片，后一半动用了不少耐心在忍那些傻逼到极致的对白台词和完全让观众入不了戏的差劲演技……看完都无语了……周迅美则美矣，能力还是有限，戏路也不够宽，性格不够大气，避免不了接这种无脑剧本。,1,画皮
节奏太拖沓了，剧情也毫无新意。除了几个好演员，好像真的没有什么了。而画皮2里面又有杨幂这样的角，所以更没有什么期待了。,2,画皮
甄子丹的台词不好，内容通俗，第三者的后果，总是不太好,2,画皮
超级烂。,1,画皮
万达与七和大肋一起看的,2,画皮
不感人，也不吓人……,2,画皮
对于电影本身极度失望。。。,2,画皮
尼玛从头到尾都没戳中过我，到底动人之处在哪儿了。,2,画皮
周迅还是满美的，但是大家早就知道了啊,2,画皮
雷人的台词，恶俗的演技，单薄的故事，无聊的3P,2,画皮
两大美女~~~hoho~~~音乐太悲哀了。,2,画皮
一群人折腾了一场，最后一个人也没死，你们折腾个什么劲呀！,2,画皮
我从头笑到尾！~,2,画皮
唉,2,画皮
这电影简直太可笑了，不明白为什么能把那么多人看哭。可能我是个异类。,2,画皮
画不出你的骨骼。,2,画皮
烂透了,2,画皮
看在小迅迅的面子上多给一颗星,2,画皮
orz没加条目的原因是08年我还不在豆瓣..其实挺喜欢周迅的(,2,画皮
这简直就是一部《如何花很多钱拍大烂片百科全书》,2,画皮
觉得赵薇成熟了，电影有点侮辱原著,2,画皮
。。。所以最后是解冻了那个短刀才出鞘的。。。嘛？一星给音乐一星给赵薇的相貌儿。,2,画皮
1.陈坤的女人味儿好浓重啊 2.为啥把扣破窗户纸偷看那经典的一幕删掉了？ 3.接下画皮后为啥不是狐狸而是一坨。。。蛆虫。。。。,2,画皮
"20081016,这电影,我的娘啊!",1,画皮
小妖精大战老年白发魔女。,2,画皮
"最讓我打起精神來的是趙薇白髮紅淚造型, 太驚豔了",2,画皮
跟聊斋中的画皮题材一致，但完全无厘头。,2,画皮
铺垫一下又不会死。,2,画皮
没有最差，只有更差,2,画皮
第三者,1,画皮
稀汤寡水,2,画皮
比较扯。,2,画皮
只有预告片好看,2,画皮
国产演员,2,画皮
很幼稚……,2,画皮
wut a rubbish!,1,画皮
看周迅和赵薇,2,画皮
不恐怖不惊悚，讲爱情吧也很烂俗的道理。卡司的演技嘛，无感。,2,画皮
雷人的台词···,2,画皮
我不知道周迅那個聲音哪里適合演妖精...,1,画皮
这什么烂片~,2,画皮
不觉得多好看,2,画皮
場景狹窄，人物心理過於陳腐死僵。,2,画皮
没有心跳的情节,2,画皮
看了这电影之后巨讨厌玩暧昧的男人,2,画皮
看的是近两小时的导演剪辑版。剧本渣，台词渣，配乐渣（除了画心），剪辑渣，演技渣，特效渣，王生的设定渣，周迅木了吧唧的，赵薇和陈坤这对CP也实在不搭。戳中我的是王夫人含笑饮毒药那场戏（还是被一句“你根本不知道什么叫做爱”给毁了，感动着瞬间笑崩）以及陈坤的颜。,2,画皮
一个古装爱情故事，掺加家庭小三捉鬼驱邪，用得着花这么多钱拍？,2,画皮
故事性太差,2,画皮
我和tt的第一部电影,2,画皮
那撕脸的动作忘不了啊,2,画皮
以后我老公要出轨，我就陪他一起出轨。,2,画皮
星星打得少因为困意多。,2,画皮
"一无是处的烂片,剧情俗套而且恶心,对白毫无新意,美女都被化妆得很难看",2,画皮
看点在哪里,1,画皮
花那么多钱= =,1,画皮
浪费时间的片子,2,画皮
好端端的鬼故事改成妖怪片張力都弱了，對岸廣電那些白癡請放鬼片一馬好嗎？,2,画皮
太假,2,画皮
一个小三插足多角恋的故事，披上妖皮仍旧只有狗血。主角们个个爱得要生，言行却只得一个“蠢”字。最后一战之后大家又复活了，两个钟头一切恢复原状，什么鬼。,2,画皮
总觉得这片子里充满了各种别扭的情节……,2,画皮
你根本不懂什么叫做爱,2,画皮
这部戏里很多的爱情，但为什么我没被感动？,1,画皮
没高潮。。。,2,画皮
心疼我电影票，主题歌可以一听,1,画皮
失望,2,画皮
周迅在里面还是挺吓人的。。。,1,画皮
老套而做作的浪漫主义小故事。。。,2,画皮
赵微TO周迅：你根本不知道什么叫做爱。。。我被雷到了,2,画皮
画皮是我喜欢的故事，但是陈坤赵薇甄子丹周迅陈嘉上都是我不喜欢的人。,2,画皮
说是一个画皮就花了多少万，怎么赵薇那个装还楞个恐怖喃？,1,画皮
还是有一星给周小迅 因为太妖媚,2,画皮
炒作！估计连编剧自己都没搞清楚周迅演的到底是只鬼还是百虫还是哈士奇！！,2,画皮
无语了,1,画皮
搓片是用免费电影券看的OTZ ,2,画皮
重點不是畫皮嗎？鬧這麽多事幹啥，看的我壹累,1,画皮
忽视掉陈坤帽子那个电信标志形状玉饰，不得不承认他长帅了。,2,画皮
之后周迅演什么我都觉得是画皮。,2,画皮
一般,2,画皮
真和谐.,2,画皮
一星打给迅哥儿~,1,画皮
现代爱情喜剧。,2,画皮
非常没意思。,2,画皮
。,2,画皮
没有聊斋的美感……,2,画皮
鼓励一下而已，没完整看过，就是每次唱歌都看到MV。讨厌花心男，讨厌痴怨女，讨厌小三，没一个讨喜的角色,2,画皮
rubbish,1,画皮
呃……周迅和子丹哥不该接这部戏 == 好无趣 -- 原著写得多恐怖啊！自从知道陈坤当爹了我就更喜欢他了 == 承认就好、承认就好 OTL,2,画皮
最易被煽情的人，恰逢生理周期，才可能动容。 鬼就不能做的鬼一点么,1,画皮
几年来在影院看的最烂一部片子,1,画皮
搞笑片,2,画皮
莫名其妙,2,画皮
神话故事的改编真人版。,1,画皮
瞎,2,画皮
套路而已,2,画皮
剪辑和镜头都太不美好了，实在没办法,2,画皮
烂片,2,画皮
果然很烂,1,画皮
到底是不如港版的,2,画皮
王生临死前最后那句话毁了整部戏,2,画皮
和我一起看的两个同学整个过程一直在狂笑不已（尤其是最后的小狐狸和小蜥蜴...）。过高估计了甄子丹生硬的演技和不堪入目的外表，王生也很是单薄，孙俪倒是挺可爱的，但动辄就“我是降魔者”实在很冷~~,2,画皮
当年看的时候还是挺震撼的啊,2,画皮
赵薇还是快死的时候好看些,2,画皮
好汗!睡着了...这样的剧本也有人投资?!,1,画皮
只有周迅能看。话说为什么画皮变成妖狐了啊,2,画皮
"很神奇阿,全活了",1,画皮
所谓国产大片，目前也只到这样一个水平吧，没办法去苛求什么了。,1,画皮
如果不是周迅啊，那音乐，那剪接，那镜头，那故事，那堆配角，还有那都被预知的台词，丁点星也没有。,2,画皮
