年代记实录，看了让人不舒服，特别是里面的台词，虽然他们在拼尽全力的活着，可是却又显得如此可笑和悲凉。“小鸡长大了就变成了鹅，鹅长大了就变成了羊，羊长大了就变成了牛，牛长大了就是共产主义了。”,4,活着 
个人认为是张义谋最好的电影。,5,活着 
能活在现在这个时代其实还是很庆幸的了，虽然天朝依旧威武。,5,活着 
一个时代有一个时代的悲哀和可笑，你能在别人心酸的故事中读出些许温情，也能从自己的平凡中领会些许荡气回肠。电影少了原著的惨烈，但那种好死不如赖活着的悲凉还是存在的。,5,活着 
中国不是没有好电影，而是真正好的电影没有在这个社会喘息的余地。竟沦落至此，天涯同道，难语归途。友庆死掉的那段，泣不成声，不忍卒读，他们逃不过。,5,活着 
演员选得很好，巩俐演啥像啥。但整体没有小说感人，可能小说太残酷了吧。兴，百姓苦；亡，百姓苦。活到最后的人，往往最痛苦。,4,活着 
国家走了一小段弯路，对于一代人就是蹉跎了一辈子。生活不易，还是得这么活着。笑中带泪，死人堆里暗暗许下活着的誓约，可谁也不曾想大环境下生活的艰辛。国师在第五代导演最好的时期奉献了极其有温度的作品。经年以后，鹤发的富贵摇着蒲扇回想那天不让有庆上学，少买几个馒头就好了，可生活不曾回头。,5,活着 
个人认为张艺谋最好的电影，可惜这样的电影被当局禁了，因为固有的自卑。9分,5,活着 
活着就是一切！戛纳评委会大奖，老谋子最好的电影。,5,活着 
长太息以掩涕兮，哀民生之多艰,5,活着 
"家珍对撞死有庆的春生说“春生，你记住，你欠我们加一条命呢，你得好好活着！“这就是温情吧，在一个大家都要和走资派划清界限的年代,，不得不说家珍是一个很坚韧的女子。",4,活着 
改编自余华的小说【活着】。很好看。书和电影都好看。活着的人比死了的人还痛苦。我觉得是的。,4,活着 
从一开始不可能让人哭，我就哭得一塌糊涂，因为这部片，又不全是。,5,活着 
中影史：影片透过一个人的一生遭遇，涵盖着人在历史中的命运无法掌控的生命之痛，衍生出了对死亡的苦笑。全片具有一定的史诗性，这种史诗性被包装在个人和家庭的命运之下，同时隐隐露出一股的悲悯情怀和伤感的黑色幽默。影片的个人生存状态和苦难，在经过精简的历史背景里，体现出小人物的悲欢离合。,5,活着 
看一次骂一次,4,活着 
有些人活过来了，有些人死去了，命运，往往不肯将幸福给予善良而又卑微的人们。 反而叫那些人们一惨到底。。。,5,活着 
不看的话人生就不圆满!,5,活着 
葛优成功诠释了一个从嗜赌成性吊儿郎当的纨绔子弟变成一个被生活打磨得没有一点棱角知足软弱的老头儿。,5,活着 
思想反映的越深刻，越是要封杀，这就是广电总局的理论。,5,活着 
因为是电影，所以皮影和箱子做线索好。////其实我想到的是“贫贱夫妻百事哀”——当然要我去过这贫贱日子，我也会去过。/////小说再怎么说也是属于少数人的悲剧故事，而电影则是属于大多数人自己的故事，更有质感，更加震撼。这电影太陕西了。,4,活着 
先看的小说 才找出这部电影来看   很喜欢余华的小说  大多写小人物的悲欢离合  这里主人公一家子的命运  看小说更能体会  我记得那个老爷爷弓着腰 吆喝牛 日出而作日落而息  一日复一日  土地旁的墓  那里有他的父母妻子女儿儿子  他们沉睡着 似乎能听到老爷爷的吆喝声,5,活着 
少年凤霞这小姑娘真水灵啊（大了之后也挺美的），这是唯一的亮点。故事和卡司是真不错，剧本是真糟糕，镜头语言很生硬，不知是编剧、摄影师还是剪辑师的问题，正反打视角不符合逻辑，每场戏都讲不透就换到下一场了。剧情贪多嚼不烂，跟《蓝风筝》一个毛病。,4,活着 
张艺谋最好的作品，即便不少广播标语甚至背景无法翻译传达给外国人，仍然斩获戛纳评审团大奖，葛优也凭借超凡的演技加冕影帝。即便小说和题材占得不少先天优势，老谋子的改编依然居功至伟。影片配乐带入感极强，摄影沉稳大气，黑色幽默里满是政治讽刺，平实质朴中尽显悲凉无奈。（9.0/10）,5,活着 
活着就是他妈遭罪，可死了又不甘心。,4,活着 
历史背景太严肃 总觉得下一秒就会是悲剧 一路想着这么看完 反倒有点释然,4,活着 
对于生活在我们这个年代的人来说 这无疑是一部科幻片 （文革很科幻··）,5,活着 
如果你觉得自己很惨，那就去看看《活着》。,4,活着 
经典，演员演技好，张艺谋最棒的作品，虽然活着不易但必须得活着才有机会！,5,活着 
活着究竟是怎样呢？生活在现在的我们应该庆幸的不止一点半点吧！,5,活着 
半个世纪过去了，我们依然身处在这个荒诞可笑的社会里，一直都是活着，从未走进生活。,4,活着 
才看。一个月前看了原著，都好都苦，都要顽强的活着。,5,活着 
因为老谋子的改编，是影片看起来没有原著那骨子压抑的绝望，更温情了一些。,4,活着 
就算生活已经千疮百孔，中国人还能隐忍地活着，哪怕这些荒诞和苦痛都是由自己亲手砌起来的。传说这是张艺谋最好的一部电影，大概就是好在把那些人们已经闭口不谈或者选择性遗忘的东西拿出来说，而且说得隐晦而丰满吧。,5,活着 
电影虽然已经看哭我好几次，但整体来说还是没有小说好看！,4,活着 
活着是最好的交代。在这部片子里找到了巩俐的风采。没有荷尔蒙的影响却依旧使人感触万千的电影。,4,活着 
自认为是张艺谋最好的一部作品，巩俐和葛优的演技不用多说。真是活着遭罪，死了不甘。,5,活着 
和原著有些差异，但电影改变无可厚非，给里面演员的演技打call，特别喜欢凤霞，有庆的设定我更喜欢书里面的，这孩子死的时候哭死了😭,4,活着 
唉.. 終於看了活著，那時候法語課說戛納課上放了活著一開頭往後再也沒看過，初中老師介紹過小說，也沒看過，今天終於看了電影，總覺得張藝謀更適合這樣的風格同時鞏俐，她是活著的家珍，她是霸王別姬的菊仙，都比她穿金戴銀花枝招展濃妝豔抹要美太多太多,4,活着 
人生不易，不同的是带有着不同的苦难。,5,活着 
眼看着时间越变越少，家里面还有那么多人，急得很呐还不死绝，没想到就没了。禁个屁啊反映的真实面不过三寸。,4,活着 
一部很走心的电影，剧中的家珍遇到任何事情的时候都没有埋怨过富贵，默默的陪伴相守，引起我们的反思。,4,活着 
福贵一辈子经历了太多的酸甜苦辣，到头来还是活着了，日子也越过越好了。,4,活着 
电影保持小说的悲剧基调，在结尾寄予了对新生活的希望，在悲剧中又透露着美好。两者的异曲同工之处在于“活着”，不管生活怎样，我们要为了活着而活着。同时两者各有特色，电影为了美好生活而活着，小说不论美好与否都要活着。不论是电影还是小说，最终传达的意思就是“活着”。,5,活着 
虽说和原著有偏差，但实在也太让人伤感了。过于真实和讽刺，最好的余华和最好的张艺谋。,5,活着 
一部2小时的电影，记录了近代中国的变迁。忘不了巩俐在深巷里的痛哭。一户人家，命运经历了大起大落，痛苦有过，幸福也有，终究还是活着。此时此刻我们都活着。,5,活着 
原著和电影都值得这个满分，引人深思的一生，小人物也有小人物的活法,5,活着 
活着是为了什么啊。就是活着啊。活着，就已经用尽全力了。,5,活着 
风雨飘摇 社会动荡都不是借口。你要告诉我那个时代有多压迫 那个时代有多难堪 那个时代有多不公 我想说你让我看到的只是大家没有改变反抗的想法 哪怕是一点点。,5,活着 
被书虐完后硬是撑着看了电影 葛优不愧是因此片而成影帝的 一个眼神就能映照出苦难的面目 但是不太喜欢电影为了控制节奏而改了许多剧情 还是无法表达出余华对生命的理解。最后，禁片还是有原因的啊，还原了历史的原貌，看了对体制牙痒痒。,4,活着 
张艺谋的影片总是很有深意，艺术感很强。死终究是归宿，应该怎样活着？看男主人公的经历，我们都会有不同的答案。,5,活着 
人啊，活着时受了再多的苦，到了快死的时候也会想个法子来宽慰自己。,5,活着 
影片情节与小说原著差别较大，只是借助了一个框架。影片给人最深的印象是真实，没有粉饰，这也应该是被禁的原因吧。说句题外话，那个年代，至少演员很敬业。,4,活着 
书是十几年前看的，把我看哭了好几回，唏嘘不已。前几年老婆也看这本书，然后躲被窝里没完没了的哭，说太惨了太惨了。我说惨的还在后头呢，她就哭得更来劲了，最后看完哭得双眼红肿，说怎么死绝了？所以我决定不再看。结果今天看了电影版……演得真好。结局也稍微改了一下别太惨了。这片现在过不了审。,5,活着 
非常优秀的一部作品，只是看完之后心情有些沉重。活着就好。,5,活着 
【A】不愧是张艺谋第二好的电影，剧本、演员、摄影、艺术成就都好的不能再好了。剧本上有余华的原著加持，虽然还是迫于审查压力对结局进行了大改，但仍是顶级的电影改编剧本，兜兜转转中依旧充斥着直击人心的力量。葛优与巩俐不愧为中国最好的男女演员之一，角色的年龄跨度之长、内心转变幅度之大、最终完成度之高，无不令人惊叹。至于摄影和艺术成就，我觉得比张艺谋以后所有古装电影都好。在光影的配合下，屏幕上的那个世界从头到尾都透露着一种坚韧的生命力和荒诞的时代感。其中两幕刺刀刺进皮影的镜头，寓意极深。以皮影代指富贵的一生，这个点改编的极好，极好。唉，好歹当年这样的电影还是给拍的...,5,活着 
葛大爷和巩俐非常棒了。人世浮沉，好好活着。,5,活着 
比较喜欢他的这部片,5,活着 
人是为活着本身而活着，而不是为了活着之外的事物所活着。,4,活着 
很好的还原了书本的画面和情节，不错的片子。,4,活着 
4.5。最珍贵和区别化的就是土气，一种通俗又不浮躁的土。仅论艺术价值会低于很多同类，却必是使我在内容上收获最多的一部。那么多年，时代一直在影响个体，而个体对时代的唯一影响或许就只有“顺应”，不抵抗永远不意味着不抵抗。活着太难了，活着就好了，家一直不得不为国，但家总不是因国生的啊。,4,活着 
不说了。立意深，好看，虽然看不懂，但是值得看一下，发人深省。,5,活着 
非常深刻的电影，葛优和巩俐都演绎得不错,5,活着 
修复版再刷。倒不至于因为对原著改动太大就不喜欢这部电影，只是它远非张艺谋最佳，无论怎样评价它，都难以避免“改编偏见”和“政治同情”。前四十分钟，表演、置景、打光无与伦比，从愿赌服输折射整个中国封建伦理中的契约精神，是看过的国产电影里最行之有效的“古装”戏。只可惜故事里共军出场后国师神采全无，其实并没进行什么批判，只是展示而已，但就这样也是展示得遮遮掩掩，反思力度跟《芙蓉镇》等完全不能相比。这部影片证明，如果把自己的立场完全藏起来只讲事儿，电影会变得多么泛泛而谈，连葛优、巩皇、姜武儿三位超群的演技也仅仅成了帮故事走过场。前半部分将原著里疼的东西变得更直观了，后半部分将原著里疼的东西变得不疼了，国师这“巧手”该佩服还是得佩服的。音乐有滥用的倾向。表达不畅带来节奏问题，更像半成品，渴望谁能重拍。,4,活着 
好死不如赖活着，活着就有希望。,4,活着 
前40分钟非常好，值得称赞的两个镜头一是刺刀刺破皮影幕布，二是战场上黑压压的人跑在雪地里处理很棒。后面内容略微有点水，结尾处理反倒弱化了悲剧色彩，难道是艺术处理后坟头上长出来的那朵小花？免得让观众过于悲观？（可以肯定我看的是删节版！！）另，演员的表演太好了，增色不少，姜武尤其好,4,活着 
四星半 能把书改成这样不容易 用了一天晚上先读了书又看了这个电影 感觉挺温暖的 被书深深折磨的我的玻璃心总算找到一个出口 但感觉书更加有关于“生命”本身 也更有深度 电影把笔墨过重地放在了文革上 ps葛优演技很棒 巩俐那时候真美啊 一脸的胶原蛋白,5,活着 
C＋ / 影片的建立基础有一条颇为尴尬的矛盾。一方面是用比较浅表的时代感与偶然的戏剧性来推动人物前进，并在这一被动的过程中呈现底层的自主、尊严、蒙昧、压抑等极为矛盾而复杂的生存状态；但另一方面，前者的戏剧性与时代感中所显露出的不可避免的倾向与局限又在削弱后者近乎自然主义的力量。或许还是前者的挖掘功力有所欠缺造成的割裂。,4,活着 
终于又下定决心，不怕牺牲，排除万难，去看禁片儿了……电影《活着》，根据余华小说改编，张艺谋执导，芦苇编剧，葛优、巩俐、姜武主演。被禁止在中国大陆上映。张艺谋妥协前的绝唱。看完本片，看花絮。那时的张艺谋、巩俐和葛优都是那么年轻而有才气…唉…你说为啥张艺谋现在…不说了……,5,活着 
一直听说过，就没看过。当年好像选了田壮壮的《蓝风筝》，就故意忽视它。。还是那句话，时代下的小人物永远只能随波逐流的顺势，能够带着苦难好好的活着实属不易，中国没有历史，中国只有轮回。。,4,活着 
虽然比不上原著，但也真的是经典了，选角真的绝了,5,活着 
张艺谋巅峰之作，一个时代。,5,活着 
无论发生什么，“活着”是不容怀疑的。,4,活着 
老谋子以前拍的片都不错，现在越来越让人讨厌了,5,活着 
好看，书也好看。电影还是给了点希望的，书让人绝望。,5,活着 
如今的张艺谋倒退了好几十年啊。。,5,活着 
生命无常,5,活着 
重刷日版蓝光，张艺谋最好的电影了。,5,活着 
张艺谋最好的片子，朴实的人性远胜于浮华特效。,5,活着 
张艺谋最好的一部电影,5,活着 
生下来活下去，生活再艰难也得坚持住,5,活着 
希望有更好的反映中国时代的电影。不仅仅是一部《活着》。,4,活着 
影片中的绝望、无助、无力在黑色幽默里得到转变，变为中国人在艰难生存状态下的忍受。,4,活着 
那个时代活着就是希望吧，活着很难，有时候觉得人生下来就是为了吃苦的，珍惜眼前的幸福吧，珍惜现在的时光，活着不易,4,活着 
我TM都看三遍了我容易么我TOT,5,活着 
一个人，一个家庭在洪流下被命运颠来倒去。隐喻恰到好处，没有扭扭捏捏的遮掩，却还是被墙了。如果连这样的电影都被关了禁闭，哪有资格去指责那些正在拍烂片的人呢，是我们自己默认了现在正在眼睛里发生的一切。,4,活着 
哭了很多很多遍。。。。人活着真的不容易。。我要好好活,5,活着 
几千年来，老百姓都盼着鸡变成鹅，鹅变成羊，羊再变成牛，牛最后变成什么？早些时候，是并耕而食，是小国寡民，是天下大同。到后来却让鸡不成鸡，鹅不成鹅，羊不成羊，牛不成牛，人也不成人。,4,活着 
私认为，《活着》和《霸王别姬》是中国电影史上最好的两部作品。在这部影片中，无论是葛优和巩俐的演技、张艺谋的指导功力、赵季平的音乐，甚至是余华的小说都得到了升华。一部《活着》就是整个中国近代史的缩影，它是张艺谋导演最好的电影作品，没有之一。,5,活着 
老谋子和余华相比有妥协，起初余华很佩服，后来还是被禁了，余华就不佩服他改佩服后面的大佬了。现在看，条目还在，也说明了妥协的一个好处，即使是妥协的产物也几乎快成了孤本。作为中国人，生，不容易。活，也不容易。生活，更不容易。福贵的一生太惨了，张艺谋删减加工之后，还是太惨了。,5,活着 
和后来的《归来》一样，老谋子的诉求一直是“温和的鞭挞”。余华的小说如暴风骤雨，一卷就带走了福贵的一切，老谋子的电影像太阳雨，有阳光带来的温暖，大雨带来的不适也是真实的，前者说的是苟且，后者说的是放下，两者，都是活着。,5,活着 
巩俐的家珍演绎的非常好，真的是他们家的珍宝，从赌场找回福贵、福贵不在的时候一个人支撑家里面、坦然面对从富贵到赤贫的落差。有庆的死去和小说里处理方式不同，都挺让我难过的。,5,活着 
她只是希望他回家。他只是为了回家。,5,活着 
一个小人物和小家庭变迁，社会历史真实性，小家庭也有梦想，。,5,活着 
"只要还有家人,就有活着的意义,只要活着就有故事,活着就是最好的心意!!~~~~鸡长大之后就是鹅,鹅长大之后就是羊,羊长大之后就是牛,牛你长大之后呢?---------张艺谋电影!!!葛优巩俐,演技无可挑剔, 演绎着福贵家珍两个充满了灵魂的人物.,一个愚昧.一个守旧,但默默地坚持活着是对那个时候的赤裸裸的讽刺",5,活着 
影片的故事很亲切，很真实，就像发生在观众身边一样。一个小人物在巨变的历史中浮沉，遭遇不幸和坎坷，完全不能掌握自己的命运。然而他从没有放弃活下去的信念，从不怨天尤人，并且对生活和未来报着无限美好的希望，让人感动。,5,活着 
生不如死叫做活着。年代叙事法，用那个时代的一件事表明ZG的可笑讽刺之处，跟蓝风筝手法一样。牛长大后，日子的确变得越来越好了，可是我们不会忘记我们离开那段日子只有半个世纪，我们也更清楚的认识到真相。这样的日子会好到哪里去？？巩俐和葛优的演技那时候真的很棒。,5,活着 
在中国，每个人都在喊着过幸福生活，但大部分人都只是在努力着如何生存，和残酷的现实做激烈的斗争，没有尊严的事做的太多，也渐渐麻木，以至于后来也想不起来初衷却只是想过个安稳日子。这部电影里的福贵又何尝不是这样，他放弃所有的尊严，低声下气，一而再再而三的苟喘偷生，就只求生存。,4,活着 
最佳的还是医院那场戏，历史的荒诞感和人物被历史裹挟的无力感被生动地演绎。“大团圆”的结局温暖有余，力度不足，这可能是张艺谋自我审查的妥协，讽刺的是这样的自我妥协等来的还是禁映。所以不得不说，最佩服的还得是共产党,4,活着 
凄凄惨惨...虽然没有余华书表达的那么具体那么有深度，但是那种那个时代的荒谬，种种无奈，隔阂。让人无比动容，黄土高坡上，时代环境再怎么整你，也应该好好的活着。或许这是我们这代人，永远无法理解的无奈，但是在这个伟大的时代，好好活着，好好的做自己认为对的事，不枉此生啊！,5,活着 
活着简单可就是艰难啊！总得直起腰板走下去！,5,活着 
结局比书里的好，总算不是个彻底的悲剧。【书里只剩福贵和那只老牛相依为命啊……但悲痛的感觉就这样弱了，不够强烈。啊，老谋子，木有余华的原著为基础你总是拍不出这样好的电影的= =,5,活着 
生活再艰难也要活着，喜欢巩俐和葛优的演绎,4,活着 
人活着就比什么都强,5,活着 
余华的原著看过，比起来还是电影更好些，精炼了一些情节，没有了原著那种死人刹不住闸的荒唐感。把皮影箱子作为一个贯穿全片的线索，在不同的社会背景下表现了不同的功用，使全局有一种完整感。近期补习张艺谋电影，早期作品还是不错，以后的路在哪？,5,活着 
非常棒，强强联合。,5,活着 
鳳霞死的時候，我徹底崩潰了………  中國有著世界上最能忍最堅強最命大最偉大的十幾億老百姓，只爲了最最卑微的‘活著’倆字，似螻蟻般苟活著一撐就撑了幾千年………  我無語凝噎,4,活着 
【1994年戛纳评审团大奖】【1994年戛纳最佳男演员奖】如有人所说，看过这片子的会分成两派。咳，其实个人来说是不喜欢这部电影的，总认为是沾了原著的光，而且比起当年同为评审团奖的《烈日灼人》，实在说不上深刻...总之偶是偏执的谋黑！话虽如此，喜欢的人还是不少。,5,活着 
那辈人经历了那么多走过来真不容易~能好好的活着就是最大的期望。这部片子主要还是原著好，有个好剧本就有一个好的故事题材，才可能有一部好电影。除了同情、感觉到人物的命运悲惨，最后，见证命运历史的皮影盒子里装着生机勃勃的小鸡，不正是象征着未来孕育着希望么？,4,活着 
张艺谋最好的电影,4,活着 
这也是在邓论上看的～换碟时忘了调音道，那个&#34;家珍&#34;一叫，乐乐和钟钟都说，原来粤语和上海话的这个是一个叫法呢,4,活着 
活着，比什么都重要。PS。禁你妈的比，傻逼当政者，讲点历史事实就禁，擦你妈的就这尼玛还想中国电影进步呢，进你妈的比步，傻逼。,5,活着 
看看张艺谋现在的电影，在看看这些，哎，这世界到底是肿么了。谋爷这几年是想开了还是吃错药了。这一个活着的历程看着真的心颤呢，家变，国变，意识形态都变了，这种背景和经历让活着显得好纯粹啊。我们这代人多少还从父母那里耳闻过这些经历，90后或者00后会怎么样啊，这应该作为一种教材。,5,活着 
张艺谋最好的作品并非今时令人眼花缭乱的各色大片，而就在于往昔那隶属大时代背景下小人物的《活着》，质朴简单的镜头却营造了最好的剧情张力，沧海一粟契合命运的种种呈现，一场为了能活着五味杂陈的演绎，悲凉的宿命是为人共鸣的动容。,5,活着 
相比于小說，電影做了很多去銳化的處理，同時葛優的演出又在很大層度上帶來了一種詼諧和幽默的效果，尤其是那個頗為圓滿的結局，很大地弱化了原著的悲劇況味和人生體悟。或者，這是一種積極地改編，老謀子一直以來的樂觀堅韌和淳樸，那種小人物的悲悲喜喜離離合合到最後都妥妥帖帖，雞到牛的小小滿足。,4,活着 
对于看过原著的人来说，本片剧情的震撼力明显不足，但考虑到中国电影尤其是社会题材的中国电影如同在雷区中前行的背景的话，那么这部电影还是具有很高的价值和意义的。,4,活着 
开硬盘的时候又重温了张艺谋的这部电影，不得不说，以前的比现在的好看了，不讨论是否变好变坏，总之觉得不如从前那么接受了，这个大赞~,5,活着 
一出人间惨剧，比原著更有震撼力和感染力,5,活着 
年代记实录，看了让人不舒服，特别是里面的台词，虽然他们在拼尽全力的活着，可是却又显得如此可笑和悲凉。,4,活着 
"拍出活著的張藝謀是令人欽佩的, 沒有刻意的運鏡, 只抓住了一個有分量的劇本就足够了. 時代中顛簸起伏的小人物的命運, 個人的遭遇與時代的變遷結合在一起, 無奈辛酸悲涼, 但也有不屈韌性和溫情, 那個時代, 那些人, 這樣活著.",5,活着 
时代造就人生，社会的悲剧最终都会造成家庭的悲剧。而一家人能够团结在一起其乐融融更比什么都重要。这样，或许安顺地过日子就是我最平凡的乞求。两位主演的表现更是给了我一种家人般地亲切感觉。整片苦涩平凡，不失温情。但是苦涩总戏剧性地发生，虽然之后想来却又都设铺垫，让人觉得度过一生实属不易,5,活着 
"记得当年刚上大学的时候,在公选课上看的这部电影的原著,眼泪止不住的往下流.",5,活着 
家珍说：“记着，你欠我们家一条人命，要好好活着啊。”,4,活着 
没有文字那么让人撕心裂肺，还原度十有八九吧。其实福贵的一生多多少少都有那个年代普遍大众的缩影，所以可想而知当年活着就是最好的宿命了。友庆和凤霞的离世让我久久不能平静，没想到余华的文字有如此强大的力量！另外电影的选角很成功，演员都很出彩,4,活着 
很喜欢葛优背儿子上学那个长镜头，张艺谋看看你老早拍的电影，再看看你最近几年拍的电影，赶紧早点回家吃饭。,4,活着 
已经相对原著做了些许妥协，但还是令人感慨人生无常，活着艰难，尤其在特定时代。但就像福贵说的“回去了，就得好好活着……”,5,活着 
虽然最后结局和书里的不一样 但好歹没让人觉得和书里那么绝望 我是觉得踏踏实实活着总归也是一种幸福 甭管发生了什么 葛优真是瘦 浑身上下的精瘦肉 这是我唯一觉得巩俐演技还不错的一个电影 最后凤霞死的时候我突然想到我妈刚才给我打电话说 你要是死了妈也没活头了= =（为什么会想到这个啊,5,活着 
片子是费心拍出来的好片，只能说原作就不适合直接影像化,4,活着 
"最近愛上葛大爺,爸爸也喜歡,就一起看了這.有哭有笑,這才是人生啊.可是我覺得還是好悲苦,孩子都死了.裏面每個人物包括老全春生鎮長都可憐得讓人心疼.幾次哭因爸爸在旁要拼命掩飾.鳳霞結婚哭了,我說&#34;時間好快啊&#34;,然後也特想哭,我是不是也有這麼一天我也捨不得.PS每個孩子都養過小雞吶~",4,活着 
好的电影一下子就把我带入那个曾经的时代，让我感叹人物的命运是跟随时代的命运的，人生起起伏伏，就是一个时代的缩影。我们每一个人，都在努力生活，经历生死离别。珍惜眼前的美好生活，热爱我们的祖国，如果他还不够好，就做出哪怕一点点的改变。,5,活着 
“小鸡长大了就变成了鹅，鹅长大了就变成了羊，羊长大了就变成了牛，牛长大了就是共产主义了。” 这就是为什么大多数人还能这样安然地活着，活在中国。,5,活着 
活着比什么都重要！,4,活着 
当我们徘徊在生死之间的时候，终于发现平安活着是一种幸福，没有时代的弄潮儿，没冲在前面的突击队，只求安稳的做好自己，过好自己的日子。真的是时候踏实下来，认真对待自己的生活了。,5,活着 
看小说的时候哭坏了，就觉得人生怎么能这么苦呢？这么多苦，怎么都让他一个人赶上了啊！电影版的没那么难过，不过也让人心里挺不舒服的。可人生不就是这样的嘛，总在我们认为一切越来越好时，来个突袭横祸。谁又了解谁的苦呢？！,5,活着 
即使有人嫌张把它拍窄了 拍进了政治的小框框里 那也只是和原著比  电影仍有可观  何况 它借钻进此框  来搔国外评委的痒处 你却可以自由出处于它 看框里的它 连带看见框外的世界 于此 这电影不失为一个标本 除让你知道那个时代一个人如何活着  还能看 另一个时代 电影/影人如何活,5,活着 
苦命就能说明一切吗？我不会认同这样含糊其辞把责任抛出去的说法，有些事看似每个人都没有错，只是一环扣一环不知怎样就发生了，所谓的没有人错其实意味着每个人都错了。时代一定是在进步的，每个时代又有着自己独特的问题，多思考多做事，没有人谈什么命运不命运的时候人们才真正的向幸福迈进。,5,活着 
没看过原著，故事非常优秀，波澜壮阔的近代史裹挟着的小人物命运，低谷-希望，人生起落设置的非常好。感觉第五代都是这种，叙事手法平实，主要靠剧情信息量。,5,活着 
剧本太好，故事太好，导演的作用就小了很多，老谋子的作品，前后都无法超越这个。以后也不会再超越了。,5,活着 
真的是让人震撼的一部电影！！！也许是原著本身的优秀，但是能够改编成这么出彩的电影，说明老谋子还是功力深厚的,5,活着 
对小说的记忆已经很模糊了，可是明显感觉到种种差别，嘛，感觉真真是改编啊。其实挺喜欢的，可是真不喜欢让人发笑的桥段和结尾。活了快十八年来看这比我小三天的电影，看人活着的种种，这种时候感触颇深啊，囧哈哈。嘛，死也要活下去o(≧v≦)o~,5,活着 
老谋子还有这样的岁月，再看看现在的老谋子真是堕落坏了啊。。。虽然没看过原著，不过片子不错，演得也真是好。至于成了禁片，不正面地讲了这么多近几十年的历史，也不足为奇了。不靠帅哥美女卖肉也能讲好故事的片子都是好片子。,5,活着 
原著和电影都很好看 电影比小说多了温情和黑色幽默的一面 小说比电影更加深刻悲凉 不错 老谋子年轻的时代,5,活着 
特有天朝特色的一电影，不管是在哪个年代，活着也许是中国人唯一的信仰，无论是战乱，还是文革，到如今，14亿人口面对无论怎么样的困境，遭遇，都带着鸡变鹅。。。日子越来越好的希望苟活着罢了,4,活着 
当年在初中语文课上看它时，我什么都不懂只觉得“这些人怎么这么惨啊”和滑稽。现在看着它，我却已经笑不出来了。,5,活着 
小鸡长大了就变成了鹅，鹅长大了就变成了羊，羊长大了就变成了牛，牛长大了就是共产主义了,5,活着 
7.8；就困在那裡，不知道是不是導演刻意,4,活着 
书看过，电影也看过，还都不止一遍，每次都习惯性的对照，这大概会影响到客观判断。《活着》这么大牌的一个禁片，豆瓣已经有很多相当深刻的评论了，我只想说，好电影，实在是离不开一个好编剧，当然，本片有两个，呵呵，数量大也是优势嘛。,4,活着 
强烈感觉应该看完电影再看书的，看了书再看电影就没有感觉了～人生也是这样，经历了大的悲喜、离别和痛苦，就会开始变的麻木不忍，书比电影是真的沉重太多了……,4,活着 
"Old idols are overturned, and new ones are build high. The river of history ruthlessly washes up individual destinies, yet always leaving human nuggets shining behind. The hopelessness mocks any so-called mightiness, the human forgiveness carries on life.",4,活着 
真实的历史加容易经典的黑色幽默，说是中国第一片我不反对。但是几个悲剧偶然性大了些，批判力度不及霸王别姬痛快,5,活着 
"我没看过余华的活着原著,但我看到张艺谋导演的编剧,政治历史的电影,堪称经典,起码我被那个时代所感动了..",5,活着 
有很多情节和冲突是稍显刻意的，不过情感到位，倒也可以忽略，而在背景上，其实只是如实还原，并没有夹杂过多的情绪，并不会对人产生什么思想的引导性，被禁之说与内容关系不大。从结尾温情的长镜头可以看到，更多的还是在传递一种希望，大背景只是个渲染作用。,4,活着 
以前和家人一起看《富贵》的，看这个虽然删减改动不少，不过相当成功。老谋子还是以前的好啊。,4,活着 
"改编得不错,皮影戏的引入让我印象深刻.在那样的时代有着这样多磨多难的人生,但&#34;活下去&#34;的坚定信念,支撑着福贵让他能够苦中作乐.对于福贵来说他真真切切地活着.",5,活着 
国师在英雄前后真是判若两人,5,活着 
迄今为止看的最好看的国产电影了，虽然不能公映，但不能阻止它成为经典，鸡长大了就变成了鹅，鹅长大了就变成了羊，羊长大了就变成了牛。不管是对儿子说还是外孙说，相隔了几十年，能做的也还是活着,4,活着 
余华作品的死亡率奇高，且非常残酷，轻描淡写，简直是宇宙视角在写人的存亡。电影更多表现细节和人在困境下的一种“盼头”意志。葛优真不错。,5,活着 
让你说不上来，就好像什么能不想说。因为没有人能将这样的人生与背景说得确切。,5,活着 
来自小说，别于小说。大时代下小人物，历史变迁，时光流转，中国人最朴素最直达的生活观，张艺谋也是内地电影目前的最高峰。,4,活着 
中国人最大的信仰就是活下去，偶尔出现追求其他的便是异类，这是描述这种信仰的最佳作品（也加上小说）。,5,活着 
如此温馨的结局，倒也理解，就权当是一场镜花水月吧。要是完全按照原著来拍，恐怕很少会有人能承受的住，这生命的张力。,5,活着 
“影片以主人公福贵跌宕起伏的人生经历为叙述主线，运用各种电影语言，间以夹杂黑色幽默的调侃手法，在讲述主人公福贵令人心酸的过程中，以独特的角度再现了当时那个年代中国众多福贵们的生活现状。一个个时代，一岁岁年轮，一段段故事，福贵的半生经历讲述了这部电影。”张艺谋导演的经典之作,4,活着 
电影没有书那么苦难，村变成了镇，但是凤霞生孩子这段太巧妙了，让凤霞大出血医生就在旁边但是撑死了。二喜还不够好，手拉手这么可爱的桥段为什么没有？还有我更喜欢乡村的感觉，现在这样更讽刺文革一些。电影很伟大，可还是觉得书更好,5,活着 
张导导的文艺片就是好。,4,活着 
这是整整一部中国的近现代史啊，国家几度浮沉，人生几度秋凉，看完让人禁不住的抹泪和感慨。。。,5,活着 
活着这两个字最简单也最沉重！那样动荡的年代，他们最大的幸福却只是能活着，哪怕苟延残喘，哪怕草木皆兵！人活着就好啊～～～～,5,活着 
《歸來》之後重溫了一遍《活著》，再次深深震撼。人啊，真得活得像個人，可不能像畜生，也不能跟家禽似的。你得知道，他們養著你，讓你吃飽穿暖不過是為了最終奴役和剝削你。獲得表面行為自由的代價是靈魂永不能逃離桎梏，你還樂在其中。仰望是因為你跪著，站直了就平等了。不要“活著”，要“生活”。,5,活着 
真正能够抓住人心的电影，说好看真是无法表现出看完后那种感觉。强烈地激起了我阅读原著小说的欲望。PS：真喜欢那时候的巩俐，演技真是入木三分。PSS：看完张艺谋如此完美的作品，再回头看什么黄金甲山楂树之类的，真是让人心酸。PSSS：相见恨晚，现在才看到这么好看的电影。,5,活着 
一个时代的悲哀淋漓尽致。看完真的只想爆粗口！现实社会这种悲哀还在继续，什么时候是个头啊！葛大爷演的真好。,5,活着 
电影鉴赏选修课上看的，确实好看，看来还是要稍微揭底才有“看点”，那几段特殊历史时期的事儿真够讽刺的。整体演员表演都很棒，小凤霞看着真心疼。,5,活着 
只为应今天这样的景。再翻出来看着早年的片儿。无论生活如何，无论发生什么，最重要的是好好的活着。,4,活着 
是部好片 张艺谋再也不能拍出这种片子了  原因是电审  剧情没废话，看现在的国产，都是些废话拖时间  都是拜xx 所赐，吾皇万岁万万岁,5,活着 
非常的写实，四十年代的战争、五十年代的大跃进和六十年代的文革，三个时间段展示了葛优大爷平凡而又坎坷的一生。再回顾现今，其实言论不自由自古就存在，咱国人也还能想着法儿绕弯骂人落个自在就行，何必为网络监管生气呢？毕竟是活在这个时代。要不然你成不了塞翁失马同时也遭遇各种不幸的福贵。,5,活着 
张艺谋最好的一部。获戛纳国际电影节评委会奖和男演员奖。根据余华小说改编，表现人在极端艰难的生存环境下可悲的顽强和坚韧，因诋毁社会主义法制，诋毁政党执政能力，迄今不能公映。,4,活着 
“这钢铁能够造三颗炮弹，全都打到台湾去，一颗打在蒋介石的床上，一颗打在蒋介石的桌上，还有一颗打在蒋介石的茅坑里，让他睡不成觉，吃不成饭，还拉不了屎，台湾就解放了。”一部让人含着眼泪与辛酸而又忍禁不俊看完的电影，不愧为老谋子的巅峰之作吧~,5,活着 
老婆，今天下午我在宿舍看的，嗯，因为之前看过小说，所以在看电影的时候总是在对比小说，感觉没有小说批判性强烈，不过也还是拍出了一些东西，嗯，看的时候在想，或许再看一遍小说吧，嗯……老婆，抱抱！我想你了……,4,活着 
葛优和巩俐的演技真的好！演出了沧桑的人生,4,活着 
心酸心碎的故事。同样是讲历经几十年的沧桑变故，对比霸王别姬，这部片子更着重于普通小百姓的磨难，而经历的惨痛更无以复加得令人心痛和无奈。目前个人最佳国产片前三。,5,活着 
活着，是为了更好的活着。走过了内战，迎来了大跃进，再到红卫兵，当时中国人民对毛主席的情结已经达到了一种病态。也许那时候的日子就是这样简简单单，在悲痛中过渡自己的人生，在口号中跟紧他人的脚步，看到富贵唱戏很容易让人想起霸王别姬，其实他们的命运都是一样被安排，只是富贵选择了活下去,5,活着 
张艺谋导演的经典电影，中国式的黑色幽默片，葛优和巩俐的完美演绎，成功塑造了那个年代小人物的悲欢离合。,5,活着 
活着便是无止的修行，特定的时代里小人物永远那么悲哀,5,活着 
没有很好的阐明“活着”深刻的含义，而仅仅浮于表面，两个孩子的死也过于戏剧化，与原著比起来想去深远，而老谋子的选择海外投资也是别有一番意义,4,活着 
2008.8.8.17:11...和Lidia一起看的.第五遍.从中又懂得很多.想起了好多事儿.虽然是94年的片.但现在看还是那么牛逼.真实.感动.旧时人们的单纯与无知.一直都记得&#34;牛以后.就是共产主义了&#34;...,5,活着 
幸福总是短暂的一瞬间，改编的不错，葛优的演技真的牛逼，曾经的张艺谋和巩俐也都很牛逼,5,活着 
因为太爱原小说了，虽然片子拍的貌似还少些味道，但托原著的福，还是觉得很不错。我真的很好奇那个“奇怪”的年代，只是看得心疼，有些人活着太累了···,5,活着 
老谋子改编得不错，紧凑了许多。小鸡还在，就不怕没有牛，也算是给这惨淡的人生留了希望，是啊，有希望才能活下去，不然活着干什么？,4,活着 
"看了小説后,相比這部電影的結局,讓我感到釋然,電影的結局是兩老一小還有一個女婿,就這麽活著,而小説最後就剩一個老頭那悲慘的結局,每次想到都讓人難過.或許電影想要詮釋的活著,就是在一波又一波的經歷后,還有餘下的小幸福,知足地活著.",5,活着 
获戛纳国际电影节评委会奖和男演员奖。根据余华小说改编，表现人在极端艰难的生存环境下可悲的顽强和坚韧，因诋毁社会主义法制，诋毁政党执政能力，迄今不能公映。,5,活着 
影片以皮影为线索通过讲述旧社会一个家庭的悲欢离合，展现了新中国建国初期大跃进的那段历史批判了当时的制度，张艺谋最好的电影，一个人的悲剧也是社会的悲剧,4,活着 
鸡长大了就变成了鹅，鹅长大了就变成了羊，羊长大了就变成了牛,5,活着 
改编自余华同名小说，国师的片子里个人最喜欢的一部。电影改编了不少，包括结局，总的来说，少了原著满篇弥漫的生活的惨烈，不过就这样赖活着不惨烈也悲惨吧？国师的改编有很多不得不为之的考虑（可惜还是被禁映），不过，改动后的故事仍然讲得很好。,5,活着 
"蛮有喜感的一名作,女朋友之前看过一遍,这次看的时候一直抱怨结局改的太多,力度缺失.果然还是逃不出改编电影的宿命吧.不过但从影片来看还是张导的上乘之作.",4,活着 
张艺谋前期拍的片子真不是盖得。这个题材的还有《芙蓉镇》反正都是文革那些事。想想那时摧残了多少人啊。不过福贵也真是个爷们儿，知错能改。我真的很喜欢以前的巩俐大姐！！PS 觉得姜武比姜文的演技好一万倍！！,5,活着 
多么有力度的片子!残酷的太像现实。社会主义社会中越被封杀的电影就一定越是好的片子。《活着》无疑是国产电影登峰造极的表现。这可惜此时的张艺谋已非彼时的张艺谋了,5,活着 
在时代风暴的撕扯之下，每个人都犹如风筝一般无助。被扭曲的人性，造就了黑色幽默一般却又无比真实的存在。那些经历了非理性年代的人们，光是活着就已经拼尽全力了。,5,活着 
其实张早期的电影都一种可贵的精神，但是十几年过去了，这种精神变质了。总不能责怪他，这绝对是必经之路。认真是一如既往的，只是少了份重要的力量。总不能妄自菲薄地说他失去的比得到的多。,5,活着 
小人物的史诗片，真正的“以小见大”。年代的跨度加上众多人物的倾力演出，成就了张艺谋的艺术颠峰。生活就是一部愈加沧桑的年代剧。,5,活着 
还好我先看了电影，再看了小说。我得到了双重满足。还有，文学和电影是两种形式，关公战秦琼，没有意义。,5,活着 
人还活着的理由不是因为他想或与否，只是因为时机未到，一切都是天注定，人难以拥有自我。,5,活着 
作为一个二十出头的无名角色，我很难说自己对那段历史会有什么明确的判断。但是，当你丢下一切看似沉重的负担，活着，才是最重要的。其实这就是张艺谋的道路，或许理解张之后对商业化的执著。,5,活着 
我总是情不自禁地跟小说对比。其实剧本改编得不错，老谋子的镜头也相当有张力，几个画面就可以表达许多内容，部分蒙太奇的使用也渲染得很棒。不过由于浓缩，剧情氛围的渲染及过渡都做得不够，故事本身之外的隐喻也做了妥协做了修改或删减而没做得更好，不过医院部分拍得很棒，结尾更是意味深长。,4,活着 
当初看余华的这本书就看得眼泪停不住，电影更是直截地冲击着泪点。,4,活着 
小说是悲惨后的一点戏谑，电影则是悲惨中的闷头前行，更冲突，更沉重，但最后好像也过得下去。,5,活着 
葛大爷演技无解，节奏也刚刚好，有几处很感人，遗憾少了几个最有感染力的情节。,5,活着 
说实话，最不喜欢看的就是解放到文革背景的东西，余华的书看了很多每次都说不清道不明的各应。凤霞结婚我就猜她的难产死哎。。。最揪心不是看一个小人物悲惨的死了，而是看的活着经历了所有的悲惨，真揪心。。。,5,活着 
鸡长大了变成鹅；鹅大了羊；羊大了是牛；那牛大了呢？牛大了是共产主义了。。。,4,活着 
看过这部片子，无疑会联系到《霸王别姬》，那个动荡禁忌的时代。活着，我们为什么而活？我们为谁而活？为自己？还是为了别人？人活着，就比什么都强。,5,活着 
先看的电影后在杂志上看的书　　小学看的　仍然觉得是好片子　福贵他在女儿坟前关于馒头的一段讨论。。听的我真是。。唉。。,4,活着 
为什么这片子我不能给五颗星……我也不清楚，有时候你看一本书觉得好，可能就是那么一句话打动了你，我不觉得能有整本书所有的字都能让人觉得感动的，所以这部电影就是少了那么一句话让我觉得这片子妙，就是这样。不过也许这也正好应了这个名字。,5,活着 
余华的小说成就了张艺谋的神作，葛优与巩俐的演技在此片中才真正体现出来，基本上在我心中和凯歌的《霸王别姬》一样，让我遗憾为什么就没有此类神作再现，随谈也清楚一些不能说太细的原因,4,活着 
不管这部电影多么靠余华原著的烘托，作品本身终归是非常好的,5,活着 
福兮贵兮，灾祸相倚。人似草芥，命如浮萍。,5,活着 
年轻的时候太瘦了，还是老了好。。。老一辈都活着，小的们都死了,5,活着 
小老百姓总是会在夹缝中用着自己的生活逻辑顽强抗争着时代  PS:片子残酷的时候还是保留了温情和希望 葛优戛纳影帝之作，一群好演员  看哭了。。。,5,活着 
非常质朴。一股股的乡土气息。张艺谋还是以前拍的电影好。还是更喜欢原著。葛大爷等几个演员演的小人物，很神。,5,活着 
电影有很多改动，结尾没有像原作那样残酷，除了福贵，家珍、苦根（馒头）、还有那个深爱凤霞的男人都还活着，降低了悲剧性给予了一种希望，但又缺乏原作的深刻和冲击力！我觉得最棒的改动是凤霞生孩子那块，讽刺的力度更大更令人唏嘘。,5,活着 
谢谢编剧导演合理的篡改了原著没让大家看着电影就心如死灰，余华太狠了。当年三十几岁的葛优和二十多岁的巩俐，现在看也是万里挑一。,4,活着 
很讽刺很悲惨的电影，时代弄人。,5,活着 
很早以前看的电影，看电影前看过余华的原著，电影的情节有所保留，小说更为绝惨,5,活着 
近代新中国千千万万悲惨家庭中还算幸福的一个。看完之后，心中矛头直指毛泽东的错误领导，这样想的原因，应该是因为我的无知而看不到他的伟大和贡献。,5,活着 
看过很多遍，找了网上最高清资源，还有日本D9原盘。但书从未看完过，太惨。,5,活着 
意想不到的充满希望的结局，整个基调似乎也不像原作那么痛苦了，虽然也充满了辛酸，但生命中难得的温暖依旧支撑着人们，好好地活着！,5,活着 
大炼钢铁，三年自然灾害，文化大革命，人性在那个疯狂的年代被疯狂的挤压。虽未曾亲历那如“人吃人”的旧社会，但透过镜头仍旧看的瑟瑟发抖。#《霸王别姬》《活着》《蓝风筝》《芙蓉镇》《阳光灿烂的日子》《太阳照常升起》#,4,活着 
生，容易；活，容易；生活，不容易。看了之后我觉得，生和活，也都不容易。张艺谋，巩俐，葛优，我向你们致敬。,5,活着 
啥也不说 必须满分 小说就很喜欢 电影拍的有滋有味 那时候的老谋子不一般啊,5,活着 
有时候活着真不如死了，跟导演本人一样，跟这部电影本身一样，愈是妥协便愈是卑微。20年前的葛大爷就浑身是戏！,5,活着 
改编失掉了原著浓浓的乡土气息，实在可惜。和谐了也不少，有庆是被体制吸干了血，变成了一场交通意外..最饥饿困苦的日子也省略了，代之以好几个吃喝管饱的场面，大碗面条大盘饺子，人都吃的乐喝，让人顿感那年头生活还真不错。削弱了对真实苦难的描写，同时也削弱了原著所传达的在苦难中乐观坚强的精神,5,活着 
改编了小说中前期的故事 最后的长镜头使影片没有过于凄凉之感 就小说改编的电影来说算是一流的 也的确很会抓住原著的重点 张艺谋也在里面加入得一看了较多自己对当时社会的想法 葛优前段表现优异 后段略显平庸 但这部的巩俐无疑给自己定下了一个以后基本无法逾越的高峰,5,活着 
大三还不是大四看的 话说张艺谋的片子 我最喜欢的竟然是 摇啊摇 摇到外婆桥,4,活着 
多好的电影！多好的导演、演员、剧本！可惜的是找了两个北京的男演员，没演出西北的味！,4,活着 
电影本身就很不错，演员演的也很到位；不过大家居然都说小说更好看，没办法啦只能自己读一下了,4,活着 
同樣在1994年，同樣是這麼風風雨雨幾十年的人生，同樣跨越了最動盪變化的歷史時期，人物同樣渺小無奈！看《活著》自然想到《霸王別姬》。不同的是一個普通平凡，一個驚豔絕世。或許這才是老謀子最好的作品了！！,5,活着 
很难联想到毁灭，痛苦之类的词，对文革的反映一点都不过分，影视作品这样太正常不过了。感动我的是影片的生活化和中国老百姓身上的美德,5,活着 
首先，想起已故的初中语文老师谢老师上课为我们朗读活着；其次，排除了原著前半段的黑色幽默，还改了结局；最后，这段历史，悲哀至极。,5,活着 
葛优在最后说，鸡长大了会变成牛，孩子问，牛长大了呢？葛优没有像给儿子说“牛长大后就是共产主义了”告诉孙子，他犹豫了。,5,活着 
余华的经典作品，配上经典的导演，经典的演员，再差又能差到哪里去？只是可怜的中国人啊，永远不能通过“合法”渠道看上这部电影~,4,活着 
个人认为，这部影片和奥运会开幕式是谋导最棒的作品。相比原作，影片在某些情节上作了一些改动，但与原著一样精彩。,5,活着 
没有小说来得残酷，所以原本小说要体现的在大环境跌宕中小人物悲惨命运的原旨就轻了些~~~就电影而言，演员个个出彩，电影气氛不断在冷酷和希望中变幻~~~,5,活着 
这几天，每天刷一小段，每天都觉得拍得真好，怎么这么会拍。,5,活着 
电影篡改了很多处，减少了人物，小说比电影惨，但电影比小说更讽刺可笑。起初感觉葛优表演不在状态但是渐渐的才发现是自己不在状态。今天在书店里看完小说一直憋着眼泪，或许是先入为主的缘故吧，还是觉得小说空间很大，电影限制了想象却多了很多细节点，特别是台词，比小说好太多了。,5,活着 
就这样也能被禁播？,4,活着 
-福贵 咱们可得活着回去 -回去了 可得好好活 活着这回事不是你一人说得算的 就算在那时候,5,活着 
余华：昨晚暨大演讲，有同学问我《活着》改编电影时什么事情印象深刻？我说这是18年前的事了，还记得当时张艺谋常说原作里的什么细节要改动，审查才能通过。看他胸有成竹的模样，心想他如此了解gcd，对他十分钦佩。可张艺谋拍摄完成电影后，审查还是没有通过。我不再钦佩张艺谋，我钦佩gcd了。,5,活着 
好，真好，戳到心坎里去了。不管好的坏的，都是滚滚的历史车轮碾过的时代缩影；不管顺境逆境，都是平凡的人生品出的五味杂陈。在时代洪流中的平凡人生，这就是活着。这就是老百姓的追求，这就是老百姓的电影。好好活着，过安生日子，踏踏实实的，比什么都好。电影的最后，日子呐，总会越来越好的，虽然现在不够好，以后可能还是不够好，但总归是越来越好的。无可挑剔的实打实的5星，献给所有好好活着的老百姓！！PS：巩俐年轻时真美，演技真好，用现在的话说资源也是好得不行啊，什么是殿堂级，这就是殿堂级。PPS：我也老大不小了，真的想找个知心人，好好过日子。,5,活着 
第二次看。虽然不如小说残酷，也不如小说有冲击力，却实实在在展现了那个年代的荒诞，与之相比，《归来》连隔靴搔痒都算不上。,5,活着 
电影没有小说那么残忍，但实属是难得的经典！每次当你觉得活不下去了，生活总会再次给你希望和暂时的美好，然后就这么轮回，轮回。,5,活着 
相比小说，电影简单了好多。巩俐的演技出神入化。我是巩俐的脑残粉。。,5,活着 
相比小说，电影简单了好多。巩俐的演技出神入化。我是巩俐的脑残粉。。,5,活着 
从整个剧本改编来看是很棒的，虽然我更喜欢原著内容。本来以为葛大爷这个贱样只适合富贵时的富贵，但是落魄时的富贵也恰到好处，但是巩俐实在与家珍不搭。不管是小说电影还是话剧，我都最可怜凤霞。,5,活着 
这钢铁能造三颗炮弹，全部打到台湾去，一颗打在蒋介石床上，一颗打在蒋介石吃饭的桌上，一颗打在蒋介石的茅坑里，叫他睡不着觉，吃不上饭，拉不了屎，台湾就解放了！,5,活着 
越来越不忍心往下看了。道尽了一代人的心酸啊。。。张艺谋那个时候的电影是多么的淳朴。不禁在想，如果山楂树之恋按照那个时候他的手法来拍，会有多大的不一样。,5,活着 
光电影而言，在审查的铁幕下能拍成这样已不容易，但比之余华的文字，对中国人漫长压抑而毫无意义的野兽生命的叹息，还差之千里。,4,活着 
最后十分钟心都快揪碎了，这才是张艺谋，这才是葛优，这才是巩俐啊,5,活着 
在书里家珍死的早，二喜死了，馒头也死了，最后只剩下富贵耕着地和一头垂死的老牛相依为命，然后那就叫活着了。因为书的震撼太大，所以电影的感触就少了些。,4,活着 
很毛很主席 ( 都是葛优惹的祸 1 嗜赌把祖房搞没了 2 叫几天没睡的有庆上学 结果意外地给车撞塌的墙压死了 3 给王大夫买馒头吃 吃后又拿水给他喝 结果7个馒头变49个 王大夫不行了 女儿凤霞大出血死了哎 你说葛优你就一杯具),4,活着 
电影对比小说做出了太多的妥协，尤其是最后大团圆的结局对比小说直接让我减了一星，小说才能真的体现大悲大喜到最后麻木的活着，电影拍的没有那么沉重，也差了些感觉。当然芦苇在删减、改动那么大的情况下，仍写出高水准剧本，很不容易。发现张艺谋和雷德利·斯科特一样，剧本质量决定其电影质量,4,活着 
葛优和巩俐的表演一开始有些紧绷着，到最后只能用无懈可击来形容；平淡的故事有平淡的讲法，只是观者会有不平淡的感受。,5,活着 
虽然和原著有着蛮大的出入，但是张艺谋、巩俐、葛优这个铁三角还是把这部经典的小说演绎的出神入化... 只可惜这部全世界获得各项好评的作品在内地却是部禁片，我想...无论是个人、团队甚至国家，在面对过去历史的时候无论好坏都要坦然面对，逃避只会让自己的未来的路举步维艰,4,活着 
看的是131分钟版本，是部好电影，不过不是太优秀，断断续续看完了,5,活着 
妥协下的中国人，想生活却最后发现只是活着。,4,活着 
“好死不如烂活着”原来活着比死去更难。惊！发现小时候就看过了，还是感冒的时候看的。对“馒头”的记忆特别深刻。,4,活着 
没有书惨，但是这半个世纪的中国被描述出来了，是一个史诗般的作品。有些地方荒唐的可笑，但是那是不久前真实的中国啊。你说这片都能禁播，还怪现在年轻一辈忘却了文革。,5,活着 
语文老师在教室里给我们全班放的，余华的活着这本书也看过。电影告诉我们无论命运怎样安排你遇到什么事，我们都要默默承受着。好好的活着,5,活着 
2008-3-30 21:08:41 9/8.1(4387) 寒心,5,活着 
陈凯歌的霸王别姬，张艺谋的活着，真有点异曲同工！！,5,活着 
医院那段改得不错，结局没有那么残忍。挺不错的剧本修改，还是给个5星。毕竟还是书写得好,5,活着 
电影和余华的书一样，让人看了之后很久都不能走出来。活着，怎样活着，其实人呐无论是骄奢淫逸的生活还是清贫如苦的日子都能过下去，没有什么不同,4,活着 
人活着就好了   人活着才会有希望,4,活着 
想去看看小说，电影版的并没有很好的体现“活着”这个主题,4,活着 
葛优凭这部电影拿下戛纳影帝，不是运气。几个电影人的巅峰之作。,5,活着 
很真实，很质朴，不过原著的结局更凄凉一些（只剩下男主和一头老黄牛），电影版在儿子有庆被车子撞倒的砖头压死了，女儿凤霞产后大出血以后，就以男主与妻子、女婿、外孙其乐融融的吃着饺子结束了。电影改了变得苦中有乐，而原著是彻头彻尾的好死不如赖活着。,4,活着 
国师请余华吃饭桑拿一条龙了没有？没有的话好意思？,5,活着 
对于老谋子来说，回头他自己看看这些电影会不会觉得惭愧！！！,5,活着 
有庆那么可爱懂事的小男孩，看到他死的时候，我的心和葛优巩利一起哭了,4,活着 
时代的悲哀与人性的美好。在那个无法选择的年代，唯一的选择就是活着。,5,活着 
台湾的导游小哥说这部电影在大陆禁播，怀着无比古怪的心情看完，原来没有色情的禁播片也很有吸引力。这才是张一毛！,5,活着 
两小时的篇幅限制，故事时间跨度大，导致许多剧情讲得不深，剪辑上也不够自然。电影整体温情很多，修改了一些情节，看完不如小说触动深，余华的文字更冷酷节制。不过经典文学改编成影像作品难度太大，毕竟想象是无垠的，电影却是有限的，也不必苛求了。,4,活着 
老片子的底蕴 那时张艺谋是个细腻的导演 巩俐还是纯朴的 葛优还没秃顶。一部片子集齐了现下中国最好的电影演员。 虽然把务农改成了皮影戏，但是就视觉和电影的角度来说正是最好的诠释。原著中很多细枝末节被去掉，为了片子的长度考虑，也会有广电局的门槛顾虑。,4,活着 
我现在宁可像戏中那样的活着 至少比较真实 有口饭吃就足矣 不像现在永不满足,5,活着 
那些个年代，那些个百姓，唏嘘不已。活着就会更好，所以只能活着，把希冀传承下去。可是活着就要承担更多，人世变迁，儿女双亡，一夜之间就可能从天堂到地狱，依旧选择活着，相信挨过去就会更好，多么坚强和隐忍的子民啊！,4,活着 
之前看过原著，电影是改编了的。很不错啊，就是太惨了，有些地方不忍直视啊，还是我心太软。。人生就是不断的失去！好好活着，比什么都重要。话说，那个小凤霞很萌很可爱啊。,5,活着 
比原著逊色太多了...如果张现在来拍它会怎样...说实话更希望李杨来个翻拍!,4,活着 
像是鲁迅先生的文章，读不懂便索然无味，历经世事回来在看发现直指人心,4,活着 
1.看得我一惊一乍的。2.真是骂人不带脏字啊...,5,活着 
凤霞太动人，有庆不及原著.........,5,活着 
福贵他爸说：“我以为我能死在这院儿里头呢。”我顿时心惊，如果有一天因为我的过失，我爸要变卖家产抵过，我宁愿死,5,活着 
小城之春。活着，生活的简单，简单的真实。午后的淡淡的阳光，加上简单的长满野草的路边小道。初夏？？？友庆给他爹送碗茶加了醋和辣子，富贵追友庆时，人们的嬉笑，很简单，很真实，活着原来是这么简单的；很温暖，很真实,5,活着 
这片儿好看，葛优的小嘴从来都嫩么性感，每个年代都挺真切。,4,活着 
2012.12.05@bfsu。活着活着就忘了。,5,活着 
最稳的基调，最真实的还原。活着的这种感觉，没经历过沧桑的人不会懂。,5,活着 
整个看电影的过程反反复复的咀嚼着两个字“活着” 活着真好 人只要活着 对家人 对朋友就是安慰 就是支柱。,5,活着 
现代文学史课。很多时候，活着就是最奢侈卑微的事情。相比小说，电影避重就轻了许多，没有那种令人绝望的悲情。大家都准备好了一路压抑到底，结尾却让所有人意外地感叹“这电影被禁得完全没意义嘛”= =。但我俗套地喜欢这样的结尾，现实已经很残酷了，电影就留些美好吧。PS，那个时候的巩俐真美。,5,活着 
如果说上一部有对历史真实的反应与再现，那这一部就是借着喜剧的方式对历史，有时是大跃进及文革的讽刺与批判，也就是老外很爱说的“黑色幽默”,4,活着 
咱们家现在啊就是小鸡，鸡养大了就是鹅，鹅养大了就是羊，羊养大了就是牛，以后就是共产主义啦，就天天吃饺子，天天吃肉了……又想起红军姑娘问：那共产主义实现了吗？,4,活着 
老谋子都把剧本改的如此大爱又仁慈了，却还是被禁了？结合老一辈曾经讲述过的历史去理解通篇弥漫的那种好死不如赖活着的悲凉，聪明如龙二，机遇于春生，愚蠢如福贵各有个的命运。老百姓这一生能图什么呢？大概也就是福贵所说的鸡大了变成鹅鹅大了变成羊羊大了变成牛牛长大了孩子也就大了罢,5,活着 
张艺谋应该多拍这种中国良心的电影。葛优和巩俐将中国顺民的奴性演绎得淋漓尽致,4,活着 
中国历史教科书上 近代史之后的内容 就靠这部电影了,4,活着 
我觉得这是我看过的张艺谋拍得最好的一部 非常现实又辛酸的故事 但却有着淡淡幽默趣味 完美的符合小说 我 为第一叙述人的乐观性格 更爽的很真实的拍出了新中国刚成立的胡乱偏激的姿态 这才是真正的电影 毫无隐瞒 就算被封杀 很有骨气的片子！,5,活着 
张艺谋早期的作品还是不错，主要是剧本好，长镜头太多只能符合95年那个年代，只能说老谋子转型不成功，不能驾驭好商业片,5,活着 
从一部二流的小说中孵化出的超一流电影，我眼中的国产片第一名。,5,活着 
我所喜歡的張藝謀一直是90年代的他，我寧願將對他的記億停留在那個年代，因為那時期張導所執導的電影都非常反應與諷刺大陸社會現實面，尤其是《活著》更是給了我莫大的力量支撐著大學四年的蓽路藍縷，該片的敘事手法雖平鋪直敘，但其細節的控制與大時代的氛圍卻處理的非常扎實，能夠深深撼動人心,5,活着 
明明是足以令人悲叹的生活，却又时时透着一种淡淡的讥讽，就好像是站在远处抱着手冷眼旁观、嘴角向上弯起带着无奈的笑意。舒缓的叙事节奏更加冲淡了一切，伏笔插得足够明显，时而转折得又显陡峭。饰演凤霞的几位小演员扮相都特别可爱。,5,活着 
下着大雨，又看了一遍《活着》。始终认为这是老谋子甚至是国内最好的电影，每年都会看一遍，每次的感受又略有不同。即使身边的人一个一个离你而去，也不要放弃生的希望。,5,活着 
浓重的中国人文色彩   现在很难再拍出来这样精致的类型片了  原著扎实的故事架构是决定了影片剧情的精彩   张艺谋又很有才华的把一本书浓缩了120分钟   呈现了一个极富中国色彩人文的故事  这才是电影人的态度,4,活着 
毛主席思想没能治好凤霞的聋哑，没能让有庆起死回生，却在凤霞生孩子的时期批斗了医生！操,5,活着 
语文课上看了一半，今晚看了另一半。&#34;活着就好”是那个时代很多作品共同的主题。生而为人，太难了。,5,活着 
超感人的 那个动荡的年代让多少无辜的人陷入了无休无止地苦难中 葛优巩俐演得都很好 和原著还是有一点差距的 不过更喜欢电影版的 书里的富贵最后迥然一身了 未免显得太过凄凉,5,活着 
通过塑造小人物的悲剧命运反映整个时代的悲剧，具有余华特色的含泪的微笑。,5,活着 
太喜欢这部电影了，尤其是里面的小凤霞，就像天使一样！！！就是看得想哭。。。,5,活着 
文学改编的电影常寒碜简陋得可怜，这个也不例外，惟结尾还有些看头,5,活着 
=。= 老爸非要说书里他儿子也是给撞死的，我说明明就是输血输死的，我爹脑补太严重了。,4,活着 
每个细节都让人唏嘘。感叹生命的渺小与顽强。与书有很大的不同。,5,活着 
再看之下评分跌一星。电影对原著的改变颇为精妙，完全将小说中“幻灭情节“的活着改造出希望。不知是否是当时导演出于审查制度的一种自我审查和调整。在时间的流逝里，将数十年跌宕一一呈现，与霸王别姬相反的是，它并不过分呈现悲惨，十分克制，不时流露人性之美。部分剧情略有拖沓，不时有种电视剧感,5,活着 
张艺谋，葛优，巩俐这些人之所以有今天的成就和地位绝对不是浪得虚名！,4,活着 
剧情没有太篡改原著（少了后面的），基本沿用剧情，但是显然没有原著表现力强&amp;张艺谋早期的强悍。,5,活着 
多久了！这样毫不犹豫地给五星！为了不存在的卢舟《秦山》而来，被真真切切地感动了！！,4,活着 
第一次不那麼反感鞏俐了，從30多分鐘以後就開始流眼淚了，哎，好死不如賴活啊。,5,活着 
"《活着》真是我开过的描写中国旧时代的最好看的一部电影,张艺谋的最佳电影！！！",5,活着 
看到他们恶作剧 弄的又加辣又加醋的茶 不知道为什么突然就心酸了,5,活着 
福贵一家只是大时代背景下的小人物，拗不过历史前进的车轮，他们那么苦的活着，在某些时刻甚至生不如死，却依旧坚持的活了下来，活着就是一切。是苦是悲是荒诞是悲凉，个中滋味只有经历过那段时期的人才会懂吧。,4,活着 
那二胡声凄凄惨惨了每个人甚至共产党这一生。它有它的好但绝不能否认它的坏。在高处的人们都好好活着，底下的人们却挣扎着以为活着就能活得更好。,5,活着 
比原著改编得合理些，也更温情了，但是没有了“活着”的意味了。没看过小说的人，应该是不能体会到“活着”的悲切的,5,活着 
穷人变成了富人，富人变成了穷人，倒了个个儿，还是一样的世界。,5,活着 
高中地理老左老師經典的最后一節課：“不管怎么樣，你們都他媽的給我好好過著！上大學不上大學都要學會好好活著！”,5,活着 
张艺谋最好的电影。活着，有时候跟死了没什么区别。,5,活着 
活着这个词如果从另一个角度去理解，你会看到另一部电影,5,活着 
前两天我去此电影拍摄基地周村去看了看。。。,5,活着 
拍的好啊……张艺谋要不搞那些花里胡哨的东西 成就比现在大……,5,活着 
土改，大跃进，文革…时代的变迁是拍出来了，但原著的味道似乎还是不足够。记得初中读活着时哭得淅沥哗啦，现在情节都忘得差不多，那时的感动却极深刻。有必要备上一本，再次体验。￡,5,活着 
我觉得张艺谋还是拍这种反映一个时代特点的，有现实意义的片子才能得心应手。只可惜现在追逐“大片”，实际却流于形式。,5,活着 
＂牛以后呢？牛以后就是共产主义啦。＂坐在毛概课的最后一排哭得唏哩哗啦的。无论世间沧海桑田，只是拼命的活下去。总讽刺中国拍不出象日本那样的凡人史诗，最后发现瞎眼的是自己。,5,活着 
不多解释，这部片子信息量太大，承载着太多上个年代的苦痛。老谋子好样的！难怪我老师之前极力推荐这部电影。,5,活着 
相比小说，电影已经软化了很多。只有女儿在医院惨死那段让人触目惊心。,5,活着 
比之原著差很多，几个最关键的打动人的地方都没讲。凤霞送人、家珍软骨病、有庆的跑和抽血、苦根成了馒头、二喜还活着...,4,活着 
以前的张艺谋真系几猛，可惜now就唔多得了，好似周董甘，江郎才尽，或者系多方面发展，不在专注了。,5,活着 
福贵的一生，即是新中国最真实的写作，里面的残酷，也许因为某些特殊原因没能展示出来，记得姜文曾说，他拍太阳照常升起的时候，是因为电影梦，没有太多的商业，有的更多的是对艺术的追求，我想，这也是张艺谋的曾经吧。,5,活着 
有庆死的一段更喜欢原著中的描述 感觉更有讽刺意味。。。不过喜欢对结局的处理 书中太沧桑了 电影中更加透着一股希望,5,活着 
不知道是不是对老谋子的偏见，前半部分是怎么也入不了情绪，影片的后半部分则显得有血有肉，不张扬，情感却深沉，在那个动荡而荒唐的年代，活着是一种本能。,4,活着 
葛优和巩俐的演技那是没的说，但是节奏还是显得比较急，我先看的电视剧，那个显得更加的饱满。,4,活着 
现今的一大帮牛人熟人，和小说宗旨相同，期待蓝风筝……,5,活着 
聘礼是毛主席语录。。。。。。 一拜毛主席 二拜高堂,5,活着 
以一家之小见一国之大，是个沉重的叙事过程，因为国家轻而易举干涉家庭本身就是个悲剧。当中是家庭参加社会生活的琐碎事情，却让人洞察到了昏昏沉沉的社会影子。中国特色对白、动作的大量浮现努力重现了那段历史的印象。在最后外公答孙子问中“小鸡变成社会主义”的对白更让人百味杂陈。,4,活着 
好是好，就是惨，总感觉要出事儿，悬着心。难过。工整。最后一个镜头好。,5,活着 
毛主席他老人家，我把徐凤霞同志接走了！共产主义，就是一个谎言。,5,活着 
虽然没有余华笔下那样犀利深刻，当考虑到张导的叙事能力也算不错了，这要感谢葛优和巩俐，他们才称得上是演员,5,活着 
电影化之后不如小说过瘾，但没办法，余华的小说爱用概括写事件，小说好看靠的是场与场的层层推进、勾连，电影没法这样碎地处理场，做一些为了整体的调整和取舍也是无可奈何吧。,5,活着 
如果单纯是一部电影还算很好了，可惜跟原著比起来就是失望,4,活着 
相当震撼的一部电影。余华+张艺谋，你还有什么想法。以上。,4,活着 
比之原著，渲染力度差了不少，更无法准确的体现出那种无奈和极致的悲凉。,5,活着 
这部片不禁还那部片该禁啊····  哪些子事就算到现在都处处是敏—哔—感—哔—词···Maybe death was a mercy···,4,活着 
看过《归来》，再看《活着》，真有异曲同工之妙，都是在反映那个不能言说的年代。这部电影演员表演出色，剧本比较扎实，各种人物的性格饱满，演绎的感同身受。只是最后的交代不够清楚，春生和老镇长的去向，不知所闻。,5,活着 
更喜欢这个结局，凤霞那一段真是太讽刺，太难接受了。,4,活着 
说是张艺谋最好的电影真不为过，比后期电影多了一分真诚，比早期电影少了一分乡土的闷重。但电影最蛋疼的就是编剧了，所有为善的好的举动都能引发后面的悲剧，就要一个一个死人，最蛋疼的是你闺女都被馒头给害死了还给孙子起名馒头，这是自己作贱自己吗,4,活着 
“鸡长大了，就变成鹅，鹅长大了，就变成羊，羊长大了，就变成了牛。”“那牛以后呢？？”        毫无停顿的终于看完了拖延了好几年的这部电影。心头像堵了无数巨石。虐心，虐心啊。活着，真的不容易。好好珍惜吧。,4,活着 
我喜欢葛优跑回家那段，睁着白眼珠子说，把龙二毙了。。。嘎嘎,5,活着 
对于这部05年就看过的电影，现在才来豆瓣给星实在不应该，不过05年看这部影片还无过多感悟。这部影片成为我永久收藏的影片之一应该是在08年，凤霞之死的镜头让人永生难忘。看一次哭一次，看一次哭一次。,5,活着 
看到处理龙二与福贵那块那镜头真是难忘。。。转：对生命的认识，也许只有在失去后才能体会。不管怎样，生活总要继续。坚韧的活下去。导演思路很清晰，遗憾的是片子显得过于理智客观了，以至于控制不住自己眼泪的老祝显得那么脆弱，而让我们忽略了他的坚强。,5,活着 
原没有原著来的惨烈，里面还有着那么些许的温情，没有完全的绝望！人还可以吃饱！家还是家！有庆的死也只是意外，并非如原著中那样的无人道死亡！,4,活着 
“鸡长大了就变成了鹅，鹅长大了就成了羊，羊长大了就变成牛，那牛以后呢？牛以后就是共产主义了……”还记得看原著的时候，大概已经是将近十年前的事儿了，那个时候看到人间的生离死别，哭得泣不成声。每部从小说改编的电影感觉都很不一样，只是现在再看，就不单单是悲伤了。,4,活着 
觉的比原著小说还是欠缺点东西，葛优的表演在他所有影片里算最好的了，但是也就那样，以影帝的标准来看的话，还是欠缺很多,5,活着 
“鸡长大了就变成了鹅，鹅长大了就成了羊，羊长大了就变成牛，那牛以后呢？牛以后就是共产主义了……”还记得看原著的时候，大概已经是将近十年前的事儿了，那个时候看到人间的生离死别，哭得泣不成声。每部从小说改编的电影感觉都很不一样，只是现在再看，就不单单是悲伤了。,5,活着 
最好的老谋子和最好的余华，想来真是美好。,5,活着 
或许张艺谋再也拍不出这样的电影了，中国的电影太缺乏反思,5,活着 
生活总是充满着各种不幸，可是即使这么的不幸，还是得活着,5,活着 
我一直在想，当年的那些红小兵看到这样的片子，会是一个什么样的心情,5,活着 
先看的书后再看的这电影，很有感觉。若是我们都是浮尘，都在为活着。,5,活着 
直击所有活在当下且不明所以之人避之惟恐不急而又深刻浓烂的疮疤,5,活着 
worse than the novel; 葛优 不愧是影帝,4,活着 
依然是我心目中最好的华语片。中华名族遭受的这么多的灾，这么多的难，凝练成两字，活着。,5,活着 
与小说相比，电影走的是写实路线，其中掺杂了许多张艺谋的许多个人情感和经历，不过缺少了整体的哲学思考，所以我更加喜欢小说。,4,活着 
活着，就像是饮一杯苦酒。,4,活着 
相对于小说原著改动较大，明显加重了椅子男毛的分量，悲剧性和命运之荒谬性则被削弱。每个主演的诠释都非常到位。咱们家有一只鸡，鸡长大了就变成了鹅，鹅长大了就变成了羊，羊长大了就变成了牛，牛以后呢……就到了共产主义。,4,活着 
张艺谋还是去拍这种农村片，巩俐还是去演这种村姑比较合适！,4,活着 
没有原作精彩，也跟原著略有不同的就是儿子的去世,5,活着 
生命之痛…相比原著的残酷，电影稍稍有点温情，但还是没有小说好看。,4,活着 
14.5.12第二次看……不知道是不是小说和电影都已熟知，我哭不出来，但真的佩服葛优的演技，你能看到他前前后后不同事情发生后的表情多么真实……是啊，在那样的背景下，还有什么比“活着”更重要的事……能健康、一家人一起好好过，便是最大的幸福。,5,活着 
原著比电影震撼多了!－－1994年第47届戛纳最佳男演员,5,活着 
比小说差得很远，但至少这时的张艺谋还是真诚的。,4,活着 
死人堆里爬出来的人，最终死在了活人堆里。人活着，是一种怎样的不容易。共产主义这种东西，在电影里是多么的遥不可及，也多么的不可实现。,5,活着 
葛优巩俐的演技太棒了。不得不说看得我心里更苦了……导演还是太不忍心，竟然在最温情最有希望的时候戛然而止，可是记得书里的惨烈，怎么都高兴不起来。为什么人总是不能选择自己的命运，这让我每每想起每每神伤。还是那句话，若不相信有来世，都不知如何活下去。,5,活着 
老谋子最好的电影。可惜了皮影戏现在没了！小鸡长大了就变成了鹅，鹅长大了就变成了羊，羊长大了就变成了牛，牛长大了呢？,5,活着 
比原著积极了不少了。现在还觉得大学时候看的原著觉得很震撼，感觉再也没有比这更惨的人生了。电影更改了最后的结局。看完对于它为什么被禁更加疑惑了~~,4,活着 
“小鸡以后是鹅，鹅以后是羊，羊以后是牛，牛以后……” 这句话出现两次，第一次接的是“共产主义”，第二次是“馒头骑在牛背上”……活着不易，活着就好，其它，都是扯蛋——这可能就是影片被禁的原因。俱往矣！有后代就有希望。,4,活着 
余华：还记得当时张艺谋时常说原作里的什么细节要改动，审查才能通过。看他胸有成竹的模样，心想他如此了解共产党，对他十分钦佩。可是张艺谋拍摄完成电影后审查还是没有通过。我不再钦佩张艺谋，我钦佩共产党。,5,活着 
活着才是最牛逼的信仰。反映兵荒马乱时代的电影，竟然能拍得如此精致。每个演员都将人物刻画得丝丝入扣，很是难得。可谓是国产电影登峰造极制作，力荐！,5,活着 
听着身边朋友一直再说共产党balabala，毛主席balabala的，我只是觉得感受到了那段时期的氛围，觉得难得拍的还算真实。,5,活着 
葛优和巩俐在霸王别姬和这部片里奉献了世界级的表演 相比较沉默的葛优，巩俐更有神的架势 小女孩的笑脸让人震惊 某些片段是魔幻主义，这与导演无关,4,活着 
人生悲喜，历史洪流，都缠绕在一个人的命运之中，常言道塞翁失马，焉知非福，几十年过去才明白，平平淡淡才是真。,5,活着 
张艺谋最好的电影，没有之一，连他自己至今都无法超越，国内头号禁片。跨越了最动荡变化最快的那些个历史时期，人物是那样渺小无奈。,5,活着 
活着，所有悲惨都在一个家庭集中体现，是艺术也是生活,5,活着 
每个人都在时代的洪流中竭尽全力地活着,5,活着 
福贵的坎坷经历让人为之动容，这个大背景下小人物的辛酸命运，让人体味到生命的坚韧,5,活着 
这是我心目中第一部也是目前唯一1部国产电影六星+片。,5,活着 
也许是老谋子最好的电影，但还是不如原著,4,活着 
悲喜人生，既悲伤又可怜，既温馨又感动，又哭又笑。家珍这女人值得娶。,4,活着 
我不觉得这算成功的改编。不说细节，就那惨烈的一幕幕全变成了平庸的流泪戏，那怎么能行啊。,4,活着 
活在当下都这么不易了，更何况是那个风雨飘摇、动荡不安的年代。受苦受累得活着，命途多舛得活着，家破人亡还是得活着！,5,活着 
邓虹放的吧，记得那天还下雪了，貌似还有七个包子的故事,4,活着 
果然是张艺谋最好的电影。好电影都需要强烈的时代背景，它刚好跨越了我国好几个标志性时代。巩俐那时候真美。。。想不到黄金甲时候已经迟暮那样了。里面凤霞产后大出血镜头太血腥了，我差点尖叫出来。亲兄弟姐妹的感情究竟是怎样的呢？里面葛优一双儿女，姐姐被人弹弓欺负，弟弟打架报仇。弟弟被人开车,5,活着 
无论是从演员演技，还是电影随着时间展开，剧情所要告诉我们艰难活着的道理，都是一部经典国产电影，且在戛纳拿下了评审团和最佳男主角大奖，可惜在国内始终遭禁实属中国电影及文化的悲哀，从现实角度，影片也告诉我们这一点，在中国生存无论在什么年代都是hard模式，即使最后他说我们的生活会越来越好,5,活着 
结尾 挺好 挺好 活着 挺好 挺好/“为你唱首歌 庆祝我们活着”【不对,5,活着 
虽然对那个时代的记忆留存的并不多，但依然很有感触,5,活着 
比小说了的富贵好多了，但是也好不到哪里去~~~唉，可怜的人啊……,4,活着 
其实要谢谢电影手下留情，在极度压抑苦闷中还残存希望。,5,活着 
张艺谋所以NB，所以拍那么多烂片还让人抱有希望是因为这部片。当然或许是余华，葛优，姜武成就了张艺谋。,5,活着 
绝世神作，百看不厌,5,活着 
大学时小说看三遍，电影就一次。30岁后再看，心惊胆战,5,活着 
个人认为这其实是张艺谋最好的电影，也可以算得上中国最好的电影之一了。巩利的表演很出色，那时的葛优还带着些许清涩 ，已经让我们印象深刻了。还有一个意外的发现，演春生的人竟然是郭涛，当年看的时候竟然对他一点印象都没有。,4,活着 
现在的我们何从体会那时的年代的，那时的心酸，只能从电影中，书中，讲述中找寻那一代人的记忆。,5,活着 
小鸡长大了就变成了鹅，鹅长大了就变成了羊，羊长大了就变成了牛，牛大了就是共产主义了。,4,活着 
那时候的人性比现在光明一万倍，体制比现在黑暗一万倍,5,活着 
好的剧本+专注原著=不拿奖才怪=不被和谐才怪,5,活着 
因为小说实在太震撼太好看了一直不敢看电影，怕电影毁坏了原著小说的感觉。然而电影得分评价都很高，等了很久很久以后才看的电影。又是另外一种不一样的感觉，改编了很多，尤其是电影删掉了小说后面的情节。改编的情节让我对时代又是一番更加深刻清晰的理解。,5,活着 
很有感觉，似乎都想起了我小的时候家里用粮票的感觉。小小的毛主席像章曾经家里有很多，现在能找到却不多了。那个热血和盲目的时代已经过去，父辈们经历了太多大风大雨，现在的我们也在鉴证历史，生活在大城市，肉吃上了，饺子吃上了，幸福感却不高，是我们变得不满足了吗？为了一点小挫折而悲伤沮丧。,5,活着 
欲言又止的處理方式讓人更加浮想連篇，個人的悲劇？時代的悲劇？細節組合起來，就成了一個時代的史詩級作品。,5,活着 
单就电影来说，达到了原著的内涵，却没有原著的深邃。不是说越惨越好，强行带入的悲剧只会让观众产生腻烦的心理，难道这个世界的悲剧还不够多吗。给四星是因为确实没有原著给我的震撼强烈，原著让我真正觉得活着是那么不容易，让我看到一个人在绝境下强烈的生存欲望，面对死亡所表现出的坚韧与脆弱。,4,活着 
一部活生生的中国现、当代野史，因为正史的缺如，更显出了它的超常价值。,4,活着 
几年前就买了片子一直没空看。这几天刚读完书又想看了。找不到片子了。mei  shu hao  kan,4,活着 
有的人活着他已经死了，老谋子可以啊,5,活着 
难得的电影不输于原著。看了很多遍，都是赞和叹。,5,活着 
那时代的人，活着就是件多么奢侈的事情啊~！,5,活着 
旧社会和战争也能让一家四口团聚，但是和平年代的大跃进却杀了他们的儿子，文化大革命杀了他们的女儿。只是为了能活着，经历破产的危机，冲过枪炮的洗礼，却还是没能逃过人的双手。还好，电影版本还给观众留了个希望，原著里可真的是把人都给写死光光了…谁都不容易啊！,5,活着 
终于趁还活着的时候看了这部很久前别人推荐的片，活着不需要有定义，也不应有定义，曾经从死人堆里爬出来而活后并不代表不能绝望，好死不如赖活更是句伪哲理，人不曾因自主的意志而生，但可以因自主的意义而死,5,活着 
如果没有《霸王别姬》，这部电影就会成为当之无愧的第一，即使这样，也可以并称双璧吧,4,活着 
高一，语文课。电影给我的感觉和书给我的同样震撼。张艺谋似乎擅长拍这样的片子，那种氛围的渲染，人物的刻画，都十分到位。,5,活着 
不得不说余华所写的《活着》这本书，实在令人感动，可惜可能由于广电的关系，有很多更打动人心的剧情被删减，本片可能只表现了书本的45%的情感吧。,5,活着 
经典的电影绝对经得起时间的考验而且像酒一样越酿越醇。无意间第三遍看了活着，依然多次哽咽，不多说电影了，为能被这样伟大的电影而洗涤心灵而感激。。。,4,活着 
没读过原著，但删改了这么多依旧很悲凉啊，活在那样的时代下，还是要好死不如赖活着。,5,活着 
“春生，外边冷，进屋说吧。”看到这儿眼泪就掉下来了,4,活着 
看张艺谋早期的片子，感叹。从一位才华横溢用作品打动人心的好导演，到庸俗不堪无论怎么砸钱也没有了灵气的恶俗，天上人间也不过十来年。斧头帮代表的功利名望一切虚华的毁人不倦在张艺谋身上彰显得淋漓尽致，这是遗憾，也是警醒。,5,活着 
从编剧和叙事视角来看，这部片子还原了真正的时代感受，不仅是有一种对当时社会的一种讽刺，而且在那种社会背景之下让人理解人活着，便是一种最大的幸福。电影没有小说这么残酷。一群善良的人应该有一个让人暖心的结局。,5,活着 
时代的悲歌，如此的“活着”就是对这个造就如此“活着”的国度最大的讽刺,5,活着 
老谋子人生的巅峰！巩俐阿姨真的很美，跟影片一样具备传统女人的一切。原著惨绝人寰，还好电影还带着诙谐的调子。,5,活着 
书高中就看过。葛优演得真不错！,5,活着 
。葛优在本片中的表演可谓不着痕迹，从浪荡公子到破落子弟到老实做人一直到最后安于天命，正是一代中国人生存状态的写照，因此也有人认为福贵这个角色在这部具有史诗气质的电影里，其实正是中华民族近代命运的象征。,5,活着 
"以前看的碟,为什么国内禁映,不明白",4,活着 
多说无意。父辈的心路。是我们这一代没法体会的。,5,活着 
个人还是更喜欢书的走向，只有那样才能最深刻地体现“活着”是多么的不易。电影已经在刻意地柔化处理一些部分（像是两个孩子的死以及结局），但仍然在当时被列为禁片。只想说一句，中国人民真是受了太多苦了。,4,活着 
三星半，故事矫情，太多巧合，明显的映射。,4,活着 
虽仍不及原著，但在原著改编电影里算是最成功的了！ 这么多年了，该解禁了吧！,5,活着 
印象最深的就是福贵突然没钱落魄了，带着帽子低着头拉着板车，慢慢走在街上。不知道为什么当时觉得很震撼。。还有凤霞去找福贵。告诉爸爸，妈妈回来了。福贵带着凤霞回家的时候，阳光也好，微笑也好，张艺谋明明可以拍这么好看的电影的,5,活着 
看过多次，一直忘了打分。这么多年了，这样的史诗般的影片，只有张艺谋才能驾驭。《1942》暴露了冯小刚的能力,5,活着 
看过小说，电视剧，今天终于可看了电影。相对于小说来说，不管是电视剧还是电影都相对抵消了阴暗的东西。电影结束了我竟然比看完小说之后哭的还惨。我有点想我们历史老师了，现在应该六十几了。当年在课堂上他曾深恶痛疾的批判了这段历史。另，觉得巩俐在片子里萌萌哒，这可还行····,5,活着 
张艺谋还是早期排的片子好，但主要还是得找好剧本。没看完我就猜肯定会有人看了两小时，最后结论把结论简单归结为旧社会多惨，然后庆幸自己没有活在过去，所以要好好活着，一看影评里真不在少数，不知道余华看到是何滋味？呵呵。,5,活着 
"中学时在课堂上看的...沉重的时代,张天师曾经也是个有艺术追求的人",4,活着 
拍的没有原著好，或许这就是活着——总有遗憾,5,活着 
我想我还没能完全体会过生活的艰辛，是该高兴还是难过？,5,活着 
看之前有心里准备的原因吧 没有想象中的悲 也可能是自己经历丰富了 看轻了  是不是中国的导演演员跳出目前这个圈子都能拿出好作品来 有这种可能性,4,活着 
目前中国电影的巅峰，色彩剧本演员无可挑剔，个人偏好于它甚于《霸王别姬》,5,活着 
经典！老谋子最好的一部电影！至今禁止公映…“毛主席他老人家，我把徐凤霞同志接走了。”,5,活着 
几处对原著的改动令人玩味：一是有庆不慎被春生的车撞到墙压死，原著中有庆是为救校长的儿子被抽血至死；二是家珍尚能陪伴福贵终老，原著家珍得软骨病而死，福贵活到了新时代。这种改动将时代恩怨转为了个人恩怨，收起对时代的”含沙射影“，”活着“的内涵也被大大削弱。当然后来这也成为老谋子的风格,4,活着 
室友说这种题材基本拍不烂 还有原作的底,4,活着 
这部片子才终于明白巩俐的美，葛优的忧和张艺谋的慈悲。原著更悲惨，但电影更悲怆。,5,活着 
人还活着的理由不是因为他想或与否，只是因为时机未到，一切都是天注定，人难以拥有自我。,5,活着 
可能是因为早看过原著的关系，对此片有点儿无感，演员演技有点假，不过还是部不错的片子。,5,活着 
厚重的片子 朴实的故事 深情的演员 还是老片好。据说当年国内是禁片？有幸在不懂事时候就看过 记得当年我娘拿这片来搞传统文化教育“你看皮影”对我来说也算是中国历史启蒙 现在回看体会更深 时代变迁的痕迹深深老在每个人身上 片中各种家具用器直到上完小学离开老屋之前家里都在用 虽未经历 似曾相识,4,活着 
这是平凡却深刻的疼痛，时代是所有人的悲剧。所以面对一个国家我更愿意用脚投票而不是努力改善它。,5,活着 
葛优表演很到位，可惜没有公映，其实原著更惨......,4,活着 
"真的不想再看第三次活着了..太凄惨了..在最灰暗的时期,过了最悲剧的一辈子..",5,活着 
这是一部安静的影片，不曾出现多少大哭大嚎、大悲大戚和竭斯底里，仿佛只是一段主人公福贵一路走来的注释。作为一个旁观者，看着他始终怀揣着海市蜃楼般的希望，踩在现实的浮冰上。无法掌控的表象迸裂之后，依靠自身本能的漫长耐心，在窒息状态下延续生存。生命如同一块海面，对所有的惨剧照单全收。,5,活着 
没有六星么。一个人活着是为了孩子更好地活。,4,活着 
好电影阿。葛优是越长越好看了。巩俐魅力非凡。姜武有点可爱。张艺谋是越来越没深度了。,5,活着 
【朵小灼的美学课笔记】黑格尔说：怎样同时消除片面性又保留合理性呢，只有双双毁灭。为什么双双毁灭，片面性消解了，而合理性还存留？因为片面性是暂时的，而合理性是永远的，在毁灭中，片面性因其暂时而消解了，合理性因其永恒而将继续存在。所以，悲剧使其达到完美。,5,活着 
我死也要活着。电影里的某些写实让他们恐惧，直到现在还没解禁.........,5,活着 
余华：“当年我很佩服张艺谋，他总是说，如果你小说中的这个细节拍出来的话，电影局的审查一定通不过，如果那个细节拍出来的话，也一定通不过……我就想，他怎么对电影局的想法那么熟悉。后来，按照张艺谋说的，电影拍出来了，还是被电影局禁了。所以，我现在不佩服张艺谋了，我佩服电影局。”,5,活着 
深深的震撼……原来我们的祖辈和父辈是这样生活的……,4,活着 
传说中老谋的真正巅峰之作。我看的时候还很小，还看得录影带那种。不过，那时候我已经完全看懂了。所以这件事的结论就是不要欺骗小孩或者以为他们什么都不懂。其实恰恰相反，而且他们的理解力超乎你想象。,5,活着 
一个嗜赌成性的少爷，家破人亡后过起了穷人日子。在经过解放战争、土改、反右、大跃进、文革的政治洗礼后，体会到了中国人生存的不易。,4,活着 
张艺谋经典作品，貌似被禁播了…… 2012年7月16日看第三遍。这部剧，把中国人传统上的一点悲欢和人生哲学表现得差不多了。第二遍应该是2007年夏天或冬天在家和爸妈一起看的。,5,活着 
所有的悲欢离合，悲欣交集都在最后的一张相片里，一声欢笑中结束。电影远远没有原著精彩，余华的《活着》真真是写得好。,5,活着 
我似乎有点儿喜欢这种两个小时之内能跨度好几个年代的电影了。信息量很大啊。,5,活着 
和舍友在众多作业中忙里偷闲一起看的，我俩一边看一边猜测下一幕的剧情，最大的发现就是在107分钟时镜头略抖动（被机智的我俩发现了，就那会巩俐对郭涛说 ：春生你得好好活着）最深的印象就是那会的人的聘礼只要四本毛泽东诗集，就能把养了一二十年的闺女嫁了。。。生活不易，仍得活着！,4,活着 
真的，为了妥协，与原著相去甚远。失望。,5,活着 
承前启后，百转千回，剑走偏锋，猝不及防。人与人，无非是在彼此的生命中来了又去。习惯了悲欢离合喜怒哀乐，花开花落，轻轻一笑，又一年春夏。管它草长莺飞还是金戈铁马，过去的都已过去，换我把你刻坟前。,4,活着 
高度不及小说 煽情也不如 Btw，看不出为什么要禁映  2002，11,3,活着 
没有原著好看啊,3,活着 
对比书来说“残酷”显得太薄弱了。余华的语言太美，塑造的乡下太美，选择的叙述方式太美。主要是我喜欢这个故事的主要原因，是福贵讲述自己一生时，那样清醒，沉着，不自哀的态度。,3,活着 
【B】。“鸡长大了就成了鹅，鹅长大了就成了羊，羊长大了就成了牛，牛长大了就是共产主义了。共产主义就可以天天吃饺子吃肉了”其实吧我觉着如果这片不是那么的“反动”，就不会这么高评价了。郭涛年轻时长得文文弱弱还挺可爱的。,3,活着 
私认为有几处可能是无奈的改动减低了对于“活着”这一母题的表现力。一是福贵的职业由农民改成了小贩，这样失却了一种人与自然的紧张对抗，失去了《裸岛》般的冲击力。二是大跃进只表现了富足，没表现饿？可能对于知情者来说，后面的事实都知道。又抑或那块烂钢就有所预示。但我觉得还是不应该放过这一强烈表现活着的片段。三是最后留下人太多啦。。这样原著的活着的苟延残喘性被转化为了生生长流。相对更像活下去（to live on），而不是活着。医院那段戏改编得很好~值得表扬。总体上影片重心已移位到红色批判。,3,活着 
人这一生活着每个人都有不同的活法就在于人们是怎么看待它的,3,活着 
对原著诸多情节的改动也许就是向中国电影体制的最大妥协了，比较聪明的是增加了“皮影箱”，作为线索还能留下些许回味，但它“妥协”的部分恰是我想从这部电影里看到的。★★★,3,活着 
張藝謀很喜歡翻拍名著 也很會拍 可惜妥協了那麼多仍未能公映。大到結局殘缺卻溫馨的三代同堂團圓飯 小到福貴輸掉家産的數量 幾乎原著里能夠改動的細節都被改動了 但是故事照樣能照著一個目的地走 並且比原著多添了幾分阿Q精神的姿色。,3,活着 
生拉硬套的东西实在太多，又舍弃了原作中的灵魂的东西。所以这是一部非常非常表面的电影。没有张力，它是有美感的但是却没有用美感来呈现主题的东西。对于没有看过原作的，这部电影可看之。,3,活着 
改的还成，但是很多地方改的没有原著好~巩俐演的家珍在戏里无论多少岁都一个摸样，张艺谋是舍不得他女人在戏里受罪死掉吗……还是小说更好,3,活着 
我从来都不觉得张艺谋的活着拍得多好，无论你怎么说服我，我也不明白为什么很多人都称赞它的伟大，我需要回应的是：拜托，你去看看原著，就知道电影的差距。伟大的电影是什么，看看肖生克救赎的原著吧，斯蒂芬金写下的字还不及摩根旁白的一半。,3,活着 
张艺谋的这一部缺少对电影艺术本体的自觉，正如余华的小说在自己写作序列中也显得做作一样。把《活着》当成张艺谋的代表作，这显然是愚蠢的。,3,活着 
活着 没小说震撼,3,活着 
真没觉得怎么样。要不是葛优演技撑起啦还真看不下去。很难想象这居然是芦苇的编剧......这把原著改的....还是看书吧 这个怎么看都怎么觉得会笑场,3,活着 
凤霞死的时候我哭了，但更多的是愤怒。打仗那段太扯了，过于戏剧化了就显得假。最后，我觉得电影比书真诚。余华的语言风格我真心接受不了。,3,活着 
看之前又特意读了一遍小说，最终观感：书并非好书，电影也并非好电影。福贵从部队里面回来，在黑漆漆的街道上握住家珍的手，打翻的水壶流出汩汩热水。春生连夜来又连夜走，家珍在后面喊道你还欠我们家一条命，春生在光里面停了停脚，又继续往黑暗里去了。——人生是为了什么，才有这样凄凉的夜。,3,活着 
感觉没有小说来的精彩~个人觉得最出彩的是龙二被拉上大街游行时，福贵受惊吓的那段。,3,活着 
《霸王别姬》既视感，均是用一项手艺做线索的时代素描。不同的是一个悲剧一个喜剧，与其说这是部喜剧不如说剧本过于温和，此外《霸》的时代跨度更大。,3,活着 
说台词的感觉总觉得有点不对，很刻意，一点都不顺畅，老是让人分神，包括富贵两个孩子死的时候都没有给人特别的感觉，前45分钟太难熬了，后半部分还是转好，总觉得应该镜头多留白的地方却被减掉，同样是跨度了一段动荡的时代，但活着对于故事叙事的把控真的不及霸王别姬，同样摄影也没见着特别好,3,活着 
原著比电影要来得更残忍些，我就不明白了，导演怎么会把结局改成那样，许多人的死法很奇特……和谐产物么？,3,活着 
即使套上大时代的外衣，主人公近乎一生的悲剧也仅仅是个体性的。---这是电影告诉我们的，找泪点、找骂点、找隐喻、批“《活着》后”的老谋子，都是属于意淫过度。（另外，1.葛优的唱腔让人眼前一亮。2.房子没了那段才是电影的高潮）,3,活着 
我没看完。我记得小说很Boring，我是耐着性子看完的。这个故事会不会编得有点离谱，所有不幸都集中在一个人物的身上，反而有点脱离现实的感觉吧。,3,活着 
命运的悲歌，剧情太曲折了，转折处都好戏剧，甚至好滑稽，但让人一点都笑不出来，看着葛优从年少轻狂到最后和老婆女婿孙子一起吃饭，一辈子就那样了，再怎么多的曲折也要活下去，活着就好，其他的就没什么了。,3,活着 
电影照原著相比做了很多改变，尤其是改变了结局。导致悲剧感减弱，但仍不失为一部佳作。,3,活着 
最被高估的中国电影，平庸的电影语言，糟糕的改编，即使放在张艺谋的电影队列里也只能算一般,3,活着 
电影把原著的精华全给拍没了。余华是在历史背景下写人，人是大写的。电影就丢失了这种特性,3,活着 
也许是因为原著太优秀，看电影就会略有失望。电影版对福贵真是仁慈多了，没有留下他孤身一人，当然也就不会有原著那样悲痛的励志效果。电影版就像在告诉我们，绝望与希望是并存的，我们不断失去所爱之人，但是只要活着，新生命还会带给我们对生活的希冀。,3,活着 
余华的书写的很好，但是荧屏再现，没有了那种滋味。,3,活着 
电影的结尾看似还有些盼头，不如书啊！难道我看的是剪过的,3,活着 
又是公车上IPOD间歇性观影的产物，，评分可能有失偏颇。只觉得演的还好，但是跨度太大，太长了（不知道是不是我看了几个月的缘故，也连累觉得片子长了）。《蓝风筝》也给我这种感觉，年代一拖得长，就好像每段都不够突出了。 ,3,活着 
除去演员的演技和美术，其他真的没什么了。故事好一般，把原著的荒诞性几乎消灭光了，就保留了吃馒头等寥寥的点。原本是从小人物的命运见大历史，现在成了小人物比惨，就把这片儿拍小了。福贵成了一个机明的形象，而不是原来呆萌的智慧，不过依然觉得葛优演得很好。节奏也很散漫，丝毫没有抓人的代入感,3,活着 
福贵的孙子平淡的说，他要骑到牛背上，我记得福贵曾跟有庆说羊长大了就是共产主义了~ ,3,活着 
live=suffer，happy=hope，活着本身高于意识形态，高于时代，甚至高于命运，有了强大的小说做基础，电影的厚重在意料之中，尽管阉割了见血的犀利，但乡土的气息已袅袅不尽，直通当下脉搏，张艺谋没有如他后来偏执地堆砌色块，葛优也没有如他后来暗藏城府，只有巩俐如千人一面,3,活着 
终于看了这部片。在看了电视剧版之后？反而没有那么深刻。只是觉得凤霞还挺可爱的。剧情更夸张了，也更收敛了。所以我也不知道怎么回事。巩俐太漂亮太不合适了。,3,活着 
看完很想去看原著啊 有些细节把徐福贵的败家子形象刻画的很细致：最近记得帐多了 字儿的练的好多了 怎么可能有家珍这样的好女人,3,活着 
"删节了太多,味道损失了.原著更好",3,活着 
大概算是 毛概课的教育 去晚了 没有看见片名 看了一会儿 不大喜欢 就没好好看    某种历史 还是 怎的？,3,活着 
较原著是少了很多东西的，其实文革在电影中不算什么，真正重要的，是农民！,3,活着 
一部典型被高估的电影，叙事松散没有重点，一些剧情感觉是为了黑色幽默而黑色幽默，不知道他如何成为经典……,3,活着 
这电影儿啊。怎么的都得和谐点儿是吧。结尾也不能那么惨，考虑全体大众的心理承受能力。看完了书，就可以打住了。,3,活着 
改动太大了，没看过原著的话也许我会打四星。可看过了，就会有对比，书里很多动人的细节都没了。不过，把原著改编成影视剧的，我目前还没看到过能比原著更好的。不认为这是张艺谋最好的电影。巩俐的圆脸真好看。,3,活着 
怎么就成了中国最伟大的电影了？就因为埋汰了共产党？,3,活着 
小说太优秀，拍摄无爆点，给选本能力3颗星。,3,活着 
改编之后，感觉完全变了味儿。对文革氛围的过度渲染，减弱了原著中对人性的探究与思考。很多情节改编之后，看似合情合理，却失去了戏剧性。巩俐的戏份太多，富贵的表演过于喜剧了。,3,活着 
没反映出小说中的内涵，加上导演对巩俐的私心，失望于对经典情节的篡改,3,活着 
1、跟小说是两个故事；2、看不懂的结构；3、只有凤霞难产一个事件的铺垫是有电影感的。,3,活着 
张艺谋电影里 我比较不喜欢这部 生命的无力和悲凉在电影里打了折扣,3,活着 
我觉得余华这个故事很难拍出那个中滋味...至少目前所拍的影视作品都不行...,3,活着 
当悲剧的人生被篡改后，这部书的格调就被降低了,3,活着 
个人命运被整个悲剧时代无情碾压,3,活着 
可能因為我看過書得關係，真的很差~,3,活着 
还像个电影，可惜了原著。与原著的精神风马牛不相及,3,活着 
这一阵子，账欠了不少，字也练得大有长进了,3,活着 
"md,太难受了。。。看那个年代的东西我就忍不住要骂。。。",3,活着 
除了光打得还行，其他乏善可陈。配乐和《大宅门》一样用的赵季平，给人南方（小说背景）与北方全混淆之感，非常出戏。剧情如果是自我审查牺牲艺术，还落得这么一个禁映的结果，比什么产科大夫饱食梗噎的讽刺大了去了。,3,活着 
葛大爷就是棒，只有他能演得起富贵儿，就是不太喜欢结局，改编了太多。,3,活着 
活着就是一出皮影戏~ 前半部分很好 后边有些做作,3,活着 
被选修课老师当范例讲了一个学期，我就不吃这套。,3,活着 
因为看书时受的震撼太大，以致看这片子时没有那么多的想法,3,活着 
呃，怎么说呢。和书的情节差的太多了。所以感触不大，而且我是应付了事的态度看的，完全没有偶遇的那种惊喜。其中让我看到了一个优秀的演员---巩俐，巩俐在里面表现很棒嘛,3,活着 
皮影多好干嘛烧掉诶。。btw功利那时候没胸诶,3,活着 
个人觉得实在不如小说。但是几个演员的表现的确不赖。,3,活着 
我突然想到了莫泊桑的《一生》。但这部又是带着中国特色的，以一个大历史为背景，平凡人的一些个点滴事。但或许没有原著的意味在里面，总是少了些什么的遗憾。,3,活着 
搁现在应该就不会是地下电影了吧。电影不如小说好，但还是很有张力。,3,活着 
共产主义就是一个物种离奇进化的过程。。,3,活着 
小说版的活着是倔强得挣扎的话，电影版只是奴颜婢膝的媚态,3,活着 
没想到那二年生郭涛和姜武这么帅！连葛优都长得像周杰伦！！！,3,活着 
拍到福贵爸被气死，张艺谋就气数已尽了~,3,活着 
国共内战→Party上位→各种反、人民公社、大跃进→文革，个人命运的无力感与历史的荒诞交织在一起，“活着”的伟大荡气回肠。可惜受剧本改编和时间容量所限，电影处理显得仓促匆忙不细腻。赞葛优演技，20年前的巩俐真美啊。,3,活着 
农民变工人玩皮影，成，草房变砖房，也行，巩俐不老不憔悴，过得去……“全靠政府帮忙”还被禁映是为了个什么。。。,3,活着 
评分之所以高是因为它的时间跨度长，把什么事件都说了一点,3,活着 
电影比小说好，好在后半段的大幅改编，使整个故事不再是单纯刻意的苦难秀，更接近苦难生活的本真，多了一点克制，少了许多煽情，但总体上还是显得老气横秋，中规中矩，配乐也相当不给力，像国产电视剧。鸡长大了变成鹅，鹅长大了变成羊，羊长大了变成了牛，牛长大了，从此不谈共产主义。,3,活着 
好多精彩的片段改掉了，真可惜，相对于书来说，真的只能算差强人意。,3,活着 
家珍是个好女人；从死人堆里爬出来就能这么努力地活着吗？福贵少爷，咱都不容易啊。,3,活着 
鸡变成了鸭 鸭变成了鹅 鹅变成了羊羊变成了牛,3,活着 
为什么先看小说后看电影总是不满意,3,活着 
原著看完的第二天看电影，心理建设是忐忑不安。原著中福贵生活刚有起色，打击便接踵而至，这里粉饰了边边角角，剔除了辛酸苦辣。直到外孙出世家珍都还健在，可幸福多了，总能感觉到敏感词刚出现下一刻画风就突变，导演在特殊历史时期的红线上行走还是如履薄冰。,3,活着 
和小说比，电影实在没亮点。,3,活着 
对于看过原著的我来说，拍的还是不够完美 推荐大家一定得看一下这本书,3,活着 
不为别的，就为最后还剩四个人~比一个好,3,活着 
先看的书，因为电影跟原著相差太多，总觉得缺失了什么,3,活着 
看书吧看书吧看书吧~~~~电影让人失望。。。后半段无处不在的毛某人倒胃口。。巩俐演家珍给我映像就不是很好~~~和原著比起来，就凤霞貌似没怎么变。。。看书吧看书吧看书吧~~书把我感动惨了~~,3,活着 
一个人的理想由communism向capitalism的转变。环境的折磨让人求生，精神的折磨让人求死。||最讨厌改情节了。,3,活着 
改得离了谱，演员表演太苍白了！,3,活着 
小说平叙直白，可层层叠起，一次次刺痛感官，留下无声息的沉重；电影直白平叙，却不及原著五成功力，震撼不足回味。改编了“赶尽杀绝”的结局，希望感真的多了一些吗?,3,活着 
（三星半）挺好的一本子给拍得流水帐白开水干巴巴的，上上不去下下不来就给你这么憋着…,3,活着 
确实够早的一部电影了，余华的经典之作。但到了张艺谋手里却与原著发生了明显的脱离，葛大爷演少爷这个角色也不太恰当，不过这不碍于人家拿了这么多奖。在下推荐原著，不推荐这部电影。,3,活着 
2005     高中时看过原著  再看电影 也就那样了  总觉得少了些什么   对张应该是严格的   觉得中规中矩了点,3,活着 
这部是有着中国大陆最好的电影之称。但是依我看来，盛名之下其实难副。也可能是我之前已经看过余华的小说《活着》，小说比电影来得震撼得多，当时看的时候哭的我一塌糊涂。虽然看这电影也有哭，不过总觉得电影选角上欠考虑，像巩俐吧，我怎么看她都不像那种踏实的农村妇女。,3,活着 
不知道为什么不太喜欢,3,活着 
不是在说书 是在背书 我发觉看电影不应该是先把书看了,3,活着 
葛优和巩俐的表演是无懈可击的，可是时间跨度一长，跳跃的情节让小年轻我看不懂,3,活着 
看了小说后，再看的电影。期望太高，注定得不到满意的结果。由于片长和改编的原因，书中很多东西都不见了。电影是正叙，或许是为了不让观众那么悲，结局也改了……如果你只是看了活着的电影，那请你再看看小说吧。如果是看了小说，我真的没有发现再看这部电影的必要。当然，这是个人观点……不做参考。,3,活着 
看过原著的话。。。还是会觉得电影不过瘾,3,活着 
先前没有看原著的话，该片还是很强的。,3,活着 
和原著一点不符，没有万分之一原著的孤独感和绝望感，并且原著最精彩的一幕：富贵牵着一头叫富贵的老牛在耕田的场景没有！总之，要不是看老谋子妥协这么多次才出来这个片子，只能二星！,3,活着 
高中的时候看余华，看的哇哇哭。电影感觉差点意思。,3,活着 
有些人活著他已經死了 有些人死了他卻永遠活在我們的硬盤里。,3,活着 
先看的原著，所以觉得电影很多地方的表现力并不是很强，不是没有能力，而是没有抓住细节以增加表现力~所以看了一半就不想看了，会慢慢看完的，到时候有别的看法再分享，还是支持原著！,3,活着 
实在是河蟹了太多 基本上没原作的感觉了,3,活着 
"电影好,跟演员和导演都没关系.全是因为剧本好.",3,活着 
没有想象中的有张力,3,活着 
70/100，两边都讨巧的文学改编，取自历史-现实，却又是无比虚假的“真实”，批判性是似有若无的，怎么看都像是软绵绵还要偷摸笑的感慨“我们不容易啊”。但所幸那份传统老百姓式角色所蕴含的美好与朴实还是异常动人。,3,活着 
给5星的人一定没看过小说，推荐大家看看小说《活着》作者：余华,3,活着 
一个时代有一个时代的悲哀和可笑，你能在别人心酸的故事中读出些许温情，也能从自己的平凡中领会些许荡气回肠😘,3,活着 
说实话我还是有些失望，或许我以前看过有关文革的电影像蓝风筝之类的，所以在看时期望还是高了，恩，确实是有点失望,3,活着 
拍的没那么好，编剧也很一般……大概就是占了那个年代可以拍这样的题材的便宜吧。,3,活着 
尼瑪，躍進溫格中也太和諧了吧,3,活着 
活着就是不管多么艰难，都要有勇气有信念有能力的活下去。从死人堆里爬出来，靠绝活生存，看着中国慢慢解放慢慢变好。11.2.8晚。,3,活着 
因为看电视剧知道原来还有这么一个片子，据说非常棒还不和谐，可是怎么看都没觉得不和谐。可能是年代的问题，就好象我也没觉得《第一次亲密接触》有多好看一样。当时看电视剧的时候就觉得男主角的赶脚和葛优怎么就那么像啊，女主角好像也似曾相识，结果看了电影全明白了。。而且这书看着就更平淡了。。,3,活着 
相对原著里对命运苍凉的思考，电影把这样一个问题归咎于政治历史环境，实在是过于简单,3,活着 
我们抵不过时代的一次心血来潮。张给了这部电影太多善意。所以伟大的作品总是透着悲，结尾不是喜。但我也理解。还行吧。,3,活着 
也许是时代不同了，感觉一般,3,活着 
余华的小说在荒诞里写现实，写中国的民族性，看着虚，其实一针见血，又有情。电影的改编看着实，其实是个很虚的家庭情节剧。芦苇的霸王别姬本子写得多高，人物是时代的镜子和影子，到活着，人物成了时代里的过场，情感泛泛，也不见生存智慧。【5.5/10】,3,活着 
小说先入为主了，这片无过便是功。最后改了结局，反而丧失了原著里贯穿全文的苍凉感。,3,活着 
看了书才看电影的。。。对电影很失望，书的原味一点都尝不到,3,活着 
5哪儿找大夫都关牛棚了。。。从细节上看就预测到生娃要出事。。。说明拍的好。。。有几处想快进。。。整体无聊。。。跟好看根本不沾边。。。打高分的有不少反共的东西看到共产党不好的就砸到它们的G点了,3,活着 
看过原著，改变太大，尤其结局。没看到家珍死，怎见福贵如何活着。,3,活着 
比起原著的震撼，电影只能说一般,3,活着 
我老在那儿点人头，想着死光了电影就完了，居然剩了俩。最不可饶恕的是有庆居然是被压死的。,3,活着 
。很奇妙的感受~。,3,活着 
         活着都挺不容易的，当家更难。难过的时候都做好自己，别骂街。骂街容易，把事儿做好难。,3,活着 
这电影把小说的精髓都给改没了 情节的变动倒是其次 从内涵和气场上来说根本就变成了两个故事 相对来说还是更喜欢小说一点 而且葛优着实不适合演福贵这角色 腔调也好 气质也好 都是个喜剧味道 换成《鬼子来了》中的姜文那种形象会好上不少,3,活着 
不喜欢这种为虐而虐的片子，即使它串联起了中国的近代史。历史已经是愁云惨淡了，你们能不能唱起一曲酒神的欢颂歌啊。三星半。,3,活着 
反正都不让播了怎么不把文革的状态描绘的更详细些呢  还是看书来的比较惨烈,3,活着 
传说中的好电影 葛大爷的苦逼戏 人生的凄惨悲冷 与原著小说的结局不同 已是更加美好,3,活着 
说是张艺谋的代表作，我觉得完全没到红高粱的档次，编剧不痛不痒得总是欠火候。,3,活着 
怎么说呢，反正，看完之后我觉得，我得活着。,3,活着 
觉得比书差远了.一直不喜欢巩俐,3,活着 
看书的时候看哭了 葛优可还行,3,活着 
书是看哭了很多人，可这部没有书好看，居然还禁了。活着的人比死了的痛苦，死了也就没这么多事了。,3,活着 
3.5; 我以为有多反动呢，其实还是带着一层rose-colored lenses，对个人史的阶段性浓缩也是oversimplified，可在当前政治语境下众人也只能把拍到这种程度的电影称为伟大了，这更让我觉得悲哀。,3,活着 
不如书，不过还是感动，还有些“红色幽默”,3,活着 
余华写“高尚”，张艺谋执意要拍所谓“传承”。,3,活着 
硬是把原著的境界拍小了，还只拍了一半。总觉得老谋子在憋着股劲想嘲讽点儿啥，结果只不过就嘲讽了下WG而已。余华可没想着要刻意去嘲讽什么，只是用平静的语气来以小见大。人活在这片土地上，被时代牵扯着，无力改变又逃不掉，只能指望着人生百苦中微毫的甜过日子，千百年来都是这样活着。,3,活着 
这片子已经不用说啥了 小说原作摆在那呢,3,活着 
打分是相对于小说的，内容和背景比小说逊色很多，折射的内涵也就贫乏多了。,3,活着 
看过书，电影就觉得有点索然无味了,3,活着 
这是一部被高估的电影，虽然也知道是因为广电总局的关系，但相比活在地下的第六代，第五代导演们能表现出来的抗争性差得是挺远的，因为看过原作，作者想表达的农民天生的苦难在电影里荡然无存，只剩好政府了。作为张艺谋最好的电影，可以看出文革和陕西就是他的标志，但也只是浅尝    20150708,3,活着 
活着的目标是不死而已。电影作为不同于文学的一种表现手法，特殊得还不够。,3,活着 
余華筆下的活著寫的是人生，時代不過是背景。張藝謀鏡頭下的活著講的是時代的變遷，人物不過是小小的陪襯。小說中寫的是人的靈魂，電影里表現的卻不過是軀殼。如果眾多的好評是來自于電影對中國某些特殊時代教科書式的回放，想來我們也太容易把一個時代放大了吧。,3,活着 
这改编失败了，那些个给五星的大概没看过原著。,3,活着 
看过小说的人，会很失望。,3,活着 
又是课上放的。并没觉得有那么好。,3,活着 
大概也是不忍心了吧电影的结局多少一片祥和，余华的原著里家珍也死了，福贵一个人拉着老牛在田里走，读来更多的是历经之后的无奈。,3,活着 
影片实在比小说差多了,3,活着 
还以为是跟书一样的结局呢，结果太温馨了吧TAT,3,活着 
原著没看过。历史是不会重复，只看当权者如何谱写了。在社会变动的环境下，人们得改变自己的社会观，去适应社会，活着，挺难的。早期的生活与大背景下的生活方式截然不同，偏偏又失去了儿子与女儿，一个做工无比结实的皮影箱子，流传到了第三代的身上……（少年凤霞的笑容在整部影片里是亮丽的色彩）,3,活着 
世事难料，沉重的活着。被禁播，帽子是：诋毁社会主义法制，诋毁政党执政能力。没看出它用什么批判什么。只是多么自然地叙述着时间的齿轮。电影也在平淡的诉说着人要活着，好好地活。活着却只能用死人来烘托。一无所有，被参军，有庆，凤霞。挫折，死亡，恩怨，环境，都被时代无情的碾过。更想看书了。,3,活着 
没有将原著中生命的轮回与文革对人性的摧残表现出来,3,活着 
与小说相比，这个活法很好很阳光,3,活着 
皮影烧了，电影灵魂断了。这些大牌看着养眼,3,活着 
很轻的电影，很重的人生。,3,活着 
"我反正是不喜欢张艺谋=_,= 走得太慢，但是却没有压抑感，只给人拖沓的感觉，很不自然=_,=",3,活着 
有点沉重的电影，反映了国民生之艰辛。无法赞同影片的主题，活着？？？？就是为了活着吗？不自由，毋宁死！苟活，似乎成了一直被欺压的小民唯一的选择，于是强权者愈加嚣张。权利，从不不会主动降临，每一份的权益都靠我们自己争取。活着，不仅仅为了吃饭。,3,活着 
既然电影就拍了原著的一半，我就只给一半的分吧。多出来半颗星，给那个时候的张艺谋、葛优和巩俐们。PS: 张艺谋对中国民俗的展现简直有种执念啊，不过看着确实舒服,3,活着 
和原著出入还满大的。导演关于文革部分描述很详细，结婚、生小孩,3,活着 
成也改编，败也改编。原著里有庆等人命运更残酷，电影则是一波三折，最终迎来传统的中国式团圆结局。改编失败之处在于大量删减，更改原著。演员演技精湛。神来之笔也有好几处。期待二刷2014/5/24,3,活着 
上学时就听说过这部电影，在天生桥时还听来自天津大学的一个同事谈过的。第一次看，大约是在2005年，和孟玉在松江的网吧。真的没感觉好。吃了好几个馒头的桥段，对特写的暖瓶嘴印象很深。,3,活着 
能给你三分也只是因为剧本本身写得好。这导演导得故事显得平铺直叙，而且演员的情绪有些地方没有很好特写突出。PS1.在越艰苦的环境快乐显得更加珍贵。2.为啥现代女性都是见什么要什么high maintenance 完全没有以前的那种贤惠坚强和任劳任怨的精神呢？,3,活着 
原著太优秀，电影更多的表现了年代感。不是很满意啊。。。 可能是妥协太多了吧,3,活着 
最大的败笔是人生太如戏了。人在历史面前那种无力感虽然渲染出来了，但是更喜欢余华在《许三观卖血记》里对于历史的调侃式陈说，嬉笑怒骂中的忧伤才更让人唏嘘。,3,活着 
跟小说比差多了......很失望......,3,活着 
看得没啥感受，也没啥反思，历史下的小人物的生活，不够深刻有点温馨，好死不如赖活。看二喜很眼熟，一开始还以为是张国立。,3,活着 
比小说缩水太多，应该先看电影的。。,3,活着 
久负盛名的《活着》，放了这么久就想能收拾好心情一览风采，希望看到的是类似《霸王别姬》层次的，却让我大失所望。很普通，我看到了很多妥协，唯一看不到的就是出彩。,3,活着 
如果没有看过原著，我会觉得这是一部好电影。但是，原著实在太出色，再出色的导演，也无法把原著中那些细腻的情节刻画出来。剧本的改编，算不上成功，徐有庆去世那段尤其失败。因为广电总局，余华自己删着剧本的时候应该也很心疼吧。,3,活着 
不比原著的经典 情节改动很多 冲击力减少了,3,活着 
表现活着的主题剧情不够完成啊感觉没小说好好像，但是看小说是好几年前的事了记不清了。,3,活着 
小说远比电影要悲惨的多，电影的最后还是幸福的，还是对活着充满希望的！,3,活着 
我朋友说这是张艺谋最好搭一部电影，但我真觉得充其量就只是一般，这是建立在小说获得巨大成功的基础上拍摄的电影，要求自然就要高，如果探讨拍摄手法或叙事方式，只能说张艺谋初期的口味很淡很平和罢了。,3,活着 
本子不错。导的勉强一般,3,活着 
大概是看过书的原因 觉得电影没有书好看 但想想 也是没有办法的 即使这样了 也拿个啥的了……,4,活着 
因为人物的平凡导致电影的平淡，只有背景值得思味~,3,活着 
就冲着通篇的无常与麻木设计，我也觉得禁的好，其中的希望一概无力，幸福无一不苟欢即逝，看完《活着》我就觉得它讲了一个道理：活着不如去死。虽说只是电影，人生也确实无常，但那些留在现实里就好，电影可以美好点，用这种彻底无力的悲剧讨巧，张艺谋其实挺水,3,活着 
结尾温暖了，又能温暖出什么,3,活着 
拍得挺好，最后场景很温馨，不像原著，全死光了。。。不过还是喜欢原著。福贵被抓去当兵时候在晚上听到伤员的哀嚎特别慎人。。。,3,活着 
國中導師兼歷史老師放給我們看的。吃饅頭被噎死、母子均安最後產婦突然大失血回天乏術。滿地血好可怕啊⋯⋯。我二阿姨長的跟鞏俐很像,3,活着 
比小说差了很多很多,3,活着 
戏剧的让人无法接受。。。,3,活着 
不知道看这部影片有啥意思，看男主开始的no zuo no die和后来的倒霉悲催，完全的没意思,3,活着 
实在是太对不起原著了……,3,活着 
和原著比是垃圾,3,活着 
语文课上看的，至今仍然记得吃了馒头别喝水，小心膨胀！,3,活着 
其实书更好，一直觉得。,3,活着 
昨晚新周刊提了余华的书 是很久前看的了 刚把电影打开来重新看了一遍 我只想说 中国近代史就是灭绝人性的存在啊。,3,活着 
要不张艺谋现在这逼样，可以多给两星,3,活着 
这是一个太过悲伤的故事。可它的动人，更多的来自于小说,3,活着 
电影跟原著比差了一截,3,活着 
编剧不错，在平淡的叙事中处处透着人性与时代的张力。可对&#34;活着&#34;这一主题的诠释不如小说来得给力,3,活着 
先看过小说的人，对电影难免有一点失望,3,活着 
挺失望的。。。,3,活着 
还是书比较好看，改动的地方太多，原书的很多精彩传神的东西都没了,3,活着 
和原著比，拍的是什么鬼……亮点全在演员本身了，故事全被毁了。,3,活着 
故事，电影都是一般货。,3,活着 
画面色泽还行 剧情改编的和原著小说没的比 如果原著是一杯开水 那电影顶多就是一杯接近于凉水的温水 无法感染到人的心里 细节差强人意 都是过场,3,活着 
叙事的稍显平静成为张艺谋电影中的另类。,3,活着 
大学 公共政治课,3,活着 
诶怎么删了。由于原作太震撼而处处挑剔此片。巩俐还是不错。,3,活着 
一般。和原著相得益彰地平庸。,3,活着 
电影只停留在剩下四个人的时候……小说真是一个连着一个的苦逼……小说太经典，超越不了,3,活着 
比起小说来，还是弱了很多啊,3,活着 
中国电影to live,3,活着 
活着是一部个人认为没有什么出彩点的小说，不知道为什么那么多人喜欢，电影更是还行,3,活着 
"总觉得张拍什么都没有灵魂，端着，一股刻意表达的急迫感，特别浮躁。片子不功不过，本子好，葛优演得好，仅此而已。也不是没有震撼，冬天尸骨们哗啦啦的响着，响到人骨髓生冷的疼。本来可以是一部伟大的电影的,在荒谬的年代活着，本就是轰鸣的乐章。缺少大师和自由土壤的中国电影，何日才能立地成佛？",3,活着 
余华是编剧，但为啥一点都感觉不到他的味道呢？低于预期，整个片子稍嫌平淡了。,3,活着 
这样的东西还被光腚禁掉，真是有些抬举它了。,3,活着 
+。《阿甘》式结构,3,活着 
小说拍成电影 普遍都差那么点 不过光电影来说还是不错的,3,活着 
电影没有小说好，不过中国有这种电影已经可以庆幸了,3,活着 
还是小说更好,3,活着 
为了迎合审查砍了很多，完全丢失了原著的精髓。没有了三年饥荒，主角一家在时代浪潮下的挣扎求生，逆境中面对挫折命运依然顽强生活的精神通通没有表现出来，反而硬生生的改编成了一部政治正确电影，结果还是遭到封禁，这是比电影本身还要可悲的地方。有点失望，看在余华原著的份上给三星,3,活着 
就连巩俐和葛优都演不出来书里的感觉，说明这剧本改的是在不咋样。,3,活着 
姨妈教导下的某些无趣生活中的有趣日子,3,活着 
这个为什么这么高？跟小说一比，这个基本上是重新演绎了啊，没有让人觉得特别难受的地方，最后还是个happy ending？？？不是张艺谋最好看的作品，《大红灯笼》感觉更让人唏嘘。不过巩俐真是美啊，各种造型都好看。郭涛姜武都是老谋子带出来的人哈哈，，厉害。,3,活着 
沾了原著和演员的光，如今重看，导演手法粗糙，电视剧感很强,3,活着 
如果没看小说的话，戏还是可以的，看了小说之后就觉得一般了,3,活着 
受不了这种逼得人透不过气的画面，太过沉重，沉重得用不了调侃的语气说什么，很是不舒服。胖子给这部电影2星，i don&#39;t know why~~~~~,3,活着 
the book is much better,3,活着 
其实作为一部电影不错，两位主角的演技都很棒，郭涛和姜武也是，但是跟原著的差别太大，硬生生拍出了很多不必要的温情和希望,3,活着 
如果不是因为拍的是个敏感时代。,3,活着 
比我想的差很多,3,活着 
没错，就是喜剧。,3,活着 
平平淡淡，不及小说的一半，我心中伶俐的凤霞怎么在片中像个弱智,3,活着 
说实话 确实有东西 只是我不关注 更不在乎,3,活着 
没看书，但是感觉没有书描写的那么艰难。整个电影有几处高潮，但是都觉得没有那么深刻。可惜,3,活着 
所谓“代沟”是上下关系的不对位，可这一词指向的往往是上不理解下，老不理解少，理解在关系上有一种顺势而推的责任给长辈分的人。权力中的话语权也在不对位的关系中置上而上地传递，你会形容老人顽固，不会形容年轻人新潮，有些词语本身带会有情感含义。《活着》给了我一个视角去理解老人。第五代张艺谋的《活着》火候上比陈凯歌的《霸王别姬》差了。老谋子为了审查费的心思反而冲淡了我对历史伤痕的想象，显得做作。人物的情感冲突太平，像两只纸船在时代的浪涌中波澜，只有人对时代的波澜，却少了一分个人的自我冲突，对于人自身的挖掘非常浅。看到的只是在已知的历史伤痕之下故事的发展与情节的推动。葛优前半段赌徒的形象演的尤其好。一星演技，一星历史还原，一星导演不易。ps,3,活着 
把余华的小说改得温情了，减低了原著的冲击力。,3,活着 
也是三星半吧。也是去年春节看的，说不上不好，但也不喜欢。电影更被我偏爱的功能是造梦，其次是记录那些闪光的瞬间，苦难之类的题材我趋于回避态度。,3,活着 
怎么会比书更好呢~,3,活着 
不怎么样拍得... 还是看小说吧,3,活着 
看过小说之后在来看这电影，就觉得完全不是个味道了。家珍的形象塑造实在是男默女泪春哥笑了，有庆的死就更离谱了，最后面结局改得.....can  bu  ren   du  !!!,3,活着 
比书差远了,3,活着 
跟小说比起来，非常和谐的一部电影，结局甚至是大团圆的走向，看得出为了那什么制度改了很多。倒是有庆死的那段感觉比小说合理些。这样的电影还被禁，真冤。之前不明白许三观这种相对幽默结局和谐的小说为什么要卖给韩国人拍，现在懂了,3,活着 
麻痹天朝人越活越抽抽，还不如清末了！！！,3,活着 
改了很多。死法，命运，结局。多了委屈的圆满，少了悲剧的动人。还记得当年在宿舍里点夜灯看原著，看到一半压抑得哭出来。实在是太苦了，人活着太苦了。电影减弱了很多冲击力，最后也貌似是个好结局。,3,活着 
"在原著的基础上改动的地方非常多,不管是结局还是细节,还原度肯定没有六成.有庆的憨实没有提现,所有的苦涩之感都变得很淡.亮点就是添加了很多那个时代原著中没有提及的元素,比如说跋扈的红卫兵.",3,活着 
文字比视觉更有冲击力。,3,活着 
孟京辉把一流的故事排成了超一流的话剧，老谋子把一流的故事拍成了二流的电影。,3,活着 
跟小說完全不一樣風格，電影它說人類很強，即使這樣也要活下去，人的韌性真感動人。,3,活着 
感觉拍得纯朴，不过剧情方面阉割掉了，或者说美化了一下原著，结局也只停留在馒头出生，看上去挺和谐？anyway，谈“活着”的力度还是远不如原著,3,活着 
果然是原作改编的电影光让人失望。再看电影就看个书里人物是谁演的，形象化一点儿，但故事还真不敢恭维，原作的思想光剩皮毛了，细节没了，结局也全篡改了，没甚禁的必要。远不如霸王别姬。倒是演员演的真没的挑。葛大爷是个才,3,活着 
实在是对葛优无感 反倒是巩俐 越看越喜欢 也演得好 这家珍真的太传神了！三星给家珍,3,活着 
看过书的还是不要来看了罢。,3,活着 
还是时代的悲剧。但是及不上霸王别姬。也许是先看过了霸王别姬的缘故，这部电影给我的冲击没有那么大，也没有想象中那么好看。看完后除了想今天的好生活真不容易之外就没有什么想法了...明天看蓝风筝...,3,活着 
如果没看过小说，我肯定会给4星，但是我先看过原著，说实话，有差距，所以只能三星了,3,活着 
荒唐年代的悲剧,3,活着 
其实那个时代的多数人的各种生活隐射都融汇其中……,3,活着 
老谋子不行呀，比霸王别姬差远了,3,活着 
和书上情节相关蛮多，更适合拍成连续剧,3,活着 
和小说比差了点~~~,3,活着 
原著比电影要凄苦得多。,3,活着 
以前一家三口一起看的应该是唯一一部片吧,3,活着 
很讲究的电影。是改编，为了上映做出改动。但是改了也没上映成。可惜了。,3,活着 
影片感人但却没有什么亮点，批判和反思的意味被莫名其妙的大大削弱，本可以大书特书的“特殊历史时期”无奈成为了苦情故事的活动背景墙，然而对于情感的刻画又不像后期的《归来》那样细腻。,3,活着 
不是我的菜,3,活着 
为着小说和电影的比较来看的，看了发现改得挺多不太能比。基本上我觉得书里有腔调的细节，很多都被删掉了，增添的部分总觉得在刻意渲染意识形态。场景的设计还有点意思，台词方面不懂为什么要重复说“活着”这俩字，多余。整体而言，这个改编勉强凑合，不能算好。,3,活着 
结局比原著有人性，不过除了故事写实之外，亮点何在？真的不明白为什么残酷如原著小说都可以出版，电影却会被和谐，何况这电影的表述还是委婉了点的。,3,活着 
看过原书的表示不喜欢，把所有点睛的桥段改的面目全非。哪里体现了活着？,3,活着 
我恨这个小说 我恨这个电影 看完心里这个难受啊！虽然我觉得这是张艺谋迄今最好的作品 虽然我很赞赏那种顽强生存的精神 。只能感谢我生在这个年代虽然天朝依旧威武。。。,3,活着 
全当了解一下当时的年代,3,活着 
整个片子最喜欢一幕：国名党溃败，郭涛跳上空置的汽车，满脸孩子一般幸福的表情，可爱死了。虽然小说无感，但我始终对三年自然灾害的描写和结尾一个人仍努力生活的坚韧凄冷记忆犹深。这个角度，与较有影响的原著比较，影视作品尤不讨喜。,3,活着 
比起原著改变较多，冲击力指数大大下降，友庆抽血死被换成车祸墙塌...即使这样，当初这部电影你为什么会被禁？,3,活着 
活着是为了什么？什么样的活着还算活着？在那段荒唐的年代，人们没有尊严的活着，生命的意义被降为仅仅为了活下去。,3,活着 
张艺谋早期风格不明显 导演有意识靠拢原著 但相比之下缺深度 不够悲恸  好心的导演在结尾留希望 不喜,3,活着 
张先生可能认为小说中福贵的命运太悲惨了 则在电影结尾还留着家珍、二喜和苦根 甚至春生也不说不定没自杀 让人还看得到希望 好好活着不去寻死 张先生篡改了他们的命运 给了机会 所以要珍惜 每时每刻的现在 好好活着 哎 一般吧 这电影,3,活着 
我只给三颗星的原因就是对原著的亵渎,3,活着 
人没死完就结尾了。,3,活着 
看的不太专心，也许要再看一次,3,活着 
毛邓三上放的,3,活着 
看得人心酸。但比起余华的原著并没多少超越。,3,活着 
然然边看小说边哭，还给我讲剧情，讲的我都哭了，结果看电影，欢乐吐槽。。想起了我的致青春。。。能尊重尊重原著么？？？,3,活着 
活着是一个沉痛的主题,3,活着 
太和谐了，小说的批判性都没了,3,活着 
和小说没法比，没什么震撼力,3,活着 
其实挺和谐的，实在搞不懂被禁的原因。虽然不怎么喜欢原著，但是被改编成这样还是替作者鸣不平。,3,活着 
怀疑看的是个删减版 感觉比原著差远了,3,活着 
这不是真正的张艺谋~~感觉几年前拍的电视剧版都要比这个好~~葛大爷~·~无敌,3,活着 
不明白为啥大家都说好,3,活着 
比小说差了太多……,3,活着 
比小说差的也太多了吧。。,3,活着 
先看的书，再来看电影就觉得很一般了,3,活着 
看过小说再看电影总觉着不够充实，好在电影给了影像，让脑海中的人物都活了，老谋子给了一个不那么绝望的结局，比书是缓和多了…,3,活着 
不是的我的菜，总觉得差点什么，很多人最后也没交代清楚,3,活着 
抛开电影不说，总觉得小说本身更吸引我,3,活着 
只对凤霞印象最深，尤其是生孩子那段。,3,活着 
去看原著吧,3,活着 
看了原著 觉得电影不行,3,活着 
我的电影老师说这一部好看。去看去看。,3,活着 
这片子我好想记得没按快进～,3,活着 
电影是拍不出 小说的味道的,3,活着 
2018.5.6晚几年看完白鹿原之后对这电影的评分我解释下，大概和白鹿原理由一样就是电影的篇幅不足以放下原著的娓娓道来让人很跳，这类真的至少得英剧三集片美剧迷你十集剧或者指环王三部曲那种才能承载那样一个冗长跨度的时代。当然演员们都很好，但我记得这之前看的电视剧富贵都比这个深刻...so...,3,活着 
不及小说，但跟他的其他片子比起来，还是好些。,3,活着 
都没什么印象看了这部电影，可能是书已经震撼和感动过我一次了,3,活着 
改得面目全非啊，有庆因为给春生老婆献血而死的情节非常重要，改成被春生不小心撞死的，家珍、二喜、苦根都还活着，这还是大团圆的结局啊。,3,活着 
对于“牛长大了之后变成什么？”福贵对儿子和外孙有了截然不同的答案，他也意识到了，所谓“共产主义”的真谛吧。,3,活着 
余华的作品最大的特点就是集中描写个人悲剧，这本来没什么，因为很真实，但是过于集中反而觉得别扭，《活着》一书就是如此。为了体现悲剧的特征而把应该发生在不同的人身上的悲剧在一个个体身上集中，就很做作了。,3,活着 
其实电影本身不错，但是与原著一比，就显得肤浅了,3,活着 
和原著有些出入，但是都很深入人心，催人泪下，小时候和爸妈看的电视剧《福贵》，初中看的原著，  虽然书名叫活着 但通篇都是讲死 更能体会到其中的艰难和无奈， 上个星期看过了电影，最受影响的是我活着的样子。,3,活着 
这学期看的,3,活着 
觉得拍得一般。巩俐比葛优演得好。,3,活着 
看完小说立马看的电影，可能脑中的富贵不长葛优那样，看着葛优和短袖旗袍的巩俐怎么都觉得出戏。和小说相比改了很多，更喜欢小说，一个农民一个皮影戏，电影总觉得少了点什么，富贵的活着，和最后四人团聚的活着，总是不一样的,3,活着 
跟原著比，省略了太多内容。不够写实，全程像是赶场子。,3,活着 
ʕ•̫͡•ʕ*̫͡*ʕ•͓͡•ʔ-̫͡-ʕ•̫͡•ʔ*̫͡*ʔ-̫͡-ʔ，补点国产片，不然爹说我崇洋媚外。,3,活着 
葛大爷轻松地诉说着他凄凉的一生，仿佛那是别人的故事。,4,活着 
"因为书给人的印象太深，让人忍不住用电影和书做对比,无法跳脱。",3,活着 
7分。再悲情的故事也掩抑不住其中的黑色幽默,3,活着 
看的是书。。我不喜欢这样的题材！！,3,活着 
以前人那种没见识本真的面目还真不是演的，没见识有没见识的好啊，日子虽苦，以为有希望有盼头就能活着。,3,活着 
"其實我覺著電影也就那麼回事,書應該更好看點.我就覺著 這文化大革命挺害人,,,呃,這話能說么?",3,活着 
有很多改编，原作太强大了，纵使老谋子也拍不出原本的那种震慑人心的力量。,3,活着 
剧情没有原著那么震撼和撕裂人心，不过演员演技很赞。,3,活着 
不同于小说那样抓人，可是泪点依然是泪点。,3,活着 
被结局恶心到,3,活着 
感觉改编的剧情不是很喜欢.....特别是有庆死的那段..还有最后怎么家珍和那娃子都没死....,3,活着 
看了两遍了，竟然忘了备注。。。。张艺谋讲了历史的进步，却没有表达出余华深深的无望感。总得来说是对于原著的很大缺失。,3,活着 
看完感叹的不是电影之光，而是人物之光，戏剧之光。郭涛在葛优和巩俐面前确实捉襟见肘，也确实被几次巩俐葛优的表演煽到流泪，但作为导演和编剧其意图是非常清晰,3,活着 
虽然摄影出身的张艺谋，又给了我们许多没意思的符号，但，毕竟是少了许多，葛优演的漂亮。,3,活着 
似乎多半是借着时代的光让自己熠熠生辉，开头就是一励志片，结果内部故事还没推开，动荡的时代降临了，有几处黑色幽默不错。原著看过，就记得“少年去游荡，中年想掘藏，老年当和尚”，电影却都是大爷唱皮影戏挥之不去了。,3,活着 
吃馒头的教授演的好。,3,活着 
被阉割的历史+拍摄技术挺烂的,3,活着 
还是3星吧，故事没原著悲，相比之下更喜欢电视剧版的《福贵》，故事叙述更完整,3,活着 
看了原著，对电影的期待太高。。。电影只能拍一小段的。。。。毕竟时间放在那里。。。看了原著又看电影的片子比较少。。人懒。。。但是每次都有点儿失望,3,活着 
1文字的力量远远大于影像。我现在是这么想。2悲剧的结果没有改变，只是通往悲剧的途径有所不同了。,3,活着 
感觉好牵强。。为什么非得死才能表现活着呢。,3,活着 
挺惨的，一家差不多死完了……故事稍牵强，因为我感觉这两老头老太能活下去挺不可思议的，大概得让这两位见证荣辱兴衰？……所以（逻辑loser）许三观能活着也很不可思议，妈蛋还真就那么活下去了，我看着觉得好毁灭=_=,3,活着 
每次看原著之后再看电影版的都会大失所望,3,活着 
少了小说的糙、惨、悲及带出来的感触,3,活着 
有些人死了 他还活着 有些人活着 他已经死了,3,活着 
跟小说压根没法比 建议给这个电影打高分的人先去看原著,3,活着 
相比原著妥协太多，没有力度。,3,活着 
其实这电影拍的还算不错，葛优和巩俐也演的挺好，但实在不喜欢这种“好死不如赖活”的题材，不喜欢那几处悲情催泪的剧情，唯一喜欢的镜头就是有庆把那碗加了辣油的面往小孩脑袋上倒那点。很多人把这部戏和霸王别姬放一起比，但我认为差的很远。,3,活着 
早就听说是老谋子的巅峰作品，看了之后发现不过如此。好的电影依赖于好的剧本，但是电影没有表现出来原作精华的二分之一。所有优秀的文学作品在搬上大荧幕后展现的全是无力，活着是，少年派也是。希望找到反例。,3,活着 
电影对原著的结局进行了改编，让人感觉仿佛差了点什么,3,活着 
改编太多，葛优的影帝名至实归。,3,活着 
比小说差了一光年左右,3,活着 
书好看.,3,活着 
看在书的分上给个三星,3,活着 
看了原著再看戏，总觉得缺了好多... 巩俐从未让我失望。,3,活着 
和书相比，改了太多。书中很多触点电影里都没有或者带过了。,3,活着 
葛优的粉丝来自于其喜剧，其地位来自于正剧。,3,活着 
个人命运不过是动荡时代的缩影，小说好，电影一般。,3,活着 
光明化结尾 不如原著来得深刻 不过仍然极具冲击,3,活着 
越牛逼的小說，拍成電影時就越難達到應有的高度，部分改編尚算可以接受，場景鋪墊足夠了，鏡頭也平敘了，可畫面就是無法像文字一樣把這些條件更好的表達。還有為啥不拍個三小時完整版？人沒死完就結束了，一點都不過癮。,3,活着 
看到最后屌丝们只记得葛大叔的馒头嗝抽了教授，没救成女儿,3,活着 
就凤霞好，比起小说电影挺难看,3,活着 
戏码远没有文字铿锵,3,活着 
既然比《霸王别姬》晚，只能说套模板套的太差，大悲小喜事件串烧，但没有成长过程的艰辛坎坷，没有艺术道路的日臻完美，没有众人物的争相绽放又紧密交织，说到底不是真近现代史诗。同情心只能加诸巩俐一人,3,活着 
电影是有魅力的……。但电影，始终不及书籍，而且不止一大截。,3,活着 
还是更喜欢原版小说,3,活着 
说真的，比原著差远了，简直望不到原著的影～～～,3,活着 
还是书好看,3,活着 
几个小时的电影肯定不比原小说容量大。巩俐的哭戏演的很好！！另外 很喜欢演凤霞的两个小演员，特别是小的那个。,3,活着 
以后看过书的就不看电影了,3,活着 
"比书温情多了,巩俐演技好",3,活着 
改动太大了吧……,3,活着 
这片太黑色幽默了吧。没有我想象得那么悲催，就差没给拍成喜剧了。老谋子当年求生欲还蛮强的，影片拍得又励志又温情，所以总觉得差了那么一点东西。,3,活着 
电影的结局比书里的要好多了。,3,活着 
怎么演了一半就没了,3,活着 
对原著的改编大得我不太能接收 但 他们都是实力派,3,活着 
充满生活的质感，于残酷中见温情。,3,活着 
霸王别姬的翻版，也不知道谁抄袭谁。余华要说的是一无所有毫无希望也赖活着，而电影最后充满了希望似的，完全变味！,3,活着 
比原著温情，但是还是拍的太一般,3,活着 
越看老谋子前期的作品越不理解后来黄金甲这种片的诞生。《活着》原著比电影要来的震撼。马如龙竟然也是这么早期的演员 太惊喜了~,3,活着 
整体挺好，不过剧情展开的手法有点模仿霸王别姬的嫌疑，而且有些情节略显生硬。艺谋还是没凯歌那么文艺啊。,3,活着 
说是禁片 却还不懂其活着的意义  巩俐确实很漂亮,3,活着 
相比较 原著 还是喜欢 纸质的 余华  纸质的 活着,3,活着 
看到最后发现二喜凤霞苦根都没死我很变态的无语了。。不是电影不好，实在是原著在我心中难以超越。。,3,活着 
看过小说，觉得很震撼,3,活着 
我怎么越来越喜欢葛优了。。|||,3,活着 
看过书再来看电影，就很难满足读者内心的期许。,3,活着 
自我阉割成这个德行，鸡贼的老谋子怎么还好意思把这部电影叫活着！三星都给这些演员。,3,活着 
还是书好看,3,活着 
好死不如赖活着 真是一种很蠢的人文主义,3,活着 
怎么都觉得薄弱了点,3,活着 
有的人活着他已经死了，有的人死了，他还活着。百无聊赖的活着算什么呢,3,活着 
还是觉得没有把原著的厚重感烘托出来，只是一本流水账而已。,3,活着 
这部电影豆瓣评分9.1，在我看来它只是及格了。原著余华的小说，185页，我花了3天才看完，不是我读书比别人慢，而是不忍卒读，余华的描写太刻骨铭心了，看的我伤心欲绝，人物都太有戏剧效果了。而这部电影好像是批评毛泽东一样的，借着毛泽东的口号讽刺毛泽东引导的大跃进、文革，很多情节都很画蛇添足,3,活着 
活着是大多数人的态度，尤其在那个没有个人尊严年代，活着似乎是唯一的信念。可是两个孩子的死似乎跟富贵脱不了干系，但是终究是时代酿成的悲剧。其实文革十年的悲剧又岂止这一桩。比起原作简略了不少，但是电影的好评恐怕有七分归功余华。,3,活着 
？？？改动大了点吧？？？现在看那个年代真是可笑啊，唱歌喊口号😂既然死活过不了审，当局也不愿意直视污点，那就不去如实按照小说拍了，给读过原著的人点慰藉。如实拍才够惨才够震撼，这么拍出来感觉真的远远不如小说，几个人胡闹一样说说笑笑哭哭就没了，余华不哭死？,3,活着 
活着是件不容易的事,3,活着 
瞎了我的，干嘛改那么多，按书拍又不是多难，可惜了那么好一个剧本！,3,活着 
过誉！故事改成了没有起承转合的流水账，只见惨剧不见人物，不如同期的《霸王别姬》有人物弧光可言。葛优的演技再好也救不了单薄的人物（春生的角色塑造都比福贵强多了）。一禁封神罢了,3,活着 
原著使人绝望，改编给人希望。,3,活着 
有点刻意。人物的命运总在被外界推着走，他自己呢？他自己的变化呢？,3,活着 
太大声了 呼天抢地 更喜欢小说,3,活着 
平淡，流水账，惨剧代替悲剧,3,活着 
放在那个时代，确实有点魄力,3,活着 
电影和书相比，差太远了。,3,活着 
可能我阅历不够···高估了,3,活着 
说这是张艺谋最好的电影。,3,活着 
王小波说，“中国历史几千年，没有几个人有过自己的个人尊严”,3,活着 
边看边哭。葛优巩俐CP感不强，主要巩俐太美了不像农村人。小说里除了福贵全死了，电影没有这种深深的无力感。家人在一起就是好啊。,3,活着 
看过原著的就会感到电影拍得很单薄了,3,活着 
还是小说好看.,3,活着 
不如原作震撼,3,活着 
没什么感觉 可能效果不好 是躺着 用投影放大投到天花板上 应该看一部比较温馨的片子,3,活着 
书写的太好看，对电影版期望太大，JUST SO SO ,3,活着 
有批判，有讽刺，有历史情怀，但是力度还不够，旁敲侧击还不够震撼。每个角色都演得很好。,3,活着 
电影拍比较一般，葛优实在不搭。,3,活着 
不看原著的话还行,3,活着 
呵呵。,3,活着 
原著党只能打3星。很早就读了原著。后来，第一次看的的时候年少，觉得5星。慢慢长大，再回头看几遍，慢慢对这部片的评价越来越低。葛大爷5星好评。,3,活着 
具有中国特色的悲剧人生。力度不够。,3,活着 
葛优凭这个获47届戛纳影帝。福贵被吓出尿那段把我笑死了。,3,活着 
7.5 看完之后只是感觉余华的小说太出彩了，高度很难达到，国师把电影拍出来后没有原著的深刻与悲烈，总感觉拍出来的“活着”这俩字没有写出来的“活着”有力，反而更把主题更倾向了政治方面，情节对时代的讽刺改的还不错。皮影戏的加入也丰富了故事叙述。但总的来看这大概并不是我最想看到的...,3,活着 
比原著差很多～,3,活着 
看之前很期待 看之后觉得好像是一部单薄版的霸王别姬。。。,3,活着 
浑身难受，其实贵党的破事拍喜剧片也没问题的,3,活着 
给两星都给摄影。其余为零。,3,活着 
没拍出时代感，相当一般。。没有葛大爷撑着就很无趣了。,3,活着 
我觉得看过书后再看这个电影真的看不进去了。或许是书太精彩了。,3,活着 
和原作比情节和氛围都有很大改动，看这个联想到霸王别姬，但照那个差点,3,活着 
给你留点儿希望,3,活着 
改编得真阳光。,3,活着 
看了个片段就觉得那时的葛大爷真瘦！话说这部没有完整看。。。,3,活着 
小说哪有这么强的政治感。男女猪演技真不错。,3,活着 
看到有庆和家珍一起往茶里加醋和辣椒的时候就看不下去了，在这个诚惶诚恐危机四伏的时代能不能不要这么作死。看着心烦意乱。,3,活着 
个人感觉没有小说好.,3,活着 
三星是因为看的时候太困了，感觉比原著温和很多，最后一家人坐在一起吃馒头的画面真温暖，电影总比生活好，能戛然而止，想到原著里面最后只剩下福贵一个人，就难受得不行。皮影感觉有些莫名其妙的。,3,活着 
三星半，葛优，嘿嘿,3,活着 
没改变好，不过好在没窜味儿... 书太伟大了。,3,活着 
还是想打三分半。很多年前，小说我用了一夜看完，几次哭的泣不成声。张艺谋的片子永远需要一个好小说做底子。当有合适的底子时，他就是一个最好的工匠，把他雕出来。可是仍然没有小说给劲。,3,活着 
对原著的改变还是比较大，儿子死的原因居然是撞死了！而且没有写出他们在极度贫困和饥饿下的生存状态。而且结尾变成了近似喜剧一样。看来电影的限制还是太多了,3,活着 
没有书深刻,3,活着 
对张的电影还真没部喜欢的,3,活着 
刚看了书，紧接着看了电影。很多荒诞却张力的朴实的情节被温情取代，这部片子拿不住我的心。,3,活着 
哎，比原著差太多太多。。不能提富贵那糜烂的生活，也没提他爹怎么教育他的。。最后好多亲人都还在。。可能导演也不想他那么惨吧。。。,3,活着 
一部讲文革的电影 却让我觉得文艺兮兮的,3,活着 
有人说这是老谋子最好的一部影片。没看出来...,3,活着 
第五代的镜头语言，几乎是开天辟地。然而除了镜头语言，背后的骨骼经脉，几乎是为赋新词。,3,活着 
十多年前从老爸的一堆破盗版中翻出来看，只记得几个伶仃的身影；十几年后看了原著，才慢慢明白一句话:以笑的方式哭，在死亡的伴随下活着。,3,活着 
“小鸡长大了就变成了鹅，鹅长大了就变成了羊，羊长大了就变成了牛，牛长大了就是共产主义了。”,3,活着 
跟原著差别还是挺大的 没有看原著时候的感触深,3,活着 
好像是在看《人与自然》，画面、音效一贯张艺谋风格（高质）。,3,活着 
好的應該是書 打五顆星的不全因電影吧,3,活着 
还是看书比较好……,3,活着 
why quite diff. from the novel?,3,活着 
老谋子抓不住重点阿,3,活着 
张艺谋对演员的控制差些，场面调度也欠火候。后期配音配的挺搞笑的。,3,活着 
如果没看过书，或许会给四颗,3,活着 
《活着（上）》，被阉割和改编的太惨了吧,3,活着 
觉得电影里的悲剧感被削弱了很多。还是书比较好。,3,活着 
比书差太远了 ,3,活着 
就是纪录片吧！距离我太远,3,活着 
感觉张艺谋一直是靠好剧本活着的lucky guy...这部戏带给我的感动相比起原著，完全不能同日而语...,3,活着 
要和余华的原著一比...那就真不如了,3,活着 
虽然比小说差一点，还是可以的,3,活着 
课堂上看的,3,活着 
大学时在学校放映厅看的。不大看得下去，走神了。比小说差一些，质感不太一样。,3,活着 
篡改结局实在傻*,3,活着 
还是小说好...,3,活着 
没有原著完整，所以失了那么深入骨髓的悲情，那种在命运面前卑微至死的绝望。各个故事之间跳跃明显更像是年代缩影剧，人物缺乏连贯性的交代。演员是真正的亮点，还有就是没有反面角色没有对各个时期的直接嘲讽而用悲情来衬托这种时代之殇。,3,活着 
批判的不够,3,活着 
文革不比焚书坑儒危害力小,3,活着 
很一般，为毛都说好？,3,活着 
小说原著结局较电影结局来得更深刻,3,活着 
书四分，电影只能三分，有很多悲情都美好化。福贵家能给王大夫买七个馒头？凄惨的生活只刻画了三分。赌博破产，父母双亡，女儿聋哑，儿子献血死亡，好不容易一起都正轨，女儿大出血，女婿被压，外甥撑死，这些苦情在电影里大都没体现。鸡大了就是鹅，鹅大了就是羊，养大了就是牛，牛大了又是什么～反省,3,活着 
当时觉得没改编好，也许应该再看一遍。,3,活着 
先看书 后看电影 显得空洞了很多,3,活着 
比起来我更愿读原书  虽然原书也不喜欢,3,活着 
看到了文革时期  爹好娘好不如共产主义好啊 ,3,活着 
为什么是还行呢..借用@戴小胖爱曼联 的话来说 觉得很有内容但又不怎么推荐别人去看来着..我真心没有看出禁在哪里，还不如拍得更深刻更赤裸裸一些,3,活着 
看完原著后又看了一遍，劝大家还是看原著吧。,3,活着 
没有原著那么发人深省。我该如何评价这部电影作品。书比电影写的要详实充分。有人说这是张艺谋拍的最好的一部，也许是因为有了种种时代背景。我们这个世界就是有前人为我们铺路。有种种悲哀，才有了种种欢笑。这是一个真实的世界，这是一个没有貌似没有谎言、其实全是假的世界。可是，这是我们的中国。,3,活着 
不应被禁，没有达到预想的高度，余华的故事太过悲伤了，演员表现极佳,3,活着 
电影和书相比.还是书更好看,3,活着 
印象比较深刻的就是龙二被执行死刑，大夫王斌被打成反动学术权威三天三夜不曾饮食之后一下子吃了七个馒头导致几乎撑死的两个情节。该影片展现了一段荒诞、幼稚、不合理但却真实的历史。,3,活着 
1 秃头葛优演少爷？扣半星 2 人物的内心活动呢，生气就直接死了？扣半星 3 家珍原著那么贤惠，电影里都感觉不出来 扣半星 4 凤霞相亲来个中年人？？？,3,活着 
不能先看原著,3,活着 
有种死神来了的感觉。巩俐的演技让人有点惊讶，那年她才27啊。如果作为一个民族的编年史，太单薄了。远没有余华的小说好看。,3,活着 
书比电影残酷。。。,3,活着 
虽然很多人说这是张的最好作品，可我还是不太喜欢，可能看过原著的原因吧,3,活着 
天啊 看看中国人为啥生生不息,3,活着 
不好看 要是没有看过小说我都不知道怎么回事 乱七八糟的。。。,3,活着 
老谋子妥协了那么多，差点就没给改成喜剧了，还是遭到禁映，冤哪,2,活着 
张艺谋别有用心地简化了余华原著当中超越政治和历史的一连串“死亡”，在大团圆和政治控诉之间闪转腾挪。这是一种更为彻底的媚俗，既谄媚中国人，也迎合外国人。有这部片子可以明白1800万的高铁宣传片当然是意料之中的事情,1,活着 
其实对于大多我看过的电影，这应该是给分最低的了。 大家都给了这部电影很好的评价，但我心中的感触却没这么深。而且比我预期看到的差了很多，最主要是因为受到了原著的影响，两者不管在什么程度，什么角度上都相差态度多。电影远不及小说。所以心中的失望与落差让我只给了两星。,2,活着 
恶俗到姥姥家了，前三十年不是戏，是活生生的历史-现实，人格扭曲到什么程度才能想出这么鸡贼的创作方法。又想过审，又想拿奖，又想要票房。绝对张艺谋最恶心的一部电影。,1,活着 
说真的比小说差多了。。。主题不鲜明，导致完全不悲催，别说掉泪儿了，连想哭的冲动都没有。。。好多悲剧的场面不知为什么演的跟闹剧似的。。。看见葛优内张脸就想笑。。。条件反射。。。,2,活着 
从前有一家人。。。捂着眼睛捏着鼻子吃大便，吃过了互相询问咱们吃的是什么啊？相视一笑，肉糜。,2,活着 
剧本一塌糊涂,2,活着 
盛名之下其实难副，故事虎头蛇尾，两个孩子的死都充满巧合和意外，变成卖惨通俗剧，明显没资格和《芙蓉镇》《蓝风筝》《霸王别姬》相比。奇怪为何名气却仅次于《霸》？,2,活着 
被太监河蟹了的作品，浪费偶的时间了。估计余华要等到现在出版这书，肯定也是要被河蟹掉的,2,活着 
老觉得出入太大、各种和原著里的不合适,2,活着 
人的一生好快，不管怎样，活着。。。。,2,活着 
故事节奏略缓，对悲伤的渲染力度不够。。也许是期望太高了吧,2,活着 
完全没拍出原著小说的神韵~~,2,活着 
看话剧前先来看一眼电影。看完了，怎么就觉得无趣无味呢？葛大爷演技还是出神入化，皮影戏也是可圈可点别有风味。可是，这福贵的每个人生转折点怎么都显得这么不咸不淡，貌似“点到”还未“即止”就已搁笔。难道指望着几句直白的台词，“活着回去，回去了好好活着”之类，来点题明义么？看得人不痛快！,2,活着 
真心不如原著，不能让我产生阅读时的悲愤无奈之感，余华小说能在一次次重温中给人以递进的震撼，而电影更多留于浮表。葛优这么好的演员，也许被剧本拖累了。原著中那么好的铺垫，由文化员实地考察而见到的与老牛相依为命的福贵，倒序和回忆交叠呼应着命运多舛，在电影里被削去了。巩俐倒是贴近了角色。,2,活着 
拍成这样都能成禁片，老谋子太屈了。难怪当代名作家都该魔幻现实主义了，就是怕给中国电影拍成和谐剧目。,2,活着 
给2颗星是因为和小说相比震撼和感悟少太多了,2,活着 
张艺谋最好的也不好。 ,2,活着 
跟原作比節奏，人物等等都差了幾個檔次,2,活着 
张导演没有好好看书!!,2,活着 
和想象差得太远了 难道这就是张艺谋的水平 葛优和巩俐的表演倒是很出彩 特别喜欢里面那个小姑娘小的时候 不会说话只是一味的笑 一连天使的表情 是不是不会说话的人都特别善良？,2,活着 
这是相比原著给的评分,2,活着 
评分高的莫名其妙，大部分是冲着小说来的吧，电影里的福贵真没觉得他有多惨，生活也没觉得那么苦。二喜来刷房子，那房子可比小说里的强多了。,1,活着 
没看原著觉得电影拍的还行，看了原著后觉得电影改编的太差，演员选的太差，看原著哭了N次，电影一次也没，反而笑了几次。书里那些感人的东西一点电影里也没表现出来。悲情的主角弄了一个喜剧演员！！！！,1,活着 
真没看出来有什么意思，跟原著差远了,1,活着 
虽然没有超过原著不是你的错,2,活着 
"雖然政治控訴上頗為疲弱,主角多桀的命運和共產黨其實沒有太直接的關係,但是從另一個角度看,電影至少在一定程度上做到了哀而不傷",2,活着 
相对原著来说．．．,2,活着 
"葛爷演的好，剧本编的差,BS导演.",2,活着 
无奈，无语,1,活着 
两星给改编，虽然是余华自己做的。但是电影和小说比较像两个不同的东西啊,2,活着 
伟大的原著，庸俗的改编,1,活着 
每个人的生活都比这部电影更他妈能诠释生活的意义,2,活着 
个人认为影片不如原版的小说好看。看小说时最感人的部分我觉得还是当看到福贵家如何一步步衰落下去，一点点陷入绝境，看似走投无路但福贵依旧咬牙要活下去的部分。而影片则是重点表现新中国时期福贵家生活变迁的情况，没有很好的展现出那种不顾一切都要“活着”的感觉。可能是说艺术就要让位于政治吧。,2,活着 
弱化了sense of tragedy... 活着，仅仅是一種状態，抑或是，忍受着命運的不公？甘为形役的代價，在那个悲催的年代，就是放弃自我意识、随波逐流...,2,活着 
吐槽就是葛优年轻的时候也是个秃子，再有这样改编的没有小说的味道了,2,活着 
瞎煽，拍的什么玩意儿，我说二喜俩大牙怎么这么像姜文，原来就是姜武演的。,2,活着 
比原著差太远,2,活着 
我为什么极其讨厌《活着》：第一、男主也算正常的智商，怎么可能一点后路不给自己留，钱房子都输完了然后的事就不考虑了？这是一个正常的编剧想出来的情节？第二、一个小屁孩哪来那么多的心机跟手段，能想出来把面条扣别人头上？是余华你自己想的吧！,1,活着 
终于有一部和图宾根木匠相似打分的国内电影，太过白描，也不能怪老谋子，禁锢于时代体认、群体认知、小说过于优秀以至于无法超越的前语言优势，还有就是其中某位创作者已经近乎完全扭曲且极端刚愎自用的创作心态和思维，看过其写的某本书的都知道了,2,活着 
不明白张艺谋是如何理解活着的，反正余华的理解比他深刻万倍。不推荐别人看这部电影，肤浅。,2,活着 
是在是烂的可以的电影，因为政治因素吧，改了好多，改的失去了原著的灵魂，最震撼我的有庆一点一点抽血被抽死的场景竟然完全改了，还有最后苦根的死也被删除了，不知道为什么身为编剧的余华会做这样的修改,2,活着 
你就篡改原著吧，并且后者我也不很待见,2,活着 
。。。先看的书，后看的电影，表示不理解为什么这么改~~~~~~~,2,活着 
对于小说的改动太多了，印象最深刻的有庆的死从抽血给县长老婆死，变成被倒车砸死了？！最后死光光只剩一人的结局也改了。许多人物弱化了！情节删改！时代里人物的苦都给弱化了。居然还没能上映。还是建议看原著吧！,2,活着 
书比电影好很多很多,1,活着 
不知道是不是被禁的原因，使得片子的分数十分爆炸。但是抛开禁片的因素来看，片子里面的文革题材一点都不爆炸，打开维基的文革词条看看，这部电影其实并没有特别的题材限制突破，比这部电影批判文革更甚的电影实际上有不少。不知道是不是因为禁片的缘故导致这部电影被豆瓣推到如此高的地位。其实《活着》的原著，但从故事角度来说是一个挺SIMPLE的故事，就是一个地主最后全家死光的故事。写的比这个故事惨的电影实际上也是很多的，这些都并不能成为《活着》成为名著的原因。原著更多依靠的还是那种非传统叙述模式，可以更好的契合主题，这种模式的影像化，在《活着》的电视剧版《福贵》中反而能体会出来一些，这也使得实际上《福贵》是更接近原著。张艺谋的这个版本完全放弃了原著的叙述模式，而使用了原著特别不出彩的故事，完全不好看。,1,活着 
不幸的是，我先读过了余华的原作。,1,活着 
其实挺生硬的。跟原著差远了，不过作为在中国电影史上的一部被赞誉的片子，就没给一颗星。张艺谋很做作。,2,活着 
原著那么棒，电影拍成这样，唉，不过葛优演的很好。,2,活着 
为什么这么惨呢？关键是看不到光明，没有希望。,2,活着 
纯叙述体的电影，也没见得反映什么深的内容。。。看来张大导演真是一流的摄影师而不是导演,1,活着 
常识性错误是余华的致命伤,2,活着 
和原著落差很大 拍得一点也不深刻,2,活着 
看过原著，一直留着美好的念想，一流的导演和一流的演员将如何演绎余华的《活着》？……结果很一般——看来每个人心中的小说与影视作品总是有说不清的差距的。,2,活着 
比书差远了,1,活着 
为了拍得省事降低太多原著时空与人物性格之间相互塑造的美学价值，这点非常失望。书无论什么时候看还是原样，电影就不一样。,2,活着 
我很不满意！,2,活着 
没法跟原著比,2,活着 
毁了书了,2,活着 
原著非常好，改编成电影就很差了，不够惨，那个活着的感情都体现不出来,2,活着 
为什么给1星?看了原著就明白了.和谐啊...,1,活着 
远不如书好看,2,活着 
书比电影好太多了,2,活着 
福贵身上肩负着的沉重的历史使命怕都喂王大夫了。家珍如何从大家闺秀进化成勤劳的农妇的，就凭一句“想过安生日子”，真是够划时代？凤霞的存在就是为了生个孩子？二喜作为工人阶级的代表就为了挖社会主义墙角？那年头一看讲文革、大跃进就瞎禁，这是一部“歌颂社会主义”的好片！,2,活着 
巩俐阿姨演的家珍怎么牢骚满腹的,1,活着 
很超前，坐飞机。,2,活着 
"The movie is skin-deep. The director put up too much sugar-coating for the government, but it&#39;s still not enough to please the government. what an irony. can&#39;t understand why people raved about this movie, so I have to voice this disproval. ",2,活着 
皮影文化好，皮影做引贯穿全剧也很好，但是丢了魂啊，只剩下壳子了。。小说的沧桑没有了，小说的豁达人生态度也没有了。  强行插入的艺术人生在小说《活着》面前如此无力。  不是电影不好，单拎出电影还是很好的，可是对于原著来说电影版如此无力。恨铁不成钢的一星。,1,活着 
第一次听说“定稿剧本”...,1,活着 
看过小说了，对剧情没有丝毫惊喜。但是跟小说的差距太大了，小说开头和结尾的画面感完全没有呈现出来。一直觉得有庆抽血抽死的剧情更震憾。虽说不尽如人意，但好歹是看过了。失望。葛优年轻时为什么像杰伦，巩俐那会儿胸真小。,2,活着 
书才是精华阿 电影糟蹋了。,2,活着 
看过后很有感触，虽然感觉自己过得不容易，但想想我的生活也是很多人奢望的，加油，好好的活着！,2,活着 
按原著，它的叙事结构应该是阿甘正传式的，被拍的太拖沓了。,1,活着 
比书差太远了～,2,活着 
不是很喜欢余华式的表达———只要活着....最后一幕很真实但也很揪心。难道中国人只要吃饭就行了吗？,1,活着 
期待的泪点居然全部覆没……,2,活着 
把原著改得我很不爽,2,活着 
看过原著觉得这简直。。靠！,1,活着 
还得看书,2,活着 
葛优这个人就不适合演这个角色，而且完全没有演出这个角色的灵魂，巩俐勉强，其它人完全僵硬，剧情被大幅和谐化了，失去了真实的魅力，小说能给人的触动被电影给丢掉了，换来的是张导和编剧的意淫。总结一下，可笑而生硬，虚伪而造作,1,活着 
改动太大了，把故事情节改的没有连贯性，有庆的死原本在小说里是最揪心的，而且巩丽不适合演家珍，因为家珍是个温柔贤惠在旧社会女子不敢违背丈夫但她会委婉表达指引富贵，小说更多的表达富贵活着的不易顽强，电影更多表达社会变迁下的生活状态😶,2,活着 
跟小说没法比,2,活着 
给差的原因是对小说原著的改动 以及没法很好地表达原著的内涵,2,活着 
这片拍成这样就没劲了，成了一个富家子弟变成普通农民的故事了……与原著作者本意出现了偏差啊，无趣无趣,2,活着 
实在没啥看头，既不是说历史，也不是说人生。说了一对夫妻生了几个孩子，活了几个时代的琐事，其他都是配角。张艺谋无非是用几个大明星扛起这部电影。,1,活着 
我就奇怪了，这么一个平铺直叙、程式化的电影为什么能得到这么多的好评？！,2,活着 
看了小说再看电影真无趣~,2,活着 
巩俐葛优老谋子也不济，因为书写得太牛逼了,1,活着 
被严重高估的电影，情节如流水账，对敏感问题不敢触及。看看霸王别姬，那种骨子里对传统文化的痴迷，那种对那段疯狂历史呈现的震摄感，才叫经典。中国有两部电影无愧经典：《霸王别姬》和《东邪西毒》，一部写实，一部写意；一写传统文化的沉沦和人性的悲哀，一写内心的挣扎与逃避。,2,活着 
这个片子为什么分这么高。对小说只是粗略的改编和演绎啦一遍而已。整片给我一种看幻灯片的感觉，小说的大部分剧情在电影里都有表现，然而电影给我的感觉是仅仅流于浅表，流水账般的叙事。,1,活着 
完全是浪费时间，和末代皇帝，霸王别姬差距甚远，唯一出彩的地方时皮影戏，剧情不值一提，难道要表达的是葛优年轻时候的债终要偿还吗！剧情太不自然流畅，让人感觉完全就是故意这样导演，实在不是一部能看的电影。反应问题也实在太浅没有让人更深入的思考，大家都知道的事情不演出新意，不挖出思想,2,活着 
粗制滥造。,2,活着 
把原作改的莫名其妙,1,活着 
这部电影我在看之前不知道属于名作，所以没有在打分时受到影响。我之所以打2星，很简单，无论是大历史风潮下的小人物挣扎求存的命运，还是以小搏大的政治批判，这些都没能打动我，触动我。可能是我在这方面受过的刺激有点多，阈限升高了。,1,活着 
听说好评如潮，可是因为看过书，电影简直不值一看,2,活着 
余华的小说比电影走得更深！,2,活着 
余华的小说比电影走得更深！,2,活着 
糟蹋原著。,2,活着 
张艺谋最差的电影。,1,活着 
仅就有庆的死，电影里的改编就不如原著有寓意和感染力。,2,活着 
哆哆嗦嗦瞻前顾后还被人咔嚓裁了的“批判”题材电影,2,活着 
求求你，还原书吧,1,活着 
怎么可以把有庆的死因改成这样呢......,2,活着 
不忠于原著，总觉着少了点味，我承认，不该先看原著再看电影,2,活着 
看完这片觉得活着还不如死了,2,活着 
一曲唢呐毁整部。结局和小说不一样qnmd。,1,活着 
不开心，在我有生之年到底能不能看到一部完全是根据小说来的改编？有庆和凤霞被演得宛如两个智障，我也是服了。细节处到处透着一股子跪舔共产党的虚假，我真是服了。,2,活着 
流水账的嫌疑 跟原著的深刻比起来 还是差了一截,2,活着 
看过小说后再看电影觉得非常失望,2,活着 
看小说！！！！！,2,活着 
不如书,2,活着 
没有原著好看，没有深度,2,活着 
没什么剧情  各种莫名其妙的巧合 从头到尾就在不厌其烦的讽刺历史！！真不知道觉得好看打高分的人怎么想的,2,活着 
没意思，这么活着有什么意思啊,2,活着 
葛优前半部富少的演技不错，后面完全不行。而且故事情节被改成了个啥？完全不知所云！如果剧情按照原著：儿子、女儿、妻子、外孙相序离开他，而他最后只能和牛在乡下相依为命的话，这部《活着》才是具有典型特例的活着，才出挑。现在这样真不值得被拍成电影,1,活着 
太刻意,2,活着 
又一个屎,2,活着 
与原著相比，太烂了！很失望。精髓不见了。。。不好 不好,2,活着 
一个恶臭的农民导演 我希望国外的电影什么奖们彻底不待见他——不，国外也是这么虚伪的，他们意见合拍了,2,活着 
大炼钢…（p：没看。言语真恶心 听说后来成禁片了😓😂 （打台湾片段） http://video.weibo.com/show?fid=1034:c70b585815685c2c8b6bcddfa2a7ffe3（收锅片段）,1,活着 
电影跟小说比，差的不是一星半点。作为一个父亲当我重读《活着》是，几乎是含着眼泪从头哭到尾，看电影则完全无感。电影里福贵被八路军放回来见到凤霞那段太平淡。完全不是一个父亲见到女儿的表现。老谋子还夹了不少私货。,1,活着 
看过原著小说，这部电影我只能打二星。,2,活着 
如此改编实在差强人意。,2,活着 
这是个拍给现代人(外国人)，过度突出红色元素，感觉是在看一连串的笑话，满足外国人的猎奇趣味，丢失了是原著中生活的艰辛。最后得出结论“活着就是一出闹剧”,2,活着 
吃饭电影，有点生硬,2,活着 
我不喜欢这类型的电影，看完之后心情更差,1,活着 
剧本没有原作好，演员也是一群垃圾演员，虽然都是老戏骨，成名已久，但为什么找葛优？他最垃圾。看了原著，真觉得这片太垃圾，原著特好。如果大家都看过原著，那么这部片会被骂成郭敬明那样，这是无力吐槽，真心讨厌,2,活着 
真的比小说差好多...,2,活着 
世事无常的感慨填满了所有的情绪，十三亿人一头撞上血肉浇筑坚如磐石的命运连怨恨和愤怒都不配拥有，只有叹息！只有叹息？,2,活着 
无聊,2,活着 
和原著差太多,2,活着 
看着闹心，结局略感强行，不相信这是原著结局，后来求证后发现果然改编很多。美术方面的处理还算细致，但比不上大红灯笼,2,活着 
完全比不上原著,2,活着 
耶，我还看过原著！,2,活着 
没死光,2,活着 
看在小说的面子上。。。。,2,活着 
不要因为电影外的东西给一部平庸之作打高分。,2,活着 
怀着对原著无限的敬意看了老谋子的电影，大失所望。剧本情节对原著的改动已经使影片失去了原著所表达的活着的伟大的力量。影片中一家团圆的结局看似圆满，却使得电影沦为了反映时代特征的故事片，比起原著中看似悲惨的结局，一下失去了那种诠释平凡的生命力量的感动和震撼。实为张艺谋的败笔之作。,2,活着 
哈哈哈哈！禁映，当然有禁映的道理的，张艺谋就会拍中国人怎么穷怎么愚昧的戏。,2,活着 
书给我留下了不可磨灭的印象和震撼，电影没有做到，那个时代的悲哀，真正只有书能将其表达得淋漓尽致。电影最后有四个人其乐融融，书的最后只有福贵一人在老牛的陪伴下，唱着一个个离他远去的人。,1,活着 
生命诚可贵，爱情价更高，若为自由故，两者皆可抛。跟死人一样活着有意思吗？,2,活着 
那个时候的葛优好年轻呀。跟原著相比改编得过多了。抱着极大的希望看的，若按照当时的眼光来看，这必定是一部极优秀的电影。,1,活着 
跟原著比就是shi。。。,2,活着 
打高分的是都没看过书吗，这精髓在哪啊，真是太失望了！！！,1,活着 
基本就是死人→哭→死人→哭这样子循环……,2,活着 
改编的不成功的电影，没有了原著对于活着的无奈的诠释,2,活着 
对于看完原著的人来说，电影结束的那一刻，有一种看书看到一半的感觉。,2,活着 
电影名过其实了。小说五分的话，电影只一分。,2,活着 
比原作差远了,1,活着 
很讨厌此类型 国外可真会找点 只有这类才能得奖呵呵 起床了麻痹,2,活着 
余华的活着是悲怆，张艺谋的活着是恶心。有底线的谄媚也是谄媚，磕头换不来有尊严的活法。1980年代末台湾已经拥有悲情城市，这边到90年代中却依然在抹杀一切实质有力的控诉。垃圾。,2,活着 
讲的就是一个人任天打雷劈，怎么都活着。,2,活着 
我感动的哭了被浓浓的天朝气息感动的哭了,2,活着 
每个时代都有每个时代不公，都有活着或更好活着的理由，看造化，也看自己。,1,活着 
把原著改得面目全非！我C!!,1,活着 
最多三星，改编得太差。人物背景、年代背景统统失色，明明是新中国城镇家庭奔小康的喜剧片，请不要借着《活着》的名号好么！张大湿为求过审查真是上下其手，到头还不是被广电打耳光了么！艺品人品足以显现，号称新中国最好的电影是当原著是死的么！呵呵期末论文突然很好写的样子……,2,活着 
电影表现的人物像是根据时代写出来的。很多时候会脑补出导演喊开始演员开始走动的情形，一板一眼,2,活着 
兴许是冲着小说来的，一开始的期待就比较高，又或者是现代电影水平都普遍提高的缘故吧。我只能相比于原著来评价这部片子，小说有着更丰富的环境和心理细节描写，对气氛的烘托作用更强。电影每个故事情节都掐头去尾，什么都想讲又什么都没讲到位，细节刻画也是草草带过。从电影中完全没有感觉到这是一个连生活都吃力的家庭，反而觉得小日子过得还可以，最后还留了个相对美满的结局。远没有小说中那种富家子弟到艰难度日，努力也改变不了现状，最后只剩下一人一牛来得震撼，这才是活着。,2,活着 
只喜欢小说，改编后的电影只有平庸和无聊,2,活着 
本来是一部讲人生无常才正常的好小说，电影愣是阉割成了D的赞歌。。。两颗星给葛大爷和巩俐，演技在线,2,活着 
华语最被最被高估的一部作品，无论是小说还是电影。葛优和巩俐的本色形象倒是生动吻合了小说的人物蓝本，这是唯一能晾出来的风采了。流水账式的叙事模式，加以套俗的悲情。它拥有史诗般宏大的框架，人物的失真与剧情的平庸，支离破碎的悲欢离合。无法赞誉。,2,活着 
还是欣赏不了张艺谋的电影，看完连主角的名字都忘了，场面大，摄影赞，故事讲述的不符合国情，为什么这么高的分,2,活着 
还是不如小说写的更绝望。,2,活着 
比原著差多了,2,活着 
比书还烂。越到后面越像国产家庭剧，拖沓冗长，罗里八嗦。小说里仅有的一点儿时代悲剧感电影里完全表现不够，又没有发挥电影可以有的节奏感，还单线条叙事，讲皮影戏呢草草收兵，远没霸王别姬讲京剧的痛快劲儿，糟透了。,2,活着 
没书好看~~~,2,活着 
改编得很烂！,2,活着 
跟余华没什么关系,2,活着 
有些刻意渲染书里不是很重要的情节忽视了很多深刻和离奇的有意义片段。,1,活着 
不知道是不是为了通过审查的缘故，片子和原著比起来改动颇大，本来原著小说作者——后期的余华已经一改往日读者口中的“先锋”和医生般的锋利残酷，变得卖弄与刻意煽情，这片子结尾把福贵一人牵着老牛孤独着活过余生仅有的一点悲凉感场景也换成了一个还算“大团圆”式的结局，一个“光明的尾巴”，但不管出于何种原因，我都将它认作是老谋子过于迎合观众乃至媚俗的产物。巩皇和葛优的表演沉稳老练，但是实际上电影中家珍的形象和原著小说里那个面黄肌瘦的妇人依然有所出入。另，真心不认为这是老谋子最好的片子，他刚出手那会儿的《红高粱》和《大红灯笼高高挂》两部同样是小说改编的电影都比这次不太合格的改编要强。,2,活着 
结尾是这样的吗？,1,活着 
其实光看电影还是可以 但是主要是有书做对比  比书差得太远拉,2,活着 
这部电影看完如骨鲠在喉，让我难过的是，我还以为我看的是一部同名电影，结果发现是一部同人小说。只有一个简单的问题，没有地的地主算得上哪门子地主呢？,2,活着 
结尾改得温情了些，没有原著那么悲凉，也算是一种温暖吧。但我还是更喜欢小说。,2,活着 
好原著烂电影,2,活着 
怪我先看的书。,2,活着 
很久之前看过书，虐心的很，电影一点儿都表现不出来啊，好好一小说就这么糟蹋了。郭涛演技还不错。,2,活着 
喜欢活着的人不是我的朋友。,1,活着 
不尊重原著,2,活着 
葛优是哥的菜，冲着人家说张导唯一不是很烂的片去的。。张导确实烂,1,活着 
他妈的什么改编，去你妈的TG,2,活着 
少点什么。,2,活着 
比不上原著的一半啊，还是原著好！！！,2,活着 
跟余华的书比起来差远了！高度降低的不是一点两点，真是委屈了他们的好演技。烂导演,2,活着 
跟原著比起来，少了太多东西,2,活着 
片子太亮，家珍太美，笑容太甜。看来余华还是比张艺谋高明不少。,2,活着 
书看得让人无法喘息，电影是字正腔圆的一首红歌。,2,活着 
没意思,2,活着 
看完原著 真心觉得这篡改的剧情我不能接受,2,活着 
....我是看不下去 拍的好烂 看书的时候把我看哭了 电影拍的什么...,1,活着 
这把原著都改成荒诞派喜剧了。改成这样还不如不拍,2,活着 
说真的，不感到好看，甚至不太明白导演想表达什么。要说命运，那个时代有太多令人唏嘘的故事，富贵只不过堆砌地满些。可是包括富贵在内的所有人物，刻画地都很单薄。电影叙事手法也温吞吞地按部就班，甚至巩俐的表演还略显生硬。最后，这样语调平淡语速均衡地讲完一个惨兮兮的故事，又有啥意思呢？,2,活着 
2015.我觉得看不下去,2,活着 
作为休闲电影很普通。卖惨既不高明也不深刻，作为时代剧还不错，历史感浓厚，剪辑也还算干净。最后我同意这部被禁应该噱头成分居多。,2,活着 
个人认为无小说精彩，演技是不用说了啦，但电影太过急不知忙去那去忽略了小说要的精神。,2,活着 
本以为影视比文字更加深入人心，没想到恰恰相反。,2,活着 
没有书好,2,活着 
这个也叫活着？我以后看完小说的绝对不看电影！,2,活着 
帝修反、黑五类这些死有余辜，不过老子认为男主角应该换成演技精湛的东尼大木老师！,1,活着 
和原著比差远了。而且不是说为了过审才删改掉。还赌债的时候，是福贵爹故意让他用铜板一担一担的挑到镇上，绸衣服破了，是让他明白祖上赚钱不容易，电影里轻飘飘的变成了算账，爹还是一口气气死的？还有有庆的死，那些无声处打动人的细节没了，反而夹带了许多政治意味的私货,2,活着 
说实在的，这部电影不适合我，所以给一星，还不如豆瓣评分4.0的爆米花电影。,1,活着 
彩色的文字，黑白的感情，粗麻布糙着心的质地。,2,活着 
挺一般 结尾那箱子用来放小鸡了 哈哈,2,活着 
可能是張藝謀的最高點了吧？果然那三年還是過不了審。小說比電影精彩很多，爲此減一星。,2,活着 
哪点好？改了原著，没有了那种痛心。,2,活着 
原著被改编得面目全非了！！！张艺谋的改编全部都是败笔！！！！,1,活着 
余华书里那种平直但是又庞大到无力改变的命的力量...怎么电影里老觉得有种歌颂国家歌颂党的感觉,2,活着 
即使原著比电影要好很多我也实在没兴趣看了，多少人活着，他们已经死了！,1,活着 
原著好看多了,2,活着 
还是演不出原著本身，生命的波折坎坷以及活着的意义,2,活着 
这比小说里面幸福太多了吧。。。。没什么力度,2,活着 
为了迎合政治，改了桥段，恶心,1,活着 
刚开始看的时候心里很压抑，因为看了小说之后，想的后面各种惨，很压抑，不愿直面。看了后面之后，发现于小说相比差别太大了，很多东西没有表现出来，很平淡，不太喜。,2,活着 
难以下咽 咀嚼困难,2,活着 
不喜欢改变与戛然而止/两星完全是给演技,2,活着 
改得面目全非,2,活着 
糟蹋原著,1,活着 
虎头蛇尾，开头10钟给了我一种经典作品的错觉。,2,活着 
拍的很好 但是改的太多了 原著党不喜欢,2,活着 
对不起我是原著党。,2,活着 
说这部艺术上平庸，政治上反动。我倒觉得，没有,2,活着 
拍的太差了，完全没有原小说的思想在里面,2,活着 
没法和原著比，改编的不好。。。,2,活着 
不值得一看，现实更丑陋,1,活着 
在国外才开始回头看自己的祖国。,2,活着 
糟蹋了这么好的小说，拍的跟幻灯片似的。,2,活着 
没觉得深度，就一磨叽,2,活着 
比起小说差太远啦,2,活着 
还是去看小说吧，自己的想象空间比较大，比较有感触,2,活着 
一定要看原著!,2,活着 
电影远没有小说的力度。余华的《活着》呀，就这么被毁了……还有那部《大红灯笼高高挂》也是，苏童的《妻妾成群》呀，也这么被毁了……哎……可惜了两部好小说和好剧本。,2,活着 
张导可真是生在新中国长在红旗下的好骚年。。原著改的都不成样子了 张导毁人不倦 可惜了巩俐还是我老爸曾经的女神,2,活着 
感觉电影没有原著好看。2017.6.5,2,活着 
远没有小说感染人 有庆和牛的那段删掉了 有庆献血死掉改成被区长的车撞死,2,活着 
原著读了至少三遍，表现力非常差，完全没有原著给我的震撼，剧情改编的比较烂，不懂为什么被奉为好片。,2,活着 
原著深入人心，平淡的描述跌宕起伏的人生，电影因为制度而删减了一些反而是亮点的地方，成品像一部流水账,2,活着 
看完小说看电影，很假。,2,活着 
中文课老师让看的电影 太凄惨了,2,活着 
不好，老是看着不真实，做作,1,活着 
跟原著相比改了好多好多好多很多很多。,2,活着 
补m。个人认为本片因为其题材而被严重过誉。,2,活着 
"really l wonder if these comments really read that book but it is a desaster,this film.",2,活着 
并不是认同什么剧情越惨就越好的价值观，张艺谋这么了解共产党了解那个年代随意改动剧情我不反对，但本书的魂魄都给改了是为何？被抓去充军历经磨难见惯生死那段哪去了？医院与福贵的仇怨纠葛哪去了？家珍病的原因也没提，苦根的名字变成馒头，医院那段王大夫吃馒头撑着了？闹呢？最后，不喜欢电影结尾,2,活着 
小说写得一般般，改成电影更是平平。把乡土题材转变为小镇生活是个创新，但原有的基本框架也就被牺牲掉了。比如牛，春生和大饼，医院的小屋，富贵的自言自语，二喜的憨厚与无力……,2,活着 
2016年看这部94年的片子，眼光的确不同，不管小说如何，对于这个主题，仅仅这样，完全不行……,2,活着 
看了原著再看的这部活着，总算明白张国师的苟活思维怎么来的了！,2,活着 
谈不上有多么经典。,2,活着 
原著迷感觉被改了很多 但一星给葛优一星给最后的台词吧。,2,活着 
为什么给1星，是因为电影比原著差太多。听说这部片子被禁了，但其实该片中的社会没有小说中的残酷；然而在这种情况下，却又没能突出小说的中心思想：活着是为了活着本身而活着！电影结局，止于一家四口；小说结局，一人，一牛，仅此而已。,1,活着 
看过原著再看电影并不那么精彩，很多情节不同了，中评吧。,2,活着 
改编的是什么啊！！！,2,活着 
这类题材不适合电影,2,活着 
改编太多，成喜剧了，比原著差远了,2,活着 
看过之后，心里很难受。,2,活着 
看不懂,2,活着 
还是小说比较好,2,活着 
张艺谋就张艺谋，挂什么余华原作，呸。,2,活着 
比原著差远了,2,活着 
拍得不行啊，完全沒有書那種感覺,2,活着 
除了题材以外一无是处,2,活着 
毛概课上看的。。。只顾着低头玩手机，没看到多少。感觉一般吧。,2,活着 
如果看过原著再看电影，那要失望得多。,2,活着 
木有书好,2,活着 
改编的支离破碎，对于电影来说，它是不错的。对于《活着》来说，一言难尽。。。,2,活着 
看完原著再看电影有点提不起劲的感觉,2,活着 
糟蹋,1,活着 
张艺谋你真糟蹋小说了,2,活着 
没读过原著，就电影来说，两小时显的太短，太多的东西只是点到为止，分数太高了，拉低一下，没有那么神，输给低俗小说，肖申克的救赎，，阿甘正传这些就显得很正常了，导演没有姜文的才气和勇气，这是最让人痛心的。,1,活着 
一星给余华。,1,活着 
国产电影的打分真的都是给演员的 初中的时候看了余华的小说高一的时候看这部电影简直 不能忍 后半段那个改编完全get不到所以你是想说什么 感觉就是这部电影什么都没说 特别怂逼,1,活着 
平平淡淡，感觉没啥味,2,活着 
太监电影，拍了不如不拍,1,活着 
就冲歪曲历史一星,1,活着 
看了原著，深深失望。。,2,活着 
改编不得原著丁点精髓,1,活着 
没小说写的好，给葛老一分，给余华一分,2,活着 
看过原著表示不接受改编这么多,2,活着 
我的余华的活着不是这样的！,1,活着 
比原著差很多,2,活着 
说真的，我只能给两分，悲剧还没高潮……坚强也没啥分量……,2,活着 
几乎没有冲突，毁原著，竟然还是大团圆结局，太毁了。,2,活着 
电影不如小说1/10的,1,活着 
余华《活着》,2,活着 
没有书那么惨，看这个心情很平静。,1,活着 
一般,2,活着 
没原著来的有意思，电影实在是改太多太多了。,2,活着 
苦难电视剧,1,活着 
不喜欢。很赶,2,活着 
有点不近人情，打一星吧，真的不及小说五分之一,1,活着 
都快被和谐成喜剧了，居然还被禁，真是！！！,2,活着 
太悲惨，受不了,2,活着 
这跟书比起来是什么啊？2🌟给广电真他妈nb,2,活着 
不懂这部剧怎么这么高分，欣赏不来。PS向来不喜欢张艺谋,2,活着 
看过原著，觉得一点也比不上原著，单论电影也没感觉体现出主角对生活的绝望。,2,活着 
张艺谋跪着拍了一辈子电影,2,活着 
没小说好看,2,活着 
小说比这个好多了,2,活着 
拍得挺好，看得难受，再不敢复读，怕怕,2,活着 
觉得好的人该看看原著,1,活着 
文学高于电影,2,活着 
活不了了。,1,活着 
避重就轻到令人生厌,2,活着 
和原著的剧情反差太大了。,2,活着 
垃圾电影  都被改成什么样了  面目全非,1,活着 
看过小说后来看电影没什么感觉了,2,活着 
看过书的就不用再看了。浪费了我两个多小时。。,2,活着 
为原著怒减两星,2,活着 
不敢看小说，就到这里吧,2,活着 
本人肤浅 不能尽解个中深意,2,活着 
纵然我很敬佩张艺谋导演，但对于《活着》从没觉得这部电影好，甚至于从电影角度来说，是他最一般的作品。电影所呈现出来的意义，相比原著，这更像是个断章取义的残次品，苍白无力。打高分的可能都没看过原著吧。,2,活着 
原著电影少看。。真的会毁了心目中书的地位。,2,活着 
没书好,2,活着 
对不起 欣赏不来欣赏不来 ,2,活着 
不敢看大红灯笼高高挂了，或许蓝风筝会好一点,2,活着 
不如书本，变化太大。影片太轻描淡写了,1,活着 
人的后半生，与时代结合的并不太好，战争是摆样式，大跃进还凑合，文化大革命只是个影子。两个孩子都死了却没有演出这个家庭的曲折坎坷，两个小时不痛不痒,2,活着 
远没有小说精彩,2,活着 
不如原作,2,活着 
老谋子把小说改编的有些过分为了迎合审查部门，不过小说看了太令人沉重，电影被和谐了很多,2,活着 
不太被打动,2,活着 
八点几 拉分,1,活着 
这片子过誉了吧，书也没这么神吧，况且都改成这样了,2,活着 
活着就是受罪,2,活着 
馒头+水令人恐惧,2,活着 
看完没感觉啊,2,活着 
对不起，原著对我的刺激犹存,1,活着 
原著加了一颗星,2,活着 
过度煽情，过度矫情，懦弱的一些观众,1,活着 
和书比差太多了。,2,活着 
和小说已经不是一个东西了。,1,活着 
原著本就平淡，到了电影里成了乏味。,2,活着 
引人入境，但死的太不靠谱了。孩子突然没了，周围人突然走资派了（66年最凶的时候没有出现），最后该有圆满结局了吧？女儿突然又死了。导演讲述一个个悲惨的命运都显得太突然了。打着红旗反红旗，尼玛你批斗他还让他干活，就是他女婿批斗教授的！装蒜~什么烂片啊。。,2,活着 
TM一星都嫌多。,1,活着 
5分。拍的刻意而乏力。,2,活着 
不及原著。 不知道为什么分还这么高,1,活着 
没有觉得多好 获奖完全就是在卖烂卖腐而已 结构感觉不对 故事讲的太急 额 也对 装修队一般不会讲故事,2,活着 
“日子越来越好”//非常幸运且幸福地活下去了,2,活着 
如果你看过原著，你会发现这是一个和谐版的流水账电影。原著冷静、锋锐地展示了一个沉痛、愚昧、绝望的时代，整本书最大的魅力就在于它的沉痛，电影把灵魂削弱了，感觉好可惜。,2,活着 
整个影片比原著要美好的多。改编太多 影片少了一些感动至深的要素。也许也要一定程度迎合观众口味吧。建议去看原著,2,活着 
这里说一下给一星的理由大家可以去看一下原著许多情节是电源无法演绎出来的比如说悲伤与怨气，原著的本意是通过老者的会与来讽刺当时的混乱即当时社会的黑暗而电影结局却很美满完全无法表达作者的真实感情只能是没看过原著老百姓的一种欣赏,1,活着 
非常作,2,活着 
什么都不想说了，最佩服中国共产党。,1,活着 
片子其实不错的，就是太温和了,2,活着 
看完小说看的，差太多,2,活着 
有庆被活活抽血致死是最讽刺的一段，二喜生命最后一声呐喊“苦根”是最催泪的一段，土地召唤着黑夜富贵牵着老牛背负着所有至亲离去的沉痛在风中吟唱是最升华的一段，这一切都惨遭换脸，实在接受不了这样的改编。,2,活着 
或者没有看过原著的确是好电影。,2,活着 
不喜欢。原著的悲凉被演成了笑话,2,活着 
跟余华的原著相去甚远。传说，拍电影前，张艺谋说全部都得改，要不然广电通不过，大家赞叹张导太厉害了。后来，广电还是没通过，大家继续赞叹，广电太厉害了。。何时能够真正的言论自由,2,活着 
前期不错，后期一副拍了一半的样子,2,活着 
一个给余华一个给葛优,2,活着 
没有书棒,2,活着 
好难看,2,活着 
牛长大之后就给宰了,2,活着 
95年看的被禁的原著，电影若尽量还原著会好很多。,1,活着 
30min弃,2,活着 
别人说这是中国最好的电影，我看不懂,2,活着 
小说总比电影好系列,2,活着 
不能上映,1,活着 
是看完原著才来看电影的，感觉张艺谋没拍出原著看完之后给人的心塞感，有点看不下去，感觉给两颗星还是客气的,2,活着 
烂片,1,活着 
其实这电影完全尊重原著拍就好了,2,活着 
看过小说，改版的电影就没法看了，结局全改了，没意义,2,活着 
瞎编。,1,活着 
给葛优的。毁余华。,2,活着 
看这电影前一定不要去看小说，不然会非常非常失望！,2,活着 
剧本稀烂,2,活着 
老感觉一家过得太幸福，有点脱离原著,2,活着 
看原著之前：还行吧；看原著之后：zym，w*****b,1,活着 
不好看 一般,2,活着 
作者水平不够,1,活着 
电影版的《活着》就是在看命运带给了平凡的人生什么，电影版更加突出的是，命运的悲剧不是无原因的，人为的命运的悲剧也许才是更大的悲剧，在一个个“伟大”的时代中，人是如何的努力也难以把握住自己的命运，人的徒劳，人的无奈，人的卑微的欲求——活着，是如何的被践踏。或许，余华在小说着力淡化的,2,活着 
书比电影好看很多,2,活着 
好压抑 不喜欢,2,活着 
改动太多，  色彩太浓，失去了原本的人生百态感。看改编过的东西，就好像吃别人咀嚼过的食物。,2,活着 
和原著差太多了,2,活着 
相比原著，让人失望,2,活着 
比书差多了,2,活着 
电影给拍差了。比小说差远了。,2,活着 
感觉不如原著精彩,2,活着 
一个赌徒痛改前非，和老婆孩子好好活着。,2,活着 
原著党，不能忍。,2,活着 
 看了原著再看电影 觉得电影里所表现出来的情感张力没有原著来的大  ,2,活着 
不够惨,2,活着 
谁信谁脑残,1,活着 
感觉看书更好，葛优演出来的感觉，还是不如自己看书的感触深。也许真是这样，看看了书，就不要去看拍的电影了。那样是会有落差的。,2,活着 
与小说是天壤之别。,2,活着 
跟原著比差的太多了,2,活着 
f,1,活着 
甚至觉得不好看，比起原著，改得太多了,2,活着 
比原著差太多～看的我云里雾里,1,活着 
根本就没有拍出原著的神韵。葛优演出了贫，巩俐也是浑身贵气。哎，什么东西一旦上纲上线就很可怕啊。,2,活着 
看到张艺谋我笑了,1,活着 
不行,2,活着 
烂,1,活着 
不怎麼樣。,2,活着 
时代会变迁 活着就是一切,5,活着 
张艺谋 张纪中这两个，影视界的毒瘤,1,活着 
粗看,2,活着 
比小说差远了,2,活着 
一星给原著一星给巩俐。改编的太烂不说，张艺谋拍的就是难看。,2,活着 
和霸王别姬来比，浅而陋，演技和剧情设计都很差劲,1,活着 
还是小说好看,2,活着 
也许是期望太高了，太一般,2,活着 
有毒,2,活着 
红歌,1,活着 
没法和小说比,2,活着 
没看原著的那种感觉,2,活着 
不是我的感觉,2,活着 
无感,2,活着 
与原著还是有一定差距而且改动了不少情节，特别是有庆死了的那段……一言难尽,2,活着 
张艺谋就是个垃圾。。有没有尊重原著？？你看过原著吗？？？不敢演就别拍。。,1,活着 
什么东西,2,活着 
华语最被最被高估的一部作品，无论是小说还是电影。葛优和巩俐的本色形象倒是生动吻合了小说的人物蓝本，这是唯一能晾出来的风采了。流水账式的叙事模式，加以套俗的悲情。它拥有史诗般宏大的框架，人物的失真与剧情的平庸，支离破碎的悲欢离合。无法赞誉。,2,活着 
？,1,活着 
无聊,2,活着 
看这片的时候我还在万恶的美帝，当时的感觉美帝是在丑化我们，我本人不待见拍这种片，里面的演员还可以，只是为啥老美爱引进这种片？,2,活着 
国家对不起余华这部屌得飞起得小说，不敢正视历史。张艺谋敢拍已经算他胆子大，但删减的弱化得实在太多了。,1,活着 
文化封锁这么严就别硬要拍了吧，打着余华的幌子骗人，这电影和原著表达的根本不是一个东西,2,活着 
和原著相比几乎没有任何震撼力，差点都要拍成喜剧了，虽然这跪着挣钱的片最后还是遭到了禁播,1,活着 
悲剧被他拍成了喜剧，还是被禁了，真是悲催！,2,活着 
这一星给肖聪。先看书再看电影，电影就成了一缕风；先看电影再看书或者不看书，电影就成了一条龙。,2,活着 
不知道为什么都觉得电影好的那样邪乎 你看看书再回来看这电影 不是一种感觉和层次的啊~,1,活着 
      比起原著，电影阐述的苦难略显苍白了。,2,活着 
看过了书就会觉得电影演的还是差太多，改编的太多了,2,活着 
张艺谋败 葛优败 葛优演不出原作的悲情 若换做中年的郭涛 也许会更合适,2,活着 
绝对看过。。。看过吧。。嗯，应该看过。。。,1,活着 
把小说改编了很多   我觉得电影剧情比小说差多了,2,活着 
旧中国时期富贵因赌博输掉了家产从少爷变成为了贫民，大跃进时儿子因汽车撞墙被砸死了，文革时期女儿因产后大出血而死，剩下了老夫妻艰难的活着……为了戏剧的效果编者把诸多不幸给了一个家庭，编纂的痕迹太过明显，嘎纳给了影片两个奖，葛优的表演奖实至名归，其他的不敢恭维。 ,2,活着 
先读的原著，而且非常喜欢余华，可能先入为主吧，感觉电影没有拍出我看小说时感受到的满满心酸，那种能让我看到忘记时间的感觉并没有在电影上出现，我们老师说，这部电影被吹的太高了，虽然是禁了，改了，删了，但就算没有这些张艺谋也没办法把余华书中写的情感那种对活下去的渴望表达出来,2,活着 
拍的太假了，与原著意境相差太远。,1,活着 
老实说，没拍出余华的感觉。,2,活着 
因为太好看，所以我打了两星,2,活着 
老谋子为数不多的艺术片吧，带着那么一丝同情，福贵的悲剧化并未完全呈现出来，余华笔下的社会百态在老谋子的笔下只剩下了喜，去掉了悲，总的还是失望吧,2,活着 
余华同名小说改编，没有原著好看感觉,2,活着 
很普通，远不如霸王别姬,2,活着 
张艺谋太让人失望了，一点气节都没有,2,活着 
尚未拍出原著精髓的五分之一，原著最后都死了，只有一头老黄牛陪着福贵，原著意在活着是活着本身的事，跟其他无关,2,活着 
不及书本的十分之一,1,活着 
和原著差得太多太多了…张艺谋应该是为了上映花了不少功夫，可惜还是事与愿违…可以当半个喜剧看了,2,活着 
看过原著之后，我只能说改编的太渣渣了，后面的结局真是要死不死要活不活，恕我无法理解,2,活着 
可能是太眼熟葛优了，也可能是看惯了电视剧版的《福贵》，我实在更喜欢电视剧版的。,1,活着 
没拍出原著的气势，实在看不下去，果断放弃。文字带来的感染力果然不是电影能表达的,2,活着 
和原著比太没张力了,2,活着 
电影真的比小说差很多 如果说电影中绝望 那小说的绝望算什么。。。,2,活着 
和书不一样呢，推荐书,2,活着 
与小说相比，差的太远,2,活着 
改编力度太大，畏手畏脚不也得被禁么(๑• . •๑),2,活着 
比书差远了...书中很多动人的细节都删去了...,2,活着 
呵呵不懂裝懂,2,活着 
没觉得多好,1,活着 
难看,2,活着 
不知道为什么好看,1,活着 
与原著相比变更很大，可能是为了过审。,2,活着 
看过书，很感人，电影没拍出那种感觉。,2,活着 
讨厌这里面的巩俐，把家珍毁了……,2,活着 
看了书，电影就看不下去了,1,活着 
没有原著好看,2,活着 
不能说好·也不能说坏,2,活着 
什么鬼,1,活着 
2001年教室。,2,活着 
活着就是一切。,2,活着 
没有小说好看,2,活着 
痴线,1,活着 
什么玩意，原著才是震撼呢！建议去看，别看着玩意。,2,活着 
不如读原著,2,活着 
原著,2,活着 
垃圾片,1,活着 
好无聊,2,活着 
都快改成喜剧了，电影没体现出小说里的那个最深层的，坚强的概念，就应该富贵自己活到最后，才够体现死去的人的“活着”的光辉。好失望，余华你怎么受得了！,1,活着 
书写的真好，电影么，我也就呵呵了。,2,活着 
不喜欢,2,活着 
看完书再看电影 越看越不对劲,2,活着 
活着看活有点小小的希望怎么,1,活着 
删减太多，偏离原著。,2,活着 
活着，就是一切,2,活着 
张艺谋跪舔金马奖，早就知道他没有一点骨气,2,活着 
负分张艺谋,1,活着 
活着难受,1,活着 
张艺谋负分,2,活着 
感觉太刻意了，,2,活着 
看过小说的人都会觉得书的本身，给人的感觉就是很无奈，世事难料，但必须要坚强，而电影本身给我这种感觉，老谋子差点就改成喜剧了。,2,活着 
不是我能理解的世界,2,活着 
看过原著小说，个人感觉差太远,1,活着 
书在巅峰怎么比？,1,活着 
拍出电影来，总觉得比文字少了点什么,1,活着 
老实说，差得很，没有小说的厚重感，肤浅得很，顶多4.5分。,2,活着 
