"看了两遍,还是觉得很震撼",4,窃听风云
十年以来最喜欢的港产片，演员 故事情节 气氛渲染 原声音乐，都很牛X。,5,窃听风云
吴彦祖你也太太太太帅了吧！剧本流畅，没有硬伤，几个老帅哥演技俱佳。很好看，除了一张怨妇脸的张静初。,4,窃听风云
比无间道是不行的，但一定比伤城一类的强，基本上是无间道之后看到最好的商业港片了。张静初的粤语还不错,4,窃听风云
真的不很不错，麦庄做得比上次好很多：）刘就不用说了，古和吴的演技也大赞。,5,窃听风云
如果我看的是粤语原声版就是四星啦。The Man Who Heard Too Much,4,窃听风云
剧本优秀，没有硬伤，是近几年香港电影里的佼佼者。结局处理不拖泥带水，相当利落。看了两遍，能找到当年看《无间道》的感觉。,5,窃听风云
始终不能一惨到底，其实路数每一节都可猜中，多达三位主角，至少两位重要配角，在全片各自交织的场景之间，等于是讲了三个人各自的故事，吴虽然早早终止，性格刻画也不含糊，古最后的悲壮，刘最后的落寞，当真多余。如果没有“一年后”那近似于狗尾续貂般的正义复仇，这部麦-庄合作片子简直堪称经典。,4,窃听风云
拍给女人看的男人戏~,4,窃听风云
刘青云，古天乐，吴彦祖，铁三角，超级帅，虽然已经拍了好几部，但是感觉第一部最好看。每次看吴彦祖都感觉他的颜好完美，立体的想被雕刻出来的一样。男主帅，看这种电影也是一种享受。,5,窃听风云
四平八稳的故事结构，可看性还行。三名主角的角色张力强，演技杠杠滴。,5,窃听风云
王敏德亮了,4,窃听风云
当初看到真是惊艳，保持港片一贯水准，剧情紧凑,4,窃听风云
故事不错,4,窃听风云
很好看！,4,窃听风云
没有绝对意义上的好人和坏人啊。好人可以做坏事，坏人也可以做好事。,5,窃听风云
港片真的能够复兴么？,4,窃听风云
我已經找回港味兒了。,4,窃听风云
挺不错的~,4,窃听风云
结尾那个叫担心啊。,4,窃听风云
剧本很好。好看的港片，如果结尾能再不那么大陆一点就好了,4,窃听风云
对古仔的配音很不满意,4,窃听风云
很能理解古天乐,4,窃听风云
我不想承认这些法律解决不了的悲剧是如此的悲哀。,5,窃听风云
这货不是《无间道》。,4,窃听风云
结尾很不错,4,窃听风云
离开了刘伟强之后，麦/庄组合终于做了一出好戏！,5,窃听风云
多重快感，但無高潮，劉青云演技爐火純青，王敏德令人眼前一亮。,4,窃听风云
昨晚去看滴！还不错，情节很紧凑，有些地方出其不意，演员演技很好，音乐运用到位！有《无间道》的风格~O(∩_∩)O哈哈~,4,窃听风云
古仔确实是最弱的一环,4,窃听风云
强烈建议大家一定要去声效好的电影院看，否则真浪费掉这么一部好电影,5,窃听风云
原来我之前看过 又看了一遍。。。,4,窃听风云
对这部片子很满意。,5,窃听风云
在一天即将结束的时候来看，会容易对人性丧失信心，作为电影，全军覆没的死法比皆大欢喜的傻笑更能人记住，既然是在中国，又想睡别人媳妇，又想拿别人赃款，只能是如此般结局，要不然我党会说此片在诱导犯罪的。哎，再次强调，我是为了刘青云。,4,窃听风云
难得一部好看点的港片,4,窃听风云
明天留意我们公司的股票，会涨到一块二,5,窃听风云
典型的香港电影，继《无间道》之后的优秀作品。,5,窃听风云
这部与2不同。2是复仇，这部其实是讲小人物的困境。人生困境。,4,窃听风云
竟然还蛮好看的,4,窃听风云
nice hong kong thriller,4,窃听风云
不错的港片。,4,窃听风云
难得之作,4,窃听风云
因为马上要放窃听风云2了，马上下载了1来看，这片当年评价算比较高，一直没看。还行，只是线索有点多，有些地方还没搞清楚,4,窃听风云
刘青云怎么不自杀呢，都死光了多好，白茫茫的一片大地真干净,4,窃听风云
压抑 压抑,4,窃听风云
窃听很神奇，但是又很罪恶，警察窃听罪犯会怎样，也不免陷入了人性挣扎,4,窃听风云
三个角色性格鲜明，对手戏很有看头,4,窃听风云
本片的结局是最大的无奈，黑暗到底才最符合现实！正如尔冬升所说：”现在，不开放的地方也包括HK，你能像在USA一样去拍总统？不可能。以前，我们可以拍《港督最后一个保镖》，现在拍不了了。现在我们戏里‘你以为你是李嘉诚啊’都不能讲。“,4,窃听风云
我只想说古叔太苦逼了。,4,窃听风云
一部让人眼前一亮的警匪片，剧情演员都比较完美，但就是情节感觉前面比较搞笑轻松，后面就来了个超大转弯，非死即残，个人认为是本片小小的缺憾,4,窃听风云
一口气没接上来 后面的结尾实在太煞风景了,4,窃听风云
看前朋友推荐是本年度最好的港片。嗯，认同，很纯粹。如果，古天乐能在好男人点，怕事点；吴彦祖能把立场阐明的更仔细，更辛辣点；刘青云正的是和好朋友妻子真正意义上有染的话。那会精彩点吧,4,窃听风云
唉,4,窃听风云
用色和基调我喜欢；故事不错,5,窃听风云
一步错，步步错,4,窃听风云
尔冬升的坚守！,4,窃听风云
我靠。。。太虐了吧。。。,4,窃听风云
近年来最赞的一部港片！！结局大赞,4,窃听风云
"是冲着演员去的电影院,但看过后觉得还是可以的~只是配音有些奇怪.",4,窃听风云
表演尚可，剧情稍差。看就看港版，再次铭记。,4,窃听风云
末世香港,5,窃听风云
香港终于不产烂片了,4,窃听风云
故事讲得不是很清楚，表演也不是很好，但这些依然不会遮挡它的闪光点,4,窃听风云
若要人不知 除非己莫为,4,窃听风云
剧情太赶了，有些差强人意了,4,窃听风云
1.做错了事可以继续错下去，然后圆谎收场，更可以承认，袒露给人看，那么对方的反应一定比你想象中的简单，哦，只是如此而已啊。没有什么大不了的。2.钱真的可以摆平一切，收买不了他人是因为加码还不够高。3.做错的事，是为了更有胆地去做对的事。（错的是都敢做，更何况是对的事！）,5,窃听风云
first 肉肉  真素个好片  相对于国产,4,窃听风云
结构精巧。,4,窃听风云
吴彦祖好帅啊，张静初好有气质,4,窃听风云
口味够重,4,窃听风云
节奏非常好，张弛有度，小细节的幽默也恰到好处。刘青云依然老道，古天乐在成熟，吴彦祖也可圈可点。可惜和所有近期的港片一样，配音实在差强人意。,4,窃听风云
全是型男。,5,窃听风云
窃听+经济犯罪+个体现实困境,5,窃听风云
悲惨的结局，揪心的吴彦祖。,4,窃听风云
阿俊。小祥。老杨三个人物的刻画相当精彩。。天台段和古仔裤子掉地的场景很触动。结局颇仓促。但总体很精彩。,4,窃听风云
未來的鐵三角,4,窃听风云
三个主演都蛮喜欢，高科技让人有些害怕，剧情也蛮好的。 ,4,窃听风云
高,5,窃听风云
一贯的警匪片~犯错就要挨打~,4,窃听风云
一瞒再瞒 山外有山,4,窃听风云
我就是不明白刘青云为什么和廉政公署合作,4,窃听风云
一步错，步步错。型男集合。不够干脆，不够果断，看起来还是没那么有劲。张静初演歌怨妇还真是~~,4,窃听风云
期望太高··所以失望······勉强四星,4,窃听风云
剧情设计和发展很合理，节奏掌握得也不错，不过最后的反转还是在我意料之中了……╮(╯▽╰)╭,4,窃听风云
粤语版。有些人认为合规是傻、太乖、不灵活。其实，从社会的角度来说，大多数规则对人来说都不是禁锢，而是保护，也是各个行业能顺利营运下去的基础。合规，是为了让自己的生活简单踏实，省下精力用在更有意义的事上。,4,窃听风云
一步错来步步被动,4,窃听风云
色女之爱。,4,窃听风云
很有冲击力啊。,4,窃听风云
为了掩盖一个错误，就会犯更多的错误。无论是为了家庭、前途还是朋友，走错一步就真的再也不能回头了吗？总觉得导演过于看重内地市场而去迎合某些评审的口味，虽然满眼都是港片里的老熟人，港味却几乎消失殆尽了。,4,窃听风云
故事很好看，结局有些仓促。,4,窃听风云
黑就要黑到底，当他们取得不义之财的时候，我就知道他们没有好下场，因为没有电影鼓励犯罪，国情不允许。,4,窃听风云
看完之后会引发思考。。。,4,窃听风云
和燕子，最开心的电影院经历。今天。,5,窃听风云
为了钱，这卑微的辛苦工作算什么，我再取点。,5,窃听风云
影片中被和谐的地方不少，打了折扣之后仍然算是一部好电影。,4,窃听风云
值得一看的暑期片,4,窃听风云
确实很好看  关于一个对与错的思辨  结尾有点悲伤 麦兆辉庄文强的风格太浓了,4,窃听风云
不能贪。,5,窃听风云
边叹气边看完的，哎，命苦不能怨政府啊，正所谓一步错，步步错。你说这吴彦祖怎么命这么苦每次死的都是他。古天乐还要虐，这手这脚吓死我了。,5,窃听风云
想当年还是被狠狠的惊艳了一把，虽案件的主线不够强大引人，多余笔触过多，可对于贪念，人性，小人物的刻画虽不到位，但至少还能看清是怎么回事，算是当年圈钱氛围下的精品了！,4,窃听风云
2该讲什么呢？水准之作，片头安装窃听的剪辑不错，减弱声源的想法挺好。刘青云和方中信这个有点牵强，但刘青云演技实在好，两处可见（尤其是片尾）。前半比后半好。,4,窃听风云
对于国产的鼓励,5,窃听风云
好看,5,窃听风云
一着踏错，步步皆错,4,窃听风云
莫伸手，伸手必被抓^^,4,窃听风云
不媚俗的港片，我喜欢刘青云,4,窃听风云
小道理 ，大故事，搞的惨兮兮的看来是现在港片刻意追求的，本片的节奏把握的不错，缺点就是野心不够大。,4,窃听风云
纠结成了港片最后的亮点了？,4,窃听风云
贪婪的人，都没有好下场,4,窃听风云
除了花瓶找的不好之外，影片还是很有看头的。,4,窃听风云
前半很不错，压抑而悬念多多；后半走得很急，结局比较商业化，但还好基本全灭，没有太影响黑色主题。古天乐演技好抢眼！,4,窃听风云
后无间道时代......吴彦祖再加一星,5,窃听风云
现在的港片，不用广X局给它们净身，都挥剑自宫了。,4,窃听风云
四星送给刘青云,4,窃听风云
勿忘心安,5,窃听风云
出于对港产犯罪电影的一贯支持，我觉得庄麦组合还不错！,4,窃听风云
张静初。。。,4,窃听风云
三个人的性格特点刻画得特别好。可惜结尾落入俗套啊。。。,4,窃听风云
古天乐再一次让我惊艳,4,窃听风云
送五颗星给古仔，他的演技越来越好了，我就喜欢他把自己弄得很残很颓，然后我就华丽丽地心疼了。吴彦祖还是没有放弃他的美人市场，等什么时候他也可以不顾形象了，演技才能打到另外一个境界。电影前半部分很精彩，后半部分就是四美钓游鱼了，所以减一星。看到很多TVB的演员，很亲切。,4,窃听风云
很惨很惨,4,窃听风云
惨,4,窃听风云
没有化学反应的cp.想证明自己的女婿.需要钱治病的愤青.被拉下水的青云.不忍心杀人留下线头.可惜。,4,窃听风云
不得不说，剧本是很用心的，逻辑严密，一波三折，无论是商业股市界的专业度，还是人物之间的角力和对峙，都足够精彩。三大男主演的演技让人称赞，尤其是刘青云，最后在车上落泪让人不胜唏嘘。此外，张静初的粤语让人惊叹，也难怪让很多香港导演对她青睐有加。摄影也干净流畅，算是近几年港片的佳作,4,窃听风云
典型的香港电影，非常喜欢！,4,窃听风云
一失足成千古恨，善恶到头终有报。,5,窃听风云
有些错是不能犯的,4,窃听风云
”你以为我是天生杀人狂啊？”吴彦祖皮肤在里面显得好细腻哦~这个故事叙事很学院派，高潮转折都恰到好处。如果不考虑大陆市场，能否改成另一个结局呢？,4,窃听风云
三个主角全喜欢，哈哈，就是剧情惨了点。,5,窃听风云
前面直到三人被灭口前都很好看 结局很仓促 刘青云假死比较好猜(否则就没法儿拍了啊) 古天乐手足全是假肢还在开车还真有点儿惊悚 最后是蕉蕉的一厢情愿 刘青云我好爱你啊[心][心][心],4,窃听风云
港片真的复苏了,4,窃听风云
還不錯...,4,窃听风云
不过不失，我想给３星半，但有ＤＡＮＩＥＬ｀｀｀｀｀｀｀还有方中信｀｀｀｀｀｀｀我认了,4,窃听风云
三星与四星间。考虑到三个人的演技，好吧。,4,窃听风云
尔冬升监制。影片开场十分钟，片中未出现一句台词，全凭演员安装窃听装置的娴熟表演和紧张音乐的带动剧情，三大型男一出场便力拼演技，吊起观众兴趣。,4,窃听风云
古天乐的角色那么有野心，成功触动到了那个叫难受的情绪。作为调剂，难怪他会出演大内密探，窃听实在太沉甸甸了。而他对自己表现应该相当满意。麦兆辉和庄文强对灰色地带的喜好显而易见，并且不打算回头。,5,窃听风云
很纠结（转自黄老师...）,4,窃听风云
去了首映式，感觉还行，但是是我门曲江影视投资的，要顶！,4,窃听风云
最担心被人知道的事情 总会被人知道    一部电影最重要的不是你看到了什么 你记住了什么  而是我们 想到了什么。。。,4,窃听风云
看港版之前 他只配2星,4,窃听风云
前半段剧情把握的不好，不够引人入胜，中段还好些，可是tm到了最后竟然变成了恐怖片。这里吐槽一下国语配音，太tm烂了！！,4,窃听风云
我怎么办。你怎么办。,5,窃听风云
真的给1千500万，你会做么？,5,窃听风云
看完需要沉淀一会的戏,5,窃听风云
何其杯具。,4,窃听风云
加半颗，再加半颗，我居然在电影院看了一半的粤语版，印象大幅上涨,4,窃听风云
如果尾巴不是那么弱就完整了,4,窃听风云
没有刘伟强的麦兆辉才看出刘伟强的能耐来。结尾怂了点。古天乐可以早晚拿奖了。,4,窃听风云
先看2再看1，这个顺序现在看来是对的。,4,窃听风云
张杰的歌……好~~(╯﹏╰)b 降低了电影品质 ||帅哥非死则残 不过好悲情的电影啊 好久没这么心咚咚跳了 现代化妆技术真是强大，古天乐的残肢和吴彦祖的遗容 真是逼真到骨头上 让我想起来门徒里张静初被老鼠啃噬的尸体 啊~~~我还蛮喜欢这片子的,5,窃听风云
故事主线还是那么老套。可是几位香港影人诚意十足，演员有型，所以很不错。顺便骂一下张杰，唱得什么万一儿。,4,窃听风云
不错,4,窃听风云
差点因为烂配音而错过了这部电影。,4,窃听风云
看完后心里很沉重的一部电影，生活中每个人都要面对一堆烂摊子，但是错事真的不能做，什么叫“恨错难返”，命运的转变可能就在一瞬间，一个念头，一个决定。前半部分的节奏处理的很好，但后面却感觉是在仓促收场，虎头蛇尾的感觉。,4,窃听风云
虽然有些小bug但是还是好片。尤其那段窃听工作开始的无对白剪辑，很好。,4,窃听风云
对比近年来的同类片子还真不错的 卡司也挺强 但是想PK无间道就差些火候了 细节上有些“散” 且前重后轻 虽然结尾猜到了 也算亮点吧～PS不那么反感张静初了 吴彦祖没以前养眼==,4,窃听风云
古天乐的老婆怎么能让她演啊~TCL,4,窃听风云
可惜狗尾续貂,4,窃听风云
万恶的资本主义社会啊,4,窃听风云
1比2好些,4,窃听风云
有人问我这种片子你竟然打五星？ 呵呵 被套了十万多我会到处乱说吗？,5,窃听风云
庄家就是这么玩的,4,窃听风云
都说性格决定命运，那这是性格导致困境还是困境影响性格？其实前半部真的相当过瘾，有像《无间道》那样戏里讲人生的感觉。结尾实在泄气，太泄气了。,4,窃听风云
真难看啊～ ,4,窃听风云
诱惑与试探，远离我吧。,5,窃听风云
在这种题材里，它算是很不错的了,4,窃听风云
3个男人,4,窃听风云
一辈子做个老实人 ,4,窃听风云
撒一个谎，就要一辈子撒谎……,5,窃听风云
股战片，每个人都有不可告人的秘密,4,窃听风云
99分钟版，跟2一样好看，下一部是不是古天乐做主角啊？,4,窃听风云
古天乐很悲壮,4,窃听风云
应该标记过的。很喜欢。,5,窃听风云
为什么阿祖在剧里那么早就死了==,4,窃听风云
前半部很好 后半段有点莫名其妙。。。,4,窃听风云
很多时候，很多事情，不是自己可以控制得了的。,4,窃听风云
转来转去，总是转不出去，我决定以后以股票为怡情之物,4,窃听风云
小光就是个杯具，老婆被NTR，还当了那啥……,4,窃听风云
是个流畅而完整的故事，在拍摄和剪辑上也十分之紧凑。但是部分情节不太合理还有演员形象与预期的差异导致各扣半颗心，给4星吧,4,窃听风云
比起第二部就渣了 3.5吧,4,窃听风云
爱的就是帅哥！,5,窃听风云
老子有内幕，干差人聪明误,5,窃听风云
还是值得一看的，快乐大本营宣传的唯一好片,4,窃听风云
总觉得似曾相识。。。古天乐演得真好啊！,4,窃听风云
为了贪念而付出了更大的代价,4,窃听风云
一部男人的戏，谁都有麻烦，不停的解决它才是王道，不错的港片，期待即将上映的窃2。,4,窃听风云
不义之才。莫贪。。。咳咳。,4,窃听风云
一部出色的香港电影，三个男主角的表演可圈可点,4,窃听风云
不错。,4,窃听风云
张静初老是演这类角色没有突破哎 ,4,窃听风云
神片的开头，神片的过程，可没想到是一个这样的结尾。,4,窃听风云
看得我很揪心，尤其是古天乐的部分,4,窃听风云
古天乐最后一段彻底被震撼了……,5,窃听风云
广局这次真开放...PS古天乐是亮点,4,窃听风云
要想人不知，除非己莫为……,5,窃听风云
抑郁 果然,4,窃听风云
吴彦组果然不是实力派,4,窃听风云
用我们领导的话说，是一部适合公务员教育的片子，贪利小不忍则毁一生。虽然很多情节可看一半猜一半，但不得不看的是，1.曾经偶像演员的实力派演绎。特别是古天乐贪婪、惊慌、后悔、痛不欲生直到同归于尽前的那刻万籁具静；2.情节紧凑、主线明晰，耐人寻味；3.剧中细节的小诙谐和大悲结局的回想,4,窃听风云
为了大陆市场，很多地方都不完美。。。不过对于这些年的港片而言，算是相当难能可贵了,4,窃听风云
还是很照顾大众智商的,4,窃听风云
吴彦祖什么的⋯⋯T  T,4,窃听风云
暗战无间道之后最好的警匪片,4,窃听风云
一个个都这么丑陋。。唉 人心啊,4,窃听风云
人為財死 －－－ 不論你是有錢的還是沒錢的...,4,窃听风云
总体来说，剧情的设置还算是比较正常。各位表演的也算是中规中矩，不算是上乘之作，算是这几年中比较优良的作品了。@Home,4,窃听风云
老杨一家太惨了...T T,4,窃听风云
还可以，在长途飞行中倒时差作用特别好,4,窃听风云
很久没看过香港这么好的电影了。强烈推荐,4,窃听风云
★★★★ 没来得及回味电影就已结束，非常紧凑出色的悬疑片。电影气氛和节奏很好，悬疑度差了些,5,窃听风云
都是给我们家吴彦祖的！！！！！,4,窃听风云
本次观影经验告诉我，以后尽量不要选人多的时候看电影。,4,窃听风云
"很贴近生活,也象生活一样搞~~~~有点小意思~~",4,窃听风云
结局太悲惨。,5,窃听风云
股票也不好碰啊。。,5,窃听风云
还不错,4,窃听风云
三大型男出演，近年里港产片里还算不错的电影，据说被和谐过部分片段，有些遗憾，过2天再去看看窃听风云2.,4,窃听风云
原来3个男人也可以演一台戏啊？？,4,窃听风云
港片的一次rp爆发，剧本不错，只可惜老戏骨们的模式化太重，新生力量又缺乏锤炼。导致演技和剧本有些脱节。音乐不错。,4,窃听风云
看见成群小朋友便从麦兜兜转到隔壁厅的窃听了...刘青云和古仔很饱满，上半部分很赞，接着就太监了...好可惜...,4,窃听风云
港片真的能够复兴么？,4,窃听风云
好电影比较少见了。,4,窃听风云
国产片能拍成这个样子真不容易，支持下给个5星~,5,窃听风云
= =死的死，坐牢的坐牢，结局很残酷,4,窃听风云
不错,4,窃听风云
结局我注意到了三个人的表情，大反面死到临头惊慌失措，古仔如释重负得意快活，青云悲痛欲绝泪如雨下。这种巨大的对比给我一种意犹未尽，撼动人性的感觉。有时候命运就是这么难以捉摸，一步走不好，或许将错就错也无法回到最初的美好！,4,窃听风云
记住关手机千万要拔电池板,4,窃听风云
港剧就应该是这个样,4,窃听风云
4- 刘青云真好，后半部真苍白,4,窃听风云
这两年港片中算不错了，情节蛮细致的，结局惨哪,4,窃听风云
细枝末节的零碎既多余又干扰了正常叙事，结尾的处理就像廉政公署的强力介入那样雷厉风行深符圣意却收得稍显牵强。但瑕不掩瑜，总体还是相当精彩。可惜感情戏依旧生硬，如同张静初那张面瘫脸一样让人倒胃口。,4,窃听风云
你当我系天生杀人狂,4,窃听风云
后面怎么有点恶心,4,窃听风云
好人 还是要做好事 即使我们错过 也要努力挽回,5,窃听风云
不差 真的不差！！,5,窃听风云
纠结   太纠结了~~~~~~~~~~~,4,窃听风云
还行，结局很和谐,4,窃听风云
港版，细节充沛，可见末世乱象部分源自阉割错觉,4,窃听风云
剧情很连贯，一部很不错的关于救赎的警匪片。,4,窃听风云
港片总算又出部不错的,4,窃听风云
广电总局阉割制品,4,窃听风云
三部里面的精髓！去看看第二三部你们就知道这部多好看了！三个人物个性鲜明。炒股那段是亮点。结局要是没有“一年后”四星半。,4,窃听风云
20090826 jtl,4,窃听风云
09/07/24,4,窃听风云
中年危机害死人呀！,4,窃听风云
演技都有提升,4,窃听风云
前半部很给力，后面没有了。。。,4,窃听风云
其实我只想看帅哥来着。,4,窃听风云
人生不能沒有香港電影！不過香港已經很久沒有值得期待的新人出現了啊。另外，吳彥祖的國語配音好性感啊！,4,窃听风云
电影院里把我闺蜜看哭了,5,窃听风云
"节奏不错,剧情也好,近期非常好的港片.虽然结尾的逆转有点惊喜,但还是感觉稍微有些刻意了点.后半段有点蛇尾掉了其实,但仍然掩盖不住好的点~",4,窃听风云
以前看过的，只记得很好看,4,窃听风云
上半部五星 下半部三星 刘青云的脸也尤勇了，还好眼神还在,4,窃听风云
7.5分,4,窃听风云
张静初的粤语进步真大！,4,窃听风云
三个男人的悲情世界，很动容，很无奈。人生无法重来，每个人都要小心翼翼遵循自己的轨道。,4,窃听风云
为什么最后吴彦祖就这么被勒死了？这不科学=3=是帅锅就应该有好报,4,窃听风云
和 风暴 不是一个level。最后古仔那里好可怕,4,窃听风云
拍的还是狠不错的说,4,窃听风云
意犹未尽..,4,窃听风云
炒股不如去抢劫,4,窃听风云
"可以看.... 确实是下面没有了 =,,=",4,窃听风云
不错，看了豆瓣还有2，很期待啊。喜欢张静初的美丽。,5,窃听风云
非常喜欢的一部电影，刘青云的演技。太棒了,5,窃听风云
本职贪念；要骗就骗到底…,4,窃听风云
内涵了！,4,窃听风云
最痛的，不是将错误报应在自己身上，而是在最爱的身上，却无能为力,4,窃听风云
还行,4,窃听风云
扎实,4,窃听风云
是近幾年數一數二的港產片吧,5,窃听风云
正如老罗说的：成功学的书都是搞邪教的人写的...半部佳片。切口虽小，但整体把人性欲望的深渊拍得很到位，节奏紧凑，结尾逊掉。,4,窃听风云
男人的、凌厉的、悲怆的、思考的,4,窃听风云
在“一年后”三字出现之前，它还是香港电影的下一部《无间道》，可是……,4,窃听风云
配音有些怪异，听着不舒服。 据说跟港版还是有区别，硬加了一段刘青云当污点证人的戏，有机会看看原版。,5,窃听风云
三个男人都蛮赞的。。。再加个王敏德，呵呵。。。,4,窃听风云
这电影力度拿捏的恰到火候。窃听风云之警界风云。,4,窃听风云
在今年的香港电影中算最出色的几部之一了吧。虽然说为何要炒牌、为何要杀人什么的完全没看懂吧，但是感觉还是蛮惊险好看的。结尾也很悲，有《无间道》《三岔口》的感觉。话说《三岔口》真的好烂啊。总之，值得推荐。呃，每个人的压力矛盾都表现出来了，但是人物刻画还不够生动，尤其吴彦祖，没性格。,4,窃听风云
蛮好看,4,窃听风云
果然你长的很像彦祖哥,4,窃听风云
吴彦祖死了都很帅T_T   天乐你好苦啊无呜呜呜呜呜呜，看的好伤啊呜呜呜呜呜呜呜呜（我还以为廉政公署那个肯定是坏人呢= =贼眉鼠目的=3=,4,窃听风云
你以为我是天生杀人狂啊。。。哈哈哈哈哈哈！,4,窃听风云
影院里看还蛮有感觉的，古天乐演得不错，悲剧的震撼力,4,窃听风云
原来1和2没有关系啊，这个悲剧感太强了，作了~~,4,窃听风云
无间道的一小步，港片的一大步。,4,窃听风云
兄弟的情谊 陈旧的西湖电影院 我一个人,4,窃听风云
原来所谓”精英“就是这种人,4,窃听风云
方中信方中信~~~~~,4,窃听风云
半蹲半躺半趴看完 整體相當不錯 片尾曲好爛,4,窃听风云
一步错 步步错,4,窃听风云
三个男人一台戏,5,窃听风云
犯罪一开始的那个瞬间，三个人的眼神之间的交流真是拍的太他妈的屌了！好看！,4,窃听风云
记得没看完,4,窃听风云
从此爱上刘青云。,4,窃听风云
演技纯熟。,4,窃听风云
心存侥幸，必定不幸。,4,窃听风云
三星半吧，毕竟很多我喜欢的演员。。。。不过。。。张静初真的是。。。各种出戏。。。哎。。。,4,窃听风云
只有在天台上的情谊才是最纯真的~,4,窃听风云
啥话不说好片就是个强推！,4,窃听风云
铁三角,4,窃听风云
还是那句话，出来混迟早要还得。,4,窃听风云
8.6；好人唔易做,5,窃听风云
窘迫小人物的悲情片。普通人遇到千载难逢发财机会会有人放弃吗？－－即使你是个警察。既然是影片就必定是宿命的，等待这几个警察的竟然是死亡的深渊。三个犯错警察的结局如此惨烈，令人唏嘘。PS：影片对股市的描写有些笔墨过多了。,4,窃听风云
都死了~还不错，有点创新,4,窃听风云
这个比2号。,4,窃听风云
好作品，但是不能算是满分吧。75分有的，虽然里面五分给了刘青云。,4,窃听风云
今年的港片中，本片品质应属上乘，麦、庄二人的实力可是在那儿摆着的。故事以窃听为包装，实则讲的还是在公与私、正与邪之间挣扎徘徊的感情纠葛、兄弟情谊那套东东。情节发展几近于黑色，但最后没有撑住，结局再次回归港式警匪的老套路，有点遗憾。几处精心设计的摆拍镜头很迷人。对了，小张儿的粤语挺不错，但不知床上功夫如何。还有，对此类比较正宗的港货，劝大家还是少看内地版和国配版为妙，到时候骂娘上火那可是你自己遭罪，还是去看粤语碟版吧,4,窃听风云
一步错，步步错,4,窃听风云
钱。真的是重要的东西,4,窃听风云
就觉得好像很惨。。,4,窃听风云
3年前看的 其實不大記得 但是看完之後感覺還行,5,窃听风云
支持国产,4,窃听风云
好残酷的现实世界,5,窃听风云
TVB剧情。三个男人撑起一部电影。,4,窃听风云
基本上无可挑剔。,4,窃听风云
一齐死埋,5,窃听风云
现在再看感同身受。那道线是不能跨越的，错一步错万步,5,窃听风云
他们不是曾经的偶像啦  都是演技派,5,窃听风云
下面没了,4,窃听风云
无间道式难以判断孰喜孰悲,4,窃听风云
以暴制暴,4,窃听风云
"有些错误不能犯,一犯只能一错再错",4,窃听风云
金融界永远少不了教父式的人物 往往弄死他们的不是大人物 而是江湖杀手 同归于尽 背信弃义总有一天会找上门来算账,4,窃听风云
太喜欢古天乐和吴彦祖。。。。。不错的港片,4,窃听风云
蛮经典的,4,窃听风云
还不错，最后的片尾曲真好听。,5,窃听风云
有大量个别情节流离于剧情之外，这点在方中信和张静初的2个角色表现十分明显。刘青云买通杀手，这逆转剧情是否说的通，本来很好的题材却往里兑水，结果成了一个巨大的硬伤，不过总体来讲，片子还算优秀，距离无间道还差得很远！,4,窃听风云
有大量个别情节流离于剧情之外，这点在方中信和张静初的2个角色表现十分明显。刘青云买通杀手，这逆转剧情是否说的通，本来很好的题材却往里兑水，结果成了一个巨大的硬伤，不过总体来讲，片子还算优秀，距离无间道还差得很远！,4,窃听风云
2009-10-4 1:39:06 9/7.3(280) 09至high港片，DVD好劲，条条框框之下，操守之高近年罕有，其实和无间道不是一路，爷们不玩虚的，代价即是最大的不足，感性稍弱。不过刘青云跪地求婚狠被感动了一把，顺带张静初也突然顺眼了。假洋鬼子好久不见，一身霸气，惊喜。,5,窃听风云
古天乐难得的好片,4,窃听风云
感觉比无间道好，剧本很不错。有香港警匪片世界第一的气势。,4,窃听风云
其实不错,4,窃听风云
你们看2我看1。。。,4,窃听风云
看了后半部分，与无间道同等级。,4,窃听风云
一个好人坏人冚家剷的金融产业精神文明建设教育片，它通过血淋淋的故事告诉我们，内幕交易操纵股价性质恶劣后果严重。尔冬升可以说是华语电影圈的最好的导演之一，编剧不过不失，但导得确实好看。,5,窃听风云
先看的2再看的1，1好看太多了。不过古天乐哪里来那么多钱装那么高档的假肢的撒？~,4,窃听风云
看的国语版，片子先让人了解了不少情报部门关于技术方面的一些基本知识。故事中现实的无情残酷对于人的信念道德是一种极大的冲击，大商人贪得无厌的罪恶和与之勾结政客们的虚伪可耻被揭露得真真切切，然而对于这种资本秩序的存在、欺世盗名的嘴脸相对抗的伸张正义的情操还是主题，理想与现实差多远呢？,4,窃听风云
欲望,5,窃听风云
港味浓重,4,窃听风云
属于启发意义比较大的片子。人物都很丰满，有血有肉。故事情节不老套。,4,窃听风云
很不错的电影,5,窃听风云
我真是受不了那个配音了。,4,窃听风云
不是自己的東西，不要拿。。。,4,窃听风云
三个都好帅,4,窃听风云
警匪+罗汉，人物塑造也下了功夫，好看。,4,窃听风云
你神经病啊，人家想查帐幕你就要杀人，你以为我是天生杀人狂啊！哈哈哈。。。。笑死了！,4,窃听风云
靓仔~正！,4,窃听风云
一步错 步步错,5,窃听风云
原来警匪只是小小一角。有点TVB电视剧剧情感，没有令人失望。三个男人一场戏。,4,窃听风云
明明不错啊··后悔没去电影院看了·,4,窃听风云
五味俱全却又表现无力,4,窃听风云
靠，我竟然看的是太监版。真真被广电总局意淫了一回。,4,窃听风云
三个人的演技排个序：古天乐、刘青云、吴彦祖,4,窃听风云
蝴蝶效应的感觉,4,窃听风云
和July一起完全是冲着三大男主角去的影院，矛盾挣扎贪欲良心，然而一些小小细节透露出的幽默，仍旧让人忍俊不禁。古天乐的演技真的是越来越好了。with July &amp; Jason。,4,窃听风云
不小心先看了评论。所以只能给五星～,5,窃听风云
虽然还是被阉了，但是还是2年来最好的港片,4,窃听风云
我喜欢这个结局,5,窃听风云
港片未死 但只可看粤语版~,4,窃听风云
有点老套+主旋律,4,窃听风云
不错的组合,4,窃听风云
香港电影一写实，就觉得是个惊喜。,4,窃听风云
很灰色,4,窃听风云
尼玛，这代价也太惨重了啊，一时的贪念啊。。。,5,窃听风云
你是影帝，你也会是影帝，你也会是影帝。我觉得剧情问题不大,4,窃听风云
阿乐，阿祖你们死得好惨。。。,4,窃听风云
剪辑很不错，戏剧表现力也很够味，最后结局又悲惨又黑暗又cult，侧面也再一次证明人太正义善良最后都不会有好下场．钱啊真是像白粉一样会上瘾，足够花就够了，为钱而存人生了无生趣,4,窃听风云
20110920京上四惠东。编剧够狠,4,窃听风云
好好笑。。。,4,窃听风云
4星！还有一星给吴彦祖！！ 话说这可能是最好的结局了，面对这么大的诱惑又有几个人可以hold住呢~~~~~,5,窃听风云
五星是给刘青云的。可能是因为预期没有那么高，所以片子最终把我给震了，建议大家去看看,5,窃听风云
阵容剧本节奏都很好，结局再反转点就逆天了……不过其实坏人们在股市上做了什么坏事我全都看不懂……,5,窃听风云
吴彦祖身材太好没法弄...,4,窃听风云
年度最佳,5,窃听风云
先看的这部，才看的大名鼎鼎的窃听风暴，搞得看窃听风暴之前一直以为是部动作片。,4,窃听风云
比窃2有内容,4,窃听风云
@保利城  /     此般聚集了HK顶级型男阵容的警匪片，真是跟天娱传媒气质好不搭啊·······吴彦祖同学仍然是见一次萌一次··T_T·····可惜结尾略显敷衍 搞得我忍不住想挑bug；让人沉重但缺少耐人寻味的起伏与张力····不过，依然不妨碍其成为暑期档佳片··,4,窃听风云
一直不愿意在旅途中把这部电影看了，就是因为想要看到粤语版，影片最后一幕古天乐载着仇人冲入海中，双手离开方向盘状若飞翔，这一刻，我泪如雨下，几近抽搐，没有多余的剧情，我想，这样最好……,4,窃听风云
我觉得还行，可以推荐一下！算是正统港片的路子。窃听手机有点神奇，没接电话放口袋里也会被窃听。,4,窃听风云
剧本不错，到最后一看是张杰的歌真是太太太TM不配了……,5,窃听风云
内容忘了，就记着他们两炒股亏了？,4,窃听风云
古天乐先生，你确实努力了。,4,窃听风云
吴彦祖~,4,窃听风云
我被古天乐的命运触动到了...最后他死的决心让我很感动...咳.人生.,5,窃听风云
全体悲剧了。。。,4,窃听风云
和《夜店》一起看的， 夜店全靠一张嘴在贫。这个要用故事及牛我·,5,窃听风云
看到在老杨一家人的车被撞两次，送到医院的抢救，发现小祥被勒死，看到这心情很深重。尽管很多人说这部不怎么样，但我觉得这部影片，还算是不错的。,4,窃听风云
什么叫港片，近年来还有港片么？这个可以叫港片(上映版除外),5,窃听风云
麦兆辉、庄文强再度联手，刘青云、吴彦祖、古天乐主演的警匪片，整体感觉不错。整部片看后对两句俗语有较深刻理解，那就是“一失足成千古恨”和“若想人不知，除非己莫为”！,5,窃听风云
真的是没有白白期待~很好看~~虽然是坏人最终被惩治了，但是代价。。太大~人就是在失去最珍贵的东西之后，才知道什么才是对的，什么才是应该去做的~,4,窃听风云
手机关机真的还能监听吗？,5,窃听风云
为什么张静初永远是花瓶,5,窃听风云
都算唔錯咖.,4,窃听风云
那个阿俊的廉政公署的朋友一看就是一副奸相。好想打。,4,窃听风云
悲剧,4,窃听风云
看的港版，很好，小场景大震撼,4,窃听风云
王敏德你太cool了,4,窃听风云
力荐,4,窃听风云
仓促而又理想化的结尾。,4,窃听风云
不管别人怎么说，我挺喜欢的,5,窃听风云
吴彦祖的戏份真的很少啊~总体我觉得还是蛮好的~~,4,窃听风云
要骗就要骗到底！几十年都挺规矩的，就这么搞了一下，就弄得浑身臭哄哄！错的事都敢做，对的事反而不敢做了！你说请我喝酒，原来是喝喜酒！整天把错的说成对的，你自己分得清楚吗！--------太多太多的经典,4,窃听风云
刘青云应该是那种拿奖拿到手软的演员,4,窃听风云
古仔才是刘青云接班啊~ ,4,窃听风云
难忘吴彦祖在交易所跳到桌子上引着一堆股民振臂狂high的情景。。。,4,窃听风云
确实是一部近两年来值得关注的一部港产片。剧作上对于人物的背景与性格刻画都相当到位。几位型男的表演更是没的说。但就像某评论文章说的那样【下面没有了】可怜的阉割片。相当于没有高潮没有结尾的情爱过程。后半部只能靠观众们自动填白。如此悬疑的说吗？！囧。,4,窃听风云
阿祖不该死啊！,4,窃听风云
一步错，步步错啊,4,窃听风云
版本很重要，会直接影响你对老吴的印象,4,窃听风云
古天乐有点小出彩演的,4,窃听风云
三大男星终于让我又看到了香港警匪片的光.,5,窃听风云
污点，什么时候都是黑的。斗智斗勇的前提是不留活口。,4,窃听风云
比寒战更香港片。,4,窃听风云
结局来的太快  太惨 措手不及  我哋始终都估唔到  …… PS较精彩的一部 虽然有编剧上的漏洞 但总体来说主线清晰简洁 复线为三男的各自的情感  三男表演各有千秋 情节紧凑的港片总是吸引人滴~PPS 当然要看港版 内地版和谐情节也虚化剧中角色的人性,4,窃听风云
哎，结局怎么这么惨呢。没想到。,4,窃听风云
香港电影还真是努力呀~~可惜每次都要找个大陆女明星来当花瓶。。。当然也不能全怪张静初 本来剧本就没什么发挥的余地~~乐哥OK的 没事没事哈哈！！,4,窃听风云
一步错步步错,4,窃听风云
贪念无处可藏,4,窃听风云
方展播你不炒股，你当啥警察啊,4,窃听风云
整部片子就在讲一个道理，什么叫做一失足成千古恨~,4,窃听风云
好看.,4,窃听风云
吴彦祖、古天乐、刘青云，男神云集啊！,4,窃听风云
张静初还是那么漂亮啊 *.*,5,窃听风云
这个戏，女人太少。,4,窃听风云
非常好！,5,窃听风云
麦兆辉的影子很强烈。,4,窃听风云
太多帅哥！古天乐、吴彦祖、刘青云、方中信~~~~挡不住的诱惑,4,窃听风云
终于有点回归《无间道》的水准了,4,窃听风云
意犹未尽。。这一点点无可厚非的贪念引起的杀身之祸。。,4,窃听风云
这是一个关于男人的麻烦的电影，卷入麻烦、自找麻烦、解决麻烦、在麻烦中进退两难……，我们都一样。,4,窃听风云
比较好看的一部电影！,4,窃听风云
不义财，不可贪。,4,窃听风云
更喜欢这一部，虽然简单，但刚看到时还是很惊艳，港片就应该这样才对,4,窃听风云
结尾,4,窃听风云
悲啊,4,窃听风云
情绪到达最高处爆发~很不错啦,4,窃听风云
前面的剧情比较紧张，结尾有点无力。在部分情节下有缺失，在百度贴吧里有人说把广电剪了20分钟，really？,4,窃听风云
没有ICAC的话，会自然很多。唉，该死的广电总局啊,5,窃听风云
一步错步步错,4,窃听风云
三部中最佳，除了在节奏上有些问题，忽视掉一些小BUG，其他的都非常不错。,4,窃听风云
令人期待又不失望的作品,4,窃听风云
尔东升 吴彦祖,4,窃听风云
我家彦祖再一次死于非命。,4,窃听风云
爱生活，爱帅哥。,4,窃听风云
情节很紧凑 不错,4,窃听风云
麦兆辉一贯的风格。剧情一次比一次惨。香港这两年都是这个类型的片子，虽然都还不错....不过是不是有点审美疲劳了？,4,窃听风云
[10.05.11～10.05.13]陈青云摘掉面罩的一瞬间我就在想怎么会这么不相信，凭什么确信游艇上没有别人？结果，果然有人。感觉这个细节不够真实，不符合人物个性（这个角色行事一直都很谨慎），比较失败，不过不这么设置的话又无法推动情节发展，的确是个两难的问题。这次古天乐还不错。,4,窃听风云
近期港产片的惊喜，只是不太喜欢为什么非得把古天乐一家弄成那样。生活中有很多事情，一旦做了就没法重来。,5,窃听风云
好片，没想到这么好。,5,窃听风云
片尾很好听,4,窃听风云
喜欢，无论是剧情节奏还是感情戏,4,窃听风云
“利”字头上一把刀,4,窃听风云
看得胆战心惊的。,4,窃听风云
性格都拍的不错。,4,窃听风云
贪念，果真是个要命的东西,4,窃听风云
前半段和结尾太厉害了，其余的无味。三个警察，人生百态。,4,窃听风云
为结局加一分吧,4,窃听风云
廉政公署那个头儿看起来好ws好讨厌哦，给观众一种“就算做了坏事，也不要投案自首让这种ws男邀功”的印象~~,4,窃听风云
情节扣人心悬~整个故事有所牵强。导演很棒，演员更棒！,4,窃听风云
一部好电影就是要有丰满的任务，但是讲述人物背景的方式不是很老道有点脱力，4个人完全铺开讲，确实不是2个小时能办到的,4,窃听风云
实力派来pk演技。好久没看到让我起鸡皮疙瘩的电影了！,4,窃听风云
很优秀的电影 一旦人起了贪念 就会越陷越深 骗是永远不会到底的 表里不一的企业家不是和现在的明星企业慈善同一出 虚伪的外表下留着一颗镶金的心,4,窃听风云
现实、生活……,5,窃听风云
古天乐不容易。,4,窃听风云
一步错，步步错。,4,窃听风云
古仔 你迟早拿影帝 最后悲从中来 四个不同型的男人中 还是最喜欢刘青云 哈哈,5,窃听风云
一念之差招来杀生之祸，人生的轨迹本来就是很轻易就能改变的，须谨慎做决定。,4,窃听风云
金三角，帅哥们的脸，百分百给10分。,5,窃听风云
继无间道以来看过最好的港片儿！再用心点儿就好了！,5,窃听风云
很不错的港片啦,4,窃听风云
为了圆一个谎，总要说更多的谎。最后都结束了·,4,窃听风云
不细纠缠那些漏洞，其实很香港的一片子。,4,窃听风云
王敏德入行这么多年来最适合他发挥的角色，没有之一。吴彦祖的角色也适合他本人，我竟承认原来他真的有自己的帅。最爱还是古天乐。刘青云发挥自己的正常水平，稳定。比续集好看太多啦。,4,窃听风云
一星加给王敏德。公务员真可怜。,4,窃听风云
近期影院最值得一看的港产片...比跟踪要好点...,4,窃听风云
古天乐的一笑，我的心儿都碎了。,4,窃听风云
麦庄两人的本子似乎越来越脱不出这样的窠臼，但起码引人入胜,5,窃听风云
又是坏在结尾了,4,窃听风云
尔冬升的片子越来越不让我感冒了,4,窃听风云
这是一个关于男人的麻烦的电影，卷入麻烦、自找麻烦、解决麻烦、在麻烦中进退两难……，我们都一样。,3,窃听风云
虽说已经拍到了第三部，但我最喜欢的还是第一部，后面的二部反而有狗尾续貂之嫌！,3,窃听风云
观影后有个见面会，真的觉得吴彦祖帅啊帅，古仔黑啊黑,3,窃听风云
三星半,3,窃听风云
看我吴彦祖的颜就够了,3,窃听风云
看的和谐版 不知港版会否好些,3,窃听风云
虎头蛇尾,3,窃听风云
应该是阉割的缘故 感觉气氛营造不够 还不如第一款海报来得让人能感觉到紧张~,3,窃听风云
让人印象不深的片子 无功无过,3,窃听风云
看在劝恶扬善的份上,3,窃听风云
你当我是天生杀人狂啊？,3,窃听风云
虽然说是无间道的原班人马，但还是感觉差好远啊。。剧情有些生拉硬拽的感觉，还有结尾是在鼓励复仇么。。,3,窃听风云
总是差那么一点火候，总体平淡而且有几个地方衔接的不好,3,窃听风云
Overheard.2009.DVDRip.XviD-WZW,3,窃听风云
x,3,窃听风云
找男人還是要找個可以擔當的，猶豫的性格堅決不能要。劉、古、吳他們三人也許就是我們人生中某個階段的自己，劉面對困境猶豫不決，最後害人害己，一輩子受到良心的譴責；古有能力有資歷，不能提幹，還要背負養家的責任于重擔，正如婚後的我們；吳如剛參加工作的我們，迫切希望實現自己的人生價值被認可,3,窃听风云
碰了就难收手了，就会有一系列的烦恼了。比较狗血，稍显沉闷。最后的古天乐挺给力的。,3,窃听风云
介个系悲剧呀...  珍爱生命，远离炒股。,3,窃听风云
……你说……这究竟赖谁呢？都是TM逼的,3,窃听风云
这是一部好电影。,3,窃听风云
"還好啦,有意外,題材也算蠻新穎的",3,窃听风云
纠结了好久最后没进电影院，看来对了。,3,窃听风云
不行啊，编的一般了这次……,3,窃听风云
老套,3,窃听风云
一时贪，毁一生。。。,3,窃听风云
剪得不行,3,窃听风云
最后挺惨的,3,窃听风云
没达到期待值，但是仍然不错。,3,窃听风云
不够紧凑，前半段有点闷，不管怎么说也只能是一般～～,3,窃听风云
王敏德的英文说的比粤语好多了。看完之后觉得还不错，想看看其他人的评价，然而看的云山雾罩，脑子才明白过来，原来大家看的是内地版，我看的是香港版，故事后半段不一样,3,窃听风云
挺有趣的片子，听来听去可以听到那么多东西。,3,窃听风云
GSM阻截器哪里有下载啊,3,窃听风云
婚姻。。。,3,窃听风云
故事太平，太简单，三星。,3,窃听风云
还算有点激情的故事。。。。。后面有点扯。。。。想要的感觉没拍出来,3,窃听风云
三個喪比的警察。and，方中信自一簾幽夢以後走上了怨夫的道路，唉。,3,窃听风云
英文名“Overheard”显然更准确，“麻烦产生——试图解决——反而制造更多麻烦”的情节设置很讨巧（虽然具体操作不算高明），麦庄组合只要不离开香港拍片还是不赖的。,3,窃听风云
剧本不错没有硬伤，但是刘青云的演技着实让我失望了。。。古天乐那条线很突兀刻画的不够，也许是古天乐本身表演痕迹太重的关系。内地版和港版完全是两部电影，广电局全都是太监，内地版★★★港版★★★★,3,窃听风云
继承了港片前重后轻的光荣传统 另：内地与香港版本有差异,3,窃听风云
唉……港片的剧情也不过如此了,3,窃听风云
国语配音伤不起啊。,3,窃听风云
莫伸手...,3,窃听风云
吴彦祖的演技还有待提高。,3,窃听风云
你俩就不能狠一点儿吗？！！！,3,窃听风云
"对人物的刻画不够深刻,角色背景有点牵强",3,窃听风云
屌丝警察的不归命运，看着挺让人揪心的。麦庄对故事的挖掘有深度。,3,窃听风云
国语配音真烂,3,窃听风云
一个走向……香港这样安逸的状态呀不可能再有高潮来着，我们清楚的看见局限性的不可逾越，收尾很不好,3,窃听风云
刘青云 戏力弱了！,3,窃听风云
感觉还不错！没有想象中那么糟糕,3,窃听风云
散户千万别跟庄家装逼,3,窃听风云
养眼。,3,窃听风云
做人就要做大腕，像刘青云那样忍辱负重制裁BOSS,3,窃听风云
强大的香港班底，剧情一般,3,窃听风云
有些东西真的太多余了,3,窃听风云
结果 额。。,3,窃听风云
"可惜看的国语版, 糟糕的配音! ",3,窃听风云
大陆版的，配音很恶心，情节和谐的太恶，港版基本情节比较正常，3.2星~,3,窃听风云
每个人都有自己的苦衷，一个谎言需要更多谎言及行动去弥补；演得不错，就是最后的一段有些牵强，张静初的演技还是差,3,窃听风云
邪恶的贪念！总体没其他太多的感觉！,3,窃听风云
三星半。,3,窃听风云
感觉就像是一个球星罚失了点球一样的感觉。,3,窃听风云
学习“门徒”,3,窃听风云
情结扣人心弦，框架支离破碎,3,窃听风云
开Golf的男一号,3,窃听风云
还好最后正义战胜了邪恶。,3,窃听风云
虽然够腐，剧情太弱,3,窃听风云
看看还行,3,窃听风云
它可以更棒的,3,窃听风云
还不错！港片也能出货了~最后一个冲海桥段觉得很弱智。这几个人我特别不喜欢，长得太香港了，要扣分。我是很地域歧视的……,3,窃听风云
几位实力派演员的演技扎实，剧本过硬，属于近年来中港片的领跑者。,3,窃听风云
前后明显不一致,3,窃听风云
这部里张静初还是挺漂亮的，难得淑女了一把。,3,窃听风云
只要还要这样的港片，我就会支持。,3,窃听风云
无关要紧的东西太多，有点故意编的赶脚，张静初在里面搭刘青云显的很生硬,3,窃听风云
应该是炒股风云吧。,3,窃听风云
虎头蛇尾。,3,窃听风云
虎头蛇尾,3,窃听风云
麦庄终于研究出了如何既能顺利过审进入内地又能至少保证影片在一般观众眼中还算比较好看，这较于大搜查之女是一个极大的进步。可惜过于卖弄悲惨与巧合、诸多硬伤、与以及放线不收使得影片完全经不起推敲。张静初最近那么喜欢在港片里面混。。。都学会粤语了呃。。。。,3,窃听风云
前半段的好电影,3,窃听风云
拍给女人看得男人片,3,窃听风云
漏洞还是多了一点呀，而且较偏激。片名让人遐想到抓贼破案什么的，中心落确是落在在三位警员各自的事情上。好演技是无法否认的，所以还是期待看续集啊！  -- 2011-12-11,3,窃听风云
"一步错,步步错",3,窃听风云
和想象的差得多,3,窃听风云
早知如此，何必当初。,3,窃听风云
原来比二还悲催，出发点还可以，但剧情太过刻意,3,窃听风云
港版科恩兄弟，荒誕不足，教化有余,3,窃听风云
剧情 是....有些不同的小精彩 但是 仅仅是小精彩 。因为 毕竟逃不脱港味太浓而形成的束缚模式。还好吧 三星足矣,3,窃听风云
不知粤语版会不会好点,3,窃听风云
三星半，7.4刚好。剧情还是有吸引的，不过也不够悬疑，作为一般的香港商业片还是挺不错的。不妨一看,3,窃听风云
港版，还行，就是结局过于煽情了点。,3,窃听风云
还行，编剧编过头了。,3,窃听风云
警察做绑匪，果然很不专业。下次请记得别取下那该死的头套。,3,窃听风云
简称“古天乐害人记” 虽然有看海报看得撞电线杆作铺垫 可还是感觉一般 前半程节奏剪辑镜头语言颇好 后半程感觉明显乏力 不够纠结 额滴方中信死得就着实冤,3,窃听风云
我看的是大陆版.怪不得在看的时候就觉得刘青云这个角色性格是那样的.原来是删了点细节.这一删不要紧.成太监了.,3,窃听风云
拼了命在演一出悲剧 即使剧本不算太坏 结局还是有些做作,3,窃听风云
下半部分是有些糙~,3,窃听风云
全剧高潮竟是吴彦祖和老男人一起疯狂吼叫者的卖股票,3,窃听风云
小祥的死我怨念极了。,3,窃听风云
其实还可以，三星四星之间，彦祖哥不是很出彩。在现实和利益面前哪里还有啥子公平正义，唉～,3,窃听风云
RT,3,窃听风云
没有一千万我不干。,3,窃听风云
出来混的 迟早是要还的,3,窃听风云
香港人越来越爱残肢断臂了…… ,3,窃听风云
这部被骗到了，故事结构几近散架。,3,窃听风云
为啥叫2呢 没关系啊,3,窃听风云
"3.5啦,咩靚仔都有晒",3,窃听风云
- -如果不是她想看的话，我估计是不会特意去电影院看的呀……,3,窃听风云
。。。。不错的电影。。。但却无法使人产生再看一遍的冲动,3,窃听风云
很人性的片子啊,3,窃听风云
沒想像的好~！,3,窃听风云
无评价,3,窃听风云
平淡，除了平淡还是平淡，没有节奏，苍白的语言。,3,窃听风云
中规中矩。,3,窃听风云
一部因为配音被糟蹋的电影的典型代表。,3,窃听风云
国语配音好恶心，千万不要看。又雷又弱的剧情，浪费了三个好演员。配乐更是十分神经质，尤其是股市跌了又涨那段,3,窃听风云
古仔演技越来越成熟,3,窃听风云
09年度烂片之一,3,窃听风云
港產片 回不去。 中上 三個主角 故事很急。,3,窃听风云
自己看真没意思，这样的片子还是应该一群人一起看好玩！,3,窃听风云
全给吴彦祖,3,窃听风云
古天乐还不错吧，这几年长相变挫演技长进。,3,窃听风云
基本上融合了港产警匪片的全部元素，别说不如无间道了，连五虎将的水平也没有，还好有会演戏的帅哥。,3,窃听风云
表演很到位，故事卻沒有想像的那麼好...一派和諧的感覺總是你要想想到底為什麽？,3,窃听风云
贪心的代价是变太监,3,窃听风云
正常港剧啊,3,窃听风云
下面没有了。,3,窃听风云
实在很一般,3,窃听风云
窃听题材珠玉太多，难有新意。为什么“大恶人”总是能“得到应有的惩罚”(shrugging)。第一次觉得古仔有演技。长官就是用来被技术人员玩儿的，但技术人员一定要小心自己变成炮灰。,3,窃听风云
终于看完整1了。两度睡着。,3,窃听风云
有不少亮点，有无间道式的戏份，有不错的配乐，有值得称赞的摄影。但是仍然无法让整部电影脱离中规中矩的平庸。,3,窃听风云
香港警匪片也好犯罪片也好，总的来说是一条大河，窃听风云并不是干流而是最近刚形成的支流，无论窃听风云是多么在浪端，源头是一样的。,3,窃听风云
悬疑不够 差了点儿什么 古仔演得不错,3,窃听风云
3.2 儘管是編劇麥兆輝，監製是爾冬升，但導演仍功力尚欠。好多事含糊帶過，交代關係甚么的靠音樂來帶，有點點偷懶的感覺。...一開頭還不錯，假若說剪得不那么碎也會更好些吧？接下來我是不是該找竊聽風雲2來看了....,3,窃听风云
最后几分钟干脆切掉算了，三星算给古天乐了。,3,窃听风云
帅哥吴太可怜了!,3,窃听风云
劇情新意不濃，吳彥祖出場一個小時有餘除了義工了一個供大家藏錢的地方外沒做任何實事，然後就那樣死掉了，臉色發青的……是該說他太可憐還是編劇太差？,3,窃听风云
越往后越晕~,3,窃听风云
吴彦祖惨死躺在地上的样子都很帅,3,窃听风云
2011，吴中路117号，DVD，补登豆瓣。,3,窃听风云
不觉得好,3,窃听风云
为看帅锅才看的电影。。铁三角当然不错。。老一辈的确实都苍老了。。蛮悲的结尾居然都挂了至少还报了点仇。。一般吧。。没什么间谍或惊悚的感觉。。,3,窃听风云
上帝要摧毁一个人先把他逼疯,3,窃听风云
其实很一般。,3,窃听风云
窃听都可耻，后半部分排的更可耻。。气死我了,3,窃听风云
不想看到吴彦祖傻傻的，还死得那么惨,3,窃听风云
吴彦祖最近几部片总是死得那么丑又没什么价值，真是郁闷,3,窃听风云
古天乐干嘛这么能生啊？,3,窃听风云
感情戏完全是硬添上去的 太做作了,3,窃听风云
吴彦祖最后怎么样了。。。。,3,窃听风云
需要用钱却没钱、是比悲伤还悲伤的故事…,3,窃听风云
感觉没有说的那么好，跟无间道我觉得还是有差距，时间有点短，有些地方应该再饱满一点，又或者我太挑剔？,3,窃听风云
已经没有香港电影的特色了,3,窃听风云
想念新宿事件的尔导,3,窃听风云
三星半水准。,3,窃听风云
总觉得剧情有点单薄，演技也没有完全发挥,3,窃听风云
节奏1星剧本2星配乐3星,3,窃听风云
在探讨人性和悬念构建之间显得犹豫，两者欲兼得，结果二者都不到位,3,窃听风云
不明白为什么去影院看这个,3,窃听风云
实际三星半作品……剧情急转直下得太快……,3,窃听风云
近年难得的好港片 ,3,窃听风云
我看的是内地版……所以我无话可说。,3,窃听风云
很久之前看过的，一点印象都没有了，差点不记得看过，所以三分,3,窃听风云
190,3,窃听风云
剧本还是弱啊,3,窃听风云
此分给大陆和谐版。,3,窃听风云
沉重的题材。。,3,窃听风云
最后半小时比较好看,3,窃听风云
凑合吧,3,窃听风云
一步错 步步錯……,3,窃听风云
一般,3,窃听风云
我承认我看的天朝篡改版，篡改的部分不赘言，那个配音，敢再像诗朗诵一点么？,3,窃听风云
入市需谨慎!别赔了命!,3,窃听风云
配音好烂。。扣掉一颗星,3,窃听风云
一塌糊涂，现在的港片越来越大陆了……,3,窃听风云
无聊的剧情打破了我对它的期待！~,3,窃听风云
结局没创意啊,3,窃听风云
香港的主旋律电影？,3,窃听风云
没什么新意，人物刻画也不够成功，比较无聊,3,窃听风云
看到后面真是笑不出来,3,窃听风云
没预计中那么震惊。so so.,3,窃听风云
港片里算是好的，可是内地版的改动和国配实在有催吐效果。。。,3,窃听风云
还行,3,窃听风云
因为这蹩脚的国语配音。。。,3,窃听风云
First half: 4  :) Second half: 2.5 :(     and stupid dubbing.....,3,窃听风云
无间道,3,窃听风云
贪婪,3,窃听风云
陪表哥看的 哥说了 港片呢 总是一件很简单的事情要搞得很复杂 我一开始也以为片子很复杂 结果还不是那些破事 。。,3,窃听风云
三星半，结构蛮紧凑的~,3,窃听风云
比较上乘的港片了。配乐渲染都恰到好处，结尾有些惊喜,3,窃听风云
吴彦祖灰常帅，但是剧情感觉单薄了点,3,窃听风云
本来想说这种港片都差不多，不过也还好。,3,窃听风云
期望太大,3,窃听风云
剧情转折太突兀，教育片,3,窃听风云
古天乐太惊悚了，看到最后很不舒服。,3,窃听风云
窃听的部分在哪里？只看到一群嗑药的老鼠。。。。,3,窃听风云
和谐版不值一看，还是看港版有意思,3,窃听风云
别再改了。。,3,窃听风云
剧情太简单 没铺张开。 没有高潮。 港片的时代已经过去了。。。 ,3,窃听风云
做警察，许多的无奈和诱惑。告诫自己~,3,窃听风云
各大帅哥云集之作。可惜有些虎头蛇尾。,3,窃听风云
刘青云比吴彦祖帅， 不解释,3,窃听风云
还是那句话，错了就别想回头。,3,窃听风云
很多情节都没有完全展开，很多地方又罗里罗嗦，所以叙事不干脆，故事不精彩，只能变成平庸了。,3,窃听风云
审美疲劳主要来自香港这个类型片都被这几个还算不错的演员占据着了！,3,窃听风云
印象已经不深了，貌似结局不是很好,3,窃听风云
片子看完没有留下什么深刻的影响,3,窃听风云
麻麻地啦,3,窃听风云
总是觉得这样的一部影片能给人一种启示，但不能充分调动观众的激情。整个剧情都十分平缓，让人感觉在喝一碗不咸不淡的汤，以至于你完全可以在上一个镜头时知道下一个镜头会发生什么。总体来说，会觉得演员阵容远远大过了故事情节。,3,窃听风云
古天乐一出场就是各种衰。,3,窃听风云
浙江电影院 16：00 15元,3,窃听风云
软了，或者一直没好好的硬起来,3,窃听风云
缺点什么。,3,窃听风云
情节弱了一点 韵味还是有的,3,窃听风云
还成吧,3,窃听风云
给不了四颗星，顶多三星半吧！真是浪费了这么多好演员！,3,窃听风云
港片的一贯毛病  结局太过突兀,3,窃听风云
结局也算意料之中，套用老港片的惯用模式,3,窃听风云
为神马要用这么多后期配音呢？另外Ending也太《大时代》了吧…麦、庄离开牛奶强之后正在逐步走向成熟，尤其是庄文强的剧本，愈发紧凑、狠辣、准确，看来后劲十足，只是需要防备走火入魔。,3,窃听风云
继无间道后又一部天台戏,3,窃听风云
不把道理写在脸上会死啊？拍电影呢还是教育片？,3,窃听风云
古天乐最后变成终结者了........,3,窃听风云
完全不能与无间道相提并论,3,窃听风云
[720P] 谁给这部电影打的标签是“帅哥”？不过貌似除了帅哥，也么什么好看的。,3,窃听风云
可恨 之前有人給我完整劇透了! ,3,窃听风云
一步错，步步错，害人又害己，这也许就是这部电影想要表达出来的含义。一念之差，3个家庭就这样毁了，也许原来的贪念并非出于恶意，但是事违人愿，结局令人心酸。日子该怎么过就怎么过，人生是怎么样的就是怎么样的，不要强求，也许能生活得更幸福。,3,窃听风云
3.5,3,窃听风云
小小失望 但终究还算不错吧,3,窃听风云
其實也還好,3,窃听风云
片子没高潮，怎叫观众兴奋。,3,窃听风云
比无间道就差远了，当普通剧情片看看还可以。设计的痕迹太重，而且有点儿假，演员演得也比较糙。为了迎合大陆市场，没有勇气弄成悲剧收场，最终搞得不伦不类。,3,窃听风云
刘青云是老戏骨,3,窃听风云
中规中矩，演得不错,3,窃听风云
内地版剪辑的很有问题,3,窃听风云
情节紧凑，人物形象鲜明，题材正中国人胃口，具备所有商业电影应具备的要素，还不失反映社会人心较有层次的一面，难怪叫好又叫座,3,窃听风云
港片全盛的年代真的过去了,3,窃听风云
下面没有了...,3,窃听风云
……喜欢古天乐的STYLE，虽然电影院里周围都在发出：“吴彦祖好帅啊”的感慨……,3,窃听风云
内幕交易+金融犯罪+警匪斗智+高科技办案+办公室三角恋+警察犯罪+ICAC+机器战警复仇 ,3,窃听风云
港片什么时候才能振兴. 片子一般也不能说很差 只能感觉他是一个港片,3,窃听风云
当前面一个钟的高水准让我有理由期待一个激动人心的大转折时，却迎来了这么一个狗血而粗陋的结局，实在让人无语...还没到高潮呢，就忍不住泄了...,3,窃听风云
很有教育意义啊，喜欢张静初的那句台词：值不值得我自己决定,3,窃听风云
为了防止收不了手还是当初就不要做的好。,3,窃听风云
国配版，配音台词还不如&lt;非常完美&gt;自然...,3,窃听风云
没有下面,3,窃听风云
。。。導演，何必這么趕？有個好橋，就仔細得鋪墊，推動，高潮～這么著急干什么？！結局的逆轉是很大的敗筆，又回到了黑白分明的年代了嘛。。。人性不是這么簡單的吧。。。,3,窃听风云
还是港片的小调调。,3,窃听风云
主要看演技，刘青云最后的眼神太到位了！很久没到电影院去看港片儿了，又是跟几个姐们儿~,3,窃听风云
吴彦祖  窝囊惨死专业户,3,窃听风云
亡羊补牢，为时已晚,3,窃听风云
马马虎虎,3,窃听风云
古天乐的演技还是有点夸张 吴彦祖有前途！,3,窃听风云
看人就好,3,窃听风云
大好,3,窃听风云
看的是国语阉割版，不做内容的评价。不过觉得大陆女星始终和港片格格不入啊~！,3,窃听风云
出来混 迟早要还的,3,窃听风云
警界教育片,3,窃听风云
结局郁闷到了……好吧你也可以说它深刻==,3,窃听风云
人最后都死了，这不太好,3,窃听风云
我真觉得很一般啊~~,3,窃听风云
其他我都觉得不错，但不能理解为什么他们买股票一定要到证券交易所，而且还要用电话交易，是不是年代的问题？如果这个问题可以解决的话，就可以打到四星,3,窃听风云
结尾太杯具了,3,窃听风云
古天乐老师进步神速,3,窃听风云
比寒战强,3,窃听风云
我发现他的大腿还是白的~,3,窃听风云
差强人意、和名字类似的窃听风暴比差太多了,3,窃听风云
可恶的国语版。。,3,窃听风云
感觉他们三个演得不卖力气 ,3,窃听风云
性格决定人生。,3,窃听风云
结局挺惨的。,3,窃听风云
古天乐最近一直都很颠覆。。。,3,窃听风云
周润发之后的港片愈发呈现出淡化个人色彩的趋势，依靠所谓的“情节”取胜。无间道系列是其后的一次巅峰，而后再次回归情节。本片亦不例外，感觉就是一堆明星架起一个并不算新颖的故事。港片已不再吸引人,3,窃听风云
警方调用了案发现场的监控录像,3,窃听风云
本来还想再看一下开头一段 待浏览完众评论之后索然无味了。。,3,窃听风云
矛盾激化的太快  缺乏过渡 ,3,窃听风云
鸡肋,3,窃听风云
因为古和吴才看的，讨厌张静初……不喜欢演什么都木表情的演员。。。,3,窃听风云
大走 男儿本色路线，还行。,3,窃听风云
因为有秘密才怕被窃听，每个人都想在对方心底安个窃听器，何不如两个人在一起把事情摊开呢,3,窃听风云
刘青云的演技恩正,3,窃听风云
跟刘伟强没的比 剧情有点牵强 牵强到没必要死的人必须死,3,窃听风云
敏德啊，你有点儿洒狗血了。再怎么着，你是你，白兰度是白兰度。连德尼罗都不敢学白兰度，你胆儿还真大~,3,窃听风云
罪皆源于一念间。,3,窃听风云
哪里有宣扬的那样好？！配音还如此的倒胃口,3,窃听风云
半部好片~,3,窃听风云
和你看的第二部電影。只是爲了吳彥祖而已,3,窃听风云
咦，下面没有了？？？感觉被阉割了一样。。,3,窃听风云
等着第二部上映呢 和小西一起看好了,3,窃听风云
刘青云的姿态有点作了,3,窃听风云
他奶奶个腿儿 第一幕就是耗子,3,窃听风云
你知道的，太多了～,3,窃听风云
没有想象的那么好,3,窃听风云
一，古天乐的线较弱；二，有很多没用的人,3,窃听风云
一步错万步错。君子爱财，取之有道。,3,窃听风云
the tragedy of the police as a job itself. The power of hearing something out of control,3,窃听风云
反转得太怪了…,3,窃听风云
就这几年的商业片来说 还不错。。。然后 抄的也还成,3,窃听风云
最后成了一个复仇故事，张静初很多余,3,窃听风云
 刘青云啊,3,窃听风云
如果最后结局在王敏德赋予感染力的演说中戛然而止，我想这部电影会是名副其实的4星。毕竟，现实中没有那么多的血仇得报。也因为此，少了一点香港警匪片暗黑的调调。,3,窃听风云
。。。,3,窃听风云
都S光了。。,3,窃听风云
香港电影的瓶颈,3,窃听风云
莫要炒股...,3,窃听风云
国配太怪。三星半。,3,窃听风云
从门徒到窃听风云，古仔的演技真的很棒～～～,3,窃听风云
两星半……呃，你是讲“股市水很深投资要谨慎”还是“一步错步步都挣扎着错”么？但这些道理怎么都表达得这么不得劲？,3,窃听风云
前半段很精彩，后半段力不足。命运安排，虽然峰回路转，但是却无法兴奋。画面很好。表演一流。可是不够过瘾,3,窃听风云
"原以为是无间道,到后来竟象是炒股警示篇.中间那篇沟通最重要的演讲,也让人有点不知所然和搞笑.怎么强调家庭与友情原因,仍觉得贪念似乎来得突兀了一些.",3,窃听风云
有吴彦祖和刘青云、方中信、古天乐，很好的故事框架，最后撑起的故事却有点怎么说，为了刺激而刺激，为了剧情而剧情？虽然有很多股票相关的东西，回想起来，也只是把故事说完了而已，好多地方感觉有很大漏洞···,3,窃听风云
结局惨了点。这几个弟兄的运气忒惨了点,3,窃听风云
怎么哪都有古哥哥啊,3,窃听风云
死得都够惨的，贪心阿~,3,窃听风云
悲情的结局...,3,窃听风云
想法不错，故事粗糙了点儿。,3,窃听风云
- -还好，还好,3,窃听风云
比2好看點有限。三星半。,3,窃听风云
没有想象中的好。,3,窃听风云
人在江湖，身不由己......一步錯，步步錯,3,窃听风云
周五的晚上和丹阳宅寝室看1、2～每当方中信对刘各种说，简直想跑进去握着刘得手说“我懂！”这共鸣一般人不会拥有呀哈哈哈～,3,窃听风云
好人不是死光光，就是没有好结果，坏人也都死掉啦。,3,窃听风云
似乎要悲剧收场之前，影片都表现的很出色，尽管对于众多人物的驾驭依然乏力，但可以通过紧凑的剧情和主角的表现来弥补；就败在最后俗套而没有多少逻辑可言的结尾；吴彦祖的尸体和古天乐的断臂恰好把气氛烘托到了某个层次却被结局给膈应了，这该是一件多么遗憾的事。,3,窃听风云
一念天堂，一念地獄，倘有信仰，或能涅磐。,3,窃听风云
真觉得挺无聊的。。。三颗星给主角吧。。。,3,窃听风云
有不少亮点，有无间道式的戏份，有不错的配乐，有值得称赞的摄影。但是仍然无法让整部电影脱离中规中矩的平庸。,3,窃听风云
情节总体上还不错。,3,窃听风云
现在看香港警匪片就是high不起来,3,窃听风云
这是一部前半部让人觉得接下来肯定很好看的电影，没想到后面居然是这么敷衍,3,窃听风云
最后结局比较出色,3,窃听风云
古天乐啊 T T+方中信 好养眼,3,窃听风云
希望自己有点创意！,3,窃听风云
后半段莫名其妙,3,窃听风云
我就没看过好来 很多地方做的很不到位 浪费一帮子演员了,3,窃听风云
谈到他满意为止,3,窃听风云
勿以恶小而为之。,3,窃听风云
太香港了。,3,窃听风云
很好看,3,窃听风云
编剧大哥加把劲啊，挺好的故事看完就忘了。,3,窃听风云
唉，港片。。。,3,窃听风云
给警察叔叔看的教育片？,3,窃听风云
看的是最近出的碟版，但是听的粤语是现场录音版，不时地有观众的笑声。一般啦，演员都不错，故事有些太故事了。,3,窃听风云
没头没尾的,3,窃听风云
无聊死了。,3,窃听风云
不是你财不入你袋,3,窃听风云
如果后面好点就4星了。,3,窃听风云
还行，这几年不错的香港片。,3,窃听风云
看完没印象。,3,窃听风云
对帅哥好残酷。我们彦祖，死的太惨！,3,窃听风云
冲着几个男人看的,3,窃听风云
看得我太憋屈了！,3,窃听风云
看到三人被报复的那段，真的是非常震撼啊，所以其实这片子的主旨是奉劝大家不要犯罪更不要招惹有钱大坏蛋么？！,3,窃听风云
在香港，警察原来是弱势群体啊。,3,窃听风云
我觉得粤语版的会更好看,3,窃听风云
要是一年前就会给四星，但是现在觉得四星的电影太多了。这样得过且过不上不下的电影值得看，却不值得记住。,3,窃听风云
古天乐的造型太纠结了,3,窃听风云
麦兆辉就是比麦子善强啊。。,3,窃听风云
挺有喜感的。比我想象中的好多了！,3,窃听风云
就那样,3,窃听风云
感觉这个剧情一般，突出的全是感情，结局惨的就是为了续集做铺垫。而且奉劝各位，入市须谨慎。,3,窃听风云
剧本一般，但是导演很不错,3,窃听风云
一步错，步步错……,3,窃听风云
后半部有些傻，片尾曲也有些傻,3,窃听风云
故事不错但有的扯,3,窃听风云
其实一般般拉 讨厌看方中信 三个男人 也没演出什么好戏,3,窃听风云
感情大于惊险,3,窃听风云
梁俊义脑子是不是锈掉了，如此出人意表的选择,3,窃听风云
没认真看没看懂。貌似挺惨的,3,窃听风云
看的阉割版～,3,窃听风云
老实说，十分失望。小麦还应该多跟刘伟强啊尔冬升多学学。节奏掌握得不好，一直没见高潮。人物也不突出，浪费这样的阵容……除了窃听做噱头，情节颇为俗套……唉……小麦你要继续努力啊……,3,窃听风云
我不喜欢看门徒还有这类的电影,3,窃听风云
说服力不够  ,3,窃听风云
比第二部好！,3,窃听风云
2比1好看,3,窃听风云
好多地方不合情理啊~不过我咋就看得这么起劲儿呢,3,窃听风云
表现得不够到位,3,窃听风云
太过普通老套的剧情 看过就忘 失败~,3,窃听风云
今天和同学去大上海看的，看得那个叫惊心动魄呀....三角恋最后死了2个。吴彦祖怎么那么早就死了...结局是个悲剧....而且一年后的那段也特短了点....,3,窃听风云
刘青云真不比梁朝伟差！古天乐也有突破吧 不过张静初小姐自从孔雀后就沦为职业花瓶了,3,窃听风云
很多人说不错，我倒是觉得一般般。看到最后略微有些不耐烦了，感觉拍得好像电视剧，想让它赶紧结束……剧情好像还不错，就是我一直没有搞清楚片中人物的名字，导致因果关系不是特别的明确。总之当电视剧看看还不错的嘛~~,3,窃听风云
故事挺好的节奏很好让我一直想看下去 就是故事后半段没前半段好,3,窃听风云
我真的连不喜欢- -,3,窃听风云
虎頭蛇尾,3,窃听风云
"廉政公署那段实在是莫名其妙,一看,果然是广电总局惹出来的悲剧.下面有个影评说得很好,廉政公署又不是中纪委,怎么会这么没用.",3,窃听风云
怎么回事我明明之前写过看过啊。。。,3,窃听风云
演员会演戏，不代表电影就好看。,3,窃听风云
还不错的电影，越到最后越值得看下去~~~,3,窃听风云
算得上今年来港片中比较出彩的了，不过又被广电总局剪JJ了~~,3,窃听风云
=。=,3,窃听风云
出来混迟早是要还的，存心有天知！,3,窃听风云
国语配音 吐,3,窃听风云
香港商業片的急躁和粗糙感仍明顯,3,窃听风云
你当我是天生杀人狂啊 三星半！,3,窃听风云
有点失望。。。港片越来越大陆了。。。木有起伏木有看头。。。就是古天乐最后的造型很海盗很帅。。。囧。。。,3,窃听风云
我喜欢的香港男演员基本上到齐了~~~,3,窃听风云
结尾还挺惨的那也实在没别的好了。三个人物荒诞感超强的故事和类型片穿插起来其实并没有多合适，叙事到底粗糙得很啊,3,窃听风云
尾没收好吧,3,窃听风云
3.5星，片尾曲勿忘心安是亮点,3,窃听风云
失望。以后应该屏蔽掉所有古天乐吴彦祖的电影。为什么总找古天乐来演？香港没人了？,3,窃听风云
怎么就是觉得有点假,3,窃听风云
有钱能使磨推鬼，最后有点扯。,3,窃听风云
感觉影片主题还是很正的，就是大家说的“勿以恶小而为之”，另外，方中信和张静初的戏的确有些没什么必要，可能是咱的境界没有导演高远。,3,窃听风云
气氛不到。,3,窃听风云
怎么港片里每次都能见到张静初？,3,窃听风云
我就是TMD傻B,3,窃听风云
剧情细节没整好...,3,窃听风云
这个故事告诉我们警察破案应该拿提成。,3,窃听风云
虎头蛇尾···四不像···,3,窃听风云
有一个观点很好：就是困境造就性格还是性格造就困境？还是相互影响呢？三个人一个被勒死，一个跟敌人同归于尽，一个被抓了……也算恶有恶报吧,3,窃听风云
麦兆辉和庄文强对灰色地带的喜好显而易见，并且不打算回头，故事情节还算不错，演员演技毋庸置疑。但是很多情节对下面的故事起不到铺垫作用，却用略干镜头强调出来，显得十分多余。,3,窃听风云
内地版3星,3,窃听风云
乏味的剧本，一成不变的表演。,3,窃听风云
"影院版下面没有了,碟版下面又长出来了..结果还不如没有...",3,窃听风云
看完电影顺带看影评同部电影不同看点不同感受。我就影论影。刘懦弱男或无奈或深沉古颓废命苦但责任感强烈吴表面堂皇其实内心苦闷。三个人凑一块儿不错啊，对了还有方，挺称职的，静初姐不管演什么总是死的那么唯美哦。剧情有部分未交代清楚，而且我还以为他们仨一起死了就完了。反而刘最后哭是我的看点,3,窃听风云
古天乐的形象真是颠覆,3,窃听风云
把我喜欢的演员都弄拍得那么狼狈，哎,3,窃听风云
剧情流畅，刘青云的表演让人惊叹，一个成熟男人的自我救赎,3,窃听风云
没有想象的好。远远没法和无间道相比。,3,窃听风云
很典型的港产片，不得不说的画面的颜色与镜头的处理都比以前的港产片要的多。不过总觉得剧情朝着韩剧的结局去炮制呢？,3,窃听风云
还行，主角竟然都死光了,3,窃听风云
 整体还行吧。觉得结尾有点太草草了事。不够精密。可能觉得几个人都死了让让有点不快吧。,3,窃听风云
粤语原声棒多了 但剧情真的也就还好 吴彦祖也没帅起来,3,窃听风云
有点虎头蛇尾的感觉,3,窃听风云
又是断胳膊断腿，不知道我看不了这些么~~千万不要起贪念，千万不要做违法乱纪的事~~,3,窃听风云
有点失望。吴彦祖完全沦为配角。古天乐最后一幕还算抢戏。刘青云是男主啊!,3,窃听风云
奇怪的电影,3,窃听风云
男色当道。,3,窃听风云
尚好,3,窃听风云
加长版90年代商业犯罪剧种～,3,窃听风云
香港主旋律电影,3,窃听风云
我笑场了,3,窃听风云
古天乐真惨啊 惨啊,3,窃听风云
剧情没啥意思.,3,窃听风云
有没有3星半呀！！！,3,窃听风云
虽然导演努力试图通过人性之复杂将一部商业港片的思想内涵拓深，但还是觉得对古天乐吴彦祖误上歧途的转变铺垫太浅显突兀。同时纳闷为什么一定要加上张静初这部分剧情呢？,3,窃听风云
还行，表演都很棒，香港电影典型的路子,3,窃听风云
被蚊子逼迫得逃出草木繁茂的人民公园后，与风同学一拍即合说要去看3d的冰川3，因场次时间不对最后选了此片，看时觉得还行，但没法回味，会想到多年前的五虎将决裂，不过，此片告诉我们帅哥不管怎么整都是帅哥~ps，虽然小厅小幕效果一般，但座位很舒服哈，晚上又逛了一遍天府广场。。。,3,窃听风云
一部优秀的港片 也仅此而已,3,窃听风云
矛盾有些牵强。镜头还不错，像是《无间道》的复刻,3,窃听风云
确实有些虎头蛇尾,3,窃听风云
又一次警匪，又一个三人传,3,窃听风云
不那么好,3,窃听风云
悲剧,3,窃听风云
相比第二部，情节有点繁乱,3,窃听风云
看如何一步一步走向犯罪，看怎么无奈的卷入麻烦当中。港片里算水平还不错的片了~气氛渲染和剧情都还可以，感觉这个电影里的男人都很累，各种不停的麻烦，反正就是一部男人片。,3,窃听风云
三位主演不错。但是普通话配音版的台词实在乏味，剧情有些地方也欠缺点感觉,3,窃听风云
后力不足，虎头蛇尾。后半段成了单纯的动作片,3,窃听风云
都还好···,3,窃听风云
我果然是怪小孩......,3,窃听风云
三个男人一台戏，张静初很惊艳,3,窃听风云
7.5，这个是给没看过的港版YY的分，内地版最多7分,3,窃听风云
和我想的不一样。,3,窃听风云
港片复兴还有很长的路要走啊,3,窃听风云
还有点意思。,3,窃听风云
结局确实出乎意料，看了心慌慌的。,3,窃听风云
明显，我更喜欢2,3,窃听风云
吴彦祖。。。,3,窃听风云
分开以后看的第一场电影，难受，痛苦。,3,窃听风云
7.5分。就是细枝末节多了点，要不然会更加地精彩。,3,窃听风云
无论哪个时代，哪个地方，穷人的日子总是难过，人却总因贪念而一错再错，无法回头。,3,窃听风云
这片子一定是廉政公署投资的，太有警示意义了,3,窃听风云
没2好看,3,窃听风云
阿祖。。,3,窃听风云
实在一般。。。,3,窃听风云
不入戏,3,窃听风云
没多少悬疑成分。,3,窃听风云
难道《无间道》的风采真的回不来了吗？,3,窃听风云
一时贪念，尽毁一生。开头和结尾还是看到了点麦庄的影子。,3,窃听风云
这其实是我最喜欢的一种故事类型——几个好人为生活所迫于规则的漏洞之中寻觅好处几经危险逼近终而满载大洋而归。但是它缺少我最喜欢的故事结局——好人们带走了钱浪迹天涯皆大欢喜。它有我最讨厌的故事结局——正义终于战胜了邪恶这些人获得了惩罚，或是良心顿悟灵魂得到了升华。,3,窃听风云
刘青云又能拿个影帝了。,3,窃听风云
看了第二部才回头看第一部，又出现第二部强于第一部的系列电影了,3,窃听风云
可能因为第二部过于精彩，所以回看第一部反而显得单调和简单。《窃听风云》融合了香港电影经典的警匪和商战因素，三位主角的&#34;一次犯错”改变人生的模式也很常见，虽然不新鲜，但也有一种“闷头一击”的感觉。,3,窃听风云
好压抑。,3,窃听风云
阿祖就這樣以一個腳底板死掉了不給個交代真的好嗎老師…！大BOSS鋪出場有點晚了。,3,窃听风云
@XY,3,窃听风云
挺好看的~~,3,窃听风云
灵感来自于《窃听风暴》。唯一可能的突破点在于三人之间的张力和互动，可惜导演没有把握住。,3,窃听风云
非常难看   画面电视剧 配音很囧 剧情相当无厘头，最后半个小时上非常狗血 最后10分钟就是在玩借尸换魂,1,窃听风云
情色交易在哪里？。。。骗人。。。看得我好困。。。一点悬念都没有。配乐要人命。。。,2,窃听风云
往往人对欲望的挣扎 只会使自己越陷越深。。。,1,窃听风云
由于版本删减才斟酌不列入极差行列。,2,窃听风云
看过了。,2,窃听风云
绝对的虎头蛇尾,2,窃听风云
致命的逻辑理由不充分，死跑龙套的太多了,2,窃听风云
因为阉割版的缘故,1,窃听风云
再看不着清晰版的，我就冷了~,2,窃听风云
继续对此种港片没感觉，无聊的悲情,2,窃听风云
看着看着就睡着了,2,窃听风云
满世界都是耳朵，还有数不清的债。,2,窃听风云
比较无聊了，为了股市跳楼的，我想是真的,2,窃听风云
没看完就睡了,2,窃听风云
和期待中差距太大，完全不明了那些被震撼的人在哪被震了,2,窃听风云
好故事 却讲得一塌糊涂,2,窃听风云
港版没看过，大陆版只值一颗星~,2,窃听风云
秉承了香港电影的肤浅，粗糙吧你们就,1,窃听风云
狗血。。,2,窃听风云
很多情节都说不过去，不符合常理，整部影片一点悬念都没有,2,窃听风云
电影院看的 觉得很牵强 不知道是不是阉割版 ,2,窃听风云
山寨也无趣,2,窃听风云
港片真是什么题材都拍到山穷水尽了，这部纯粹是在追求剧情的新意。 ,2,窃听风云
挺没意思，对窃听这个行当深挖不够，也没曝出什么猛料来，主要戏份还是靠男女关系撑着,1,窃听风云
电影一般了，吹的太过了,2,窃听风云
这片还好意思拍第二部？,2,窃听风云
看的很不爽,1,窃听风云
"以小化大,一群13点",2,窃听风云
从前有三个商业罪案调查科的人，然后，然后就没有了。,2,窃听风云
反正就是不爱看....在电影院看的....感觉浪费,2,窃听风云
中国香港,1,窃听风云
国语配音惨不忍听，情节没啥意思。,2,窃听风云
去掉廉政公署，就是部NB片儿了,2,窃听风云
浪费型男,1,窃听风云
支线多，却不紧凑，集中点很散，几个主角很给力,2,窃听风云
看不懂,2,窃听风云
看国语阉割版是个最大的错误,2,窃听风云
求莫名堂！,1,窃听风云
找王敏德演反派大頭目是個亮點。,2,窃听风云
这个，哪好？,2,窃听风云
从刘青云跟廉署接上头后就剪得乱七八糟，好多镜头都语焉不详，很多地方看似很有悬念，但是没有铺垫突如其来的悬念只会破坏电影的流畅性。故事本来很不错，被后面毁了，也浪费了这么多好戏之人。不知道港版会不会好些。,2,窃听风云
看完让人没什么感触~就是感觉浪费时间在这部影片上了,1,窃听风云
开始还算有张力，亦正亦邪的转换也还有意思。但是后半部分真是一泻千里毫无逻辑可言。尤其是剧情转折就是靠女秘书在门口偶然瞥见三个警察。麦庄您二位是三集《无间道》的编剧啊，就靠这种毫无技巧的凑活事儿手段强行转折，也太掉价了。,2,窃听风云
很差,2,窃听风云
港片真是没有什么希望,2,窃听风云
剧本弱智出一定境界了,2,窃听风云
"I HATE motion pictures which start with rats, and none of them turn out to be good movie!!",2,窃听风云
香港电影这么多年也没太大进步,1,窃听风云
糟蹋了一群帅哥啊,1,窃听风云
这么个破片,2,窃听风云
时隔多年我只记得有一个恶搞视频，古天乐操着一口东北话说，给，这是我一个月的饭钱，全给我冲了Q币。Q是四声的，我哈哈哈的笑了=  =,2,窃听风云
偷情神马的。。。,2,窃听风云
很无聊,2,窃听风云
人物刻画还算深刻 剧情有点狗血,2,窃听风云
李欣姐姐拉着我去看的...,2,窃听风云
在喜剧 警匪 同志 情色 商业 爱情 亲情 恐怖各种题材间穿越的一部片子,2,窃听风云
   下面没有了 ,2,窃听风云
原来我看过一啊 所以二看不看的吧,1,窃听风云
煽情煽到我都抑郁了。,2,窃听风云
不幸看了内地普通话版本，气的只想死掉，情节给人的感觉就是丑人多作怪，well虽然我很喜欢刘青云，但里面的角色他就最混蛋了,2,窃听风云
不好看。窃听风云都没有展现出丝毫窃听的艺术感，仅剩窥私的好奇心。兄弟情？没看出来有多深。刘的性格太生硬;古的角色太夸张;吴的呢，太模糊咯。,2,窃听风云
没悬念的电影。,2,窃听风云
金融世界如战场一般血腥杀戮，但具体成这样子就过分了。,2,窃听风云
没落的港片,2,窃听风云
想快进,2,窃听风云
吴彦祖在里面很猥琐啊。。。,2,窃听风云
港剧为什么永远都要拍成这样，带点警世意味再加点人性揭露~真是没意思透了。。,2,窃听风云
这样做作又二逼的片子真叫人断了看港片的念头啊：（,2,窃听风云
结局并无新意，意料之中。,2,窃听风云
用一个半小时去试图讲那么多，然后就这样了,2,窃听风云
里面就没一个好人,2,窃听风云
无聊。。,2,窃听风云
剧情好平庸，演技没亮点，说到底就是没啥港片的感觉，包装的倒是不错,2,窃听风云
是有些道理，绝不能作奸犯科，剧情和人物不是很吸引我,2,窃听风云
更坚定了以后不看这样国产片的信念,1,窃听风云
拍得像一部不知所云，狗血喷头的港产电视剧...,2,窃听风云
好。。沉闷诶。。。。,1,窃听风云
港片完了,2,窃听风云
剧情太差了,2,窃听风云
"你跟阿春哥一样,都是一颗星的料",2,窃听风云
蹩脚的配音 剧情也没什么想看下去的意思,1,窃听风云
人为财死.,1,窃听风云
挺过瘾哇，编剧太学院，坏处是沾沾自喜以为各种巧合和节点设置的很妙，但编剧同志啊，那种不自然你自己真的已经看不出来了，麦潮辉和装文强是行活儿大师，人有个属性叫创造力和冒险指数，二老几乎为零蛋啊。国配真鸡巴烂，憋着看完啦～,2,窃听风云
看着有型的演员们演这么弱智的片儿真是折磨啊@北京-墨西哥城,1,窃听风云
失望啊,2,窃听风云
情节一般！！,2,窃听风云
看在刘青云的份上，给它2分~,2,窃听风云
什么都没看出来 失望,2,窃听风云
补档 赖在人家寝室蹭电影而被推荐的又一部。仍然觉得有种香港警匪片经典的自作多情和自以为是。,2,窃听风云
基本没看懂，故事没创意，关键情节交代得太匆忙，又是一部让我分不清谁是谁的闷片。港片学内地风格，两头不靠。,2,窃听风云
这么多名人，真是有点让人失望。。。,2,窃听风云
是我不好，我没有能够理解你,2,窃听风云
我真的不喜欢呢。,1,窃听风云
有点乱，节奏也不好，反正抓不住我，不知道哪里是亮点。,2,窃听风云
窃听风云说明贪小便宜吃大亏。小警察干不过坏蛋。坏蛋干不过党。,2,窃听风云
哎。,2,窃听风云
老题材。。旧结尾。。,2,窃听风云
太烂了,1,窃听风云
装神弄鬼，不知所云,2,窃听风云
真难看= =,2,窃听风云
"我还没晃过神,他就完了!",2,窃听风云
烂烂烂 就最后古帅哥的假手很个性 哈哈,2,窃听风云
09 08 02 cgv,2,窃听风云
弱智电影,1,窃听风云
没耐心看完，剧情太拖沓了,2,窃听风云
"比较失望.切入点很好.只是觉得如此豪华的阵容,应该比目前的好很多才是.",2,窃听风云
剧情上有硬伤 ,2,窃听风云
编剧应该多喝点儿乌鸡汤 补脑。,2,窃听风云
不知所云，莫名其妙，我同学说花钱看这个后悔死了。我真的难以想象现在把2夸到如此地步，可信吗,1,窃听风云
···和看完金钱帝国的感觉差不多，，之比它好一点点···,2,窃听风云
垃圾,1,窃听风云
这拍的实际么？唬弄外行的吧,2,窃听风云
好看么。。。,1,窃听风云
可怜的彦祖，为什么一定要演这种烂片。。。伤心。。。,1,窃听风云
搞那么离奇，的确是电影。BTW，我就是不带见张静初！,2,窃听风云
抱着期待看的，结果完全不知所谓。张静初那段戏删掉好嚒？,2,窃听风云
忘记了。。。。。。。。。,2,窃听风云
观影过程中我无数次暂停拔了眉毛去了死皮还顺带手的涂了指甲油又洗了……节奏是有多慢。,2,窃听风云
港片真是什么题材都拍到山穷水尽了，这部纯粹是在追求剧情的新意。,2,窃听风云
高级一点的圈钱片,2,窃听风云
情节与结尾都很莫名其妙。每个警察都挣扎在感情伦理与职业操守之间，最后都死掉算是对他们的惩罚吗？但是，无辜的其他人呢？,2,窃听风云
没看完……,2,窃听风云
没什么意思，不用看2了,1,窃听风云
确实有一种“诶？就这么完了？”的感觉，总觉得后面的故事发展得很怪异,1,窃听风云
懒得评论,2,窃听风云
反正我觉得很傻B,2,窃听风云
浪费时间。,2,窃听风云
很假 很幼稚 剧情弱 分枝多,1,窃听风云
只有古天乐演得好,2,窃听风云
纯粹对此类港片无感。拍得很流畅，但是太中规中矩，模式化，看完就忘。,2,窃听风云
我完全冲吴彦祖才给两星 什么莫名其妙的剧情!,2,窃听风云
真的不要在电影院看港片!很烂很浪费,2,窃听风云
张静初在港片里摸爬滚打也没混出个名堂来，古天乐在变态颓废这条路上越走越远,2,窃听风云
真难看,2,窃听风云
浪费我的电影免费票 ,2,窃听风云
是国语版的问题么？,2,窃听风云
惨,2,窃听风云
我为毛觉得此片一般啊,2,窃听风云
到底在演什么！不就是5年前的片子么，为神马可以差成这样，乏善可陈，草草了之。,2,窃听风云
时隔两年后只记得稀薄剧情的片子不会是好片子。,2,窃听风云
有点莫名其妙,2,窃听风云
这么多优秀的演员，这么多帅哥，这么多美女，却拍成这样。要剧情没剧情，连个高潮都没有，没高潮做什么爱嘛,2,窃听风云
警察要值夜班，好辛苦,2,窃听风云
前半部还能凑合看下去，后半部的剧情简直糟透了，烂的离谱,2,窃听风云
无聊啊。。。。浪费了我近两个小时的生命,2,窃听风云
很好的故事，可惜了。中间很多情节莫名其妙，说不通,1,窃听风云
有bug啊，怎么又销毁硬盘又向廉署坦白呢。,2,窃听风云
怪怪的感觉。,2,窃听风云
两星送给大陆版,2,窃听风云
男的各怀鬼胎，女的一脸怨念，情侣不像情侣，同事不像同事，没必要的情节太多～,2,窃听风云
为啥没有0星。。。,1,窃听风云
太烂了。,2,窃听风云
和朋友在电影院看的，觉得很一般。有点失望,2,窃听风云
窄肩膀一颗星，华星小皮椅一颗星,2,窃听风云
"还好,但是因为用无间道做广告,让我期待破表了,所以减一个星~实在觉得还好",2,窃听风云
好人hardcore模式，坏人easy模式外加game buster，制度导致好人很快死绝,2,窃听风云
古天乐都残了 ,2,窃听风云
山寨啊,2,窃听风云
居委会大妈的水准,2,窃听风云
看一半就看不下去了。,1,窃听风云
难看的一逼,2,窃听风云
天台戏,2,窃听风云
二逼片，who cares fucking insider trading,1,窃听风云
没1星这么烂，就是很不喜欢,1,窃听风云
烂片,2,窃听风云
吴彦祖靓仔,2,窃听风云
据说还有续集。。但是看了第一部真的不想再看第二部了。。,2,窃听风云
那剧情还是很poor的...,2,窃听风云
细节太多乱了,2,窃听风云
香港电影。。就这样了。。,2,窃听风云
鸟剧情。,2,窃听风云
吴彦祖很帅，张静初很漂亮，除此之外。。。Boring,2,窃听风云
一塌糊涂~~~跟韩片一比，港片可以彻底去死了~~~,2,窃听风云
哎！看了开头就知道结尾，没新意！,2,窃听风云
跟2比起来差了好几个水准,2,窃听风云
强大阵容，只是剧情太弱。人人都以为自己是钓鱼的人，结果，最后发现自己是鱼。,2,窃听风云
 普通观众已经能够糊弄了、、,2,窃听风云
凑合,2,窃听风云
本来就着这个题材，就着这些演员与导演能出来个好片的！,2,窃听风云
破，烂，恶心..,2,窃听风云
奸情挺多，还剩下什么,2,窃听风云
简直就是在侮辱人类的智商,2,窃听风云
没什么意思,1,窃听风云
没想到第一部的题材这么晦涩，虽然人物性格特征更加深入了，但总体观感来说没有了第二部和第三部的激情，整体节奏缓慢松弛一点也不紧张，正反人物的碰撞也没什么意思，最后驾车跳海还算是个卖点，古天乐真不行，演什么不像什么，其他人的表现还不错！,2,窃听风云
身为一部教育我们不能渎职的科教片 看起来挺不错的,2,窃听风云
很失望,2,窃听风云
巨没劲,2,窃听风云
都老了,2,窃听风云
三流半作品，明明拍成了《伤城》，还要冒充《无间道》，结果是四不像,2,窃听风云
结局好烂,1,窃听风云
怎一个俗字了得 ,2,窃听风云
完全不如宣传,2,窃听风云
开头让人昏昏欲睡。。剧情生硬勉强。我很同情吴同学。。帅哥和帅哥的家庭就是用来屠杀的么？,2,窃听风云
无敌烂片……,2,窃听风云
其实我是冲着刘青云走进影院的，片子拍的不错，但是看过之后心情真的是一蹶不振。感觉香港的警匪片都要一个“惨”字才算叫好。,2,窃听风云
充满了无数巧合的香港主旋律影片。阿俊那对儿实在不招人待见，雷的我想哭,2,窃听风云
完全是抄袭“玩命手机”，这样的电影，唉,2,窃听风云
期待越大失望越大？没看到什么出彩的地方。。。。,1,窃听风云
如果没有一袋袋的薯片和吴彦祖漂亮的脸庞 叫我如何打发这100多分钟的时光,2,窃听风云
合拍的味道就是不一样，为了河蟹。。。看过Laughing Gor之变节后觉得这部超级烂。。,2,窃听风云
2年以前看的我现在几乎没有任何印象了……,1,窃听风云
什么嘛,2,窃听风云
垃圾！商业都不够！,2,窃听风云
烂片。,2,窃听风云
完全是在半睡半醒间看完的，所以根本不算是看完的吧= =,2,窃听风云
给两颗星算多的了，糟糕透顶的剧情和演技,1,窃听风云
不知所云,2,窃听风云
被电影名骗了，还以为会好看,2,窃听风云
很普通，看过很久了，今天来评论甚至想不出什么情节,2,窃听风云
我对古天乐此剧中的造型无力吐槽……！！,2,窃听风云
我的Daniel 诶,2,窃听风云
尼玛没看懂 但是看到最后居然看到了 ……惊悚片- -！！,2,窃听风云
感觉剧情非常跳跃，而且一点都不连贯，不细腻~,2,窃听风云
真惨,2,窃听风云
情节设置过假了，挺失望的,2,窃听风云
[摇头],2,窃听风云
对这样的题材比较不感兴趣吧,2,窃听风云
本来能有点料，结果，毁了,2,窃听风云
我咋觉得无聊啊，难道我对港片审美异常了？！啊啊啊啊......@ @   以后进电影院看港片前要斟酌,2,窃听风云
不太喜欢,2,窃听风云
糟蹋这么好的演员，一点发挥空间都没有,2,窃听风云
2,2,窃听风云
本片告诉人们一个道理 不要靠内幕消息去炒股 会死人的啦。因为那个很拽的廉政公署官员和其相关剧情减一星,2,窃听风云
比谁更有型,2,窃听风云
说实话，最后的发展，让人感觉挺奇怪,2,窃听风云
扯,2,窃听风云
不太好,2,窃听风云
超级无敌大闷片儿一部，无聊到死,1,窃听风云
吴彦祖居然挂了啊啊啊啊啊啊啊啊啊！！！！,1,窃听风云
那个死掉的大佬好帅。。后见之明的故事桥段很蠢。。不过有几段戏很紧张，三个人躲追杀那一段，音乐配得不错。。。为什么要插入如此之多的温馨场景，没剧情实话讲好不好。,2,窃听风云
看了一半，感觉头重脚轻,2,窃听风云
没有看到高潮，高潮就过去了,1,窃听风云
YC  庆春,2,窃听风云
凑合。本子弱，一定要都查清了再死吗？唯一高潮就是让挖墙脚的装监控而已……,2,窃听风云
很SB的片子,1,窃听风云
没看完,2,窃听风云
故事不错。剧本和导演不咋样。,2,窃听风云
余味很糟,2,窃听风云
国防教育。。,2,窃听风云
我对国产片失望的开始就是这部片子了。。,2,窃听风云
剧情实属一般。。人物性格也马马虎虎。。,2,窃听风云
实在没得可看了，选了这么个玩意儿，抽自己……不过刘青云还是很帅的,2,窃听风云
太没想象力了,2,窃听风云
实在不好看,2,窃听风云
远没有想象中刺激，说教味太浓，线索不清晰~,2,窃听风云
电视上三代老帅哥操着标准的普通话感觉爆奇怪。。,2,窃听风云
很失望。,2,窃听风云
其实我还是震惊了,2,窃听风云
适合在影院看啊 不然真看不下去,2,窃听风云
烂，主要是失望。,2,窃听风云
一次失败的尝试。,1,窃听风云
不咸不淡 情节拖沓 有些画面放出来感觉只是为了凑时间,2,窃听风云
这就是个故事都说不好的烂片,2,窃听风云
相当一般,2,窃听风云
都不知道在说什么,2,窃听风云
稀烂。多一星给张静初,2,窃听风云
也许是我从中间开始看而且看的国语的原因。。。,2,窃听风云
没搞懂好看在哪里了。,2,窃听风云
真扯淡！！！,2,窃听风云
不知所云,2,窃听风云
这个故事有一种很扯淡的感觉。,2,窃听风云
不咋滴...,2,窃听风云
剧情糊里糊涂。我看的那一场除了我和我同学才4个人~~倒~~,2,窃听风云
白掏15块钱.幸好有人请客,2,窃听风云
不好看,2,窃听风云
没枪王好看,2,窃听风云
给人太多期待...其实一般，结尾太老套,2,窃听风云
烂片。,2,窃听风云
即使讲全了一个故事，也是个很不可爱很不动人的故事。,2,窃听风云
包袱抖的太差，结尾做作,2,窃听风云
现在香港电影越来越敢死人了,2,窃听风云
无趣,2,窃听风云
不太喜欢,2,窃听风云
看的都快睡着了，居然今年夏天还要出续作。,2,窃听风云
好吧，我承认我没看懂！,2,窃听风云
和风云2一样的，2,2,窃听风云
看什么呢？  港片哪去啦,1,窃听风云
old sky happy 别这么怂嘛。。。,2,窃听风云
空洞+1,2,窃听风云
只是不喜欢这种剧情，让人看了反感,2,窃听风云
全死了~,2,窃听风云
不是很喜欢的感觉。有点过的情节。反正没看出头绪。,2,窃听风云
无聊。,2,窃听风云
剧情有些不明不白的。,2,窃听风云
单薄,2,窃听风云
难看死了,2,窃听风云
不置可否,2,窃听风云
4/10,2,窃听风云
在飞机上看的，看过就会忘的电影,2,窃听风云
本来以为是一部类似无间道的谍战片，谁知道这么婆婆妈妈，磨磨唧唧！主线剧情本来就不丰满，还讲了一大堆没用的，情报科那两个有一腿的男女对剧情有什么作用？刘青云与上司女友和古天乐癌症的矛盾也不突出，吴彦祖的线更是一塌糊涂。要剧情没剧情，要案件没案件，古天乐演什么都跟精神病似的。,2,窃听风云
好难看,2,窃听风云
去~~~~~~~~你大爷的。。。。。。。,2,窃听风云
...,2,窃听风云
我觉得是烂片，当年期待很久的吴彦祖古天乐和刘青云同台，后来让我失望很久。,2,窃听风云
像天堂口一样，很久没看到吴彦祖的好片了,2,窃听风云
忒惨了 别人的媳妇动不得,2,窃听风云
螳螂捕蝉，黄雀在后。,1,窃听风云
焦点模糊 帅哥迟暮 没技术含量,2,窃听风云
就是不喜欢古天乐   ,2,窃听风云
不值得去电影院看的电影 虽然有中青老三代帅哥 但剧情很乏味 只是电影名字起得大气罢了 ,2,窃听风云
垃圾，垃圾，垃圾，免费的电影票，看的时候完全被shock到了，不明白大家推崇它什么。唯一值得纪念的，是和毛毛同学第一次看夜场电影,2,窃听风云
2比1好看,2,窃听风云
"烂片一部,情节简直乱扯得一塌糊涂.就这片子还嚷嚷着拍续集,港片完蛋了.那个演廉政公署的演员是不是脑子有毛病啊,人家是投案自首,他一开口就恶声恶气,天天瞪着刘青云跟人家杀了他老爹一样.一星纯给三位主演",1,窃听风云
港片头重脚轻的毛病不是一天两天，总从广电找原因略醉。野心大于驾驭能力，前段铺陈完备之后立刻草草收场，惨烈的视觉冲击让人觉得乏力卖弄，古天乐门徒之后小混混路上一去不复返。,2,窃听风云
偶就不明白这片子哪里好看了，着剧情。。。,1,窃听风云
没意思，贪小失大都是因为,2,窃听风云
木有看到高潮！,2,窃听风云
完全是冲着两大帅哥去的结果大失所望……故事太烂了……,1,窃听风云
只有吴彦祖帅而已，看的时候整场就5个人,2,窃听风云
烂片,2,窃听风云
编剧在告诉我们什么？,2,窃听风云
话说这是一部色彩刻意浓重的诙谐剧。原来警察叔叔也炒股票哟。,2,窃听风云
情节较为拖沓，完全是明星效应,2,窃听风云
跟2比起来。真是没有剧情。。感情戏过多。。。不够精彩,2,窃听风云
前半段拍的特别好，特别是人设那一块，印象最深的角色就是悲剧的古天乐了，其次是平时看起来很精英却会一下下狠手的吴彦祖。可是一过了后半段都不知道在讲什么,2,窃听风云
我真的完全放弃港产片算了。。。,1,窃听风云
没我想象中的好看，不知所云...可能是很长时间没有看过香港的电影了,2,窃听风云
无聊的一B,2,窃听风云
窃听，无处不在。,2,窃听风云
混乱的情节，不推荐,2,窃听风云
真烂,1,窃听风云
烂片,2,窃听风云
烂..现在港片太烂了...,2,窃听风云
说实话看不太下去，有点小题大作。。,2,窃听风云
呼和浩特新港。m,2,窃听风云
应该叫：炒股害死人,1,窃听风云
"影片完全比不上阵容.只记得看到最后时,古天乐的笑和惨叫让NickLee以为我在看鬼片...",2,窃听风云
剧情不好。浪费了这阵容，可惜了期待(⊙o⊙)…,2,窃听风云
三个失望的角色,2,窃听风云
总觉得不太喜欢这种警匪类型的片子……,2,窃听风云
本来可以不沉闷的片子把它拍的很沉闷了 。。,2,窃听风云
"生气,害我这么期待的跑去电影院看,没有好编剧,其他再好,也没有",2,窃听风云
看的我比较郁闷,2,窃听风云
我怎么没体会出好来？,2,窃听风云
看的都要睡着了,2,窃听风云
大家的演技都一般,2,窃听风云
结尾莫名其妙。。,2,窃听风云
没想法。,2,窃听风云
对于国产片感觉一直很一般......这是在电影院看的，感觉没有宣传的好看，比较一般........,2,窃听风云
逻辑不通，一个男人干到刘青云这样可以不用继续了,2,窃听风云
不得不承认 在现在的港片里这可能还算是好的 可见现在的港片有多烂 没事最好别看,2,窃听风云
挺无厘头的烂片,2,窃听风云
看在吴彦祖的脸的份上，多给一颗星,2,窃听风云
古天乐角色塑造太狗血了,2,窃听风云
炒股跳楼，小职员想翻身。最厉害的是三部曲随着时代再递进。,2,窃听风云
不喜欢,2,窃听风云
熟透了的题材，撒网大了收不回的剧情。我欣赏不了。,2,窃听风云
我的评价怎么这么格格不入。。可当时就是觉得不怎么样。。,2,窃听风云
免费却也觉得很浪费时间。不知何所云，只缘吴彦祖。哇哈哈！~~,1,窃听风云
和想象不一样····失望了,2,窃听风云
好的电影不只是故事情节~而是演绎和叙述的方式能否打动你~,2,窃听风云
香港电影这一代的通病就是格局小 但还不愿意承认 非得起手把一些邻里口角的鸡毛蒜皮弄成影响外星人入侵地球的本源 所以之前总觉得 哇 开场不错啊 村儿里造的炮要打出银河系了 打着打着 发现原来银河系外的boss是隔壁村儿放牛的 了解了彭胖子之后再看港片儿 没有期待之余 发现 嗯 蛮好的 挺顺畅的 赚钱,2,窃听风云
三個中年老男人，實在沒什麼好看的,2,窃听风云
其实不怎么样,2,窃听风云
浪费时间，垃圾片,2,窃听风云
不喜欢……,1,窃听风云
支离破碎的剧情和毫无意外的结局。,2,窃听风云
低估观众智商,2,窃听风云
吴彦祖死的样真叫一柔弱,2,窃听风云
整部电影看的我昏昏欲睡，一出电影院却心跳翻倍。,2,窃听风云
看了窃听风云，就没什么不敢看的了,2,窃听风云
毫无感觉＝＝还看睡着了,2,窃听风云
什么破玩意....都是花瓶!!!!!!,2,窃听风云
拼凑的无厘头剧情大洒狗血。,2,窃听风云
垃圾,2,窃听风云
无论表演还是剧本都别扭,2,窃听风云
真沒勁。。。白瞎我70塊錢,2,窃听风云
好久没有看过这么过瘾的电影了,2,窃听风云
帅哥们都老了，剧情经不起推敲,2,窃听风云
几个帅哥，老套的故事,2,窃听风云
这一颗星送给广电总局，谢谢你们全家。,2,窃听风云
没觉得精彩，故事情节不知所云,1,窃听风云
股市有风险！入市需谨慎！不要多管闲事！,2,窃听风云
绝对一脑残片，看了绝对不想续集,2,窃听风云
乏味啊,2,窃听风云
完全抄袭,2,窃听风云
情，利。,1,窃听风云
金牌合作也有失手,2,窃听风云
剧情好弱。,2,窃听风云
看时我一直觉得我看过，港片的雷同度到达一个新的高点。,2,窃听风云
没想到差到这个地步~~,1,窃听风云
幸亏没去电影院看,2,窃听风云
偷听到股市上涨,2,窃听风云
我想说我看不懂到底在讲什么。很不喜欢古天乐这个角色定位和造型。,2,窃听风云
非常好看，线索繁杂，温情满满。,5,窃听风云
阿祖既想要钱又想让几位大佬入狱，但也用不着这么麻烦吧。,2,窃听风云
主要是很失望，所以打一星,1,窃听风云
真难看啊，拍的乱七八糟,2,窃听风云
本以为是警匪片其实只是生活剧,2,窃听风云
古天乐吴彦祖。作为一部商业片，已经有卖点了。,2,窃听风云
觉得很一般，结局太草率。,2,窃听风云
香港电影为什么不能像TVB电视剧那样弄点更生活化的题材,2,窃听风云
期望越大，失望越大,2,窃听风云
劉青雲實在是太讓我失望了 不是演技不好 而是戲肉太勉強,2,窃听风云
没预告,1,窃听风云
真心没觉得好,2,窃听风云
剧情太扯淡了~~ ,2,窃听风云
"感觉是对的,但是编剧实在太一般.",2,窃听风云
莫名的结局,2,窃听风云
期望越大，失望越大，不是一般的烂,2,窃听风云
对着阵容，还是蛮期待了，结果在电影院里看了还真是有点失望，前面太拖了，后面结局有点草率，就如在平缓的波中突然来了个脉冲，然后消亡……,2,窃听风云
没看出什么新鲜的东西...唯一好看的是张静初,2,窃听风云
完全是冲着古天乐和刘青云来的，结果。。。。完全没有想象的惊喜，事情的前因交待的也很不清楚，有些失望。。。。,2,窃听风云
结局好潦草。,2,窃听风云
我真想给两星半，因为吴彦祖太帅了……,2,窃听风云
这个，和无间道，我都看得没什么感觉，剧情我都懂，但就是觉得叙述很平淡，一点都没有力度，总觉得是假装深沉，一点味都没有。,2,窃听风云
除了主演三帅，其他没看头。,2,窃听风云
无话可说了,2,窃听风云
盗版国外的电影,2,窃听风云
2.9,2,窃听风云
拍的跟TVB连续剧一样感觉，可能花钱去电影院看的话会不一样？反正在家下载看的，没什么意思，其中有些情节不是很懂，看完了也不想去弄明白了。但是三位主演的演技，值得赞一下。不愧是老演员！！,2,窃听风云
真是惊悚！帅哥们都阴暗的死去了,2,窃听风云
看过的电影中很少会给那么差的评价。但事实就是很无趣的一部电影。,2,窃听风云
很想打一星，但我的一星只留给顶级科幻《苏乞儿》,2,窃听风云
凑合。古天乐演技令我失望了。,2,窃听风云
无起伏 无节奏 无亮点,2,窃听风云
我其实蛮无语的。。。庄麦二人既能写出无间道。。。也能写出这样的莫名其妙的剧本。。。。。,2,窃听风云
浪费演员阵容~,2,窃听风云
经不起推敲的片子，就是几个演员作秀,2,窃听风云
故事很乱，无聊……,2,窃听风云
后期残暴滴很莫名其妙,2,窃听风云
被看,2,窃听风云
没意思,2,窃听风云
挺烂的！,2,窃听风云
一星給帥哥,2,窃听风云
剧情简介太雷人了，很适合深夜寂寞xunlei之自己电脑上看看就好,2,窃听风云
没有特别吸引我的地方，配乐也不好，剧情也没有高潮。总之就是期望过高。,2,窃听风云
啥呀，不喜,2,窃听风云
实在都是好演员，被麦导糟蹋成这个样子……,1,窃听风云
情节不好，演的不好，没有存在价值,2,窃听风云
讲男人活着怎么不容易的故事,2,窃听风云
真的一半，从头到脚好像没有情绪的变化，古天乐现在是越发坚持演技派了,2,窃听风云
悲剧。,2,窃听风云
前面有点意思，中间索然无味，后面突然没有了。。。。失望啊失望。。。远不如2好。。。鉴于没有关联，建议跳过这部直接看2,2,窃听风云
拍得算很水了，最后的情节比较无聊。,2,窃听风云
剧本是硬伤啊。。。浪费整个班底  ,2,窃听风云
失望,2,窃听风云
虽然等了很久  但是很失望的一部电影  归根来说  这两个导演导出来的东西都不看好,2,窃听风云
基本不好看。老话说：人总是为一个谎而编制很多谎。这个故事教育我们，如果你犯了一个错，那你还会犯很多错，总之最点背的就是你，所以，不要犯错就好了。,2,窃听风云
看不下去,1,窃听风云
新界风。。,2,窃听风云
满世界都是耳朵，还有数不清的债。,2,窃听风云
挺普通的（关键是我期望值太高了）,2,窃听风云
我觉得不好看,2,窃听风云
啊啊啊啊啊啊啊啊啊，明明就是教育警察的，又是婚外情，又是第三者，压抑的情节，痛苦的场景~~~直接导致我看到一半就像逃掉！早知道就应该！@#￥%……&amp;*（）——,1,窃听风云
我无法理解这个片子好在哪,2,窃听风云
结尾扑街啦,2,窃听风云
什么香港电影的振兴之作？ 扯,2,窃听风云
= =刘青云够了。。,2,窃听风云
1比2差的，还真不是一点半点,2,窃听风云
这类港片 然后那些个老脸 实在是 欣赏无能,2,窃听风云
两个主角好像突然间全残了死了~~~从经典的港产警匪片好人一直不死过度的太快了，受不了了了.....,2,窃听风云
没有性，哪怕是这个词，是不是电影真的就没有爆点了？？？一堆所谓的名人的堆积，我像更是一种视觉疲劳吧，没有看完的原因是真的看不下去！！！,1,窃听风云
与真正的大片有差距。,2,窃听风云
"想不通怎么大部分人都给4颗星推荐的.都是会演的熟面孔,但最后我都快睡着了.整体感觉剪辑混乱粗糙,情节没起伏,古天乐残了",2,窃听风云
看了20分钟，果断放弃，电影越来越难看了,2,窃听风云
很久以前就听过这个电影，今天终于找机会看了，没觉得多精彩，死气沉沉的感觉，没什么亮点，方中信在里面饰演的角色太倒霉了。,2,窃听风云
有点无聊～节奏有点慢～,2,窃听风云
一般,2,窃听风云
我这是看了个啥？？？？我是不是下错版本了？？？？？？？剧本太尴尬了吧 感觉和预期不是很符合,2,窃听风云
..,2,窃听风云
给我看困了,2,窃听风云
"索然无味,对比了内地和港版的差别,依然没有让我觉得有给3星的理由,不知道5星是哪里来的?",2,窃听风云
好无聊的故事 好帅的吴彦祖- -b,2,窃听风云
不好看= =,2,窃听风云
刚在CCAV6看了，剧情相当摸不着头脑，加上没有字幕的关系，完全荒诞掉了。人物关系没有交代清楚不说，故事都没讲明白。导演拍的不是电影，是寂寞吧？,2,窃听风云
情节安排过于仓促，很多细节无法自圆其说。,2,窃听风云
不好，结局太悲了，搞得心情很差..本来想听那首最近很爱的主题曲的，结果还没有！,2,窃听风云
比想象中的差多了，情节前后连接的不清楚，结尾又太快，这样就一年后了？,2,窃听风云
看多了此类片，觉得很无聊！,2,窃听风云
故事既弱且散，唯一好玩的是古天乐开国语,2,窃听风云
演员都是好演员，但就是不觉得好看。,2,窃听风云
没意思，还以为是像无间道一样的警察抓坏人，结果搞了一个警察就是坏人的故事。无趣且没看懂。,2,窃听风云
同类型片子太多 剧情发展进度和人物智商成反比 没什么感觉。。。,2,窃听风云
