第21届香港电影金像奖最佳影片、最佳导演、最佳男主角,4,少林足球
一部让我从头笑到尾的作品，太可乐了,5,少林足球
  你是让我在难过的时候，唯一可以开心的理由，不过你的电影总是结局完美，好羡慕。,5,少林足球
星爷的《少林足球》除了为他赢得无数褒奖外，最大的贡献就是推出了陈国坤。除了自己在海报中致敬李小龙的形象，黄色连体衣、大墨镜、神似的动作和神情。在最后，更是向被抬下场休息的“小龙”说出：“你只是人离开，精神永远都会在这里”的台词，李小龙的骨灰级影迷非星爷莫属。,5,少林足球
火星人理论的源头,5,少林足球
在赵微面摊前的那段歌舞很精彩。粤语版尤其好。,4,少林足球
周星驰的电影最喜欢这部啦，真是百看不厌,4,少林足球
人没有理想就和咸鱼没什么两样。,5,少林足球
用多说吗?,4,少林足球
原来我早期看的版本被删了这么多。。。近来周星驰的话题被炒热，给了我重新品味偶像的机会，也的确有了与十年前完全不同的体验，不变的是最后一球的感动与震撼，少林足球在大陆被低估了，它完美地延续了喜剧之王的小人物拼搏、初恋与老电影情结，甚至还有超越，时隔多年，最戳我的是破鞋的爱情,5,少林足球
《功夫》和《少林功夫》真的是被低估的两部片子，现在再看里面很多桥段仍然是非常经典，向星爷致敬。俩人在酒吧唱歌那段差点没笑哭我。,5,少林足球
小时候看只记得特别搞笑，长大后看见了小人物的辛酸。,5,少林足球
将搞笑进行到底.,4,少林足球
这是讲成功和商业运作的。印象最深的却是一个不经意的情节：如花给赵薇设计新造型，惹来周星驰李力持他们拍桌狂笑，赵薇丝毫不腼腆，跟着一起笑，他们嘘她，说：再来一个，再来一个！赵薇忽然脸色煞白，窘迫的一把推开周星驰，一个人在旁边哭泣。我明白那就是我们双鱼座的可怜的自尊心。,4,少林足球
7.6；假球、黑哨、赌球一应俱全的China Supercup,5,少林足球
这辈子看过最多次的电影，国语粤语日语英语导演音轨版都看过。该片真实评分起码9，少的1.7就是豆瓣众不懂装懂的媚雅媚寡分。,4,少林足球
标记。人没有理想，和咸鱼有什么区别。,5,少林足球
看过的最早的周星驰主演的电影，真的很经典，里面的那句经典台词，人如果没有梦想，那跟咸鱼有什么区别，令人充满斗志和力量，赵薇和周星驰的组合令我眼前一亮,4,少林足球
又是部大爱的经典，完成度很高的一剂火一般热血的激素，而且漫画感很强，多少为《功夫》打下了基础。其实它与《喜剧之王》是相似的，甚至在小人物的梦想方面由一个人的梦想去到了一群人的梦想，很少有人能讲着普通的话却做到既激励人又不别扭，他做到了。一个不止于小人物的小人物，已不仅仅是小人物了,4,少林足球
"剛剛第七次入場看--2019.3.2下午3時 太古城戲院----卻看得有點悲傷---有個戴貝雷帽仙氣的女孩和我同地鐵來看這部名片.....榮幸!!!------十分過火的熱血片,  沒有夢想同條咸魚有何分別傳誦至今,  當年我先後6次入電影院看這部,  是我入電影院看次數最多的一部,  回頭看, 缺點不少,  但用一股熱血補回...",5,少林足球
十多年来第二次完整重温，以前没注意到是在珠海拍的，不违和。感觉周后面几部电影中的爱情表达都是在给现实say sorry。比较让我不舒服的是类似头顶内裤的部分，《功夫》也类似，也是一种扭曲的夹带私货。不知道他镜头怎么分的，有些调度很牛。,4,少林足球
正值世界杯，在动车上重温了星爷的这部经典之作。原来有很多梗都出自这部电影，创造力、影响力真强！几年前看的时候，更多的是笑，而这次，现实、思考、励志、致敬成分更多。放到现在，至少三五十亿票房吧，豆瓣竟然评分这么低……,5,少林足球
同二十年前一样，强雄再耍阴招令“少林队”节节败退，关键时刻，阿梅现身,4,少林足球
港台佳作069.飞机上重温，看过无数次仍旧会笑出眼泪，坐在旁边的不认识的乘客看着字幕也会笑，这就是经典喜剧的力量，很大程度上对于剧作本身已经有了无法改变的印象，能够挖掘的是很多心思与小幽默，不得不说，星爷在这方面做的真好。再加上这一部黄英华放了大招，将音乐与场景的燃配合的恰到好处。,4,少林足球
在周星驰的电影中，任何一个群演或配角都让人过目不忘；最大的亮点莫过于赵薇的压轴出场，气势如虹、坚不可摧、所向披靡，带领整个队伍成功翻盘，延续了周氏无厘头喜剧一贯的励志主题，即小人物的逆袭。从很多细节可以窥见，周星驰对于小人物的包装前后有着非常鲜明的反差和对比，比如那双被赵薇缝补的鞋，出场的时候自带贫民窟的属性，结尾则是跨越阶层后的无限荣光，也从另一面透露出周氏无厘头喜剧背后的辛酸，它带有励志的色彩，也是笑过之后有一丝感伤的童话。,5,少林足球
最近一直找以前看过的看电影来看，基本上都能不快进的看下去，尤其是周星星的电影，都看过那么多遍依然看得下去。,4,少林足球
星爷和赵薇，莫名的和谐,4,少林足球
小时候印象最深刻的大概就是赵薇的光头造型了。做人如果没有梦想，那跟咸鱼有什么区别。依旧是周星驰演绎的小人物励志故事，看得出来他对武术功夫的热爱，以及对偶像李小龙的致敬与崇拜。,5,少林足球
最近一段时间把周星驰的片子重新回顾了一下，有人评价说他的无厘头是有剧情衬托的，所以才引人入胜。,4,少林足球
做人如果没梦想，那跟咸鱼有什么区别？许多年后，当我们与青春渐行渐远，西装革履也好衣衫褴褛也罢，脱发严重或是大腹便便，是否还能因为梦想燃气心中的火焰？星爷想告诉我们的，无非就是永远不要熄灭那团火，这才是我们活着的意义。最后决赛简直燃到让人想哭。《少林足球》诞生于足球热潮席卷全国的年代，很好地迎合了社会热点和观众兴趣，是商业片取得成功的典范，而和近来一些电影不同，《少》不纯粹蹭热点，它本身的制作质量和意义输出也不容小觑，多年之后拿来再看，它依然是一部好电影。影片公映次年，中国国家队凭借小组头名的成绩昂首出线，再一次把国民对于足球这一运动的热爱推向高潮，从那之后将近二十年过去了，世界杯也踢过了四届，可是国足自那之后便一蹶不振，我们也再拍不出这样的喜剧电影了。最后，阿梅去的美容店可以介绍一下吗，想去,4,少林足球
本来觉得过于夸张，但是看到星爷鼓励阿梅那一段真的莫名感动，一部好的电影就是这样包罗万象，处处体现着对人的关怀,4,少林足球
原来不懂周星驰，觉得无厘头搞笑一点都不好笑。可是现在，部部影片都能击中我的泪点。,4,少林足球
这什么情况 如此佳作居然只有7.1分？看来2001年左右的港片能被内地欣赏的真不多 别的不说单说想法 动作设计和特效 哪个不是放到今天依然碾压同类的？这是星爷作品里描述友情最让我感动的一部 那些年跟你一起踢球的兄弟 难道你们都忘记了吗？,5,少林足球
也许观众总会从特定某一部电影开始喜欢上周星驰，没想到我的是这部。尽管你是捡破烂的、杀猪的、跑龙套的，而你的对手如此强大到几乎不可能战胜，你仍然能够凭借你的才华、勇气与永不放弃的梦想战胜他。最后主角总会取得世俗意义上的成功，抱得美人归。当然这个过程会无比曲折。,5,少林足球
"原来星爷电影里的尴尬流演法从那个时候就有了(破涕为笑)(破涕为笑)(破涕为笑)PS最近老被“魔幻大片”预告刷屏，可是看完《少林足球》发现现在国产电影的特效比十几年前真没进步到哪去，求求你们先好好讲故事好吗！",5,少林足球
有没有被赵薇的造型雷到,5,少林足球
用好笑的方式推开一扇悲伤的门。,4,少林足球
周星驰说要对你自己有信心，你是最好的。周星驰说人要是没有梦想，跟咸鱼有什么区别。周星驰说功夫跟足球结合，有搞头。应该说少林足球相对于其他作品而言，笑点要少一些，但他一贯提倡的梦想，自信，拼搏，永不言弃的精神始终贯穿，当年在香港金像上大获全胜，实至名归。赵薇的加入，起到了意外之效果,4,少林足球
9.0/10 分。2018.01.27，重看，113 分钟蓝光版。娱乐性很佳。发现这应该是周星星同学第一次大力引进了各种特效，以前都是少量，多用表演和台词取胜。。。《少林足球》应该算是《功夫》的前传了，可以看到各种功夫和喜剧元素都在《功夫》里重新升华了。。。,5,少林足球
人如果没有理想，跟咸鱼有什么区别！周星驰的配音是星爷大陆受欢迎的4成原因。我一秒钟几十万上下，地球不适合你还是回火星吧，研究僧。,4,少林足球
一门境况凄惨、没拿到教职的生化狗在一个tenure穷途末路的老板组织下成立了全国第一的实验室：想想就知道只是鸡汤而已，不可能实现的咯。,5,少林足球
风格上已经有功夫的雏形了。可以让普通观众和球迷都看得热闹开心。前面爱情讲的还是那么动人，可惜最后没有把感情线续好，直接一场比赛了事。吴孟达这个角色作为引路人，救赎的戏份可以再深一点，比赛的时候除了欢腾搞笑可以稍微加一点门槛比较低的攻防技战术，毕竟前面也说了足球不是一个人，但好像最后比赛还是更多靠个人能力解决问题。,4,少林足球
跟我学中文的小姑娘最喜欢的中国电影，卧槽美国的高中你放电影还真是没节操,4,少林足球
现在看，依然能够笑，不过想起，这是星爷和达叔这对华语电影最出色的男性搭档的最后一部电影，于是就凄凉了起来。,4,少林足球
“做人如果没有梦想，那跟咸鱼有什么区别？”二十多年周星驰来给我们奉献了太多经典流行语。少林功夫和足球结合真是有创意。吴孟达真的好适合演这种低层窘迫小屌丝。李卉好sexy好漂亮！！可惜出场戏份太少了！！！当年还是小鲜肉的林子善好鬼帅！！！赵薇“变美”后的妆容丑得令人作吐，光头假到不行。,4,少林足球
星爷独立导演的第一部，还记得横扫金像奖他意气风发的样子。致力于用喜剧讲一个特别悲伤的故事，让丑变美以弱胜强，用功夫包装世界杯的足球热点拍摄罕见的体育题材，内地拍摄弱化地域广告植入特效运用给低迷的港片指引北上的路线以期重振辉煌，可惜少林寺不满大陆没上映，每次重看观感上升，百老汇粤语,4,少林足球
无厘头哈哈哈，太搞笑了 。,4,少林足球
虽然感觉这部作品不像他之前的作品那么好笑，而且过度的依赖特技也有点不像是传统的功夫电影，但是从中对理想的阐述与表现却是本片的亮点及让我非常喜爱的部分,4,少林足球
最后一球毁了球场！要是每场比赛都要付出这么大代价的话还是不要踢啦！（ps:赵薇火星人头型让人印象深刻）,4,少林足球
"把足球结合功夫,光是这个创意就很赞!星爷就是星爷,虽然比起他早期的作品,搞笑的程度有所不及,但也还算是一部佳作了!",4,少林足球
这部电影只有7分多？？？EXQS ME???,5,少林足球
这个周星驰的创意想象力的爆发力比《功夫》要好！,5,少林足球
《少林足球》之后周星驰再也不做爆笑喜剧了，这几乎是改变中国电影史的选择，其实有迹可循，《少林足球》最后一幕大海报上写着“少林足球队再勇夺保龄球冠军”，哈哈哈哈，这这个转变算是喜剧大师身体力行地践行喜剧吧。,4,少林足球
与时俱进的周星驰,4,少林足球
周星驰独立执导的首部作品，超多的经典台词，经典人物，经典桥段。励志，爆笑，还有很多可以回味的细节。缺点也很明显，配角很有特色，但只是搞笑而已，和星爷飙戏几乎没有，人物刻画显得单薄。刻意制造笑料的痕迹也比以往明显，有些场景之间衔接有问题，整体看来略显呆滞了！,4,少林足球
和妈妈一起在电影院看的。出去看电影的话，如果身边是同学，则去装潢很漂亮的影城，但如果身边是妈妈时，就只能去简陋的还是木制椅子的旧电影院，妈妈对于票价的关注更高于对于影片的关注，在电影院里的90分钟也因为纠结票价的存在，而依旧没有使她离开生活的嘈杂。,4,少林足球
这部电影很有看头，周星驰总是极尽搞笑之能事，可是，总让人笑得不舒服。,4,少林足球
记忆中的最有创意的电影，根据这个创意其实可以拍出更好的电影，但居然诞生了画虎不成反类犬的奇葩片《大灌篮》，真替“大灌篮”的编剧感到羞愧！值得一提的是，接住球后阿梅和金刚腿的相视一笑確實感动,5,少林足球
貌似赵薇算不上太多戏份，不过这部电影应该是周星驰电影的一个分界线了，此后周星驰的电影的幽默风格就大大地减弱了，换种说法，周星驰的电影更注重包装和场景，对于内涵以及品味就大大地降低了。,5,少林足球
第一次看乐的受不了，而且电影特技也让我看到中国电影的崛起，星爷又一次站在前面领着我们向前走,4,少林足球
从小到大周星驰的片子看多少遍还是会笑翻。到底是我笑点低还是他太好笑并不重要。重要的是喜剧能有喜剧的效果就是成功。,4,少林足球
"前两天看This is it,发现周星星在里面跳舞的一段是模仿的MJ的",4,少林足球
这部的话，其实没有看很多遍，找不回80年代那种感觉了,4,少林足球
"2001年在亚洲，欧美等地上映，红极一时，好评如潮，票房口碑双丰收，仅香港就取得6,070万元的票房历史最高纪录并保持了多年记录。周星驰获得影帝等香港电影金像奖7项大奖，金紫荆奖3项大奖，日本电影蓝丝带大赏最佳外语片，赵薇获2010年美国MTV电影世界杯阵容最佳守门员,参展11个国际电影节，享誉国际",4,少林足球
诶哇，超级好的吧，去影院里看的羞羞的铁拳夸大了都不及这部片子的五分之一,4,少林足球
21世纪的星爷电影里感觉苍老了许多，把少林跟足球结合在一起，无厘头经典,4,少林足球
十几年反反复复看。普通话版会神韵尽失。周星驰故意设计了一个雷州半岛口音或者广西口音的粤语。只要他能掌控一部片子，他总要牢牢维护着那些非成人世界里的东西。只要心灵老一点，累一点，倦一点，疲于奔命一点，不再那么敏感一点，你就不太会被击中。但这么多年下来反反复复，我还是能被击中。是我一点进步都没有吗？,5,少林足球
连五音不全的酱爆都没有放弃心中那一团伟大作曲家之火，大师兄，你也行滴！我们一起爆吧！继喜剧之王、国产007之后，少林足球完全有资格在我的榜单里进入前三甲。,5,少林足球
星爷重招各师兄弟时的无奈心情，总是时不时就让我心酸一把••,5,少林足球
阿星帅到掉渣！！！良心特效加良心功夫！演员们都辛苦了！看着大师兄的头都好疼=_=好多致敬的地方！很多老梗出处！盲僧舞新知识get✓星爷的国语真是好萌ㄟ(￣▽￣ㄟ)原来里面还有陈国坤~小时候常看李小龙传奇！喜欢最后那个人人都有功夫的世界！我不寺咸鱼！我寺火星银！23333,5,少林足球
我认为周星驰在开始不久，于运动品鞋店的橱窗外望着高档球鞋苦笑的表情，是作为观众的我第一次感到星仔老了的时刻,4,少林足球
当你的理想不值一文，且落入底层，是否会想起《少林足球》的五师兄坚持功夫与足球，最后崛起？,5,少林足球
我喜欢周星驰的每一部电影。,4,少林足球
https://movie.douban.com/review/8166565/,4,少林足球
应该说是周星驰开创了用功夫＋特技＋搞笑的港片新类型，之后的功夫也是这样的电影，这部电影的特技和搞笑结合得很好。,5,少林足球
水分太多了，豆瓣的二逼青年们都不看细节！不挑片子好的说专门找茬！,5,少林足球
假球、黑哨、赌球，功夫，黄金右脚。。。之前因为被设计陷害痛失冠军  吴孟达邀请星爷组建少林足球队上演一场精彩的少林足球  报仇雪恨  同时星爷也抱得美人归。。。片子最经典的台词——做人如果没有梦想，那跟咸鱼有什么分别？,5,少林足球
回头看看，周星驰真是什么类型的片子都尝试过了啊，这部热血梗，一路打怪直到成功，看开头就知道结尾的片子。那几年周的电影完成度真高啊，表现没有理想跟咸鱼有什么区别的同时，还能兼顾到爱情，以及爱情的百转千回。到《美人鱼》时代，同唱一首歌就相爱了……要看113分钟版本啊。,5,少林足球
"食神,喜剧之王,少林足球,哪部才是 周星馳的转折点?",4,少林足球
与其说是喜剧，不如说是略带搞笑成份的励志电影来得更为确切．,4,少林足球
其实最让我喜欢的依然是小人物的心酸和奋斗。,4,少林足球
带阿梅去商场那段蹩脚的普通话却帅爆。还有那首搞笑的少林功夫歌。动作场面很帅。,5,少林足球
周星驰的电影，看似无厘头，却都隐含深意。小人物的艰辛与挣扎，人与人之间的温情与爱，虽然不尽像电影这般美好结局，却也真实存在、不可磨灭。,4,少林足球
多年之后重看高清版，影片的细节很清晰，演员的眼神是本片的一大亮点或者是过去没有注意到的，搞笑之中还是能给人淡淡的感动。。。,4,少林足球
超喜欢阿梅，超棒的。只要有理想有毅力，咸鱼会翻身的。,5,少林足球
少林的出路是足球，功夫片的出路是&lt;&lt;少林足球&gt;&gt;。就这一小点创意就足以伟大。,5,少林足球
能让你笑，能让你心中燃起一团火，我从来没用放弃当一位作曲家的梦想···,5,少林足球
天下工夫皆出少林，世界足球皆出中国，可惜后来，少林被明教干了，中国被世界干了。周星星演的都是小人物，但励志，有才也有不怕碰壁的心，反映在嘴贫上，那就是自信，乐观的面对困难，最终成功，苦涩，都被他掩藏在强颜的欢笑里。最喜欢那个露脚的袜子和假动作晃人，赵薇那个火星人头后脑勺怎么那么大,4,少林足球
才7.3分，打他妈2.3星的都是傻逼啊,5,少林足球
这片哪都好，就不知道为毛请个赵薇，为毛赵薇秃头还那么假，一点演员职业素养都没有！赵薇十足十的败笔！,4,少林足球
完整版、原声，说真的，听惯了石班瑜的配音，再听星爷的普通话真的好别扭，白话听着还行。这部电影很不错，我非常喜欢，应该是星辉出品的强力作品，剧情，题材，演员阵容在当年和现在都是顶级的配置。星爷的喜剧片从《喜剧之王》开始，有了一个特别大的飞跃，笑中有泪，反映多数都是默默无名的小人物的,5,少林足球
小时候觉得是新电影 一晃多少年过去了…现在适合给孩子看了,5,少林足球
对赵薇没有成见，对足球没有特别喜欢，但是很喜欢这个电影，没有太多理由。,4,少林足球
扫地只不过是我的表面工作而已.我真正的身份是一名“研究僧”。,4,少林足球
张柏芝和莫文蔚打了一个华丽的酱油，陈国坤倒是脱颖而出 ps：20161022刷粤语版，周星驰的国语说的挺标准的呀。本作作为喜剧之王和功夫之间的过渡电影，许多场景的设计都能看到相似之处。对功夫在足球上的应用部分想象力十足，暴力的杀人足球也秉承了周一贯的恶趣味。然则片子本身太鸡汤，原声足够经典,5,少林足球
8分，星爷的大部分片子在豆瓣的评分都偏低，这可能跟豆瓣用户的年龄比例有一定关系。周星驰是70后的文化符号，80后稍稍沾点边，至于90后星爷的电影都是老片。儿子长大了经常冒出要你命3000之类的俏皮话，却没看过一部星爷的电影，陪儿子老婆刷了一边一家三口其乐融融，华语电影有一个时代叫周星驰。,5,少林足球
反角一笑黑转明，星爷痴心练少林，底层浮生不由己，奴颜婢膝惹人怜。金钟铁头水上漂，太极馒头掀盖起，抬脚飞踢卷旋风，绿茵竞技变战局。《少林足球》将踢球混搭武功，导演了一场满足观众精神胜利需求的喜剧。周式无厘头的主旋律依旧：对小人物命运的调侃、戏谑，在尊严扫地退无可退后弱者的厚积薄发。,4,少林足球
吴孟达的角色在关键冲突点没有起到作用——我以为当人数不够的时候，他会上场的（足球规则里，替补选手是要提前报备的，只有他可以、而不是没人知道的赵薇）。不过这也不奇怪，本身足球在里面的元素就很肤浅，没有谁是真的爱足球，就算是吴孟达也没有爱足球，足球只是道具，对影片里的人或者是电影的创作者来说都是。所以我有点失望，如果能够在一定程度的夸张内、把功夫真正和足球结合，会惊艳很多。说回赵薇这个角色吧，她的转变很奇怪，既然要在大结局承担关键人物，背景铺垫却一点没有，最后还让她拥有了大众审美中的美貌，我觉得很失败。（卡通球鞋是真的可爱，自己都想缝一双了）,4,少林足球
记得前几年看豆瓣评分时，金像奖大赢家少林足球居然和烂片美人鱼都是6.9分，真是不可思议的评分，现在评分正常多了，少林足球是周星驰经典作品之一，理应比现在的7.4分还要好才是。,4,少林足球
9.0，这是星爷做导演很出色的一部，非常喜欢。看着一群人穿着破破烂烂但积极地生活真是太棒了。表演太好了，难得get到了赵薇演技。商业节奏也抓的好，全程高密度。看着星爷年轻时候的笑的那么开心，我哭了。永远爱星爷。,5,少林足球
特技玩炫了，场面搞大了，笑料更新了，感动却没了。话说星星和赵薇真没化学反应啊......,5,少林足球
重温少林足球，依然笑到直不起腰。这绝对是星爷的巅峰之作！ps:虽然只是匆匆一面，但玉面双蛟龙真是太美了！,4,少林足球
诞生了很多经典的台词和梗，从叙事的套路和内容上，基本上可以算是后来功夫的前身了。对李小龙的致敬，以及结尾的处理可以看出星爷的功夫情怀，所以这不单纯的是一部足球的电影，正如标题的前两个字。夸张和无厘头之下，星爷电影的内核始终没变。但就我个人来说，还是更偏爱喜剧之王,5,少林足球
♥寰宇/星辉。全篇的笑料，看周星驰的片子就是非常可乐。★★★★★D214（D5/LV-280豪华版109min/日2区+演员中文评论【周星驰、田启文、陈国坤、林子聪】+特效花絮+NG镜头）,4,少林足球
星爷从此开始将特技大量的运用到电影当中，并最终造就了日后的《功夫》跟《长江七号》,5,少林足球
还不错~,5,少林足球
补星，虽然听说里面好几个合作的演员都不满周星星同学的严苛，但我发心底觉得这是他们最好的表演之一吧。,4,少林足球
"重温一下星爷的经典，以前只是看的片段，这次是完完整整的看了一遍。励志台词不少，“人要是没有梦想，那和咸鱼有什么区别”，“人要往前看”,以前年幼的我不太懂周星驰的梗，只知道是无厘头搞笑，现在成年的我慢慢地懂了小人物也有大作为的主题。特效感觉用的恰到好处，比现在许多五毛钱特效好多了。特效没有减分反而加分，至少不会给观众尴尬的感觉。每个演员的演技都是没话说，真正走心的表演。",4,少林足球
你怎么来了，赶紧回火星去吧，地球很危险。,4,少林足球
星爷作品都是看过那么多遍依然看得下去，用无比好笑的方式推开一扇扇悲伤的门。他总要牢牢维护着那些非成人世界里的东西。只要心灵老一点，累一点，倦一点，疲于奔命一点，不再那么敏感一点你就不会被击中。无比喜欢最后那个人人都有功夫的世界！,4,少林足球
搞笑的台词，夸张的动作……星爷的标志元素一直都在，不过最可贵的还是对感情的细腻刻画，有时真的比哪些纯煽情的效果好多了！,5,少林足球
绝对的励志好片哇。。与别人不一样，没什么可怕。。,4,少林足球
为什么大家都喜欢看星爷的片子？因为其中透着小人物的不屈和顽强，星爷片子里最出彩往往不是星爷自己而是跟他搭戏的配角们，少林足球的结尾一段戏堪称热血沸腾，四星奉上,5,少林足球
印象中从这部周星星开始了童年梦幻回忆录,4,少林足球
星爷的电影总是从头笑到尾，但过后总是那么苦涩,4,少林足球
你快回来火星去吧，地球很危险的！张柏芝好看的我要哭了！于是少林足球最后还是被太极拯救了是吗,5,少林足球
你醒醒吧。地球很危险，快回火星去。周星驰的电影让我想起了最近看过的对漫画家柘植的一些讨论，他的电影里总能看到最其他影视作品的解构与再创作，周星驰似乎很喜欢这样，有时候那种味道极其复杂，僵尸舞那段如今已是经典，他唯一做了一次梦想的延伸，作曲家舞蹈家看上去也是阳春白雪，可在这他们是平常的，甚至有种广场舞的错乱，不过看的时候笑不起来了，他太善良了啊。,5,少林足球
20170813moma香港影展。20岁以前看周星驰太好笑了、30岁后看周星驰什么片都可以哭,4,少林足球
一没字幕、二是粤语、你让我看啥？不过搞笑还是很搞笑的啦、比电视里踢得好看多了、特别是周星星同学想象自己在战场那一幕、我笑了。萨比朝鲜又二了吧、被人家虐了吧、尽出来丢人、郑大世你不是很牛逼的嘛、来啊来啊、再进一个荣耀一次呗。,4,少林足球
我觉得有时候一个好电影评分低是因为大家只看了个热闹，实际上没有认真琢磨，或者境界不够，没有发现隐藏的东西。特别是星爷的喜剧片。•ᴗ•,5,少林足球
必须五分  少林功夫好好好好好好好好啊,5,少林足球
带有星爷独特的个人风格，不错的电影。,4,少林足球
星星的眼神少有的干净，像孩子一样。他很穷，一贫如洗，买个馒头还要用自己的破球鞋抵押;打劫来的3毛钱立刻去买了瓶汽水。可是梦想让他如此富有，走在衣着光鲜的时代广场，旁若无人的练着功夫的招式，那是他的财富，他的骄傲，他的信念。这是电影里最让我感动的地方,5,少林足球
最最最经典的就是第一次和流氓队交锋的那场戏。,4,少林足球
地球很危险，快回火星去吧。——连这句话都成为老梗了，我们果然还是老了~那时是星爷人生最得意的时候了吧，有声望，有兄弟，虽不似如今有钱。。。,5,少林足球
如果没有了周星星同学，香港喜剧实在就没有什么可看了,4,少林足球
某球迷说他当年看完的感受是best movie in his life，虽然我觉得这有足球迷+周星星死忠粉的感情成分在里面。,4,少林足球
越看越有味道 想给5星 一群新龙套初出场 表现不错,4,少林足球
赵薇光头都那么好看,5,少林足球
酱爆跳舞那段最搞笑 可以国语版删了  经典之作,5,少林足球
Bluray.X264.6Audio.AAC.HALFCD3-NORM 少林足球.720P.国粤双语.BD中字 2.49,4,少林足球
前两天看《圆桌派第三季》有一集讲细节，史航说他很被这部电影中，“当星一身穷打扮时，透过玻璃橱窗渴望地看着一双崭新球鞋时，被店里的经理嫌弃地赶走，可是重点在，星走后，经理用衣袖用力地擦了擦橱窗，仿佛星透过玻璃注视球鞋就把鞋玷污了。”史航认为这种细节深刻地拍出了“底层之怒”，非常打动他。因为他的话而重看少林足球。但我的点在于，星完全看清阿梅脸的那一刻，可能迟疑了0.1秒，但还是很认真地说：你是最漂亮的。,4,少林足球
真喜欢周星驰电影的那股劲儿，草根情怀，时时可见的幽默感，笑中又带着泪的辛酸，卑贱而不自怜，不屈不挠的梦想。,4,少林足球
星爷的经验作品之一，也是我的青春旧时光。,4,少林足球
一群比底层更底层的人，为了社会正义，组成了一支对抗强队的少林足球队，他们的初衷和拼搏都与梦想有关，但这样遥远的想法，和他们卑微的身份相比，又形成了一种刺眼的嘲讽。故事最终，功夫足球队还是收获了爱情，社会的天平也向他们倾斜，底层人民在此刻反攻胜利。周星驰电影中对梦想和成功总是有一种最为特殊的诠释，和别人的不同之处就在于，电影结束，周星驰似笑非笑的表情仿佛仍在眼前，而他刚刚讲的这个理想主义者的故事，他自己又真的相信吗？,4,少林足球
几位配角同样出彩 希望以后星爷的片里还能看到达叔,4,少林足球
少林足球 本身就很搞 功夫如此加入 更是搞上加搞！,4,少林足球
今天才发现，玉面飞龙那俩客串出演的，一个是莫文蔚，一个是张柏芝。,4,少林足球
这不里星爷明显老了很多，但奇思妙想依然存在，也在当时因为这部电影带动了一波功夫和足球热，至少我这个对于足球一点不感兴趣的都会主动去找相关题材，这部也是星爷和黄金搭档吴孟达最后合作的一部电影，希望两人还能有合作机会吧！赵薇的角色有点出戏，可能笑点太少的关系吧！,5,少林足球
周星驰的自导自演，《少林足球》里他借一个小人物为梦想的拼搏，用功夫与足球魅力的糅合，既逗人捧腹不经，也将梦想赋予了辞喻横生的形态，由此那“做人如果没梦想，跟咸鱼有什么分别？” 的佳句，才成为了令人难忘的励志经典。,4,少林足球
球不是这样踢地~分不应该这样低的。,4,少林足球
做人如果没梦想，那和咸鱼有什么分别？？薇薇给星星补的那双球鞋真是好温馨呐,4,少林足球
场面有冲击力，动作炫酷，表演卖力，剧情没太好笑，但对中国功夫的弘扬和对小人物坚持梦想的鼓励令人感动，“人没梦想，和咸鱼有什么分别”“为什么我老爸不是李嘉诚”让人印象深刻，娱乐性、艺术性十足,4,少林足球
或許是年齡越來越大了，再看一次這電影時卻哭了,5,少林足球
值得一看的片子，有的人看到了社会的艰难，有的人看到了小人物的无奈，更多的人确实看到了小人物可笑却又可敬的梦想,4,少林足球
原来那句地球很危险出自此处，星爷对李小龙的崇拜在本片达到了无以复加的地步。背景音乐很赞。,4,少林足球
星爷是个情怀很重，心思很细的人。这部电影就可以窥之一二：影片本身就是蕴含了过多的想法，而没有之前单纯的搞笑，单纯的讲道理了，所以看的人总感觉笑得没有那么开心可。也许星爷心里想的是：懂的人自然懂…,4,少林足球
很诧异这部片子评分这么低，今天晚上重温了一遍，感觉哪里是好啊，简直是相当好啊！,5,少林足球
当年在香港创下票房奇迹，平摊下来也就是每个香港人都去看了这部电影，反正我甚是喜欢。,5,少林足球
豆瓣的评分让人费神，光是黄英华的配乐就值三星啦~,5,少林足球
這部片子看的我汗都出來了... 柏芝好好睇厄~~,4,少林足球
 星爺啊，星爺，我對你的敬仰真是猶如滔滔江水延綿不絕。很多人說你的搞笑俗氣，但是我從來不覺得你俗氣，相反，你的笑料總是能夠帶給我背後的思考。,4,少林足球
想象力真是厉害，轻巧地把传统武林融入到现代社会。不用解释，直接展示。爱情元素的设置，也是简单、粗暴，有特性。喜剧就是要敢“玩&#34;。地球太危险了，你还是回火星去吧！,5,少林足球
为神马只有三星半？为神马为神马为神马？,5,少林足球
人如果没有梦想，和咸鱼有什么区别。一直记忆深刻的台词,5,少林足球
周星驰的电影都是小人物的视角，真的很戳心。有一段是他四处说服他的师兄们用足球把功夫发扬光大，很用心地在坚持，还有金库“人没有梦想跟咸鱼有什么区别”，感动😭赵薇真的是大美女，电影里的身材好小只，脸又那么美，羡慕,5,少林足球
我不同意这位小姐的说法，在这里唱歌不一定都是神经病。我叫酱爆，我从来没有放弃成为一个伟大作曲家的理想，刚才听到这位先生唱的歌，热情奔放，创意无限，燃点起我酱爆心中的一团火，我酱爆感觉到在这个时刻，要爆了。,5,少林足球
小时候看这部电影，是喜剧，长大了看这部电影，是悲剧，忘不了星爷扛着废品，穿着破鞋，走路的那个镜头和那段背景音乐，仿佛承载着太多东西，是无奈？希望？努力？坚持？可能每个人看了以后的感觉都不一样。现在时不时的会找出电影来刷几遍，特别是那个镜头，会倒回去多看几遍，跟中了毒一样。,5,少林足球
赵薇的光头形象，周星驰的破篮球鞋,4,少林足球
突然想起这部电影，又从新温习了一遍！我觉得像这种香港小人物励志类型电影，星爷算是比较突出的一个！他在片中通过他的无厘头喜剧风格表现出了小人物对于梦想同样也有追求的权利！（ps:这才是真正意义上的周星驰作品！）,4,少林足球
豆瓣7.3的评分不科学,5,少林足球
重温。少林功夫好嘢！《少林足球》是星爷被低估的作品之一，不仅诞生了无数在后世喜剧电影中被沿袭运用的经典台词，而且还直接衍生出了一部《功夫足球》的电视剧，直到今天我还会把这两部作品的镜头弄混。对于星爷来说，《少林足球》最大的意义恐怕是帮他拿到了六个影帝提名后的第一次获奖吧。,4,少林足球
还行，还挺好看的。233 顺便还真是被日本某游戏抄了个遍啊佩服佩服呵呵哒。,4,少林足球
多年之后再看依然很搞笑。让我笑抽的地方就是和二师兄在酒吧穿少林衣服跳舞的时候太搞笑了。看了无删减版可惜就是这些地没有配音字幕听不懂。奇怪赵薇的一脸疤最后怎么没的。难道之前是没洗脸吗？星爷的配角很惨尤其是田启文，还看到很多星爷御用的配角酱爆，长江七号的老师和喜剧之王的混混等等。,4,少林足球
虽然搞笑，但是很燃，虽然小人物，但是有大气魄,5,少林足球
当时我才几年级来着，觉得很好笑，很喜欢里面的赵薇,4,少林足球
经典，话说小时候看的时候以为光头赵薇真的是火星来的,5,少林足球
经典的电影、五分没有任何毛病,5,少林足球
趙薇那時候好嫩啊，如花、莫文蔚和張柏芝是驚喜wwwwww,5,少林足球
此片第一次看是很小的时候在影院看的,4,少林足球
个人认为这是周星驰最好的电影，只有周星驰能把底层小人物的爱情，小人物的奋斗用喜剧的方式表现的如此心酸。,5,少林足球
重温了一遍，2011年9月8日20:46:14,4,少林足球
因为有赵薇，而且她的桥段也极其傻逼，果断扣掉一颗星,4,少林足球
“你只是人离开，精神永远都会在这里。”曾经才华盖世的星爷啊。,5,少林足球
这部电影才7.6分！？？？excuse me？,5,少林足球
1. 周星驰最大的偶像就是李小龙。他留着李小龙式发型，他在片中擅长的腿功正是李小龙的招牌，就连片头曲也像《猛龙过江》。在高科技的现代社会，发扬李小龙的功夫精神，需要包装。用足球运动来包装功夫，周星驰真是天才。2.周星驰另一个偶像是MJ，DVD版有星爷模仿MJ僵尸舞的桥段。3.功夫不仅可以强身健,4,少林足球
笑着看哭着关。做人如果没有梦想，跟咸鱼有什么区别？,5,少林足球
和lopo一起看的 很燃呀 星爷范儿就是夸张搞笑无厘头又有痛点有反思。喜欢。,4,少林足球
功夫，热血，看了版粤语的还是接受不了，虽然有一些删减的片段，还是更中意于石斑鱼的国语配音，周星驰导演下的功夫情结明显，并在后来的功夫中发挥到极致。,4,少林足球
人没有梦想，那跟咸鱼有什么分别呢？,5,少林足球
★★★☆ 很多片段搞得稍嫌过火了点，过犹不及。当然还是很好笑的。,4,少林足球
少林功夫好嘢……真的好……少林功夫劲……嗨呀嚯……,4,少林足球
记得那时候看 一直笑 ,4,少林足球
总算是认真的刷了一遍 张柏芝的颜值逆天了当年 看到周星驰带赵薇去购物中心的时候看哭了 一个这么穷的人怎么做到如此阳光呢,4,少林足球
20120423 @ office : 有時需要這些簡單搞笑的勵志片,4,少林足球
有些夸张过度，但还是一部保持亲本优良性状的周星驰作品,4,少林足球
重温童年经典，看的粤语版的加长情节里还有笑场穿帮。星爷的电影究竟对中文口语文化做出了多大贡献,5,少林足球
第21届香港电影金像奖最佳电影、最佳导演、最佳男主角、杰出青年导演，周星驰的代表作，无需多说。,4,少林足球
2001.8.14,4,少林足球
看多少编都觉得经典，趁着世界杯又看了一遍，感触还是不少，小人物的梦想拼搏虽然是以喜剧的形式展现但是有很多内涵。剧情虽然夸张但不俗，演员演的都很真很拼，是现在很多电影没有的。,5,少林足球
这部我很喜欢……这一刻我感觉我要爆了……,5,少林足球
“做人如果冇梦想，咁同条咸鱼有乜分别。”这部戏在我小时候我家旁边拍的，甜在心馒头店、香山公园、珠海体育场，勾起了对童年的回忆，算是我唯一的电影情结了吧。,4,少林足球
最早看在路边儿的商店看的，早点儿回家都成了浮云。,4,少林足球
都是小人物成功日记，记住最清楚的一幕就是用玻璃瓶打大师兄头的那个镜头。,5,少林足球
新周星驰时代作品2 爱周星驰就会爱新周星驰时代,5,少林足球
周星驰式幽默，虽然无厘头，但独一无二豪不恶俗。,5,少林足球
目前为止，周星驰最后一部好笑的片子,5,少林足球
最欣赏周星驰的一点就是他总是能让自己闪耀全场的同时还能让一众配角熠熠生辉；能让观众在捧腹大笑的同时也能黯然神伤。,4,少林足球
周星驰的代表作。元素很多。,5,少林足球
这个我觉得我可以给5星，赵薇光头挺牺牲了，星爷一如既往，我喜欢,5,少林足球
这么经典的电影肿么不到4星 不行不行,4,少林足球
omg this is good. Aren’t we all Shaolin人,5,少林足球
还好 规矩的星爷作品,5,少林足球
从另一个角度看吧：[酸]阿梅的问题在于她是遇到第一个这样的朋友，而且鉴于之前经常被欺负、不自信、不完整的自我发展状态，很难去想到除了“爱情”还有什么。但是周星驰的主角却是在经历过父母和师父去世、兄弟背弃又回归、捡破烂谋生的，可以说有一个相当强韧的本我😂但存在的问题就是更注重整体平衡，就会忽视细节。,5,少林足球
20110927 中国足球也需要星爷！,5,少林足球
那双球鞋，那份丑陋以及那点梦想,4,少林足球
球不是这样踢得。。。,5,少林足球
大爱的星星电影，真的非常不错。看到最后一张海报，竟然还有武侠情侣这张哈哈，话说在馒头店钱前的舞蹈，大陆的剪辑版一般都没那段，但是我现在觉得这真是模仿宝莱坞的神来之笔哈,5,少林足球
做人如果没梦想，跟咸鱼有什么分别,4,少林足球
人要是没有了理想，那和咸鱼有什么区别。,4,少林足球
本次香港电影节里，我选了一部电影买票观看。,5,少林足球
特技与夸张，转变的开始,4,少林足球
带着一群初中生看，他们被十六年前的特效技术虎的一愣一愣233,4,少林足球
"喜欢星爷说国语，还有经典bgm你很漂亮你知不知道！",5,少林足球
做人如果没梦想，那跟咸鱼有什么分别       你快点回火星吧，地球是很危险哒。,4,少林足球
特技也是很夸张很扯淡，但星星式的幽默还在。我妈妈都喜欢，肯定五星。呵呵。,5,少林足球
快回火星去吧，地球很危险。,4,少林足球
小时候租了一次又一次这张vcd,4,少林足球
反复看过很多遍，非常好看，在那个年代，非常棒的片子,5,少林足球
这是我很早看的，如果现在电视上在放的话，我还是会看，会笑。 呵呵。  喜欢没道理。,5,少林足球
7.7分给低了，我内心感觉起码8.0,5,少林足球
重新看还是那么搞笑，那些梗果然在星爷的电影里才最有意思，那时的赵薇还是挺好的。,4,少林足球
那句“如果人没有理想……”尽管直白，还是叫观者怔了一怔,5,少林足球
“人没有梦想跟咸鱼有什么分别”。别人嘴里说出来我一定觉得太鸡汤。但是周星驰说出来就是很酷啊。因为他是周星驰啊。独一无二的周星驰啊。,5,少林足球
你说，星爷是怎么想到把功夫和足球结合起来的，真的是国足踢得太烂了吗？,4,少林足球
我有同款的游戏。。。,5,少林足球
刚巧在看西红柿之前看了这部，顿觉西红柿索然无味。,5,少林足球
哈哈哈，很有创意的功夫踢球，星爷的喜剧果然经典！如果做人没有梦想，那和咸鱼有什么分别！,5,少林足球
虽然星爷的无厘头没怎么发挥，整部电影节奏还画面还是不错的，勉强给4星,4,少林足球
人没有梦想就和咸鱼没什么两样。,4,少林足球
这真是一部记忆里的影片了，小时候和爸妈一起看。 还记得当时赵薇饰演的角色很触动我。,5,少林足球
出神入化的想像。球賽場面鬼哭神號，令人看得呆在當下。,5,少林足球
（8.5/10 加长版）周星驰独立指导的第一部作品，横扫当年的香港金像奖，并夺得年度票房冠军。《少林足球》其实是周星驰的一个功夫梦，足球和功夫的结合，表达着对功夫的虔诚、李小龙的崇敬，通过将经典好莱坞经典叙事的结合，既有着充足的动作场面和笑点营造，还有情感和意志的抒发。完全不再是合作导演或演员的无厘头喜剧，主题上承接了《喜剧之王》的小人物挣扎、群嘲与追梦，悲喜剧相结合，这一表达在后来的《功夫》里又被再次演绎和技法的升级。笑料更加符合情节和节奏，可以看出周星驰有很强的导演表达和技法，是演而优则导的代表。随着港片的逐渐没落，娱乐与商业化难以为继，无厘头喜剧也难寻出路，周星驰在97之后寻求着新的电影表达，还是值得肯定的。结尾有彩蛋。,5,少林足球
没有所谓的对周星驰的情怀，所以我对此片的看法是——只能说没有什么漏洞，在平均的水准之上再多出了一些笑点。赵薇有一点让我出戏，但是我认为最好的一部分也是她所贡献的，最好的戏也是她的，最让人出戏的戏也是她的。,5,少林足球
其实应该介于三星与四星之间,4,少林足球
少林摇滚那块真的是超级喜欢哈哈哈哈哈哈哈哈哈哈哈哈哈哈哈哈哈哈还哈哈哈哈哈哈哈哈哈哈哈哈哈哈哈哈哈哈哈哈哈啊哈哈哈哈哈,4,少林足球
竟然没有标记。。小时候看的VCD，记忆很模糊了。现在再看才发现特效那么假科技进步真是快啊。这部电影真的可以看出周星驰的导演才华。功夫完全是这一步的各种升级版。,4,少林足球
当年太火了，我还买了碟片呢。赵薇那个光头形象也挺。。。,4,少林足球
我给一百二十分呐，虽然演员老态龙钟，但是真尼玛好看呐,4,少林足球
赵薇也是被这部电影毁了：我什么都怕 就是不怕鬼···小时候看的貌似没有唱《少林功夫好哇》这一段 后来看到笑屎了 为毛以前没看到 为毛要删掉呢,4,少林足球
电影本身好多荒诞的情节，很难称得上好电影。不过也有很多搞笑的情节，特别是跳舞那段。,4,少林足球
少林功夫好野，是重庆森林里的插曲改编的啊。。,5,少林足球
"watched it in France, 2002",4,少林足球
少林功夫好嘢，真好嘢~  一分钟几十万上落！据说是黄一飞和星爷闹崩的片子。,5,少林足球
人要是没有理想，和咸鱼又有什么区别。,4,少林足球
那时的特效，现在看来仍是很经典。其中编剧更是上乘。个人认为，可以代表周星驰巅峰水平了。,4,少林足球
甚至想打六星。。虽然问题多多（自我中心；对肥胖、女性、同性恋、残章群体的恶搞等），但周星驰真的很会拍电影！如果现实里一切善良的人也能有主角光环就好了……赵薇的眼泪掉进面粉里的时候，听见后面小哥说了声Jesus Christ...,5,少林足球
那句“球不是这样踢的”太拽了,5,少林足球
是内个赵薇最后剃光头的片儿吧？我小时候觉得小燕子可好看了剃光头也好看,4,少林足球
少林足球为什么好，包括后来的功夫，在于一种真・文化自信，是一种相信鬼马世界成立的信念感，这种沉浸在中二世界里的自信如今再也没有了。归根结底，还是大家心里已经屈服于唯物主义语义，有意无意，不再迷（之自）信了。迷信，刚愎自用的迷信，是创作的根基。,4,少林足球
17.08.13重看。震惊了，小时候在姥姥家看只觉得最后一脚球厉害，现在感觉这片子简直就是神作啊，里面多少文化符号的融合（少林VS太极），描绘了多少意识形态的冲突（中国少林VS注射了美国农药的魔鬼），但又让人完全感觉不出来，娱乐性十足的同时潜移默化灌输了多少理念！P.S. 赵薇的妆化得真好。,5,少林足球
坐火车回来看的，其实多好看啊~,4,少林足球
奇幻的动作冒险，他是第一个将足球拉上神坛的。,4,少林足球
 尽管现在拍出美了人鱼这种东西，尽管不是每一次都能把电影拍好，但只要是周星驰，他拍一坨屎我都会去看，只因我永远会被星爷电影中的残忍和坚韧打动。,4,少林足球
梦想是什么？坚持梦想有错吗？人没有梦想，和咸鱼有什么分别？在无厘头式的搞笑中，我们看到小人物的辛酸史，也看到平凡背后的伟大。实现梦想的道路上荆棘遍地，但我们都是身怀绝技的武林高手。,5,少林足球
720p重温。周走上自导自演的路线后作品质量逐年下降，回头看看这部应该是巅峰,5,少林足球
每次看周星驰的片都觉得这个人很久以前不知道经历了什么，内心的负担很沉重的样子。同样是无厘头搞笑昆汀就很天真直接，他就不是。,5,少林足球
豆瓣这是你第一部让我觉得评判失准的片子,5,少林足球
好看！2000年开始的第一部作品。人没有梦想那和咸鱼有什么区别。,5,少林足球
女主角要是是莫文蔚就好了。,5,少林足球
2018年10月31日中午吃饭的时候重看，本来打算随便看一会儿，吃完饭就关掉；结果停不下来。之前有好几部周星驰的片子都是这种情况：）,4,少林足球
赵薇姐好雷啊那时还不怎么喜欢你~莫文蔚和张柏芝...我真是来看美女的么~,4,少林足球
功夫熊猫2的结尾模仿的就是赵薇吧。,4,少林足球
周星驰真他娘的是个天才。,4,少林足球
赵薇的瘌痢头。。。印象深刻,5,少林足球
小时候存了10块钱去CD买了回来看,5,少林足球
不明白豆瓣给星爷电影怎么那么低分。。,4,少林足球
挺酷的少林足球,5,少林足球
重新看发现星爷的镜头也是教科书级别的啊。另外，跟啊梅的感情发展也是挺真实挺感人的。果然星爷的电影适合反复刷,5,少林足球
星爷年轻的时候很帅嘛、赵薇居然接嫩么损形象的片子、有胆量、,4,少林足球
“做人如果没有梦想，那跟咸鱼有什么区别？”,4,少林足球
心酸史后面，有着对权力深深的恶意，小人物在高大上势力面前自我厌恶的精神枷锁，作为作者导演，周的电影思路从没变过,4,少林足球
赵薇的扮相....,4,少林足球
首先我一定要说赵薇的头套实在是2333！地球太危险了快回火星吧！剧中的各种射门守门实在是很玄幻。。看的我经常一口气上不来仿佛看到了天国的牛顿。。印象最深刻的反而是片头片尾各一次的那个扭扭扭的靓女。。其实我也说不出哪好，但是也挑不出毛病。所以五星走你~,5,少林足球
你永远是我心目中的喜剧之王，没有之一,5,少林足球
在我个人的观影体验里，这是周星驰的最后一部喜剧。,5,少林足球
记得当时由于中国进入了世界杯，足球也挺火的，不过后来的比赛真没有这部电影好看,4,少林足球
漫画风格的电影，展示平凡者的漫画，隐藏梦想的平凡者,4,少林足球
第一个买的碟子，和邻居一起对钱买的，记得那时候还是迫不及待的天天从那个卖碟子的小铺问，终于买到的时候天都黑了，说好过了夜第二天看，碟子放一个坏家伙家里了，第二天发现封装已经打开了  T.T   还是欢天喜地的一起看了   一起乐了    怀念那时候的日子  怀念那时候的人,4,少林足球
周星驰冲着观众席挥臂大喊“多谢你们的支持，多谢”，大师兄轻蔑的说“就是一群扫地的。”周星驰反手一巴掌“扫地的不是观众啊！”,5,少林足球
经典喜剧电影就是过了几十年都会让人发生笑出来的电影、而少林足球绝对算一个！我不是星爷的粉丝、但是他的作品都喜欢（不知道这算不算粉丝😭）因为无论哪部电影、不用从头看、看一些片段，拿出来笑一笑。,5,少林足球
地球是很危险滴哟~,4,少林足球
只是让我怀念我的足球生涯,5,少林足球
喜欢周星驰的电影，喜欢周星驰塑造的那些草根角色。,4,少林足球
又燃又感动，小人物的梦想，在星爷那里总是珍贵又美好。“做人如果没有梦想，那和咸鱼有什么分别。”,4,少林足球
特效满分，搞笑功夫一流。不同于成龙的功夫喜剧，这是喜剧与动作的另一种完美结合。,5,少林足球
真正喜欢Vicki 是从这个时候开始的吧  正点 ~ ,4,少林足球
越长大，越不争气，看啥都想哭,5,少林足球
当年居然因为映射中国足球被禁播了,5,少林足球
师兄们都归位了。。中国足球能这样，就真给力了。,4,少林足球
还行吧。。。始终不能和过去比了,4,少林足球
高中 高维茨基家里 ,4,少林足球
人如果没有梦想，和一条咸鱼有什么分别？,5,少林足球
可能因为少年渲染得过分了，有点搞。,5,少林足球
这部片子是在西安交大的朋友那里看的。很垃圾,4,少林足球
又看一遍加长版，原来多这么多内容啊,4,少林足球
2019.03.05这里是很危险滴 ，电影里出了很多梗。,5,少林足球
大师兄铁头功、二师兄旋风地堂腿、三师兄金钟罩铁布衫、四师兄鬼影擒拿手、五师兄大力金刚腿、六师弟轻功水上漂、阿梅太极功夫,5,少林足球
豆瓣瞎的？这片子7.5好伐,5,少林足球
这个也是小学看的，同学把开场都背下来了。。。以后又看过很多遍，2001年，真的很超前的一部，，，【拾遗】,4,少林足球
“谢谢你让香港人在这个时候还能笑得出来”,4,少林足球
你快回火星上去吧，地球太危险了~~~好笑！！星爷绝对是笑点的保证啊,4,少林足球
大陆貌似删剪了好多段,5,少林足球
继喜剧之王的伟大之后，这部电影在商业上达到了巅峰,4,少林足球
2016.4.23 2刷，时隔几年，很多当初不屑一顾的东西感受到导演诉求，这么说吧，星爷还是很有担当的，致敬不遗余力又轻描淡写，对中国武术的世界化普及，他有执念。,5,少林足球
中国足球，洗具还是杯具。,5,少林足球
我觉得这部片子很好，真的。我前前后后看过超过十遍,5,少林足球
周生最棒的作品~,4,少林足球
我记得是小时候第一次从新疆回到广东，已经半夜一两点，没有睡意，趁母亲已经累瘫在床上没精力管我，偷偷打开电视，就看了这部电影，赵薇和面那个动作简直帅呆了，越看越精神。可能是有记忆的第一次熬夜到凌晨，原来是因为一部电影…,4,少林足球
光头赵薇好可爱。,4,少林足球
小燕子影响团队跳跃作死的形象过于深入我心，导致一看到赵薇就出戏…不过真心好笑2333,4,少林足球
从小就有一个足球梦⚽️,5,少林足球
算是星爷喜剧演绎的巅峰了～ 情节紧凑，笑点十足！,4,少林足球
做人如果没梦想，跟咸鱼有什么分别,5,少林足球
少林功夫好耶~真滴好~,4,少林足球
还记得小时候租碟看电影的日子 呵呵。 满满的都是小时候的回忆 而如今周星驰也老了 不过还是蛮期待他能继续带来好的电影给我们,5,少林足球
他们说的也是我想说的，我觉得我现在很漂亮，我也很喜欢我现在这个样子，你要是不喜欢看，你可以走开。我就是我，我是阿梅。,4,少林足球
星爷一思考，观众就不买单。其实他们是不能接受一个他们以为的喜剧演员摇身一变成了哲学家。,4,少林足球
转型之作。赵薇还是没有放得太开，不过耍太极的人的确应该内敛一些。,4,少林足球
少林功夫好，真的好，少林功夫棒，真的棒,4,少林足球
很多的经典！周星驰的电影，处处体现出他梦想的执着和坚持！,5,少林足球
有了周星驰，生活好滋味。,5,少林足球
当时笑爆 现在看还满无聊~,4,少林足球
不明白星爷影片的分数为什么都不高，我觉得还是蛮经典的。,5,少林足球
"当时觉得不错,后来发现那是因为我没看&lt;破坏之王&gt;,不少地方都相同的.......香港的体育电影比较少见吧",4,少林足球
又看了一遍，才发现这电影里面这么多大牌啊！！！,5,少林足球
第一次看时感觉超震撼，热血沸腾的了,5,少林足球
"为什么,我也想知道为什么,为什么我老爸不是李嘉诚？为什么我长这么帅要掉头发,而你们两个这么丑，却不掉头发？",5,少林足球
星爷做事都好认真，要学习，是个好导演。,4,少林足球
星爷早在那年就说过了，地球很危险的，快回火星去吧,4,少林足球
看似欢乐，其实都是泪水。,5,少林足球
进入21世纪星爷的第一部作品，星爷逐渐开始亲身追求自己的梦想之路了，是不是觉得自己要变老了，加上《功夫》连续两部动作片。这部算是集周星驰电影配角之大成😂配角一个比一个经典,5,少林足球
如果人生没有梦想，那和咸鱼有什么区别,4,少林足球
"做人如果无梦想, 咁同咸鱼有咩分别",4,少林足球
成年人的童话依旧美丽，看到周星驰弹吉他唱歌时候的小飞眼，还是觉得帅；看到陈国坤一身连体衣，还是觉得李小龙似乎没有老去；看到田鸡站在那里伸长舌头大义凌然，还是觉得好汉就该是这样。时移事易，只有电影里的那些人依然鲜活，而且，无论何时你去看它，他都用同样的感情回赠于你。,4,少林足球
可算真正从头到尾看了一遍虽然后面很多酷炫的画面还是觉得赵薇和面的片段最帅。,4,少林足球
做人如果没有梦想，那跟咸鱼有什么区别？,5,少林足球
个人认为星爷最高峰,5,少林足球
挺好的呀。我叫酱爆，我的理想是做个歌唱家，拉稀拉多啦啦啦,4,少林足球
我喜欢你 我也喜欢你 那我们是爱情吗 多希望那些又看一遍的片子 能够发现更多的亮点 那双球鞋真的很可爱 黄金右脚始终都没有怪过强雄 这种豁达与宽容 实在难能可贵 换作是我的话 一定天天咒骂他,4,少林足球
绝对是8分以上的电影好吗！！！！！打5星拉高下平均分,5,少林足球
前半部分的恶搞透着主题梦想，坚持，找回自我，自尊。还有吴孟达的复仇，后半部分表明周星驰的武功观刚猛易折，以柔克刚。看到一个奸诈狡猾心狠手辣的反派，对比吴孟达饰演的踢假球却幼的球手，真要看谁更奸诈谁才笑得最灿烂，至于谁能笑到最后那得看运气，吴孟达得到周星驰的助力运气来了信息量真不错,4,少林足球
看过几遍，经典星爷之作,5,少林足球
绝对很搞的一部电影，哇哈哈。,4,少林足球
和食神差不多吧,4,少林足球
做人如果没梦想，跟咸鱼有什么分别？,4,少林足球
少林足球绝对算得上星爷排名前几的好片子，值得反复观摩，尤其是里面的配乐，堪称一绝。,5,少林足球
從這部以后...周星馳的電影就走下坡了。,5,少林足球
星爷开始走下坡路了,4,少林足球
真不知道这分是怎么被拉低的！十大体育经典电影外国人都是傻子？要求豆瓣重新评分！！！,5,少林足球
赵薇的角色很奇怪……,4,少林足球
已经有《功夫》的影子了。一样的小人物的梦想，一样的悲喜爱情，一样的周星驰。,5,少林足球
人没有梦想，和咸鱼有什么区别？,4,少林足球
4.5 当年的特效大片吧 能感受到花了好多心思 值得学习,5,少林足球
从广州回来的卧铺车上，看到了完整版~,4,少林足球
我是有多喜欢周星驰。,4,少林足球
一定得看加长版的！,4,少林足球
五星，谢谢，经典就是经典，初中看的，不知道一群疯狂跪舔国外的伪文艺青年内心为什么会打那么低分,5,少林足球
2017年，时隔几年重看，决定加星好评,4,少林足球
回味了下星爷的经典，大牛逼！,5,少林足球
本世纪星爷的第一部作品，也是继喜剧之王后，周氏喜剧的草根、无厘头风格真正成熟的标志。与足球结合是个聪明的主意，而赵薇的加盟，与周星驰影片中很多大陆演员的加入一样，都有些格格不入的感觉。这是两地表演风格的不同，如果随便换一个香港或台湾女星，或许效果会更好吧。,4,少林足球
这足球完全不需要规则,4,少林足球
周星驰不愧是周星驰。比起以前得周星驰喜剧，这部算有点大制作？特效觉得有点夸张。但是不妨碍我喜欢周星驰。还是笑中带泪！,4,少林足球
“欢乐的时光总是短暂，又到时候讲拜拜”,4,少林足球
重新完整的看了一遍，还是好看，虽然踢球的部分太夸张，但不重要。,4,少林足球
是不是只有我一个人看少林足球这种搞笑片看哭过？,5,少林足球
我心中的一团火是不会熄滴！,4,少林足球
8.4/10 &#34;做人如果母理想，甘同咸鱼有咩分别。&#34;“我心中果团火系唔会熄噶。”“腰马合一。”“扫地只系我既表面工作，我真正身份系一位研究僧。”“你快回火星去吧，地球是很危险的。”“真正既比赛，就系打仗。” 同《功夫》并列星爷最爱，重新定义了功夫，非常经典新颖的一部电影，看很多遍也不会厌。,4,少林足球
居然这部也没标过！数不清看了多少遍了……,4,少林足球
赵薇的光头造型很雷人,4,少林足球
好小的时候看的了，光头赵薇也好看,4,少林足球
周星驰极尽搞怪之能事，天下大同的少林功夫穿上足球的外衣，一群咸鱼就此翻身。,4,少林足球
没有对比就没有伤害，跟现在的的什么疯狂的外星人、猛虫过江之类的所谓的喜剧片对比，堪比教科书般的存在，不是简单的装疯卖傻、恶搞低俗就能称之为喜剧电影的，完全是在污辱电影两个字，更别说喜剧电影，幽默堪称人类的高智商的产物之一，而这些拍垃圾电影的完全是把幽默当成了一种低智商的表现，真是让人无语了，请不要再污辱喜剧这两个字了！,5,少林足球
心灵鸡汤？对，我这样称呼周星驰和他的电影。我欣赏他在光影里用卑微的信念和坚持饰演的小人物向上的故事，这让我感动。我将他几部经典电影的台词倒背如流，并自娱自乐沉醉其中。这种众人幽他默的励志故事，像极了你最爱的一道菜，总能在无尽的回味中得到新的力量。,4,少林足球
很多想法一脉相承；达叔演技真好；赵薇眉眼清纯娇俏，但对白功力也太差了些吧，胜在彼时眼神清澈有光，表白的那场哭戏神态挺到位，我看犹怜,5,少林足球
仅凭那个结尾，哪一手太极，那一句做人如果没有梦想，那跟咸鱼有什么区别，就足够了。,4,少林足球
自在同学家看的 ， 经典的部分太多了 ~ ,5,少林足球
"昨天回顾了一遍少林足球,才明白原来内地禁映,并不是少林寺有那么大的影响力,可以以电影中有有损少林声誉的内容而不让演.我想真正的阻力来源于猪协,因为里面的假球、私下交易、禁药等元素，全面展现了国内足球联赛的面貌。屁股上有屎，怎么能让国内不明真相的群众只是笑笑了事？基本上两千年后再也没看",5,少林足球
哈哈~好欢乐啊~原来“浮云”一词这么早就有了。。。,4,少林足球
貌似星爷是从这部开始转型的，现在看来是很成功滴～,4,少林足球
评分为什么这么低？？？多么经典的&#34;做人如果没有梦想，那跟咸鱼有什么区别！！！&#34;,5,少林足球
搞笑还是挺搞笑的，但是时隔十年再看这电影，感觉到的是悲凉，特别不容易。,5,少林足球
我很想说  哈哈哈。。。,4,少林足球
配乐真的牛逼大了，从各个方面都可以称的上最佳电影了,5,少林足球
还可以，有些情节记得不是很清楚了，不过咸鱼这个台词，真的很经典。,4,少林足球
啊 有一种大快人心的感觉。,5,少林足球
这评分是不是太低了？？？？？？,4,少林足球
从六块腹肌到陈国坤的cosplay加上少林大力金刚腿，都充满着对偶像李小龙的致敬，真的，人有一天能通过艺术向偶像致敬真的就功德圆满了。赵薇演得很到位但看到莫文蔚的时候就觉得她跟星爷才是最登对。很多经典的台词就连花絮也很搞笑。,4,少林足球
里面有个超感动的镜头。。。。,5,少林足球
一个暑假的傍晚，和姐姐租碟子看的，姐姐的同学一个小哥哥骑着车轮带灯的自行车，当时觉得好酷哦,4,少林足球
想知道中国男足的希望在哪里吗........,5,少林足球
第一次是小时侯在姥姥家族碟片看的，后来陪我度过出差的夜晚。仔细听，酒吧里唱的少林功夫是功夫里的只要为你活一天（开头就是一个心酸的故事，如果就剧作的角度，达叔是唯一的男主角）,5,少林足球
赵薇真的。。。。,5,少林足球
喜欢里面那种精神！此后周星星的风格更渐行渐远。,4,少林足球
我是个修理工，身上有扳手也是很合理的呀！,5,少林足球
人如果没有梦想，那和咸鱼有什么区别嘛,4,少林足球
剧本真心挺好的,4,少林足球
如果这部电影不是星爷拍的，肯定被我打一星。佩服星爷，他的风格已征服了我。,4,少林足球
这片子竟然01年拍的，今天才看了。赵薇化了浓妆跟周星驰表白，哭花了妆，真让人心疼,4,少林足球
「做人如果没梦想，那跟咸鱼有什么分别？」「我心中的一团火是不会熄的。」「熄了可以再点着。」,4,少林足球
看吧！那个时代是星爷的时代，都可以看！,4,少林足球
已经有了功夫的影子。,4,少林足球
人活一口气 我猪肉佬何尝不想成为一个伟大的舞蹈家,5,少林足球
苦苦的馒头诶,4,少林足球
人没有梦想，和咸鱼有什么区别,5,少林足球
当年看的时候那叫一个振奋啊～,5,少林足球
星爷的电影可能都是同一个套路吧 可是真的每一部都好能打动我 太燃 太感动 做人如果没有梦想 那跟咸鱼有什么区别 还有那又苦又咸馒头 那场每个人都拼尽所有的球赛 最后那个走在街头穿着缝缝补补的破鞋的周星驰 还是那么闪亮又叫人心疼,5,少林足球
这个竟然没有添加过，补一下。这个当年先租的国语VCD，后来是沸沸扬扬的上映谣传，又说侮辱佛教被禁。到DVD的加长版刷了N次。各个画面桥段对白可谓继《喜剧之王》后又一烂熟于心倒背如流的周星驰作品。可惜《功夫》之后，周星驰已死。,5,少林足球
星爷导演的电影，我唯一可以给五星的两部电影，这是其中一部，另一部是《功夫》。,5,少林足球
你快回火星吧,4,少林足球
父亲节和老爹看 赵微最后上来当替补以后笑死我俩了,4,少林足球
超级爱那段舞蹈和zw的扮相,4,少林足球
又怀念起大学了。一宿舍的人围着小电视机，把这部片的盗版VCD都看烂了。,4,少林足球
星爷的电影，无条件支持！,4,少林足球
2018.01.04重看。发现最帅的是莫文蔚和张柏芝。,4,少林足球
小学。和良良租碟，烤火腿肠，他已经老年痴呆的阿婆还在。,4,少林足球
今日重温，我相信了世界上真的有完美的电影。我觉得这是一部只有天才才能拍出来的电影。只有星爷，能够每一次都给我惊喜。,5,少林足球
遥想赵薇那光头造型，真是神了……,4,少林足球
有搞头。赵薇最后耍太极 美的,4,少林足球
居然还不错，和小时候的印象不同。发现星爷对中国功夫武术真是情有独钟，依旧是小人物的逆袭加扮丑女主。,4,少林足球
十多年以後再看起來，還很經典,5,少林足球
最搞笑的还是赵薇剃了光头扮ET周星驰来句‘地球太危险快回火星去’。做人如果没梦想跟咸鱼有什么分别。,4,少林足球
最搞笑的还是赵薇剃了光头扮ET周星驰来句‘地球太危险快回火星去’。做人如果没梦想跟咸鱼有什么分别。,4,少林足球
轻功水上漂~~~~,4,少林足球
小呆家。 10.05.13。 ,4,少林足球
如果人生真的能像电影里一样苦尽甘来那多好,5,少林足球
音乐配的很棒，动作和特效在当年也算是很精彩了,5,少林足球
可惜没能在内地上映，这么好的电影，才TM 6.8分，还有天理吗？,5,少林足球
其实，我是一名研究僧,5,少林足球
RMVB 收藏。。无哩头的推荐。,4,少林足球
看的次数不算少，但一直反复笑。中秋，朋友家吃饭，厨房有人忙，我们客厅坐，意见一致选星爷的片，看了一遍。从出场开始，就充满了各种“叹”，不止“笑”。台词都写的棒，几乎每次转戏出场都有专门的造型布景细致入微。看着星爷组完队把一切压在足球上那种冲劲儿——自己也到了机会少的年纪了，要珍惜,5,少林足球
每次看赵薇和面我都好想吃那个馒头..：D,4,少林足球
中国足球。。。。。,4,少林足球
我叫做酱爆，我从来都没有放弃成为一个伟大的作曲家的理想,4,少林足球
这是自从周星驰自导自演以来还不错的延续风格的一部,4,少林足球
小人物的蜕变，经典！人有梦想，咸鱼也能翻身,4,少林足球
搞笑中带那么一点不服输的励志就很好,4,少林足球
找不到电影看的时候就重温周星驰。。。总没错,5,少林足球
直到今天，才看了这部星爷的名作。因为个人原因，并不很喜欢。好在星爷的电影总是无比励志，真的很适合咸鱼观看，看了之后就不再甘心做咸鱼了。赵薇出现在里面好奇葩，但星爷的商业敏感度极高，当年小燕子红遍中国，他就第一时间请了小燕子来扮丑~,4,少林足球
百看不厌系列！,5,少林足球
其实真的是cult片···,5,少林足球
重刷一次，里面莫文蔚和张柏芝出现的那一幕，真的是美翻了,4,少林足球
分太低了 起码7.3,4,少林足球
以头为圆心，以身体为半径画圆，比整个身体平移能适合更多的情节。儿时的遗憾，终于有机会弥补，我还记得初中到一个老师的房间，电视里放的是功夫，铁桶里踢来踢去，却找不到耳闻此片的记忆，周星驰没有陪我长大，陪我长大的是空白。,5,少林足球
先说一句！配乐不是狮子王嘛？！如果说周星弛厉害在哪里，我想说他是一个细腻的演员，他能用心、很好地塑造一个小人物，他有无厘头的脑回路，想出不同以往的笑点。所以我们爱了他这么久。功夫其实和长江很多相似，周喜欢捡垃圾小人类，喜欢废物利用再利用，喜欢乌托邦，讲理想，喜欢功夫。他是属于电影届的，人品不去讨论，但电影届没有了他，一定会无趣很多。 但是一些鸡蛋的恶趣味还有打斗时的残忍，也难欣赏。特效也有点那啥……PS原来吴孟达也很不错哦！,4,少林足球
“人如果无梦想，咁同咸鱼有咩分别啊？”,4,少林足球
星爷的东西，向来喜欢啊,4,少林足球
为什么这片子评分这么低呢？,4,少林足球
还不错吧，特别是所有星爷片场常客的合集···,4,少林足球
感觉这一部有些低啊。。不知道为啥,5,少林足球
3.5 香港影展大銀幕版。缺點：1.劇情有點趕，細節描寫不好，過渡差，很多地方明顯是為了有而有，比如周星馳帶趙薇去服裝店說那番話的作用，還有趙薇跟周星馳表白那段。優點：1.節奏無比順暢；2.周星馳特別喜歡拿自己開刀，用黑自己來旁敲側擊觀眾，儘可能讓他們領悟底層人物的心酸和可愛之處,4,少林足球
山寺桑留的作业w 虽然现在一想都是电影本身的精巧，忘了山寺桑的表演，只记得开头一出声，有人讲山寺声音太英俊了，还是石班瑜好。,5,少林足球
感觉是中国当年最好的特效,5,少林足球
赵薇那个光头look也太et了吧！绝对比电视剧的好看！,5,少林足球
剧情稍微俗套，但是很经典很经典😂这个影评好苍白啊,5,少林足球
全亚洲范围内，只有星爷领会了少年漫画电影化的脉门。,5,少林足球
少林足球要好看过评分更高的功夫 7.2简直侮辱了这部电影,5,少林足球
真是很认真的片啊。不知道学了物理算不算学了少林功夫。,5,少林足球
看了许多遍，活生生的中年危机后回归第二春啊。,5,少林足球
引领潮流之作,4,少林足球
笑料十足，要看就看粤语版,4,少林足球
赵薇牺牲形象阿。,4,少林足球
当年的“丑女”赵薇！！！,4,少林足球
当年记得娱乐新闻是，赵薇剃光头了。我就想为什么呀，原来是星爷的少林足球。星爷的电影后劲太大，喜剧效果有了，让人深思的也有！,5,少林足球
中国足球在海外最有影响力的一次,4,少林足球
12年过去了，在下一个马年，他还能那么经典吗？,4,少林足球
工作后第一个暑假，闲、无聊的时候，吃着零食窝在沙发里和男朋友一起看的，于是觉得这电影可以四星了，哈哈哈。这种时候就喜欢满足观众一切愿望的电影。,4,少林足球
赵薇在其中的角色真的是没太多出彩的地方啊，还是喜欢一众师兄弟们。,4,少林足球
赵薇的演技我是服气的。光头……嗯。赵薇是一名很棒的演员,4,少林足球
现在看来，星爷这手法直接拍动画版更好,4,少林足球
星爷，不解释,4,少林足球
我觉得比《唐伯虎点秋香》好看，印象深刻,5,少林足球
分真低，严重顶经典的片子,5,少林足球
老实说，足球如果真是那样踢，就不好玩啦。,4,少林足球
2015年尾重刷，赵薇表现还是很差啊。。。,5,少林足球
就冲着赵薇大姐！！,4,少林足球
少林功夫加唱歌跳舞，有没有搞头？！,4,少林足球
这么多矫情装逼狗？让人失望的豆瓣。,5,少林足球
感觉是周星驰独立指导，告别屎尿屁，严肃喜剧的一个转型之作，相当精彩！没有八分太不合理了 都哪些傻吊打低分的,5,少林足球
横扫世界各地票房,4,少林足球
挺喜欢的，挺搞笑的…,4,少林足球
以前看星爷的电影完全是奔着搞笑去的。现在回过来再看星爷的电影，他的每一部作品都记载了他的人生感悟和成长。小人物再卑微也有成为金子的可能，只要你够努力，够用功，有准备，当机会降临在你面前时，就有化腐朽为神奇的可能性。这不也正是星仔成长为星爷的成长轨迹吗？,3,少林足球
功夫＋足球看似不可能的组合，实际上说明了功夫不应该消失，应该努力留住我们的民族瑰宝。,3,少林足球
看星从地上捡起一个脏馒头吃，想想这些年他演过的那么多心怀梦想的底层小人物，忽然挺心酸挺感动的。少林足球故事比较简单，无厘头台词也没其他作品多，单以极度夸张的动效取胜，后来的功夫什么的都算一脉相承吧。依然有个单纯善良的丑女孩，赵薇还不算违和，莫文蔚张柏芝一秒闪过，谢贤好风骚。,3,少林足球
《少林足球》也是“体育+功夫”类型的电影，跟全胜时代的周星星作品相比，还是有差距的。,3,少林足球
失意总只是一时，奋起直追才是硬道理，不过前途也不会太顺利，唯有坚持。。,3,少林足球
即便不能再相见 至少曾经一起肩并肩,3,少林足球
无厘头喜剧，踢球部分虽然有点假，但他是星爷啊。,3,少林足球
星爷的《少林足球》除了为他赢得无数褒奖外，最大的贡献就是推出了陈国坤。除了自己在海报中致敬李小龙的形象，黄色连体衣、大墨镜、神似的动作和神情。在最后，更是向被抬下场休息的“小龙”说出：“你只是人离开，精神永远都会在这里”的台词，李小龙的骨灰级影迷非星爷莫属。,3,少林足球
周星驰第一部独自导演作品，融合了少林功夫和现代足球，讲述一个奇幻色彩的热血励志故事，票房上取得极大成功。“人如果没有理想，跟咸鱼有什么分别”。相比以前作品，在摄影、场景调度、电脑特效上有明显进步，视觉效果出色。而在叙事及擅长的无厘头搞笑方面则越发刻意过火和夸张失真。赵薇光头造型示人，贡献了毁容式演出，“你快回火星吧，地球是很危险的”,3,少林足球
周星驰电影唯一一点没有看过直到现在才看第一遍的，感觉很后来的功夫有差不多的感觉，已经不是可以看很多遍的周星驰的那种电影了。我可能就是喜欢哈哈哈哈那种笑声,3,少林足球
真的不好看。。为了星爷和越来越漂亮的赵微，还是给三星吧。。还有柏芝和莫文蔚客串啊！柏芝好漂亮！！！！,3,少林足球
赵薇，剃光头好看的美女才是真美女，明显你不是。,3,少林足球
印象中赵薇第一次丑到不忍直视  一部中规中矩的影片  星爷一贯的风格  嬉笑怒骂中刻画小人物的不平凡,3,少林足球
说实话，周星驰作导演真的没有他作演员有天份。,3,少林足球
永远记得赵薇变光头后周星驰说你快回火星吧，地球很危险的.......,3,少林足球
这次看了港版，原来以前看的大陆版删减了不少内容。,3,少林足球
星爷的片子，内涵只有一个：小人物————最后成功。除了这个，其余就是让你笑。,3,少林足球
特别的功夫片，赵薇的形象印象很深刻。,3,少林足球
2018.04.05 （竟然没仔细看过！！）一边火锅一边看,3,少林足球
“分分钟几百万上下”，“人没有理想就和咸鱼没什么两样”，聚焦星爷最常见的底层小人物身上，蕴满了一碗苦涩和泪水的励志鸡汤，好的东西不该被遗忘。,3,少林足球
看得开心就好。不过听惯了石班瑜的配音，星星的脸配上星爷一本正经的音色还真是不适应。,3,少林足球
原来那句烂大街的 &#34;地球太危险回火星吧&#34;出自于此 看到赵薇化妆后周星驰一行的话我还蛮难过 狗日的周星驰就爱搞这种好笑但是让人难过的桥段,3,少林足球
周星驰在转型期的迷茫和探索在本片中一览无余,3,少林足球
以前看的。前面还可以哎。到最后也忒没创意了吧,3,少林足球
星爷的东西 没啥评语，都是看一遍乐一遍的东西,3,少林足球
“少林队”进入世界杯~~~~~~,3,少林足球
赵薇经典自毁形象的电影。。。,3,少林足球
不喜欢这片子里星星的style,3,少林足球
讨厌周星驰电影，没有这么露骨恶心的表现世态炎凉和人性黑暗的,3,少林足球
迈向超主流打入好莱坞的作品 熟悉的星爷渐行渐远,3,少林足球
感觉周一直做的事  就是杂揉   有些看着还行  这就  还行…    有的就…   比如 赌圣   有的也算经典了  比如之前的功夫   但是周最近他似乎又在走老路   传说中有海瑟薇加盟2012上的 太极 现在也不知道拍到哪里去了,3,少林足球
个人不是很喜欢这部片子，觉得随便看看还成，看过可以忘记。,3,少林足球
强烈抗议港片中使用内地演员，无论男女,3,少林足球
赵薇的光头造型太奇怪啦！她头发到底有多长，那么大的包！,3,少林足球
感觉名字应该改为还珠格格之大头怪婴,3,少林足球
换掉赵薇就好了。。。。哎。。。。,3,少林足球
很不搞笑的搞笑片，很特技的非特技片,3,少林足球
因为mi专栏里一张豆腐块儿大的雷人小照片儿和对赵薇的一句赞赏补了课。以前对周星驰不感冒，这部却多处触动到我，虽然也有很扯很黄很暴力，但每个人物刻划都很现实感动~特别黄金左脚和大师兄的辛酸人生。另外特喜欢星爷从垃圾堆里捡起被扔掉的咸苦馒头，洗洗边咋嘛边想象阿梅滴着咸苦眼泪做馒头那段。,3,少林足球
我一直认为星爷不适合拍商业片 ,3,少林足球
这部片子在星爷电影中不算出彩吧，吐槽一下，赵薇的光头真是太丑…,3,少林足球
至少比功夫多左一种精神     叫励志,3,少林足球
周星驰独立执导的第一部电影.球不是这样踢地.赵薇很牛逼...,3,少林足球
其实还不赖，但星爷的事业高峰不在此,3,少林足球
并不觉得这片有多好笑，甚至看到结尾NG画面的时候更觉得周导的整人意图很明显。。。似乎周导自己执导的片子或多或少都存在一些看似搞笑其实并不那么搞笑的因素在里面（尤记当年闹得轰轰烈烈选星女郎的事情结果咧）,3,少林足球
一张空头支票就可以搅动心中的诱惑，黄金右脚成了瘸子。这是谢贤与吴孟达的恩怨，但是因为周星驰的加入，变成了少林功夫的表演赛。昔日兄弟情，被现实沉淀得几乎冷漠。但是初心，这东西，却可以起死回生。至于馒头西施赵薇，还是在为星爷修补球鞋的那一瞬间，表达了爱的残念。后面拖地逛街更是坐实感情,3,少林足球
"延续了星爷的风格,尝试新的特效",3,少林足球
赵薇的光头需要画多长时间呢,3,少林足球
后来才发现，这是周星驰和吴孟达这对黄金搭档迄今为止最后一次合作了。片中的电脑特技还算不错，只可惜所谓的功夫足球队，不过是水中花镜中月。在中国球迷屡受国足打击的情况下，搏大家一乐。片中谢贤的客串可谓十分精彩，当时年届65岁高的谢贤可谓给足了星爷面子。,3,少林足球
老婆，想你了……老婆，看少林足球吧，呼呼，赵薇那个大光头哈哈，老婆，我爱你！好爱好爱！,3,少林足球
星爷这部低于预期，也是从这时候开始，我觉得他的片子没那么好笑了。,3,少林足球
"周星星少年真帅.那么早就发现了地球的危险~一贯的戏路,还好吧.赵薇真豁出去了",3,少林足球
回火星，浮云，这么帅却掉头发，哈哈,3,少林足球
少林功夫好 好好野 少林功夫劲 系好劲~~,3,少林足球
我怀疑是不是每个当过周星驰片子的女主角都遭遇过戏外被他追求的经历呢。,3,少林足球
开头很好……越演越像在看馬榮成的风云= =|||,3,少林足球
可能已经不喜欢这种无厘头的搞笑片了吧 或是说没有戳到我的笑点 看这种木有营养的片子总让我很不爽 总之前半段是上占斌课的时候他给放的 昨儿寻来看完 怎么说也是当时的比较经典的作品吧~,3,少林足球
看完黑玫瑰再看这部，感觉果然我还是更喜欢黑玫瑰式喜剧，这部就…有点儿太中二了。适当中二是燃，太中二就刻意了，有种屌丝逆袭的感觉……但是一起唱少林功夫就是好那段儿实在笑翻了。周星驰真好看啊。,3,少林足球
就那样吧,3,少林足球
觉得赵薇在这里的表现没有比巩俐在唐里边的表现强。,3,少林足球
周星驰导演有诚意的代表作 但是还是比如上演员时期的作品……,3,少林足球
周星驰从此片开始不周星驰了,3,少林足球
看星爷的电影 真的是 多年以后 有了不一样的感受,3,少林足球
“做人如果没梦想，跟咸鱼有什么分别？” ,3,少林足球
本质上，周星驰不太擅长这种中规中矩制造矛盾，建立人物的传统套路，所以大概从这个时期开始，他的灵光渐渐不灵了。当然，你也可以说比起做操控大局，周星驰更适合画龙点睛。,3,少林足球
若你喜欢怪人 其实我很美....三星半 重看计划,3,少林足球
单就电影来说也就那样喽，只是电影的影响还真是深厚，包括里面很多的语录现在都还在流行，这一点上来说，星爷确实强悍。,3,少林足球
好在还有达哥...,3,少林足球
以前看的。我想说我是真的欣赏不来某女星啊。。,3,少林足球
我啥我只记住了赵薇的大头。,3,少林足球
居然是那么多国民级经典梗的出处。结局的首尾呼应真的惊艳。阿梅问星，我喜欢你，你也喜欢我，那我们算不算爱情？星说，我们永远是最好的朋友，难道不是更好吗？简直说出我心声。,3,少林足球
其實我不怎麼喜歡這部 ,3,少林足球
都需要来办丑来打到所谓的星爷喜剧的效果，女猪脚们辛苦了,3,少林足球
只能说这时的星爷已经拍不出以前那样的神作了，想要搞点内涵却被拖累得整个电影的娱乐性大大下降。,3,少林足球
这些东西如果让别人拍出来肯定是个傻逼片子，但周星驰确实能够让人相信故事里那些关于纯真和信念感的部分。周星驰没出名那段时间肯定过得相当凄惨，惨到不是人过的日子，他所有的片子几乎都能验证这点。,3,少林足球
赵薇啊，你的光头太恼火啦,3,少林足球
地球很危险，你快回火星吧...,3,少林足球
我到底有多少早看过十几年却没有标记的。。。。那时觉得周星驰自己捯饬的片子不太行，现在回想起来跟之后的一比，不要好太多。。。,3,少林足球
据说也是星爷的无厘头喜剧经典之一，但自己有点欣赏不来。,3,少林足球
我挺喜欢这个题材的,3,少林足球
看完功夫再看这个，发现故事套路很相似，虽然差了三年，但是拍摄质量不是一般的-________-&#39;&#39;,3,少林足球
梦想？咸鱼？其实没什么区别,3,少林足球
反派的逆襲：“不要這樣嘛，人家要踢球啦”。“回火星去吧，地球很危險滴”；醬爆，肥仔，豬肉佬，股市人。“如果沒有夢想，那人跟鹹魚有什麼區別”；三七分的醬爆：我不同意這位小姐的想法。逆襲，反轉，風格化。沒有小時候第一次看那麼歡樂。,3,少林足球
不错的一部片子，就是太假了。还玩过其游戏，有点烂,3,少林足球
拍着拍着就成了网球王子了。。。,3,少林足球
赵薇为了这戏跟星爷闹绯闻，不值,3,少林足球
赵薇胆儿多大，剃光头！,3,少林足球
这样的足球之战，恐怕特意为中国队量身打造的圆环套圆环战术也没用啊。励志无厘头。,3,少林足球
快回火星吧！菠萝波罗蜜的隆冬强！,3,少林足球
2001/7/20 海運,3,少林足球
还行，早期星星还是不错的,3,少林足球
3.5 人人眼中都有一团火，做人如果没有梦想，那么跟咸鱼有什么分别呀。有搞头就赶紧做，时间是不等人的。相信你是最好的,3,少林足球
当年的周星驰还有个草根励志梦撑着那些乱七八糟的港式屎尿屁搞笑，现在，呵呵。这片北上合拍的特征很明显。赵薇当年爆红之后真是拼啊，各种扮丑,3,少林足球
我只想说，那个时候星爷还没那么老。,3,少林足球
这部电影在星爷的片子里面是非常一般的，跟功夫不能同日而语。整个套路都非常老套无新意。,3,少林足球
嘛玩意儿..星爷的电影只有大话能看么...,3,少林足球
看在特效的份上多给一颗星。,3,少林足球
我不喜欢 少林足球,3,少林足球
- - 我现在一看到周星驰就想到隆昌路。,3,少林足球
浮夸，当时笑笑就过了，没看出沉淀出什么来,3,少林足球
只能看着当会感觉..,3,少林足球
笑笑就好了 最惊奇的是 人人都认识谢贤！,3,少林足球
最喜欢加长版里的集体舞。,3,少林足球
你回火星去吧，表来地球吓人啦,3,少林足球
那段群舞很不错。周和内地女星确实少点火花。,3,少林足球
Just check how many I hv watched his works ;),3,少林足球
这以后的都无爱了，包括这部……,3,少林足球
很喜欢的一部周星驰电影,3,少林足球
最近论文写得头疼，在补未看过的经典港影，这部算比较失望的。。过于简单粗暴，星爷对kongfu还真是真爱,3,少林足球
长大后如果干着自己不喜欢的职业，不如为少时的梦想再搏一回。,3,少林足球
还有这个。。。。,3,少林足球
是不是周星驰最后一次和吴孟达拍的片？,3,少林足球
还行吧，就记住一秒钟几十万上下了,3,少林足球
从这部开始不怎么喜欢看了……,3,少林足球
我大概是老了 看到阿星最后找回阿梅补好的那双球鞋 居然忍不住哭了 赵薇的设定和莫文蔚在食神里的设定迷之相似 恋母情结+1,3,少林足球
我看过那么多周星驰的电影，我爸知道肯定疯了,3,少林足球
星爷电影就跟路边摊一样，虽然说不上多高雅和艺术性，但是就在你生活里,3,少林足球
星爷啊星爷啊，在你的带领下，有多少丑小鸭变成了野天鹅呢？话说赵薇在里面真实着实的丑啊，一方面真的很佩服赵薇为艺术献身的精神,3,少林足球
哎，周星驰最后一部喜剧片。。。,3,少林足球
北京-哈尔滨 T71,3,少林足球
漫画形式的创新，类似功夫。ps:据说此片向李小龙致敬,3,少林足球
不算精典的精品，不过我不喜欢！,3,少林足球
周星驰喜欢演小人物，喜欢演小人物落魄的时候，并且是极其受辱，自尊都低到尘埃里的情景，没有勃然大怒，没有激烈的愤而反抗，依然是玩世不恭，然后不知不觉地成为英雄，仿佛过往一切风淡云轻。然而这种极度反差在无厘头的剧情中显得并不突兀，可以给观众的观感上的极大满足。这部电影，很明显作为导演，周星驰有很多表达欲，他前面极力想要表达小人物的卑微，来反衬后来的成就。然而周导表达欲实在是太充足了，也显得有些过分，冲散了剧情本身的流畅度。铁头功师兄的百般被羞辱，当众过分羞辱赵薇饰演的馒头师傅，都让人觉得用力过度了。后来的功夫，长江七号也均有如此毛病。,3,少林足球
后来的周星驰片子真的不咋地了。。。,3,少林足球
10年前的片子，现在才完整地看完一遍，其实拍得挺糙的。,3,少林足球
人没有梦想那和咸鱼有什么区别,3,少林足球
Kungfu足球，重温在国家队无缘巴西世界杯以后。,3,少林足球
老实说不觉得很好看．．有点胡闹～,3,少林足球
少林功夫好耶，真是好！,3,少林足球
每每看赵薇受人嘲笑的那段，就哭。,3,少林足球
还是周星驰的一贯风格～,3,少林足球
赵薇头型不错,3,少林足球
星爷后期的这几部电影往往我都记不住情节。,3,少林足球
我只记得赵薇那假的不得了的头..,3,少林足球
被赵薇光头造型雷死- -,3,少林足球
貌似后来有个什么少林篮球么...,3,少林足球
这部电影是周星驰系列我最不喜欢的一部。,3,少林足球
励志不搞笑。,3,少林足球
足球不是这样踢滴～,3,少林足球
..让我认为..中国足球有了出头之日...,3,少林足球
前半场非常拖沓。后半场特技很炫。,3,少林足球
太好看了，很搞笑，以前这些演员好青春，演出了青春的感觉,3,少林足球
"「做人如果沒有夢想, 那和鹹魚有什麼分別.」",3,少林足球
一瞬间被惊艳过…,3,少林足球
这部片子主题还算明确，编剧也还不错。但是赵薇就不是个喜剧演员的料。大陆演员演星爷的喜剧，总是有违和感。哪怕经典如唐伯虎点秋香，其中的巩俐虽然相当漂亮，但一点也演不出喜感来，幸好秋香的戏份并不多，所以没有影响整个片子的有趣。,3,少林足球
在美国看的时候，他们还问为什么一定要是美国来的药。,3,少林足球
为了正在衰老的星星。,3,少林足球
不搞笑，真的不搞笑,3,少林足球
看了导演评论版，感觉就是一个菜鸟导演靠偏执和折磨演员制造出的搞笑，不过星爷无论如何都是观众们喜闻乐见的,3,少林足球
"猜得到的結局, 但還是很好看~! 雖然都是老面孔可是爆發了新的感覺",3,少林足球
趙薇那個假光頭太醜了,3,少林足球
我还是回火星去吧,3,少林足球
最后一部周星驰感觉的电影,3,少林足球
做人要是没有理想，那和咸鱼有什么区别呀？,3,少林足球
"我是全世界最out的的人么, 原来酱爆的神舞出自这啊...",3,少林足球
周星驰的搞笑与感动，恐怕谁也学不了了。,3,少林足球
里面居然有谢贤...,3,少林足球
有点不知所云的感觉,3,少林足球
这是香港喜剧电影中代表着最高水平的一部，,3,少林足球
星爷的小人物喜剧，虽然表演和剧情都很夸张，但是不知为何彼此间的真情蛮感动我的。吴孟达开头那段的表演相当不错，看得人心酸。不过《少林足球》整体而言，太过于浪漫（夸张）了，也就贺岁片图个乐乐。,3,少林足球
"特技用的还行,笑料 依旧",3,少林足球
周星驰最最失败的作品之一,3,少林足球
这个剧本有点牵强,3,少林足球
拍苍蝇的镜头反复看了好多遍,3,少林足球
理想——咸鱼   地球——火星   浮云   玉面双飞龙,3,少林足球
好多镜头都粗制滥造的感觉。,3,少林足球
太一般了，而且赵薇的扮相真是……,3,少林足球
PUMA软广告！,3,少林足球
以前一直没看，上大学才有机会看，唉。,3,少林足球
"me,kurumi很像啊",3,少林足球
特技忒假，作为一个球迷看不下去,3,少林足球
真喜剧，赵薇的头那么大,3,少林足球
同年10月7日中国足球首次闯入世界杯，而少林足球电影却无缘内地上映。赵薇在戏中三次扮丑形象可能是她所有作品里最牺牲脸蛋的了，不忍卒视，太糟践了。,3,少林足球
我高中毕业时候的回忆,3,少林足球
算是周星驰一个里程碑之作，第一次自己做导演，虽然导的不怎样。,3,少林足球
如果人没有梦想，就和咸鱼没有区别～,3,少林足球
特技还不错，一贯周氏风格,3,少林足球
初中看的了，当时看到秃头赵薇只觉得，美女就是美女，剃秃子还这么好看。。。。于是萌生了我剃个秃子看看是什么样子的冲动，但是这个梦到现在都没有实现~,3,少林足球
周星驰这部进军内地之作实在让人失望，若是九十年代小喜剧电影时代，则这部片子还算中游。但既然走的是大宣传大制作的路线，这片子的气场就太不足了。,3,少林足球
周星驰最不搞笑片子，建议国足所有队员每天临睡前都看一遍,3,少林足球
星星，我不喜欢！,3,少林足球
从此星仔不在,3,少林足球
几年前，看着周星驰就觉得生活很有趣,3,少林足球
足球规则上的逻辑Bug我还是接受不了。大家不要紧张，我本身是一个汽车维修员。,3,少林足球
很晚才看的,3,少林足球
小薇童鞋的光头很亮很亮很亮,3,少林足球
其实还行吧......如果去掉赵薇的话......,3,少林足球
我竟然看了好几遍...有点热血足球的感觉.,3,少林足球
赵薇的头，真的很大...,3,少林足球
这个有点...夸张,3,少林足球
一般般吧~~觉得，唉~不知道~缺少了以前的东西，也缺少了成熟导演的东西,3,少林足球
星爷无厘头系列,3,少林足球
VV的光头。。。,3,少林足球
他是金刚腿，他是铁头功。。,3,少林足球
有赵薇。演了啥我已经不记得了,3,少林足球
星爷最难看的一部。。。,3,少林足球
赵薇真够丑的，真的应该离开地球，去火星,3,少林足球
光头赵薇真心亮瞎了……,3,少林足球
赵薇的光头太恐怖、了,3,少林足球
在我中学拍的，力挺,3,少林足球
其实说实话我对这片子的搞笑风格比较……,3,少林足球
星爷和达叔的最后组合，有点小堕落。,3,少林足球
赵薇剃光头还是雷到我了的,3,少林足球
不太喜欢其中的臆怪场景。,3,少林足球
周的无厘头镜头开始减少，更多是其他配角演员，剧情弱了点。拿喜剧片来说励志实在是驴唇不对马嘴。,3,少林足球
《少林足球》里最感动我的地方是赵薇对周星驰说：“那你要常来找我，鞋子破了，我还可以帮你补。”周星驰却说：“鞋子破了我就把它扔掉。我们都要向前看嘛。”她希望自己的爱人飞黄腾达，但又怕他飞得太远，可能不再回来。也不知道是谁的主意，这里的配乐居然是我十分喜爱的《培尔·金特组曲》第八首—,3,少林足球
我是来买馒头的,3,少林足球
又是一个小人物对于梦想的坚持，其实星爷越来越艺术了。,3,少林足球
地球太危险 你还是回火星去吧,3,少林足球
至于它的好坏看今年大灌篮对其的膜拜就知道了！,3,少林足球
星爷早期作品了现在果然是成熟很多，不过难怪队友们都一个个走了，里面有很多太过践踏尊严的安排了,3,少林足球
这部开始对星星没感觉,3,少林足球
无厘头，无感……,3,少林足球
周星驰开始疯狂运用电脑科技的开山之作,3,少林足球
7.5分：当年我好像是接受不了这种怪异的设定所以拒绝看吧…想想现在再也看不到星爷这种作品了也是可惜，哪怕他擅长的三板斧现在看来有些尬，但是还是有不少意料之中的笑点让人会心一笑。于那个年代的港片来说，特效其实已经是顶级水准了，很多概念上的东西为后来更成熟的《功夫》做了铺垫。,3,少林足球
只剩下桥段了。,3,少林足球
我喜欢莫文蔚的龅牙。。。哈哈,3,少林足球
唉，周星驰嘛，搞笑嘛,3,少林足球
赵薇同学不管是念台词还是表演都太尼玛捉鸡了，大煞风景，减一星，我再也不说她在京华烟云里面不会讲台词了，比这时候好了不是一星半点。以及为啥这片分这低……,3,少林足球
我很不喜欢赵薇那个造型啊,3,少林足球
最后变身也太快了吧,3,少林足球
还行吧。中国足球要是能踢到那个份上也就好了。,3,少林足球
蛤？？？赵薇在哪里？一点儿印象都没了。。。,3,少林足球
十年前和黎杨姐姐一起看的，清楚的记得那天是我十四岁生日，后头还看了山村老尸。。好青春的年华啊。。片子有点囧，赵薇的光头，还有张柏芝，莫文蔚的胡须，星爷还是年轻时的纯港片最好看~~ 还有，“人如果没有梦想，那和咸鱼有什么区别”，也是出自这里,3,少林足球
这个太没问题了嘛，但是我觉得你也应该有点自信哪，其实你很漂亮地，武功又高强，很完美啊。,3,少林足球
不那么好看,3,少林足球
星爷后期的电影还是没9x年的好  看过n次于各种电影频道,3,少林足球
赵薇的形象毁的NB啊。。。,3,少林足球
这个片子。。。有点过了。。。,3,少林足球
复试结束在家呆了一晚立刻坐火车回青岛，候车厅在播少林足球，我又认认真真的看了一遍，想着随着自己的青春渐行渐远的那些相信，曾经的距离不是距离——如果人生没有了理想，跟咸鱼有什么两样...时至如今，成长使我口拙，可是更深刻理解了你们。,3,少林足球
导演不是那么好当的，周星驰作品笑点最少之一，能够上6.8更多的因素在于全名话题全民热的足球元素吧╮(╯▽╰)╭,3,少林足球
哦，中国足球吗？,3,少林足球
周星驰的喜剧真是一部不如一部了。,3,少林足球
雷人的光头女神。,3,少林足球
后来的周星星，蓄势N年之作也不敌当年，亮点还在，算是优秀，但不是过去的周星星,3,少林足球
陈升发愣太给力了,3,少林足球
除了八卦太极揉面 其他觉得so so,3,少林足球
2012.04.25,3,少林足球
夢想太過妖豔 太過鋒利 不是他選擇了夢想 而是夢想擊中了他,3,少林足球
7/10。足球乱战化作抢滩登陆的形式带出，实在是有想象力的一笔。星爷从本片转型成大量炮制特效，足球幻化熊熊烈火、高速旋转的弧线飞跃射门或干脆踢出了震天动地的龙卷风，只是动作场面的山寨味太重，刻意丑化的人物行为(舔掉鞋上的蛋黄、内裤套头等)渲染出好人被恶欺辱的生存困境，但也令人生理反感。,3,少林足球
都不知道用喜剧还是科幻片的角度去看这部电影。只能说这部片如果不是周星驰演的，必为烂片。星爷不再无厘头，像漫画一样夸张的足球。仍然是小人物成长的故事。经典台词还是有，特别是咸鱼和火星人之说。配角都很有特色。,3,少林足球
我心中的星爷该是：不让人笑成傻逼，就让人又笑又哭。本片这个水平是很不星爷的！,3,少林足球
可能不再喜欢那么夸张的形式了。。,3,少林足球
众人经过历练终结成名副其实的“少林队”。阿梅（赵薇）以太极功夫制造馒头，令星十分敬佩与之成了好友，但阿梅不只当星为好,3,少林足球
大脑袋赵薇~,3,少林足球
又是一起看的，对不对？,3,少林足球
各种自抄袭被抄袭的梗，但观赏性还在；师兄们回来了那段泪目了……特效确实撑不住；,3,少林足球
标志周星星老矣,3,少林足球
我对周星驰的喜剧片不是很感冒,3,少林足球
赵薇的光头造型呀,3,少林足球
地球真不安全啊,3,少林足球
这是一部改头换面的《喜剧之王》。,3,少林足球
赵薇的扮相啊…从前到后都是全然接受不能,3,少林足球
还星爷一个金像奖可以，但你们这班金像奖评委也不能闭个眼睛看片子啊。,3,少林足球
赵薇真的不太成，奇怪小燕子这么有灵性，其余的统统不行。,3,少林足球
想法有创意，但真的不是很好笑啊,3,少林足球
三颗星呀三颗星~~~怎么都只有3颗星,3,少林足球
和尚的足球理念。,3,少林足球
未删节版很搞，笑,3,少林足球
赵薇的光头。,3,少林足球
足球电影的好作品了,3,少林足球
重温一遍才觉得好多地方处理的粗糙不精妙，但是童年哪里懂得精妙和藏着的东西，只觉得好笑，直到现在，少林足球梗还在被模仿被使用，但是在这个俊男靓女说流量的当下，周星驰的作品已经成了稀缺品，说起来周星驰早期的作品女性一定是有转变，从丑到美，从残缺到完整，从无所依赖到有所牵挂。,3,少林足球
做人没理想，那和咸鱼有什么区别？,3,少林足球
为星爷和我们的青春MARK。为赵薇减一星。,3,少林足球
名古屋机场的日语版。。。,3,少林足球
没觉得好看.挺扯,3,少林足球
小时候电视上经常放，最后光头的赵薇……印象深刻。,3,少林足球
爆浆。。。唉。。。苦笑着看完。。。,3,少林足球
星式魔幻足球,3,少林足球
已经完全不记得讲啥的。。大学老师很喜欢！,3,少林足球
还是有点受不了赵薇秃头的样子。,3,少林足球
现在才看，发现张柏芝以前果然正翻了,3,少林足球
现在才看，发现张柏芝以前果然正翻了,3,少林足球
就记得周星驰跟赵薇那点对手戏 还不煽情,3,少林足球
赵薇的光头造型。,3,少林足球
赶快回火星吧。地球是很危险滴。,3,少林足球
没有赵薇，我会多给一星,3,少林足球
一个人在他家没事干，终于给我看光了。。还不错,3,少林足球
明显不如他九十年代拍的片子,3,少林足球
很早以前就想过，踢足球的要是会点武功，这踢球是不是更容易些。没想到真有人把这两者结合拍了个电影。还可以，比功夫好看点，吴孟达在终归好一点。有点日本科幻运动动漫的意思，但以喜剧片来说略严肃。还是那句话，周星驰做导演和编剧不如他做演员更合适。对比莫文蔚张柏芝，赵薇演技略有差距。,3,少林足球
过于花俏,3,少林足球
比有的还是强的。除了赵薇。,3,少林足球
完全弱下去。星爷的个人秀。赵薇娃娃音，不如换莫文蔚。,3,少林足球
地球太危险，你快点回火星吧。原来出自这里……太可乐啦,3,少林足球
周星驰捧红了很多女明星,3,少林足球
不解释~,3,少林足球
其实光头赵薇给我的印象比这部电影更深……,3,少林足球
哈哈  哈哈  每况愈下的你,3,少林足球
只是拿来消遣而已 我承认 我能力有限 没看到多少,3,少林足球
我觉得周星星同学花的钱越多~片子拍的越烂。。。自身的演技全被特效给代替了~,3,少林足球
看过很多遍，因为家里的碟不多，这是其中一张。,3,少林足球
其实每次看星爷的作品我也不知道为什么都是很哀伤 总感觉虐过头了 但这电影配乐很赞 又回去看了一遍,3,少林足球
失魂落魄的谐星和摸不着脑袋的偶像。,3,少林足球
花里胡哨的，就是有点低潮,3,少林足球
小人物的辛酸，赵薇的强颜欢笑让人印象深刻，不错的假期电影，周星驰式幽默有点审美疲劳。,3,少林足球
在武汉大学旁的录像厅看的，赵薇的光头明显太假，没感觉好笑。,3,少林足球
张柏芝真是美。,3,少林足球
小时候小破肚皮的作品,3,少林足球
架构和剧本都不错。就是搞笑内容有点老套低俗，特技也做的太多。总的来说是一部比较好的休闲娱乐片,3,少林足球
不太喜欢，虽然评价挺高的。,3,少林足球
中国足球什么时候也到少林寺去找点有前途的青年。。。,3,少林足球
吳孟達永遠是亮點,3,少林足球
星爷的演艺生涯成熟作品之一,3,少林足球
那脑袋..,3,少林足球
我被骗了！赵薇那头明明不是剃的！宣传的时候说是剃的！,3,少林足球
我真正的身份是一名研究僧..,3,少林足球
开始耍严肃了。,3,少林足球
小时候看的片了，只记得很搞笑，记得赵薇那光头是套上丝袜的……头特别大！！！,3,少林足球
对我而言，挺无感的一部星爷喜剧，一如既往是小人物翻身的题材，只不过这次包装上了少林武功和足球运动的杂交外衣，这个脑洞设定其实挺棒的，但在执行层面落实的不好，二者的最终结合只见功夫未见足球，这种无厘头的表现方式很难令人接受，而且有碍于这样的设定，体育竞技应有热血感在这里几乎看不到。本片的优点是星爷对于电影视效的想象和运用，虽然摆脱不了粗制滥造的标签，但多少可以看作数年后那部横空出世的《功夫》的练手习作。,3,少林足球
星爷那时已经开始走下坡路了，赵薇的秃头造型记忆犹新。,3,少林足球
最后的惊鸿一瞥。,3,少林足球
又看完一部星爷的电影，搞怪、无厘头的功夫可见一斑，略有夸张~好爱赵薇，那双大眼睛！,3,少林足球
不喜欢球场上的画面，跟打电子游戏似的,3,少林足球
那时候觉得守门员是全片最帅，很像李小龙，后来他就去演了李小龙。。,3,少林足球
搞笑的部分都比较尬，反倒是足球的部分非常燃，不算好的喜剧，但星爷的想象力与执行力你无论如何得佩服，虽然如今回看，特效真挺烂的……之前不知为什么，始终提不起看这片子的兴趣，其实电影远远没有自己想象的不堪，可能还是对老港片有偏见吧……,3,少林足球
最不喜欢的一部周氏作品,3,少林足球
啊，哦，额·······,3,少林足球
我比较怀念以前星爷还是星仔的时候,3,少林足球
(2016.04.12) 不是说最后的最后靠太极力挽狂澜了么，不知道为啥片名叫少林足球而不是功夫足球呢。。- -|||,3,少林足球
回忆起来了忽然，我第一部去电影院看的电影,3,少林足球
一个猥琐的RPG,3,少林足球
老老实实拍一部没有特技的喜剧很难么,3,少林足球
今天回头再看，发现并没什么经典。想法很好，但是故事逻辑俗套，剧情演绎的无厘头效果也一般，甚至有些无聊。,3,少林足球
成熟了些的周星驰电影，但不太适应。,3,少林足球
廉颇老矣,3,少林足球
赵薇的光头真的好违和，加上那几年张卫健的功夫足球......还好02年后我是看的NBA,3,少林足球
有点恶搞。但是赵薇的形象真是好棒哈哈神经病一样的,3,少林足球
扣分全因为赵薇,3,少林足球
我觉得我是不是不应该看周星驰的电影了，因为我觉得并没有到百看不厌的神坛地位，给不了五星，可是给低了又觉得是侮辱周星驰和喜欢他电影的人……我只看得懂其中的低级笑话，例如一脚把球踢到了天上大家各自玩了一个小时球才回来，例如他们报名参赛时的模样把雄哥笑得前俯后仰……咸鱼的梗是出自这里吗,3,少林足球
哎，周星驰不是我的菜。,3,少林足球
从这部就可以明显看出 自己表演 执导表演 调整台词 想一些梗是星爷的拿手 并且自成体系了一套表演法 这都是天才之处 而编剧 剪辑 音乐 包括选演员 星爷就真的不在行了 整套cos食神 可见重复自己真的没法一直有意思 还容易每况愈下 而且太多多出来并不好笑的边角 剪辑点不对笑点就被稀释了 音乐情绪不对整段戏就塌陷了 人物弧度不够 人物转变生拉硬拽 也可见编剧能力 选的赵薇还得白话国语来回切出戏 也不知道是怎么想的 星爷认真的样子真的很干很不好笑 千万不能走荷尔蒙路线 贱笑奸相才是你 总之我只能叹息后来原班团队是真的被多年得罪光了 才有了后来的降魔美人鱼自娱自乐炒的冷饭 原班才是经典啊 把导演权交回去吧亲 虽然那么喜欢你 从这里开始下坡 只能给两星半 ,3,少林足球
电视播过多少次了,3,少林足球
周星驰喜欢把功夫和各种东西结合，这次是足球，想起了日本的动画片，一个瞬间可以无限的放大，把一秒钟的时间用一个小时来刻画,3,少林足球
挺无聊的，重看赵薇那段,3,少林足球
功夫无处不在~对赵微那个光头形象不满，太假了。,3,少林足球
其实全看过 这部好身材,3,少林足球
赵薇你饶了我。。头好大好萌  大眼光头不都是ET么！！,3,少林足球
赵薇真是太cuo了,3,少林足球
地球很危险的，你快回火星去吧！,3,少林足球
一贯的小人物通过不懈奋斗终获成功的故事脉络，不过比起星爷之前的作品少了几分癫狂多了几分稳重，已经露出了后来《功夫》的端倪。当从前那个没正形的周星星认真了起来，你会发现他的故事蕴藏着超过他以往喜剧的力量。,3,少林足球
不好看，尬出天际，很多场景引起极度不适,3,少林足球
三颗星半，李卉我不知道你是干嘛的。。。其他的 恩,3,少林足球
赵薇最后那光头……,3,少林足球
其实真心一般啊！,3,少林足球
一度因为影射足坛现状而成为禁片～谢贤那个形象简直不能更像他本人了～赵薇如果你硬是不想剪头发可以用个更紧的头套么？这好像喝了三鹿奶粉长成大头娃娃的造型你当我们都是瞎子么～,3,少林足球
我觉得挺好笑的...还是喜欢星爷以前的电影，就像这样的。,3,少林足球
都不好意思说我看过。。,3,少林足球
2001看过 2011整整十年,3,少林足球
真的很搞笑，也很感动，人如果没有梦想，那和条咸鱼有什么区别,3,少林足球
星爷的电影越来越没有原来的那种味道了,3,少林足球
看多了就觉得像在吹捧庶民的胜利，屌丝的逆袭，理想的迸发，仪式感有点强。很多时候现实还是很残酷的，鸡汤灌多了容易让人迷失。,3,少林足球
功夫足球不错，但是不犯规吗？,3,少林足球
留下印象的  赵薇的光头  赵薇的台词,3,少林足球
"不晓得是不是因为ZW的原因,不是很喜欢这电影~",3,少林足球
总觉得星爷追求视觉特效和大场面是走上了一条邪路，他从来都不是以视觉奇观著称的影人。这条邪路就是从少林足球开始的。,3,少林足球
没那么玄乎吧,3,少林足球
曾有一度很迷周星馳各種,3,少林足球
曾经觉得很搞笑很无厘头。。。莫小朋友我好喜欢你啊！！！,3,少林足球
片子的特效其实有点坑了，始终处在一种不那么烂但是明显不好的状态里，反派脸谱化，赵薇的角色也并不那么出彩，还不如《功夫》里点到为止的哑女，周星驰还是太保守地设计了一个俗套的第三幕，跟《喜剧之王》如出一辙。,3,少林足球
怎么觉得这看的好心酸TvT…………话说一击必杀什么的剧情最讨厌了啊！,3,少林足球
赵薇的丑女造型令人记忆深刻 而且记得那句台词 地球太危险 回火星去吧,3,少林足球
还不错吧。,3,少林足球
看过的电影不会改变，陪你看电影的人却会,3,少林足球
2B和2B的故事,3,少林足球
剧情薄弱，创意点渐少。,3,少林足球
感觉从这开始周星星的电影走下坡路了,3,少林足球
那个欠揍的酱爆。。,3,少林足球
不如星爷早期的作品,3,少林足球
这部戏，赵薇就是一个丑花瓶。。,3,少林足球
个人看法了，一般一般。,3,少林足球
个人看法了，一般一般。,3,少林足球
小時候在電影頻道上看。對趙薇的光頭印象深刻。,3,少林足球
这需要我描述么  需要么?!,3,少林足球
最打动我的是关于“破鞋”的爱情，犹记得一脸羞赧的赵薇问起了周星驰，那我们之间是爱情吗？,3,少林足球
这部也就是还可以。有几个点还算搞笑。,3,少林足球
直到昨天晚上才看得这部电影，因为之前实在受不了星爷的转型，再经历功夫、长江七号后终于接受了少林足球。接受了周星驰的改变....,3,少林足球
属于一个很遥远的回忆。。。,3,少林足球
经典台词：“地球很危险，还是回火星去吧”。,3,少林足球
其实，没有看出来它喜在哪里。,3,少林足球
地球是很危险的，快回火星吧~,3,少林足球
赵薇看到当年这个光头造型会有什么内心独白？,3,少林足球
那时候一直想，若是Vi真的跟星星在一起，多好,3,少林足球
"和星爷的巅峰作品相比,这片太烂.",3,少林足球
做人如果没梦想，跟咸鱼有什么分别？,3,少林足球
秃头，大突破,3,少林足球
相较之前的电影。这部真心收敛好多。吴孟达的演技赞赞哒。还有赵薇的声音真心纯出一汪泉水。光头太圆了漂亮。,3,少林足球
除了卖馒头的赵薇，基本记不住剧情了。,3,少林足球
事件还蛮清楚的，一般的运动类喜剧，受挫的教练（可能带点前传）+ 主角有个目标—召集伙伴（伙伴不答应到答应）—训练—训练受挫（球品超差的球队）—升级训练—决赛对手计策受挫—崛起。一般再带点感情线。,3,少林足球
夸张的,3,少林足球
馒头店 就在我小学上学必经之路上,3,少林足球
周星驰沉寂很久之后的作品 满足了大家的期待 但是似乎少了点什么 ,3,少林足球
这一连串的电视经常放。。,3,少林足球
周星星的下坡路。,3,少林足球
外星人，外星人的头……,3,少林足球
星星的电影，总要捧场的,3,少林足球
那些都只是天边的浮云！,3,少林足球
--我们这是爱情吗？阿梅问。 --不是。阿星答。 --哦，我明白了。阿梅流泪了。,3,少林足球
那个时候vv真是哪儿热闹哪儿有啊,3,少林足球
据说评论两极分化啊。“二十年前有“黄金右脚”之称，但因一场被师兄强雄设计陷害的比赛而断了右脚自此名誉扫地的明锋（吴孟达）偶然认识了有惊人脚力的星（周星驰），说服了对方练习足球参加不久会举行的全国超级杯足球大赛，星找来曾一同在少林寺习武的一帮师兄弟，并唤醒了他们快被平庸生活消磨光了的潜在斗志，众人经过历练终结成名副其实的“少林队”。阿梅（赵薇）以太极功夫制造馒头，令星十分敬佩与之成了好友，但阿梅不只当星为好友，只因样貌奇丑而自卑一直不敢表露心意。”,3,少林足球
以前只看了后半段，似乎就是功夫穷小子把握机会搏出一片天的励志故事，而今补看全片前半段挺明确吴孟达才是妥妥的男主角，其黄金右脚巅峰期的颐指气使、瘸腿至被赶走的阳奉阴违、拒绝假球/退赛的悔悟与坚定、以教练身份重回草场的心潮澎湃，以致结尾落到周星驰的角色收获事业与爱情时我竟有些错愕。,3,少林足球
对赵薇的头印象很深,3,少林足球
这个真的很没意思，当时还出了周边游戏呢……,3,少林足球
少林武术不应该被遗忘,3,少林足球
这片子的BGM非常有辨识度，一听就知道是这个片子，虽然我不觉得故事有多戳我，但是这个音乐一起我就起鸡皮疙瘩,3,少林足球
里面赵薇特吓人了,3,少林足球
又是过年时候电视台老放的片子,3,少林足球
呃 赵薇的光头。,3,少林足球
星爷~~不解释,3,少林足球
赵薇最后的太极八卦以柔制刚来得漂亮！看个乐呵吧不较真了！,3,少林足球
感觉一般,3,少林足球
功夫足球，有点忘了,3,少林足球
赵薇的光头很给力,3,少林足球
我觉得一般吧，就是一句话，没梦想就和咸鱼一样了。。。,3,少林足球
周同学无感,3,少林足球
因为最近的周星驰事件，而反思有哪部电影还没看过，想到了这部，以前零碎的看过一点，才发现基本上和周星驰挨边的演员都上了。周星星式的搞笑风格一成不变，笑一笑十年少。,3,少林足球
赵薇真拉分，，拉低好多。,3,少林足球
星爷开始不搞笑了，交给别人去做。,3,少林足球
贺岁 搞笑,3,少林足球
国足内牛满面,3,少林足球
到这个时候的风格就不是我的菜了,3,少林足球
赵薇的光头是最大的亮点,3,少林足球
赵薇的造型已是经典,3,少林足球
其实我还是蛮喜欢周星驰的,3,少林足球
在周星驰重点电影中，这是比较不好看的一部,3,少林足球
非常浮夸的特效，也许未来中国足球要有希望真的需要考虑修改规则。总的来说，依旧是周星驰式的搞笑，演员阵容依旧强大。但周星驰的电影是真的需要去懂得他的笑点的，这也是为什么一直以来都对他的电影并不印象深刻，哪怕特别搞笑的，依然觉得笑点有些低，这不影响当做爆米花电影看，但终究觉得缺少了些什么。,3,少林足球
戏剧冲突没有食神强烈,3,少林足球
"三星半... 某些位很好笑, 很有創意 ... 某些笑位很低俗, 不太接受。",3,少林足球
仍然不做评价,3,少林足球
因为足球所以搞笑,3,少林足球
算是失望之作，但依然完爆如今的喜剧片,3,少林足球
属于中年男人的励志片,3,少林足球
缺少电影感，就是拍得跟电视剧太像了，大概是看这部电影的时候开始注意到这方面的问题。,3,少林足球
话说周星驰那纤细的脚踝真的是好性感！！,3,少林足球
赵薇同志的发型到现在都还记得很清楚~,3,少林足球
不是很喜欢中间那段头戴内裤出卖尊严的片段，我真接受不来，所以减了一星....  虽然很夸张很无厘头无逻辑 但确实承包了我今天的笑点，拯救了我的不开心。  星爷可以说是香港最后一位也是唯一喜剧之王了！欠他的电影票太多,3,少林足球
星爷出品，不忍心打三星以下,3,少林足球
可扯了...,3,少林足球
不是烂片。。但也不是佳作吧= = ,3,少林足球
周星星凭着它，终于得奖了。再晚一点，就超过“青年导演”的年龄限制了。,3,少林足球
就造型还有点看头哇。、,3,少林足球
太极！,3,少林足球
功夫首部曲。星爷，感觉你有点尴尬。还是功夫好看。,3,少林足球
没什么不好也没什么特别好，看到了很多经典台词的源头，那时候的特效也已经做得很棒，星爷对功夫的执念一直很深。,3,少林足球
补标记。应该是第一部完整看完的周星驰。,3,少林足球
赵薇最后凭借太极拳使球队转败为胜，也堪称影片的神来之笔。,3,少林足球
这应该是周星驰喜剧电影的一个分水岭，或许也是香港电影经典年代与奄奄一息的当代的一个分水岭。从此，香港电影就一路开始下坡，周也结束了巅峰时期。这个变化有些惊人，有些准备不足，但只能接受。片子确属比较平庸的一部，缺少起伏，缺少情感，要非说这是足球，那是侮辱足球，也就是一部功夫喜剧而已,3,少林足球
这里赵薇的扮相实在难忘,3,少林足球
国家队去少林寺招人吧！,3,少林足球
= =对星爷跟赵薇来说都算黑历史吧。唯一的亮点就是贡献了几个流传至今的金句。,3,少林足球
这个套路放在现在可能会被人骂死,3,少林足球
讨厌的赵,3,少林足球
其实这一部开始周星驰已经不搞笑了~,3,少林足球
做人要是没有理想 那和咸鱼有什么区别。。,3,少林足球
爱情线还可以，其他真的太浮夸太闹腾了,3,少林足球
赵薇剃光头挺不容易的，“地球很危险，你还是回火星吧”。,3,少林足球
做人如果没有梦想，那和一条咸鱼有什么区别。星爷这句台词是自己扮演的各种底层小人物的故事，也是自己怀揣着梦想最终本片票房奖项双丰收的真实写照。中国功夫和足球本就是不能拒绝的题材组合，星爷的无厘头和动作特技让它更有魅力，但当这些呈现在足球场上的时候扔难免尴尬。,3,少林足球
当时赵薇舍得剃光头真是不容易啊,3,少林足球
逗比有余。星爷symbol。赵薇光头造型亮眼、看过不止多少遍。,3,少林足球
小时候可以笑笑,3,少林足球
赵薇的光头造型碉堡。,3,少林足球
算死草和少林足球，见证了我对周星驰电影套路的审美疲劳。配乐不错。赵薇也不错。,3,少林足球
重看，发现以前给1星还挺惊讶的。多加一星吧,3,少林足球
和尚踢足球。,3,少林足球
怎么说呢，年代感十足，无厘头电影小时候很喜欢，大一些之后就不喜欢了，出戏。,3,少林足球
欢乐的时光特别快~又到时间讲白白~,3,少林足球
"周星驰是后知后觉推崇的电影人啊！有很强烈的个人色彩还有配乐也会重复出现 每部影片都有一个前半生潦倒的男人 然后遇到他的真命天女 情节很走极端 很会渲染 好看就好 好笑也是意义",3,少林足球
被删剪的两个片段是相当经典，几个配角演的很出彩。,3,少林足球
不觉知中我竟把多数周星星的电影看完，在童年时刻。想来，大抵是我天生比较严肃，故很难从他的喜剧荒诞哲学中获得多少快乐，于是只能看见他的用力。,3,少林足球
对无厘头越来越不感兴趣,3,少林足球
一把辛酸泪,3,少林足球
趙薇光頭挺好看的,3,少林足球
这是我第一次意识到赵薇好漂亮,3,少林足球
星爺的電影花絮是亮點，星爺以前的電影剪輯都有點不忍直視啊。,3,少林足球
当年租碟很兴奋看的 只觉得不怎么好笑 星爷年纪大了 喜欢温情路线,3,少林足球
星爷开始转行导演了,3,少林足球
这部作品还是搞笑戏份多一点，反思细节少了一点，更多的是小人物的悲哀,3,少林足球
海南回家的夜行巴士上看的 果然很无敌,3,少林足球
光头。。。,3,少林足球
昨天上午重温了这个电影，然后就睡了。最近太疲惫。总而言之，我真是个内心严肃的人。,3,少林足球
首尾有细节呼应 无厘头的同时不至于讲不清楚故事 融入周星驰个人元素主体 间离但完全隶属个人风格,3,少林足球
人生如果没有梦想，那和咸鱼有什么区别？,3,少林足球
统一口径·,3,少林足球
传说删了一段MJ的舞....,3,少林足球
前半部分很出彩！后面就显得比较套路了,3,少林足球
杀人足球~,3,少林足球
近年星爷水准有点……,3,少林足球
还不错，喜欢里面的赵薇。大灌篮是不是有不少借鉴之处？,3,少林足球
踢出一个未来,3,少林足球
这部很一般，不过还是有很多经典镜头,3,少林足球
真不想承认，这部到处堆砌着三流特效却机会没有草根无厘头精神的所谓喜剧电影是周星驰的作品。,2,少林足球
除了特技，没什么看头，现在看来特技也没什么了,2,少林足球
"那时候和全班一起看的,sigh...",2,少林足球
"无厘头是一个创举, 可惜星爷没有把它发扬光大.",2,少林足球
#第六届香港电影展#重看，满满的鸡血，还是满正能量的。,2,少林足球
在复出前就是搞笑桥段，在复出后就是尬桥段，很奇怪。无论如何，如果在后辈面前把这个片拿出来说这就是宗师和神一样的搞笑天王，后辈会瞧不起你的品味，这点相信大家都心知肚明，无论你因为情怀给它打多少分（我的意思是，你得拿大话西游鹿鼎记国产凌凌漆那些出来,2,少林足球
他的转型在我看来是比较失败的，尽管商业收入并没降低,2,少林足球
每次一想起这部电影第一个想到的就是赵薇的那个ET头套,1,少林足球
充斥着对足球爱好者的眼球污染，吐啊吐啊吐干净了赶紧评一星,2,少林足球
烂啊，看到秃头小和尚差点没吐了,1,少林足球
赵薇的假光头让人倒足胃口,2,少林足球
很不周星驰 失去了原先的无厘头气质,2,少林足球
算是周星驰失败的作品,2,少林足球
。。。。。。周星驰全集。。。。。。,2,少林足球
想不明白VV为啥要接这部戏~~~陈国坤太像李小龙了！,1,少林足球
算是周星驰较差的一部,2,少林足球
从1992-2001年，星爷奉献了许多经典，本片作为收尾并不过关。故事缺乏新意，电影技巧亟待提高。幸好后来有了《功夫》。,2,少林足球
周星驰早期的作品还是最经典,2,少林足球
直接无语森。今天才算正经正式的完整看了一遍,2,少林足球
两颗星星不是较差，而是我不喜欢这类型觉得很一般很一般。,2,少林足球
第一次的时候看了一点就睡着了；看见不少人说还挺搞笑的啊，就再看，而且还是坚持看完的，结果一点都不搞笑！,1,少林足球
周星星从这部戏开始就没落了...,2,少林足球
大师兄头上带裤衩，太变态了。,2,少林足球
本人是为了赵薇才看的~,2,少林足球
……这个恶搞方式……,2,少林足球
假又雷··苦在心馒头,2,少林足球
似乎是从这部戏开始 周星驰就走下坡了～,2,少林足球
当年被初中同学吹的天花乱坠的电影。格调太昏暗。周星驰的喜剧细胞我总是看不透,2,少林足球
只记德华大伯唱的主题曲了……,1,少林足球
集体舞= =,2,少林足球
特效太多 当初热炒李卉的角色最后却只是个打酱油的,2,少林足球
"周星星也要板起脸孔当英雄,靠!",1,少林足球
不是因为不好是因为主角不是周星星我就不会看,2,少林足球
那时我高一 ，和老汪 小野，每天放学后，坐在操场上 跑圈 踢球 聊女生 谈电影的时光,1,少林足球
"我实在不想给星爷这么少的星,可是赵薇实在是大败笔",2,少林足球
滚球，《少林足球》我也想一脚把你踢飞！,1,少林足球
什么玩样儿啊，我第一次想抽周星星,1,少林足球
本想看在星仔份上打个保本分，又觉对其它电影不公平……星仔讲故事能力太弱，还是找个好编剧先吧，术业有专攻，不是做得好演员就能做好编剧好导演的,2,少林足球
吴孟达 踢盒子,2,少林足球
挺無聊的，幾乎算是星爺電影最無聊的一部,2,少林足球
真的不會覺得好笑,2,少林足球
赵薇不错。周星驰嘛，一如既往地好。,1,少林足球
赵薇从头到尾都在雷,2,少林足球
不知道吧。。看完感觉不是很喜欢。。,2,少林足球
笑点尴尬，节奏也差,2,少林足球
星爷电影里最不喜欢的一部，也许是踢球这种现实题材过程太不现实了，接受不了这种荒诞感，而且赵薇这个女主还不如没有，比起之前那些御用女星差太远。,2,少林足球
不知道为什么有那么躲人觉得好笑！,2,少林足球
 自虐的人才看這個。,1,少林足球
趙薇絕對是票房毒藥，電影就毀在她不肯剃光頭，而選在戴頭套上了,2,少林足球
- -好难看,2,少林足球
不是我的菜，记得当年看第一遍无聊的睡着，第二遍看不下去。。,2,少林足球
星爷走向没落的开始,2,少林足球
竟然都这么多年了。。。,2,少林足球
应该是从这部开始，周星驰就变味了。,2,少林足球
一般  特技也粗糙  周开始转型的片子  我还是喜欢原来的风格 但尊重他的改变,2,少林足球
我居然看过？？,2,少林足球
记忆中觉得很屎~,2,少林足球
周星驰最烂的片,1,少林足球
理解不了这部电影的笑点，也理解不了这里面贫嘴与搞笑的区别,1,少林足球
不好看，太夸张了,2,少林足球
如果赵薇肯真光头 分数能高个0.5吧,2,少林足球
为啥还是不喜欢呢？,1,少林足球
有够假！,1,少林足球
讨厌赵薇,1,少林足球
从小都觉得好烂,1,少林足球
一玩电脑特技之后就都没有人性了，跟《蜀山》一样，人物的单薄是致命伤。而且一点也不搞笑！,2,少林足球
在赵薇的店前面跳舞，是绝对的亮点,2,少林足球
这应该是周星驰最烂的一部电影了 不知道小时候干嘛看得那么不亦乐乎 电影一星 星爷一星 尽管这个打分很痛苦 但我选择站在良知的这一边,2,少林足球
有些太噁的梗看了很倒彈。,2,少林足球
除了周星驰...其他的我都开始喜欢上你们了。,2,少林足球
因为星爷看了，不过真的没什么好玩的，除了看了赵薇撞了头我笑了。。,2,少林足球
怎么说呢……周星驰为数不多的不怎么好看的电影，因为一直很相信他，所以会有一点点失望呢……,2,少林足球
很久很久以前看的了，只记得那句台词：地球很危险，快回你的火星去吧！,2,少林足球
我就记得那惊天一脚...,2,少林足球
转折~往下的,1,少林足球
没从前的搞笑,2,少林足球
灰常水啊星爷！！！,2,少林足球
冷静地想想就知道还没有周星驰作演员高峰期的作品经典。,1,少林足球
在星爷的电影里...不怎么喜欢的一部,2,少林足球
不喜欢赵微,2,少林足球
喜欢星爷，如果你愿意，从现在开始你就是我们的上帝,2,少林足球
真的不好笑更不好看...,2,少林足球
周星驰最烂的电影之一,1,少林足球
记得赵薇的大脑壳，恶心死了,2,少林足球
赵薇那个雷啊,2,少林足球
看过～！,2,少林足球
不记得内容了 星爷的差作之一,2,少林足球
"当时相当失望......配角反而出彩,尤其田鸡.",2,少林足球
不喜欢光头赵薇好吗。。。。哪个格格会剃光头。！！！哪怕是民间来的也不行啊~~~~~,2,少林足球
因该是周爷的转型之作，但转得不成功就是了,2,少林足球
非常不爱看，,2,少林足球
什麽亂七八糟的啊~真的很爛~,2,少林足球
赵薇在里面真难看...,2,少林足球
真是不好笑,2,少林足球
不靠谱的东西,1,少林足球
呃...耍宝搞笑很好笑阿？,2,少林足球
完全笑不出来。get不到啊get不到,1,少林足球
DVD,2,少林足球
其实还行,2,少林足球
e.  没什么意思.,2,少林足球
没了石班喻听觉有点受折磨。,2,少林足球
如果可以我会给负一星,1,少林足球
还是没办法喜欢这样的片，没有笑点。还讨厌星爷总是利用女演员，可有可无地利用花瓶，大男子主义地利用,2,少林足球
周星驰自己当导演的作品我其实都不太能理解,2,少林足球
果然分不高，本片逻辑混乱，剧情老套，主题平庸，人物也不突出,1,少林足球
还是不好看……,2,少林足球
不稀饭,2,少林足球
然哥跟我说少林足球比功夫好看，然后我就兴致勃勃地去看了。。结果发现整部电影，完全引不起我的笑点。。。。。赵薇的台词功底似乎还是一如既往地烂。,2,少林足球
2星。赵薇你想作甚,2,少林足球
当你想改变，才发现举步维艰,2,少林足球
光头装太··假,2,少林足球
肮脏，下流，不合实际，我不知道星爷要表达什么,2,少林足球
本质是意淫,2,少林足球
最傻的周星星电影，赵薇果然是电影的毒,2,少林足球
 看不下去了,2,少林足球
咸鱼未翻身。,2,少林足球
兩粒星俾晒张柏芝！,2,少林足球
哈哈....不会想太多,2,少林足球
Maybe I&#39;m just too old for this...,2,少林足球
这什么跟什么啊,2,少林足球
重温一遍，听到“没有梦想跟咸鱼有什么分别”，眼睛红了。 赵薇和周晚上喝酒树下告白那段真别扭啊,2,少林足球
这种电影实在没啥可看的,2,少林足球
汽车电影……真的笑不出来……赵薇牺牲挺大的还剃了光头…… 吉星高照从这里偷了不少桥段……,2,少林足球
删掉所有足球戏份我给四星，有了足球戏份顶多两星，不是我不喜欢足球，而是超能力足球真心接受不了——无论是否挂着搞笑、戏说、无厘头的招牌。,2,少林足球
于我而言这部电影是周氏作品的分水岭，之前的每一部都百看不厌，之后就渐行渐远……,2,少林足球
不记得什么时候看的了，上大学以前吧，也不记得看没看全，没感觉,2,少林足球
喜欢里面邪恶的守门员,2,少林足球
我没感受到哪怕一点点笑点，满屏都是尴尬,2,少林足球
只要是周星驰产的全部一星,1,少林足球
一贯的没有人性，而且还不好笑！,2,少林足球
周星星式搞笑电影，经典台词就是那句如果没有梦想 人和咸鱼有什么两样,2,少林足球
空有特技，配音很烂。,2,少林足球
周星驰江郎才尽的见证,1,少林足球
以前的周星驰到哪里去了?,1,少林足球
别把2逼当搞笑。,1,少林足球
不like这调调,2,少林足球
有点励志更有点白痴。,2,少林足球
江郎才尽,2,少林足球
前不久才看 但现在就已经没什么印象了,1,少林足球
咸鱼理论～仅此而已,2,少林足球
恶心的赵薇啊,2,少林足球
他的电影还没成型时。,2,少林足球
真的觉得这部好差~搞笑不是丑化~走得路线不对~,2,少林足球
这个时期的周星驰已不会搞笑。,2,少林足球
传统港式搞笑不行了,2,少林足球
这部怎么看都不感冒,2,少林足球
莫文蔚应该是真的爱过周星驰。,2,少林足球
呵呵呵呵,2,少林足球
不喜欢,2,少林足球
火星电影看不懂,1,少林足球
2星半,2,少林足球
能力把握不了这种想象力,2,少林足球
服了自己了。,2,少林足球
较低B，适合少儿观众,2,少林足球
足球小将...,2,少林足球
说实话对这部不太感冒,2,少林足球
这部不是很喜欢，扯的有点过,2,少林足球
单从喜剧的角度来看，我是越来越难取悦了。,2,少林足球
烂片,2,少林足球
不太能欣赏的幽默,2,少林足球
泡沫电影,2,少林足球
这叫足球，还是叫少林？两个完全不搭界的东东凑在一起，除了场面搞怪以外，别无所长。,2,少林足球
一点都不好笑，看了一半实在看不下去了。话说这部片子宣传上映还历历在目，原来已经过了十五年了。。。我果真老了。,2,少林足球
从头到尾几乎找不到笑点！,2,少林足球
喜剧成分太少，特技效果华而不真,2,少林足球
他就是从这部片子开始堕落的。,2,少林足球
最BS周星驰的电影，在同学都很迷他的时候，我坚守了自我,2,少林足球
哎，星哥~~,2,少林足球
我真的很茫然,1,少林足球
这是所有我看过的，周星驰电影里最难看的一部，不能完全怪赵薇，编剧和奇怪的配音也很糟糕，但是通过此片，我发现星爷身材很好，张柏芝长得真美,2,少林足球
感觉很假 不是很喜欢 恩,2,少林足球
垃圾,1,少林足球
星星的一大转变..不是我的菜..,2,少林足球
小时候就能分辨出的烂电影，这这这叫足球吗,2,少林足球
不是很好看,2,少林足球
用力过猛 01年的柏芝好美！,2,少林足球
我没笑！！！！！,2,少林足球
我是不太喜欢周的这部电影，夸张不搞笑，而且影片一点都不唯美。还是喜欢大话西游、九品芝麻官那样的片子。,1,少林足球
很多人把它奉为经典，我感觉淡淡的不怎么好看,2,少林足球
虽然老陈看的眼睛不眨，可我真受不了这种,2,少林足球
恐怖,2,少林足球
加长版,2,少林足球
vivi红的时候，她的什么电影都被人拿出来看,2,少林足球
长大了不会再喜欢香港这样的电影了,2,少林足球
简直不是足球，是科幻啊。剃光头的赵薇还挺有喜感。,2,少林足球
什么玩艺,1,少林足球
有些台词还不错，赵薇减分，有违和感。,2,少林足球
老实说 我觉得还是他与王晶的合作电影好,2,少林足球
燃点起我酱爆心中的一团火。那个时候还截下图来发给朋友说，诶你看，长的好像雕哥啊。,2,少林足球
做人没有梦想和咸鱼又有什么分别。台词很经典，能看出《功夫》前身的影子。另外真的需要对别人更尊重。莫文蔚和张柏芝出现的桥段好喜欢，扮相好玩又酷！,2,少林足球
赵薇好恶心啊。,2,少林足球
两星半。周星驰的电影压根没有过要给三星以下的想法，存在就是好的感觉。,2,少林足球
屌丝们的喜怒与哀愁。,2,少林足球
holy shit！我的赵薇啊！,2,少林足球
薇姐真喜人,2,少林足球
觉得周星星凭这部戏得奖其实是他的悲哀的人应该不止我一个吧。,2,少林足球
很一般，应当是周星驰的失败之作,2,少林足球
典型港台商业片,2,少林足球
扯淡 赵薇那个造型是不是喝三鹿长大的,2,少林足球
实在看不出有什么内容。。。。,2,少林足球
完全是看不看两可的那种片子.,2,少林足球
这部开始，风格就开始转变了,2,少林足球
1.开头餐厅唱歌那段很爆笑 太恶搞了 2.别的就没印象了 好像没什么内容？不知道到底想讲什么,2,少林足球
在特效的狂欢中丢失了重心,2,少林足球
战斗机级别的,2,少林足球
2001年从浦西看过去还只有孤零零一座东方明珠 不胜唏嘘,2,少林足球
不做评价,2,少林足球
看得我很提不起兴致。,2,少林足球
第一百百一十三天，我不否认它对于一代国人的意义，但最起码以我来说，以现在对于电影剧情的看法来说，有些太过于雷人，漏洞过多。“玫瑰色丛书”,2,少林足球
目测这部片虽然尴尬连连但是圈了不少钱。,2,少林足球
小时候讨厌赵薇讨厌的要死。。。现在无感了吧。。。,2,少林足球
什么玩意儿,1,少林足球
周星驰怎么火的完全是个迷啊,1,少林足球
真心觉得不好笑.,2,少林足球
6.3分。我感觉从这个时期开始星爷片子的风格变了，我不太能get到笑点，还是喜欢他早期作品。,2,少林足球
无聊,1,少林足球
当时还是小学组织看的.,2,少林足球
这部差点意思,2,少林足球
原来我初中还是看了好几部港片的。,2,少林足球
不看星爷的电影 都不知道流行词怎么来的 其实我觉得星爷还蛮帅的,2,少林足球
看不完,1,少林足球
trash,1,少林足球
有点烂。,2,少林足球
赵薇太可爱了,2,少林足球
标记一下，因为实在太烂了,1,少林足球
跳看,2,少林足球
个人觉得很烂，只以赵薇的光头为卖点,2,少林足球
也不逗,2,少林足球
赵薇啊，不成器的演员,2,少林足球
感觉很无聊,2,少林足球
这是给内地版打的分,1,少林足球
本片讲述梦想与奋斗，但传达的方式太过于片面，开头挺不错，前面的各种桥段也特别搞笑，特别是酒吧里唱歌那一段笑得我喘不上气，但是到后面越来越扯，扯得太离谱，剧情太过生硬，本来看到中间都还觉得可以打三分，但越看到后面越不喜欢。,1,少林足球
过了2000年的作品，星爷憔悴了，电影也不太好看，不忍贴上星爷达叔的标签。一是够我吐槽一年的五毛特技，当然可以说是当时技术使然；二是太扯的剧设，打球还是打人啊？踢球还是拆场啊？当然我对少林武功还是怀有敬意的。配角们的演技都差强人意啊，很努力地恶心。张柏芝和莫文蔚绝对是大彩蛋！美如画,2,少林足球
赵薇的败笔,2,少林足球
周星驰很多电影我都很喜欢，但不包括这部。,2,少林足球
江郎才尽的感觉,2,少林足球
挺无聊的,2,少林足球
依旧是贫片。。。但不太喜欢,2,少林足球
周星驰,2,少林足球
很一般,2,少林足球
黑色幽默太沉重了，星爷用无厘头把喜剧内核的那部分悲惨充分表现出来，结果使得太多地方让人实在笑不出。同阿米尔汗的许多喜剧一样，他表现出一种反抗命运依靠无厘头的虚妄的无奈。投映到荧幕上，它是引人发笑的喜剧；映射到生活中，它是迫人直面的悲剧。给三星是表现出喜剧的内核，扣一星是喜剧的外表并没表现好，笑料拙劣。,2,少林足球
"这个算是比较糟糕的作品,不推荐了",2,少林足球
"seriously, i do not have idea what it is talking about.even i have seen it twice",1,少林足球
这个时候星爷的电影就已经没味道了,2,少林足球
特效跟不上时代了,2,少林足球
没甚意思。,1,少林足球
商业大片~,2,少林足球
星爷的喜剧我每次都是皱着眉头看的，对女性的丑化也是不能认同的,2,少林足球
难看,2,少林足球
标记,2,少林足球
真的很烂,1,少林足球
无法欣赏= =也不好笑,2,少林足球
第一次完整的看，各种想当然，俗不可耐,2,少林足球
不喜欢,2,少林足球
一般,2,少林足球
依旧对周星驰电影的风格无感，单纯喜欢足球而已，永远没有功夫足球，功夫与足球相悖，甚至与所有体育运动相悖。足球要是都这么踢，真的就很没劲。5/10,2,少林足球
越拍越难看……,2,少林足球
噁.,2,少林足球
从这一部开始，第一次，突然被星爷的令人失望吓到了。,2,少林足球
星夜的前期后期分水岭。作品很一般,2,少林足球
這是我最不喜歡的周星馳的作品,2,少林足球
刚开始的稚气,1,少林足球
爛片,1,少林足球
Ꮚ╹ꈊ╹Ꮚ Ꮚ`ꈊ´Ꮚ Ꮚ˘̴͈́ꈊ˘̴͈̀Ꮚ⋆,2,少林足球
狭隘的小人物电影，低俗的很。,2,少林足球
04年第一次看啊，今天随便换台发现也在播……也就那样吧……,2,少林足球
女主都不稀饭。。。,2,少林足球
SB,2,少林足球
很早看的，映像中很难看,2,少林足球
赵薇是  外星人吗,1,少林足球
很奇怪  小时候我也不爱看这,1,少林足球
星有失手，马有露蹄,2,少林足球
我是迅速快进都不想看完啊！,2,少林足球
一般,2,少林足球
糟糕的赵薇,2,少林足球
这怕是星爷唯一一部让我感觉尬出天际的作品了，全程我边看边笑边骂：卧槽神经病啊！,1,少林足球
无厘头搞笑 太能吹牛逼,2,少林足球
赵薇真是一大败笔！,2,少林足球
我就不评了。,1,少林足球
感觉是星爷在实验，过渡作品吧！,2,少林足球
明星不少,2,少林足球
对不起，我有点看不下去,2,少林足球
儿童电影,2,少林足球
一般,2,少林足球
无聊，恶心,2,少林足球
很无语，超失望的作品,2,少林足球
身为足球迷的我看的蜜汁尴尬啊！一大群人不防守看着自己守门员被对方球员射门，虽然是喜剧片但足球规则你不能违背的太夸张吧！搞笑方面还是不错,2,少林足球
不喜欢这种改编的功夫类电影,2,少林足球
可以催眠,2,少林足球
玉面双飞龙惊艳全场,2,少林足球
5/10，两星半。进入千禧年之后的星爷式港片，还是没有完全征服我的心。对这路喜剧风的商业休闲片，不感冒。一笑而过。,2,少林足球
没什么新意,2,少林足球
满大街找碟，都被租了，好不容易找到，除了新鲜，没有别的感觉,2,少林足球
有用力过猛的感觉。,2,少林足球
剧情太单薄了 全是特效 ,1,少林足球
02年阅,2,少林足球
抱歉，星爷。不能再多了,2,少林足球
情节不对我的胃口，国语配音感觉少了点什么。两星给敬业的演员们吧。,2,少林足球
小时候觉得周星驰的电影有意思，现在感觉内容都是胡扯,1,少林足球
重看后才发现这部有多糟糕。,2,少林足球
情节拼凑，故事混乱，叙述不明，烂片,1,少林足球
抛开周星驰的情怀后再看除了音乐好听以外其他各方面都太拙劣了。,2,少林足球
实在是不敢恭维,2,少林足球
看困了，很遗憾周星驰的电影几乎逗不笑我。,2,少林足球
退步。,2,少林足球
和这个←_←,2,少林足球
感受不到更多的笑点,2,少林足球
一直get不到这片,2,少林足球
就是不喜欢周星驰,2,少林足球
开始尝试~开始退步,2,少林足球
2001从这里开始渣，，,2,少林足球
少林足球。。。。,2,少林足球
怪怪的,2,少林足球
赵薇……没法看了,2,少林足球
我没那么喜欢周星驰，顶多是喜欢至尊宝,2,少林足球
除了搞笑意外 就是乱搞了足球,1,少林足球
非好感,2,少林足球
其实不是很有意思,2,少林足球
除了那个馒头店有个&#34;甜在心&#34;的好名字以外，都很尴尬。,2,少林足球
我喜欢香港电影，但我真的欣赏不动周星驰,2,少林足球
不好看,2,少林足球
周星驰在退步，赵薇好丑。,2,少林足球
囧。,2,少林足球
有点瓜,2,少林足球
周星驰典型的烂片,1,少林足球
江郎才尽,1,少林足球
类型片？,2,少林足球
不喜欢！,2,少林足球
周星驰的第一部大作，也奠定了电影界的大咖的基础。,2,少林足球
我觉得赵薇比屎还恶心,1,少林足球
完全不好笑啊😱,2,少林足球
哎，小燕子,2,少林足球
周星驰拉屎都有人说香，除了对他的怀念，你心里真的想过认真对待这部片子吗？当年金像奖真是食了屎，一群人拿着几句金典的话捧到现在，电影不是靠情怀，靠的是质量,2,少林足球
老了 看不来这种电影啦,2,少林足球
周星驰抄袭大王,1,少林足球
……,2,少林足球
踢进那一球，多少牺牲。到最后初心也没人在意了。,2,少林足球
周星驰电影里我觉得最难看的,2,少林足球
足球小将吗？,2,少林足球
一般般,2,少林足球
这部电影让我讨厌赵薇到现在，完全不知道为什么,1,少林足球
时隔多年，我还是欣赏不来周星驰。,2,少林足球
硬销笑话,2,少林足球
呵呵，太一般,2,少林足球
还是喜欢不玩特效的星爷,2,少林足球
这么多年，一直搭档，一直男配,2,少林足球
赵薇带个发套忽悠谁呢,2,少林足球
人没有梦想，跟咸鱼有什么区别。,2,少林足球
很无聊的片子……除了赵薇化妆那段有意思,2,少林足球
2.5,2,少林足球
感觉根本不是一部喜剧，其实是悲剧,2,少林足球
真心不喜欢这样的==,2,少林足球
不爱看 特效假 不好笑,2,少林足球
周卡通。,1,少林足球
不喜欢,2,少林足球
庆幸当年没看 不幸最终还是看了.... ,2,少林足球
对那个生鸡蛋记忆深刻,2,少林足球
做人没有梦想，同咸鱼有什么分别！但，真的好尴尬！,2,少林足球
凡事，过犹不及吧,2,少林足球
“人没有理想跟咸鱼有什么区别”,2,少林足球
这个真的，我get不到,1,少林足球
其实还好,2,少林足球
再看只是付之一笑,2,少林足球
只看了前半段，水准下降,2,少林足球
重温一次。,2,少林足球
江郎才尽矣～,2,少林足球
2.4,2,少林足球
乱！,2,少林足球
可能我是不懂无厘头吧……,2,少林足球
一般。,2,少林足球
从它开始，我对周星驰就那么回事了,2,少林足球
感觉和喜剧之王根本没法比啊，台词没深度不搞笑，特效略尴尬，虽然都是小人物励志题材，这个显得好肤浅，反转得也太容易了。。,2,少林足球
感觉和喜剧之王根本没法比啊，台词没深度不搞笑，特效略尴尬，虽然都是小人物励志题材，这个显得好肤浅，反转得也太容易了。。,2,少林足球
这个电影，有些搞笑有些动作，有些情怀，值得一看,2,少林足球
以前看的时候觉得好好看啊，现在还感觉有一点憨哈哈哈哈哈哈,2,少林足球
忘不了的是赵薇的光头…,2,少林足球
我不觉得好看,2,少林足球
不喜欢这部，不知道为什么。,2,少林足球
……自认为星爷较差的作品,2,少林足球
难看。,1,少林足球
大杂烩,2,少林足球
不喜欢,2,少林足球
2003,2,少林足球
我可以给个2分吗,2,少林足球
我觉得是烂片,2,少林足球
这也叫电影,1,少林足球
有点烂,2,少林足球
一般吧,2,少林足球
加到死,2,少林足球
盛名之下，其实难副,2,少林足球
当年看的时候就不喜欢,2,少林足球
无聊,2,少林足球
这个真的烂,2,少林足球
已经无法理解星爷搞笑方式,2,少林足球
一大堆特效 什么乱七八糟💩💩,2,少林足球
作为一个球迷看这个实在是太痛苦，即便是我知道足球只是周星驰拿来的一个幌子而已。,1,少林足球
烂片！,1,少林足球
不喜欢,2,少林足球
神经病,1,少林足球
抄袭大王,1,少林足球
不喜欢。看了等于白看,1,少林足球
闭眼,2,少林足球
无厘头搞笑,2,少林足球
仍然是不太喜欢的一部戏,2,少林足球
呵呵 豆瓣果然没让我失望 看来都是一群喜欢装逼的伪文艺青年。套用断水流大师兄一句话：“我不是针对你，我是说 在座的各位都是垃圾”  没必要给高分了，懂星爷的人自然懂，还不如刷点低分让那些“品味高”的人远离星爷的作品,1,少林足球
不喜欢。有一种阿Q精神，过分强调人的主观能动性了。,2,少林足球
不是以往的水平，没看头,1,少林足球
没感觉,2,少林足球
不喜欢,1,少林足球
毫无逻辑。,2,少林足球
较差,2,少林足球
周星驰还有这么烂的作品……,2,少林足球
..,2,少林足球
闹腾,2,少林足球
蹭元素的。,2,少林足球
真的……好烂……,1,少林足球
我只想说，这是什么鬼…这真的是星爷导演的么……这部片子跟功夫、喜剧之王比起来，差了十万八千里啊……,1,少林足球
不怎么样,2,少林足球
太夸张了,2,少林足球
6.5分,2,少林足球
讨厌某某,1,少林足球
两星半吧,2,少林足球
马克,2,少林足球
烂,2,少林足球
不咋好看,2,少林足球
只能说冲着周星驰去看的，但是完全不是周星驰一贯的水准，真是太差了~~,2,少林足球
无法从足球的角度来接受这部影片。,2,少林足球
补遗。,2,少林足球
我喜欢😍,2,少林足球
一般,1,少林足球
雷,2,少林足球
烂片,1,少林足球
不好笑,2,少林足球
一直都不是很喜欢周星驰的电影，所以这部也觉得一般般,2,少林足球
感觉是周星驰电影里面超级没看点的一部。。。。,2,少林足球
扯淡,2,少林足球
尬,1,少林足球
不好看,2,少林足球
腰马合一。,2,少林足球
呵呵了,1,少林足球
这算是星爷片子里我最不喜欢的了,2,少林足球
一般,2,少林足球
补课,2,少林足球
赵薇 那个光头太没诚意了,2,少林足球
1/10,1,少林足球
较差,2,少林足球
周星驰的低谷喽。,2,少林足球
星爷的固定模式,2,少林足球
补,2,少林足球
1,1,少林足球
星星的坠落,2,少林足球
看过不想再看第二遍,2,少林足球
太傻了,2,少林足球
。。。,2,少林足球
搞不清楚是为周星驰看的还是赵薇，但都没有想象中精彩,2,少林足球
以前没看过少林足球，现在看了，没想象中的好。星爷的片讲究无厘头，然而太无厘头，便让我感到尴尬，无所适从，就像一个小品演员做各种夸张动作，然而我内心毫无波动。例如星爷买包子那段莫名其妙就一群人神经病似的跳舞，我知道导演想幽默，可实在get不到笑点。我心目中的无厘头神作，反而是功夫这种,1,少林足球
主线太荒诞了，喜欢之前的片子，喜欢周星驰，但这片真不好看,1,少林足球
说实话，我觉得这部电影是周星驰拍的不好看的一类电影了，笑点低，后面煽情严重,1,少林足球
球场选的真是不好，那个时候真是不喜欢赵薇。,2,少林足球
我并不喜欢当年如日中天的赵薇。,2,少林足球
没意思，说搞笑不搞笑说内容不内容的,2,少林足球
星爷为数不多我不喜欢的,2,少林足球
zxc的平庸之作,2,少林足球
呵呵呵呵，不好看,2,少林足球
看着看着就睡着了。。。,2,少林足球
CNM怎么看不了？骗你爹注册？草泥马,1,少林足球
太傻了，里面的赵薇也实在不知所云,1,少林足球
很一般,2,少林足球
不说了,2,少林足球
魔幻片？,1,少林足球
？？？？？？,1,少林足球
烂片,1,少林足球
垃圾,1,少林足球
不大喜欢,2,少林足球
这部。。。我没看下去。。。。,2,少林足球
COOOOL,2,少林足球
烂就一个字。,2,少林足球
不好看,1,少林足球
总体一般,1,少林足球
不喜欢。。。。,1,少林足球
不同时代有不同的足球电影，当年的「波牛」就符合当年的时代面貌，重点是耍足球的场面也比这部好得多。「京都球侠」什么的就不谈了。,1,少林足球
我最最最最最最最最烦周星吃,2,少林足球
当时同寝室的人嚷嚷这部电影特别好看，我抱着极大的期望值去看了，结果很失望。,1,少林足球
光头小燕子。,2,少林足球
不给力,2,少林足球
头皮发麻,1,少林足球
现在再来看这部电影，不免显得有点低级恶俗趣味了。,2,少林足球
好玩,2,少林足球
对星爷电影感受一般,2,少林足球
天才与神经病一线之隔。少林足球就是星爷的神经病作品。,1,少林足球
情节拖沓,1,少林足球
