看了功夫瑜伽之后，我才惊觉当年这部神话是很好的。,4,神话
影片给人的感觉是凄美绝然，蒙毅将军和玉漱公主的爱情很短也很长，两个人身份悬殊，却在生死面前心生情愫，阴阳两隔之后却穿越时空再续前缘，影片将三千年前的故事与今日相融合，营造岀一种浪漫气氛，深深地感染了观众，带给观众强烈的感情冲激，却不觉得突兀，心绪也随着剧中人物的遭遇而跌宕起伏。,4,神话
：《神话》大热那年，高三那会儿没去影院看过，但那首中韩合唱《神话》传遍班级，据说韩红孙楠那版才是正经主题曲，可惜大家只认成龙大哥和金喜善这版，花钱到市里音像店把这首歌刻进歌碟，在邻居家看碟把这片子看完，写了些关于《神话》的诗，给了心中的女孩儿，如果她去影院看这电影一定会想起我吧,5,神话
神话电视剧版男主是帅哥靓女，神话电影版是大叔和美女，想想如果一个高帅的男的来演蒙放，那是不是更好看了，嘿嘿😁,4,神话
童年美好的回忆，一直到现在，耳边都想起神话那熟悉的旋律，金喜善真的太美了，最后的结局有些伤感，让人唏嘘不已,4,神话
今天看了成龙的功夫瑜伽，结尾出现了神话那首超级经典的歌。然后回过头，心痛啊，那首歌竟然改编成了那个鬼样还尬舞了……神话这电影在那么多中国电影里给自己的印象还是十分深刻的。超级喜欢那个电影，女主的画像一出就立刻想到了，怀念。,4,神话
神话是人们向往的美好故事，是心灵最美好的寄托，是我心中最美好的经典回忆。,4,神话
这个电影是我在小的时候就看过，但是真的是百看不厌，主演的演技都很棒，真的是让人跟着他们一起悲一起喜，还有主题曲真的也是经典！,4,神话
多年前看的片子，看完感动得一塌糊涂。看到豆瓣6点几的评分觉得不可思议，好像没有那么差吧？很想再看一遍，却又不敢，毕竟我现在的想法和十年前差太多，也许再看真的觉得没有记忆中那么好了。就像电影中的公主一样，我宁愿保留脑中那个印象，不再去修改，让它永远都是美丽的神话好了。,5,神话
《功夫瑜伽》中，成龙的办公室里还出现了玉漱公主的画像，算是对前作的致敬了。一晃已经十二年了。如今看来，《神话》还是不错的，始皇的悬浮地宫（天宫）真宏伟，金喜善好美！主题曲太好听。,4,神话
当时算是蛮新颖的题材和人选，歌好听。,4,神话
就算有一样的面容  一样的声音  你都不是那个人💔,4,神话
只记得歌了,5,神话
公主与将军唯美的爱情故事，虽然结局有些不大能接受，神话这首歌还能在耳边回想起,4,神话
神话的时空变幻逻辑和剧情推动交错叙事罕见的严密而顺畅，印度工厂段落敖德萨阶梯的喜剧化变奏十几年后看来依旧出色。相比其他类似的华语电影，冲这一点给四星。,4,神话
听到的评价都比较不屑，但……我喜欢这片。我发现我对一些很老梗的元素没辙，比如守候千年的誓约。本以为是穿越片，结果是不死药＋无重力，记忆交错的双线剧情有点卫斯理的感觉。整体真都挺喜欢的，但是最后的结局不完美倒也罢了，莫名其妙一个“6个月后”然后拍一幕成龙在船上的戏……干嘛啊？,4,神话
这部以前看的电影居然没有评过分？觉得大众的审美水平真是非常严重的从众行为，明明非常精彩的一部电影，就要自己来指出其“不足”来显示自己的能力和水平,5,神话
哎，成龙太老了，也不打肉毒杆菌，这不折磨我们观众嘛,4,神话
七八年前，或许是因为那首歌曲，或许是因为女主的面孔，或许是那时年少，此片甚得我爱。现在看来自然是觉得低级幼稚了，但无意间听到神话那首曲子，刚才又和一友人聊起寻秦记，想起逝去的此间少年。无论这片子好坏与否，那些感觉，毕竟都与我们的童年紧紧相连。,4,神话
成龙大哥总算有一部在不该出现喜剧的地方，少有出现的影片了，金喜善还是很喜欢，看见了鉴定的爱情；看见了男儿的忠诚；看见了不错的特技；听到了很棒的音乐......,4,神话
复刻版筋骨大战秦俑情,4,神话
【20190609】重看下来，想象力是瑰丽的，秦皇陵一入镜简直震撼。故事架构欠缺梳理但本身并不差，甚至连这个结局都是具备美学价值的。可惜的是受限于当时的制作水平，有很多有的没的的支线，成龙的打戏也太goofy根本和角色设定不符。除此之外，脸谱化的反派、东亚三国无缝兼容的千年性别观严重损伤了作品的保值能力…我觉得这一套是文化上的他者会很吃的，和杨紫琼那部木乃伊也高度熟悉（甚至还有点国师的奥运开幕式味儿，可见彼时国人审美都是那个屌样）。我竟然给了五星，应该是被金喜善仙儿到了吧真的全剧唯一能看的角色就她了。,3,神话
我们老家那里都是这种大山，看看电影后有种错觉，山后面是不是也有个玉淑，或者将军！,5,神话
第一部穿越题材的电影，每次看到那个瀑布总觉得是花果山水帘洞的入口，有点跳戏，看到秦始皇兵马俑那段，和女主翩翩起舞觉得超唯美，带入感也很强，给人亦梦亦真的感觉，是a部不错的电影！,4,神话
以前在电视上看过几遍，但都零零碎碎，2009/2/2凌晨CCTV-6首次完整看过，还不错，3星升为4星。,4,神话
做一个长长的梦 梦里可以见到想见的人 去到想去的地方 还有关于前世今生的故事。,4,神话
推荐的是秦始皇陵里那段音乐及吊钢丝,4,神话
记得是在学校阶梯教室看的，挺好的电影,4,神话
美女 商业片的弊端：结局仓促收尾,4,神话
我觉得挺好的，音乐啦，场面啦，都挺好的，故事也很棒啊，尤其是黑风死的那一段我都快哭了。为什么分这么低呢,4,神话
原来编剧有#王蕙玲#，怎么感觉唐季礼先生好像费玉清，哈哈哈哈哈,5,神话
为了爱情可以等待多久？前世的记忆是否恍若今生？放手到底为了什么？未知是否就是最好的结果？,5,神话
具体的情节设计确实有问题，台词也不够精彩，但起码故事线是连贯有趣的，唐季礼为啥不和王蕙玲继续合作了啊。,4,神话
当魂牵梦萦的两个人终于得见，深情相望、翩翩起舞的时候，我都忍不住热泪盈眶！那唯美的画面和配乐，那动人的执着和真爱，再加上时空穿越、考古探险、异域风情、搞笑打斗等元素，使得这部电影精彩纷呈、感人至深！电影本身就是一个神话，百看不厌的经典之作，给一万分都不为过！,4,神话
如果5系成龙做主角    肯定更加大卖~~！,5,神话
喜欢这个类型的，可惜多数拍的不好，这部还算不错,4,神话
我觉得这个想法还是挺好的，有英雄美人忠义情贞的浪漫情怀。,4,神话
很不错的商业片。动作，喜剧，神话，探险，悬疑，秦始皇陵场面，爱情~~,4,神话
这部我就不想说什么了。,4,神话
但凡有能牵扯到大学记忆的片子在回忆中都是美好的，这部全班同学在教室一起看的也不例外,5,神话
当时看完，觉得成龙的古装很是V5啊。,4,神话
加你一♡是因为有易小川。呵呵。,4,神话
解开我最神秘的等待，不知道怎么的感觉音乐很舒心,4,神话
当初这个歌倒是好风靡- -,4,神话
今天是2018/12/11，在CCTV6又看了一遍这个电影，其实拍的不错，尤其是成龙的演技，对表情的控制很到位，毕竟老艺人了,4,神话
对古装大片的要求已经降到了只要台词不雷人就还不错啦,4,神话
震撼的画面，清晰的画质，唯美的音乐，曾经的感动，曾经的爱情纪念。,4,神话
剧情本身一般，但特技真的做得挺不错的，特别是那个悬浮的兵马俑，拍得太美啦～～～,4,神话
音乐比电影好点吧感觉！,4,神话
成龙的动作爱情古装片，不过动作大量减少罢了,4,神话
《古今大战秦俑情之你是风儿我是沙》,4,神话
是我看过最好的穿越电影，尤其战斗画面拍得太牛逼了，而且画面很唯美，特别欣赏的电影！,5,神话
片子对我有特殊意义，原谅我这么不客观的评星。,5,神话
老失望了~~~~~ 08年评2，19年改为五星，希望这样同人文般真情流露的片子再多些，这样高低起伏的音乐再多些。,5,神话
成龙大哥的温情戏 拍成这样很不错了 他一个一个击退敌人的那段，站在那么多人的尸体上，自己也累得筋疲力竭的时候，有点悲壮，战神也不是万能的,4,神话
Good imagination.,4,神话
双线故事，金喜善果断优雅，多给一颗星星,4,神话
"我想说,整部片的构思相当不错,虽然细节方面有许多漏洞,演技方面,除了成龙的招牌跑步姿势难看,其它都还不错",4,神话
当时去电影院看的。可能是金喜善的古装扮相挺美的，还有一个印度美女，所以觉得还不错，特别是最后玉漱身着白衣，飘逸美丽，令人着迷。而《神话》那首歌也好好听。,4,神话
小时候看的很惊艳，电影的脑洞挺好的，金喜善挺美的。时隔多年再重温，觉得剧情瑕疵挺多的。但是6.3分有点低，给个五星中和一下吧。,5,神话
呃。。各种明星。。填彩了。。不过我就是喜欢孙楠韩红版的神话。咋地了吧。,4,神话
话说这种俗套情节当时真的感动了我,5,神话
除了成龙不管何时也不管女主角多大年纪都要再剧中安排一段与他的旷世恋情有点小小的不能忍外，觉得此片的观赏性还好啊，差不多就行了，不是每个人每部片子都蹦着奥斯卡去的，影迷的过度痴迷无异于霸道，杨丽娟的例子其实我本不想提的。,4,神话
05年大陆竟然有个韩剧小弱爆。。。 神话，大长今，七剑。中国这两部也一日既往地把背景设在战乱的古代。这个古代，在人们的印象里，高丽还是中国（唐）的一部分。。。,4,神话
今晚电影频道又演了，吃着饭看了后半段，竟然觉得超好看。其实想想还真的很好看，时间空间的错乱没挡住玉漱公主对蒙毅将军千年的等待，特别是最后得知等错人不舍又决绝地飞回坍塌的地宫不得不叫人心酸加感动~~最可贵的是全片穿插着中国传统价值观~~作为商业片也算下足了功夫，真的，拍的不赖！,4,神话
还不错哦，唯一一点不足就是在公主身上，可能是我们get不到,4,神话
音乐也可以，剧情也不错，个人认为值得一看,4,神话
这电影也就当年各位瞧不上眼，放到现在不得一个个哭着喊着“国产良心”？,4,神话
很唯美的爱情故事，虽然我第一次接触的是神话的电视剧但是仍然不妨碍我对电影的完美。场景很唯美还有服装也是有种华丽又优雅的感觉，真的很为故事里的人心疼，玉漱蒙毅。。太喜欢他们了,4,神话
其实多看几次，你会发现这部电影其实拍得很唯美、很感人！我愿意相信爱情存在神话！,5,神话
什么智障玩意乱打一星二星，就你这辣鸡水平基本上也告别看电影了,5,神话
喜欢成龙唱的主题曲，虽然楠哥和韩姐的声音实在很牛,5,神话
有恋爱的感觉 像在梦里会发生的那一种,5,神话
很好。只有成龙和金锡山的对戏太矫情。,4,神话
金喜善在这里面好美呀。这种题材的电影还是可以的。好看,4,神话
说实话，这真是一部可看度很高的电影，就是说这是一部好看的电影，只不过它出生在国人对国产电影极度失望又对外国电影极度崇拜的时候。,4,神话
其实我就喜欢这种神了吧唧的片 呵呵,4,神话
"喜欢成龙在兵马俑坑里说的那段话,谴责把别国的文物放在自己博物馆中收藏的无耻行径.",4,神话
你们这些后来者，打分的时候，也稍微考虑一下年代吧，这剧情设定，在当年可不狗血啊，反而让人眼前一亮，演员演技，动作特效，背景音乐均在线，所以6点几分的低分，你们怎么打出来的。。。,5,神话
金喜善真的太美了……她舞蹈的那段，真是金光闪闪~~~~~~,5,神话
很喜欢，虽然不科学。金喜善好漂亮！,4,神话
那年初中跑去高中部阶梯教室看的第一部电影，后来却没去这个高中部，那时感觉很好，那年看的那里看的还有烂片无极，笑得我啊,4,神话
其实抛开情节单谈商业化还是不错的,4,神话
第一次看到现在有十多年了，而且也记不清是第多少遍看了，这应该算是《功夫瑜伽》前传。,4,神话
就是有点老，美女很美,4,神话
整体还不错的，尤其是主题曲太经典了。瑕疵也比较明显，我比较在意的有三处：女主角在秦陵守候千年也就罢了，还安排一个男配跟着干啥；反面boss说话太装腔作势；秦军竟然穿的那么红……,4,神话
成龙成功转型作，金喜善很漂亮~,4,神话
夢中人熟悉的臉孔，你是我守候的溫柔..,5,神话
抬一手吧，这片子放现在怎么着也得八分以上,4,神话
在一个年三十看的……,5,神话
社会实践看的  当时觉得很好看,4,神话
这么好看的电影，给低分的都是心灵受过创伤的还是最近才看用现在的钛合金狗眼看世界的？虽说不同人的品味不一样有自己的选择的权利，但这部感动了成千上万人的电影在我心目中和大话西游一样有着不可磨灭的地位。你可以说这部电影不好看，但请不要骂烂片,4,神话
金喜善真是惊艳了我的童年，白冰版接受不能。,5,神话
脱胎于程小东的《秦俑》，融入盗墓爱情动作元素，其实，我感觉MV比正片好看，当初就是听了主题曲感动了才看的正片，正片完全感动不起来啊,4,神话
成龙电影的一个突破，很吸引人,4,神话
我挺喜欢的，看过十遍有了的,4,神话
   對於一個從小就有莫名其妙想法的我，我好喜歡長生不老，好喜歡那個無地心引力的空間，敗了。,5,神话
应该说是看电影好一些，电视剧太长我太怕麻烦了,4,神话
当时真的被传说中的韩国第一美女金喜善惊艳到了，只是后来她生了孩子，就剩下惊了。。。,4,神话
初中时看的一部电影，每每听到神话主题曲旋律响起，总是止不住泪流满面，好怀念2005年的我啊~,5,神话
好看，歌曲也好听~,4,神话
有时候 给高分 就是当时的感觉,5,神话
她终于不再等蒙将军回来了...,5,神话
05.10.09,4,神话
你是我心中唯一，美丽的神话。。。,4,神话
虽然不认为金喜善长得好，但这片不错啊,5,神话
歌曲好听 画面也很美 成龙大哥艳福不浅啊～,4,神话
好看，成龙大哥的片子里，我最喜欢的电影之一了,4,神话
大热的时候没有看，不能理解那份情。前几天偶然看到，在车上差点哭出声。也终于知道了金喜善比白冰美在哪儿，她的美，美在行动处，美在颦笑间，美得生动。电影版的玉漱能走不愿走，电视剧版的玉漱想走走不了，也不知道哪种更惨了。但对蒙毅来说，剧版的等待千年之后却还要永生孤寂，更辛苦吧。,4,神话
大场景，小故事。今天重新评论这个电影。是因为之前重新看的时候注意到的里面一段成龙的台词，“偷了别人的东西，放在自己的博物馆，说是替别人保管，这种行为是可耻的。”内容大概是这样。具体不记得了。含沙射影的说了某些国家对待中国国家古物的行为，对于这点民族精神我打了推荐。,4,神话
那首主题曲太感动我了，每次听每次感动。,4,神话
加一个星，为了金喜善,4,神话
很喜欢，最后伤别金喜善感动的鼻子酸了,4,神话
从初次亮相时雍容缀饰到千年相隔之后再会的素装缟服，随着剧情推移，金喜善饰演的丽妃竟然愈发光彩夺目，梨花带雨的白衣仙子形象已经成了难以超越的古装典范。氛围和情感渲染得相当到位，只是我不满于帝沙国（印度）那段，虽是成龙动作戏特色但与整体不搭。剪辑换场也是非常自然衔接了跨越千年的两端。,4,神话
很好的将现实和历史结合了起来,5,神话
都12年过去了……初中的时候，最开心的事就是一整个年级，浩浩荡荡的穿过小巷.小吃摊.公园...去当时市里唯一的一个电影院看电影，好像也不是电影院，是一个有两层的剧院，神话就是其中一部，所以在我的记忆里是好看的❤️,4,神话
主题曲不错 || 成龙大战数百兵士那场不错 || 反派气场不足,4,神话
镜头衔接是国产电影中的佼佼者。成龙电影是让更多的观众明白叙事逻辑，所以《神话》的每一幕承上启下选择最直接流畅的剪辑方式，画面中的湖水、手臂、画、马、脚和鼠标等等无不作为传递平行叙事进程的手段，这些都让观众不需要过分费尽地思考,4,神话
不知道评分为什么这么低，我觉得特别好。应该是看的第n遍了，依然特别好。,4,神话
怎么着也得比电视剧高不少分吧，毕竟这想法挺好,5,神话
场景和歌曲满分。能留下印象的情节很多，只是有些逻辑感觉说不通。。也可能是我没看懂吧。顺便，我想知道长生不死药的原理是什么！,4,神话
很经典的一部片子,4,神话
因为高中全班一起看的  所以印象中不错的哈,4,神话
主题曲好听，金喜善跳舞好看,4,神话
重温是因为忘记结局他们是不是在一起了，大美女啊在一起就亏了。一星是给歌曲，二星给金喜善的扮相，三星给印度美女的身材，四星给千年的执念...,4,神话
觉得很好看呀，剧情丰满了很多，结尾也是一个亮点。,4,神话
女人穿越肯定遇到高富帅皇家子弟，男人穿越肯定遇到白富美皇妃公主，也是，不然大老远穿去干嘛，莫非你耕田来俺织布你挑水来俺浇田，男耕女织芥末不美丽的事大部分观众是不喜闻乐见的。你们的美丽确实也打动了我，歌也美丽，四分是必须的，只是觉得金美人真不是特别美丽，这话绝对不是丑陋的嫉妒,4,神话
电影院看的，对成龙后面的那个水上房子记忆犹新,4,神话
小时候觉得挺好看啊~~中国大片了~主题曲也很好听~,4,神话
以为会不好看，看完觉得还可以！~,4,神话
依稀记得的是那首歌。。,4,神话
看了有十遍了，玉漱太美了，她和蒙毅相爱却无法相守太让人纠心,5,神话
记得当年我还是学生，时隔十三年再看。算是一段回忆，神话出来的那年这部电影可以说算的上是现象级了，05年充满想象力的剧情，中印韩三国明星加盟。当时也算是内地电影的大制作了，那时是给了青春懵懂的我什么叫至死不渝的爱！个人觉得各方面还是很不错了，配乐，歌曲，视觉效果，放到现在好多内地电影还做不到此片这样各方面还不错的！真的《神话》这部片子七点几分合适，六点几确实有失公允了！,4,神话
那歌真是....催泪弹么.....想起往事....,4,神话
不为别的，就为其中一句关于抢了别人文物放在自己国家的博物馆美其名曰保管，这是强盗行为这句话鼓掌,5,神话
可能是这么多年来，中国电影总体不行吧。回头看这部电影，感觉分数被打得偏低了。,4,神话
★★★☆ 成龙新尝试，第一次担纲古代电影，相当大气的一部商业电影。不要跟我说什么逻辑和不合理，作为娱乐片，《神话》是相当不错的,4,神话
好吧 我觉得这部片子 领先了穿越风潮,4,神话
那首歌听起来还是很美~和电视版一比顿时一颗星加上去~,4,神话
不理解为什么评价不高，反正我觉得很好看，虽然结局不是合家欢，心疼公主,4,神话
嗯。槽点满满。打酱油的阿三家美女很漂亮。穿插的前世梦境什么的。。。额这个就不吐槽了。还有就是我最恨盗墓的！！！！什么东西都破坏殆尽。真尼玛不懂心疼啊啊啊 啊啊啊。另外秦始皇自我开始念历史这个学科就是我喜欢的男子=L=。不过他在什么时候都被黑得体无完肤啦~,4,神话
一个人去看的电影  其实画面挺美的 除了成龙大叔的鼻子,4,神话
打开功夫瑜伽看到玉漱画像一晃好多年了。一搜索这一部还没有标注。当年年纪还很小、央视放了好几次，每一次看到马儿受伤的时候都会哭。主题曲真的很好听，很凄美的故事了。,4,神话
主题曲铸就了一部电影，一部电影也造就了一首动听的歌，韩国人演的，韩国人也作了曲，成龙大哥的歌声还是具有相当大的穿透力的啊！这是一部看得比较早的成龙武侠电影，虽然在成龙大哥的演绎事业生涯中这已经是后期作品了，但是依然不影响他的演绎魅力，金喜善，实话啊，真的称得上韩国第一美人儿吗？。,5,神话
片中最好笑的一段是在一个流水生产线上的打斗，因为传输带有超强的粘力，让一群在上面对打的人笑料百出，而且还有印度美女不得不脱衣的情节，真是香艳捧腹。,5,神话
主题曲每次唱K几乎都点 却找不到能一起唱的人。,4,神话
星全部给这个故事。        不知道多久之后，想念起里面的歌词，想起这个故事。,4,神话
值7.5分的电影，为什么这么低？还是我经过10多年国产玄幻片的熏陶审美变低了？,4,神话
很久以前看过的补上评分。150425，第一次看觉得很好看，再看觉得不怎么样了，大概是因为成龙最近风评不大好的缘故？,5,神话
两千年的等待，只为当初的一个承诺。虽然玉漱没能等到那个让她坚持活下去的人，但是相信来生，他们能够相遇。古代和现代场景的衔接和转换做得非常好，唯一的不足是逻辑稍有欠缺，很多地方经不起仔细推敲。瑕不掩瑜，值得一看。在博物馆成龙大哥对于他国占用别国文物的怒斥真是霸气！,4,神话
真的经历了一段神话,4,神话
动作戏拍的挺好的，文戏拍的很烂的。,4,神话
最爱 没有之一 你们都看不懂  ,4,神话
在电影院看的 效果很不错,5,神话
古代和现代两条故事线同时推进，最后又交汇在一起，两个故事的衔接点处理得不错，剪辑得自然而顺畅，这个融合了战争，动作，爱情，冒险众多元素的故事，以秦时的故事为叙述重点，不过里面着重渲染的成龙和金喜善之间的爱情却表现得比较扁平化，感觉缺乏铺垫，结尾是金喜善白衣仙女的扮相还是比较惊艳的,4,神话
除了音乐，没什么看的。又看了一遍，感觉还不错。,4,神话
看这部剧时，刚从西安看兵马俑回来不久。把它放在第300部，原因是那件和去西安相关的事，因为我自己拖延症、懒惰而造成不小金额的损失。越拖就越不敢面对，一度因为主题歌会想到电影，再会想到这事，为了逃避不面对这事，连神话这歌都不敢听了。用这电影让自己记住：拖延、逃避，和花钱买来的教训。,4,神话
个人感觉很好。如果成龙长的再帅一点的话就更好了,4,神话
一个几千年的穿越神话故事 演绎的淋漓尽致,4,神话
这支舞我只为你一个人跳，想活的人没有活下来，想死的人却活了下来。千方百计活下来，却逃不过做命运的奴隶…无论什么时候看，无论怎么看。秦始皇陵都是个神话，蒙毅与玉漱都是个神话，主题曲都是个神话，唐季礼的这部神话，都是我的童话。,5,神话
本以为会失望的，却没想到会那么喜欢，当然前提是不要较真。《神话》无论怎么说还是以动作为主的成龙作品，是很典型的成龙式大片。,5,神话
大哥一直在转型，必须得肯定啊,4,神话
爱是永远唯一不变的神话,5,神话
在05年的时候，真的是很赞的。不是说故事怎么样，只是感觉很好。穿越被搬得那么 好看。,4,神话
那一年唯一可看的大片,5,神话
这个电影剧情、故事、音乐、颜值都杠杠的，，，可能是很少有的我跟豆瓣评分不一致的电影吧，，，非常推荐，好感动！,4,神话
这部电影我很喜欢···,4,神话
您穿越了 不过很浪漫 不矫情,5,神话
喜欢穿越题材，当然也很喜欢金大班哈哈，当年看还是不错的，电视剧版本稍微那个过力了些,5,神话
等2000年是什么感觉,4,神话
我还是蛮喜欢这种纯爱神话故事。成龙老矣。,4,神话
歌曲明显比电影更出名,4,神话
唱烂大街蓝,4,神话
秦陵的设定太惊艳了！,4,神话
从前的从前就看过好多遍，关于历史的科幻片总是能引人无数遐想。虽然这是电影，但谁知道历史的真相究竟为何呢，反正史书上记载的可信度也并不那么高，人的想象有千千万万，或许总有那么一种，是贴近真实的历史的。,5,神话
挺不错的故事~~~,4,神话
惊讶于这部电影的评分为什么会这么低，该影片是成龙第一次尝试古装史诗风格，从结果上来说，不管是剧情还是动作戏份以及背景设定拍得都还算是非常成功的，至少自神话后成龙还未拍出一部比神话好的作品。,4,神话
这支舞只为你而跳，这条命只为你而活，等待你两千年生死轮回，尽管你音容笑貌不变，却已不是我爱的那个人。虽然特效不够好，但叙事剪辑还是可以的，两个时空的来回转换自然流畅。从台词中也可以看出成龙为什么要拍《十二生肖》：“没有人可以从别人的国家抢走人家的文物，摆到自己国家的博物馆，说是帮人家保管，其实是据为己有。这是可耻的行为。”,4,神话
配乐很经典,4,神话
挺好的，尤其是歌好听,4,神话
这评分这么回事。还不错啊。,4,神话
昨天又看了一遍，虽然制作什么的跟现在的电影根本没法比，但故事还是挺好的，算是最早的穿越剧，我第一次看好像是小学还是初中吧，对结局的印象特别深,4,神话
喜善好有女人味哦~~，羡慕！,5,神话
这部片子的立意很新颖，一部穿越题材以外来陨石的神秘力量创造出来的一个爱情故事，金喜善的加入大约是迎合当时韩流在中国很火的国人口味，必竟人是韩国第一美女。但是这个故事题材是很有新意的。以至于后面有些盗墓题材的小说都以外来陨石的这咱神秘性来发挥，不知道是不是借鉴这个。,5,神话
长城边上随风起舞的金喜善，可以说是童年美学启蒙了。,4,神话
他说他看过很多遍。那个下午，我和他一边吃西瓜，一起看。,4,神话
至少很凄美~,4,神话
秦始皇陵加上背景音乐神话，创造了神话,4,神话
这部电影，看了很多遍（从2005年到现在），也听了很多遍原声，却每次都被震撼，佳作啊佳作。玉漱起舞之美堪称古装电影最佳了。,5,神话
因为功夫瑜伽里金喜善的画像重温神话，才发现原来两部电影的主角是同一个人，怪不得功夫瑜伽到最后用了神话的歌。神话的故事到现在看起来还是很棒。,4,神话
因为那时候很年轻，所以很容易感动。玉漱公主太美了，一美就是十年。所以在很多年以后，依然记得她在风中着鹅黄衣裙翩跹起舞的样子，她看见蒙毅时眼里绽放的温柔。谁也比不了。隐约记得梁家辉这个角色也很惋惜，对男主是爱屋及乌式的。快要放暑假的那个傍晚，洗完头发一遍又一边地听主题曲,5,神话
小时候看挺好，从这时起，穿越越来越流行,4,神话
我去，最后居然感动了,4,神话
这是小时候看过的记忆最深刻的电影。,5,神话
虽然故事很凄美，但是这对组合总让人觉得不搭，这就是传说中的没有cp感吧！,4,神话
这么好的电影，这么低的评分。相信有一天这电影能像大话西游一样平反！,5,神话
Brilliant action sequences and moving story.,4,神话
山顶那个舞，真真成了梦里的风景。只是，明知道不是金美人跳的，哈~,4,神话
主要是里面的金喜善太美了！,4,神话
在于一起看电影的人，不喜欢但是忘不了.....,4,神话
成龙的古装片 哭的我那个肝肠寸断啊...喜欢的故事 湖边的那一笑 记忆犹新,4,神话
一句话就值得4星了,4,神话
曾经有个人在回家的路上，边看边跟我说：蒙毅就是个傻子！,4,神话
金喜善好美,4,神话
高二大家一起看的，好怀念当时的感觉,4,神话
最后金喜善飘走那一刻,5,神话
构思不错，要是再精致些，成龙再年轻些可能就好了,4,神话
这个片子在豆瓣居然只有6点多分？...10多年前我们的审美是有多高...,5,神话
我觉得还是不错。,4,神话
写这些的时候 让我想起了《假如爱有天意》只是人物身份不一样 《假》里是以智慧父母的爱情延续到尚民和智慧 这个是以现代人找回古代的爱情为线索 一个是有情人终成眷属 一个是生死两茫茫 但还是喜欢里面那些画面处理的很美,4,神话
一段时间里天天哼那首歌~,4,神话
或许剧情不好，或许演员太老，但是为什么这个电影还是那么多人看，还是那么多人感动，是因为千年的爱恋，本来就是人的一种愿望，为了这个愿望，5星值得。,5,神话
初中时候看了好几遍，被那种超时空爱恋震惊到内牛满面，还有那首歌，金喜善的飘逸纯美和成龙大哥的朴实痴情。。。嗷～,5,神话
也许我们常做着前世的梦,4,神话
小时候觉的美死了！至今依然沉醉。所以我要打五星！,5,神话
现在看来，还是很不错的。金喜善的独舞很美，天宫很有想象力。恍惚间已经是十二年前的电影了。,4,神话
当时是真的真的很喜欢。。。,4,神话
主题曲好听,4,神话
当年被这部剧深深吸引…最喜欢玉漱公主在悬崖边为蒙毅舞蹈的一幕了…,5,神话
真的很执着,4,神话
不喜欢成龙和金喜善这样的搭配，但影片还是不错的,4,神话
给五星不为别的，就是那个美女为了男人苦等千年，仍愿意藏身石窟。这是神话。,5,神话
单位晚会听到了这首歌，很有感触回来补的电影。当年在郑州读书的时候自己去影院看，忘记带眼镜，坐第一排痛苦地看，后来重新看了第二遍。影片很有成龙的风格，现代部分剧情不够给力，但是回忆部分简直太精彩了，打斗场面也很好，跨越千年的爱情还不错，主题曲也非常好听。金喜善感觉没有当年那么美。,4,神话
是我上大一的时候在电影社看的片子。。。  fresh man总是喜欢参加这个社那个社的。,4,神话
前两天重温了一下，虽然感觉已有所不同。遥记得这是上大学看的第一部电影，还是在名为《电影艺术欣赏》的选修课上，老师放投影看的，真是一个凉爽的晚上。渐渐就被故事情节所打动，导致我后来还费劲去下载这部电影，然后放在500多买的台电1.2寸屏的mp3上，又看了一遍。当时还没买笔记本电脑好像。相比现在的高清大屏，小小的mp3屏幕上呈现的模糊马赛克画面，成了我刚进入大学的一点美好的记忆。,4,神话
坚持守侯自己的所爱。。。,4,神话
又红了一把,4,神话
纵使主演在戏外有再多非议，但这部电影还是一流的，哪怕现在也没有能够超越的,5,神话
成龙要是在年轻20岁就好了，完全可以排成中国版Titanic的,4,神话
成龙电影的风格，不过我太喜欢里面的主题歌了，金喜善的造型也很好看,4,神话
当年那曲歌啊 高二那年 五云山寨的神话,5,神话
当年相当喜欢~,5,神话
南宫将军和玉淑公主孤男寡女共处一处两千多年，挑战着人类忍耐力的极限，功力之深厚可见。若是凡夫俗子，恐怕生的娃都够摆个兵马俑哩!,5,神话
"我先是听的神话歌曲然后看的电影,也许是看的枪版的电影吧,感觉不是很好,但毕竟是成龙大哥的电影,还是支持一下吧",4,神话
基本上算成龙大哥的一个从纯动作片到剧情的过度吧。的确不错，但是我就当喜剧片看了，所以没想法,4,神话
BEAUTIFUL,4,神话
这不算是不错的一部 剧情 人物 噱头 都还算到位 五星 给的是金喜善~,4,神话
成龙的电影我都挺喜欢的。尤其是早年的。也许带着岁月的滤镜吧，小时候都是全家一起看成龙的电影。现在很少有机会全家一起看电影了。,5,神话
看了好几个版本，貌似有些地方有删减，一般般,4,神话
因为主题曲《美丽的神话》和宣传曲《无尽的爱》所以曾经特别喜欢这部电影，还有金喜善的古装造型非常美。,4,神话
只是勾起了很多的回忆,5,神话
比电视剧版的靠谱 虽然男主角老了点,4,神话
其实成龙叔叔的电影，有点厌倦式的抵触……,4,神话
 不带那么多刻意，还是可以看的。，,4,神话
爱情还是很凄美的,4,神话
不错，剧情真的很不赖，又是一段爱情，只可惜成龙老大哥年纪有点大了，要是再年轻些更好看的,5,神话
英雄救美，让成龙也浪漫了一回。可惜成龙一大把年纪了，拍这种片子还是有点不适合。另，金喜善还是蛮漂漂的。,4,神话
怎么那么多人批评，多好看哪！改变了对金喜善的看法，美人儿啊！还贡献了两首好歌。,4,神话
是不是还要再等待下一个千年。,5,神话
美好我回忆啊，跟哥哥、lulu一起去电影院看的。,4,神话
神话现在看来可能剧情不是那么有创意了，不过当年看起来真的觉得好有新意的，穿越千年的爱情，还有对古代文明的探索，还有美丽的神话。,4,神话
歌不错，学校礼堂看的，效果还行,5,神话
情节脑残了点儿，成龙老当益壮啊,4,神话
玉漱不出去，是因为蒙毅死了，就算成龙是蒙毅转世，相貌一模一样，一样武艺高强，忠肝义胆，但是终究不是那个人。爱情，就是等的那个人，而不是那类人。,4,神话
秦始皇的地宫还是比较有想象力的,4,神话
像仙女一样漂亮的衣服,4,神话
据说金喜善吊威也哭了好几次．惭愧的说整部片最爱看她吊威也．很美．,4,神话
只为金喜善、成龙 值了！#%￥……%&amp;6,5,神话
成龙还是温情不了,4,神话
片尾曲加一颗星,4,神话
古墓奇幻的想象力 那首歌经典 大一时候看的,5,神话
把同样是爹生娘养的秦朝士兵杀得尸体都堆成一个小山坡，这样。。真的好吗？。。。考古学家对历史都不熟悉，需要看彩色插画本《中国小故事100个》来做考古的准备工作吗？。。。,4,神话
不错的商业片了，喜欢在印度的那一段*^-^*,4,神话
和她在电影院看的第一部电影！,5,神话
满足了看科幻小说对秦始皇陵的想象,5,神话
秦皇命画师画丽妃春风笑意图，玉漱自进宫以来不曾笑过，一直高冷忧伤，画师为难之际，听到蒙毅将军到，始面露微笑，发自内心的爱意。那个画面，美得一塌糊涂，倾国倾城。,5,神话
梦中人，永恒的相守。除去精彩的动作，大气的场面，张弛有度的节奏之外，这部电影中让我最难忘的还是玉漱公主与蒙毅将军的爱情。成龙的片子难得有这样的爱情故事，让人唏嘘，也让人感动。,5,神话
"成龙最近的片子里拍的最好的一部了.尤其是后面一段太极,能体会到中国武术的博大精深.",4,神话
多好看的，地宫的特效做得很好……就是演员- - （龙哥，您的皱纹）,4,神话
金喜善好漂亮,4,神话
别的不说了，就看金喜善。其实这个片子还是蛮大气的。尤其在最后登上山顶远眺时的两人，我听着歌还真有一种....,4,神话
很早以前看的。还差不多吧。,4,神话
"05年的电影吧,至今记忆犹新,那么鲜明的是记忆,带我们度过的一大段美好的青春.成龙的经典,总是带给我们那么多的美好",4,神话
最讲人性的关于秦朝的电影。,5,神话
千年的约定，只为等你回来。梦回前朝，只为寻找爱的足迹...,4,神话
豆瓣里有太多需要平反昭雪的冤案 这电影绝对不止六分水准,5,神话
大哥电影里印象最深之一，看完总是不由得幻想自己的前世今生，小时候总觉得杰克最后为什么不抱住玉漱一起飞出去，现在想想虽然遗憾但却刻骨，她毕竟是那个时代的她，苦苦等待的也不是杰克,5,神话
高中班主任放送,5,神话
成龙虽然老了点，但构思不错，比电视剧版好多了,4,神话
金喜善真的很美。,4,神话
为啥我一看到千军万马打架完全入不到戏呢？看到邵兵用手去挡那个枪就觉得肉痛~~金喜善真是美得惊心动魄啊！,4,神话
居然忘了这部了。。记得特效很糙。。但印象也没多糟。,5,神话
出的时候还是用磁带听歌的初中。应该也还是初中看的吧。回想起来还是挺不错的,4,神话
玉漱公主在峭壁之间翩跹的镜头真是绝了，孔雀之舞的bgm也非常非常大气，有关于秦的爱情故事，除了这个镜头，大概就是《秦俑》里韩冬儿那一弯浅笑回眸,4,神话
这个题材在几年前真的是加分啊，女主也美美美，可惜可叹啊,4,神话
情节令人感动，演员的表演都很到位。最后秦王的地宫做的非常震撼。,5,神话
蛮有想象力,4,神话
好片啊 比十二生肖好多了 那首主题曲听的我如痴如醉,5,神话
还是挺喜欢这个的 其实~O(∩_∩)O~当时那匹马死了 我伤心了好一会儿,4,神话
如果换个年轻帅气十足的主演 不要突出动作片 就以爱情片做重点 就是很经典的佳作了（危险发言,4,神话
挺感动的,4,神话
电影比剧集强,4,神话
成龙的唯一一部我喜欢的电影。穿越千年的伤痛，只为在尽头等你。,4,神话
如果木有这么好听的主题曲…不敢晓得会怎样~还好还好，,4,神话
成龙后期作品，还行……,4,神话
这么好看的电影，只有6.4，不想说了，卸载豆瓣吧，前几名的热评都是寥寥几个字，什么垃圾？这电影放到现在绝对8分不止。  豆瓣果然都是外国的舔狗,5,神话
给予无限美妙的幻想,5,神话
第一次看，是从一半开始的，以至于很长时间都觉得这片子很一般。后来认真的看了一遍，反而觉得故事剧情还挺好的，也难怪主题曲经久不衰！,4,神话
评分至于这么低么？？？我觉得怪经典的。,4,神话
很想看玉漱走出秦陵和男主一起生活在现代的日常,5,神话
电影里的插曲，当时看电影就这首歌印象最深了！,4,神话
似乎离别结局成了我夸赞影片的据柄，但是金喜善仍然动人的容颜让我感到其实魅力就真的可以在眼前消逝，虽然感动了我，可故事情节显得空洞，还欠缺时间的考验，不然可以给五星的。,4,神话
金喜善好漂亮！,4,神话
影片采用的古今双线穿插并行的叙事结构，通过运动镜头时空转换，淡入淡出、黑场等转场技巧以及视听元素的结合，使得影片的结构严谨，剧情连贯流畅。,4,神话
-_-#评分这么低，当年我看时挺激动的，我咋觉得挺好看的咧~,4,神话
2015年10月6日在渥太华重看，将评价由四星改为五星。初看是大一或大二，全宿舍围着LZY的电脑看完的。很美的故事，女演员很养眼。,5,神话
远比当时的无极 好的多,4,神话
拍的挺美的，主题曲好听。 观影日期：051008,4,神话
电影院看的，不错,5,神话
成龙英皇影业/中影出品。穿越了千年的爱恋的结局让人心存遗憾，结尾能够完美点就好了。——蒙毅誓言，至死不渝。我好想知道，你会再回去吗？！★★★★☆H195,4,神话
蒙毅死去那一幕真的太震撼了，金喜善跳舞那一段真是倾国倾城啊。Jack最终分不清倒是是梦境还是现实，他爱上的是蒙毅的爱情呢，还是爱上了金喜善呢。无法得知，歌曲好听。金喜善的台词是遗憾。,4,神话
音乐，绝美,4,神话
虽然挺好看的，但是我不喜欢那么多打斗。我知道这都是假的，但是我看了那么多人死掉，还有那些马跑的那么辛苦，我就很不舒服,4,神话
凄美的爱情故事,5,神话
4星，5星是为了平衡，这部片子其实成龙年纪已经不小了，很优秀的，好多帅的地方，尤其是蒙毅，摆枪、被杀等，白衣服还文物的时候也很帅,5,神话
歌好听,4,神话
成龙年纪越来越大，灵气越来越少，不过这部神话也算中上水平了。,4,神话
表演都很好，剧情不经推敲，茶余饭后的休闲品，但我还是熬夜看完了。,4,神话
刚才跟着电影频道又看了一遍…嗯，虽然剧情一般且俗气，但我就是喜欢这个电影的感脚！想当年觉得金喜善真好看啊…！！,4,神话
花重金到世界各地取景，从一望无垠的田原到神秘的吴哥窟，到瀑布岩洞，并首次获准进入兵马俑实地拍摄。,4,神话
旷世奇缘一般的爱恋，比较喜欢的穿越。,4,神话
这么一看，我竟然还看过这么多电影。当时金喜善脱掉衣服暖将军的时候惊了。童年经典系列。主题曲好听，而且真的很感动，这么好看的电影为什么分这么低。,4,神话
依稀记得当年高中全班一起看的火爆情景,4,神话
明明看的很爽呀，评分感觉偏低了。,4,神话
看到电视剧我想起了电影……别的不说，光看女主角，电视剧就输了……,4,神话
将中国的历史神奇化了，好事,4,神话
当年没什么穿越的戏码，所以觉得很是惊艳~~金喜善也是我最熟的韩国明星了，从小就看过好多她的电视剧~~所以这片还是挺喜欢的,4,神话
挺好的，小时候还不都看成龙？长大懂装B了就可以骂了？,4,神话
喜善已做他人妇。岁月果然不饶人。,4,神话
很好很感人~忍不住潸然泪下..,5,神话
喜欢主题歌。,4,神话
我会说我看了好几遍都还是很喜欢么,4,神话
我有一个梦,4,神话
算是情怀所在吧，第一次在家里看蓝光版，对那段穿越着迷过，迷惘过。对最后的结局惋惜过，金喜善是真美啊。我有时候会想，假如扶苏没死，秦朝还会延续吗？,5,神话
主题曲和金喜善的长袖善舞让我多加一颗星。这部电影除了成龙大哥的动作戏之外，最重要的还是对于那段历史的一些畅想。但是在这部分，似乎有些弱了，所以比较牵强地开始对着跨越千年的爱恋进行描述，但是成龙大哥的长处并不是情感戏的演绎，所以白白浪费了金喜善过人的表演功力单单当做花瓶使用。,4,神话
金喜善跳舞那段特别美,4,神话
大一还有电脑课的时候看的，看了四个星期才看完，笑死了。。。,4,神话
即便特技略假，还是要顶一顶成龙大哥。,5,神话
毕竟中韩混血听不容易的。而且。我觉得 还是俩主角唱的那个版本更动人一些。所以四星。,4,神话
这么好的电影这么低粉，有些人太装逼了,5,神话
公主美呆了！,4,神话
我很喜欢这种反复穿越的感觉的手法,4,神话
…我可能看过快十遍了…看到吐系列,4,神话
个人认为还是很飘逸的~~,4,神话
穿越千年的守候。,4,神话
音乐无可挑剔，美人如玉。,4,神话
现在回过头去看，还不错。,4,神话
其实神话的故事还是一个很好的故事的，并且整个比较完整。金喜善跳舞那一段非常美。,4,神话
看的时候，还小，在对爱情什么的还很憧憬的年代，觉得这样的海誓山盟，前世今生的很棒啊……每次看一部成龙的电影就莫名想要拿出来重温下这部。,4,神话
成龙的电影我很少喜欢.这次打四星主要归功于金喜善的美丽,4,神话
金喜善在里面还是挺美的，我会告诉你我一直挺喜欢成龙吗~,4,神话
成龙爷爷配小美女，太老了吧。。。,4,神话
唐导的巅峰。天时地利人和占尽的范例,4,神话
金喜善这部电影里真的是漂亮极了 跳舞那里好似飞天仙女  ,5,神话
觉得相当好看呢。,4,神话
在太原冰冷的屋子里看过这样一个片子，那时候总是很容易被温暖打动，并且寻找温暖。,4,神话
来英国看的第一部电影,5,神话
貌似此片是中国的穿越片的开山之作。剧情挺好挺浪漫，金喜善演得角色挺不错。,5,神话
我认为成龙版的主题曲比较好听~,5,神话
成龙大哥的电影能不给面子吗？！,5,神话
小时候基本上只看成龙主演的电影，观影类型狭窄，第一次看到这么一股古今穿插的电影，很震撼啊，还有，古代秦朝服侍感觉很精美。就是觉得这位韩国第一美女不怎么美啊。,4,神话
主题曲太经典了，金喜善的玉漱太美了。剧情上有一些bug，边看边吐槽着，但又被玉漱美哭，蒙毅的将军形象塑造的太立体了，精忠报国。无重力的天宫设定在当年也很新颖。话说古今大战秦俑情也是秦始皇的事情，秦始皇好忙啊……比起现在的电影我打了4星，玉漱是仙女！,4,神话
我的天啊 那些年多么火的电影诶 放在镜今天就是政治不正确了 诶 论时间有多么可怕,4,神话
老片重看 我爱极了一直古装的金喜善 神秘什么的可不可以不打破啊,4,神话
金曲《Endless Love》。最喜欢印度那一段，仔细看，其实成龙电影招牌的精华就在这里。,4,神话
每次看都莫名的感动,4,神话
主题曲终究经典了。,5,神话
成龙 金喜善 梁家辉 谭耀文,4,神话
豆瓣评价太过苛刻。画面和配乐还是挺不错的,4,神话
高二的长乐之行,4,神话
大片路线，国际水准，两位美女确实漂亮，但是“成龙”特色少了一点，差强人意吧。,4,神话
老穿越片了 当时这玩意还蛮先进的说,4,神话
大哥挺柔情的！,4,神话
小學的時候和老媽一起看的 覺得很感動 金喜善很美 還記得主題曲,4,神话
感人的片子 我都给满分！,4,神话
凄美的爱情故事，只是成龙毕竟老了，再演这类的年轻爱情故事会不会太……,5,神话
进墓部分比现在拍的盗墓片精彩,4,神话
在二中的时候美术课上老师给我们看的、看了好几个礼拜才看完。以为一个礼拜只有一节美术课,4,神话
歌曲和金喜善有加分。,4,神话
这电影6.4分，你们是在搞笑吧？,5,神话
感人~~~纪念高中去电影院看过的第一部电影！,4,神话
如果蒙毅是卫斯理，一切都说得通了。金喜善很PP啊,4,神话
这部电影虽然幼稚了点但还是有想象力，主要是歌曲好听！再观看是对十年前怀念,4,神话
制作精良，画面唯美，音乐动听,4,神话
这故事挺感人的，跟《无极》差不多时候上映的吧，那会儿觉得这就是奇葩了~！哈哈,4,神话
与亿万年时间无涯的荒野里，不多一步，也不少一步，偏偏遇上你，爱上你，这一切注定你是我永生永世的劫难。。。,4,神话
四星，多给金喜善半星，多给音乐半星，金喜善跳舞实在是太美了，歌曲实在太好听了。,4,神话
看到电影频道在重播~这是我早期甚少去影院看过的片子~还是和麻麻一起哒~金喜善在里面很漂亮~,4,神话
龙哥一向的武打搞笑风格还是挺好玩的，其实的就有点雷了……,4,神话
沉睡千年的爱情..又是穿越类的,4,神话
时隔过年 回头看看 这绝对是一本被豆瓣低估的电影！  凄美厚重！,5,神话
妈妈很喜欢这首歌,4,神话
挺好的，想象力丰富的一塌糊涂。,4,神话
初中时最喜欢的电影，金喜善在长城上跳舞那段惊为天人,5,神话
这电影我倒还比较喜欢，虽说成龙大哥的确不适合扮演情圣,5,神话
"其实不是没有感动的,但老是觉得有些什么达不到内心..",4,神话
那时的成龙大哥还是很有票房号召力的。,5,神话
最后，一袭白衣的女子往后退的执着和勇敢。,4,神话
高中看的~完全符合一个高中生对超时空爱情的期待~金喜善美翻了~,4,神话
故事烂了一点  不过音乐 秦将的风度 动作都蛮好   没有偏见的话  应该都能算个好片子,5,神话
成龙大爷装嫩...,4,神话
因为是和你一起看的,4,神话
这部戏让我认识了金喜善，真的很美啊，成龙大哥演感情戏也是很动情的，战死沙场那段很感人，主题曲也好听,4,神话
会想起《幽城》的说,5,神话
其实还算合格吧，为什么分才5.9,4,神话
【重温】    成龙演这么深情的大将军实在有些不适，，，，,4,神话
神话可能是我看过的次数最多的电影，冒险，考古，神话，爱情，古老的文化和异域风情，现在想起来都有再看一次的冲动,4,神话
学期末的时候看《神话》电视剧，重温项虞外加鸡血帝蒙恬，感觉整个人都萌萌哒。于是等到换回成龙大哥的老脸扮作一副深情内敛模样时，作为看客，多少总有些不适应。成龙果然是老了，且不说他神情变换间乍隐乍现的褶子和仰拍镜头中软扑扑的下巴，只说他塌掉的屁股！O.M.G！成龙大哥的屁股！那个不露不开心，一露萌一脸的屁股去哪儿了！不过总的来说片子质量还是不错哒，抛开一些槽点依然不失为一部优秀作品。,4,神话
明明是能拍出神话的班底，却要拍什么功夫瑜伽,4,神话
其实还可以啊,4,神话
十分 喜欢金喜善的古装look~(虽然对本人不感冒^^),4,神话
初中时候买的盗版碟，看了好几遍，特别是印度部分……嗯。,4,神话
香港能拍出如此经典的穿越片，我已经很满足了。OSK,4,神话
可以啊  真心不错,4,神话
有些画面还是很唯美震撼的，但是成龙真的老了,4,神话
英雄迟暮。,4,神话
哎呀不下三遍！！！,4,神话
看完十二生肖，突然想到以前看过的神话，金喜善果断漂亮。。。,4,神话
很久以前就看過，可是還是很喜歡啊。金喜善真的好漂亮，特別是在山頂翩翩起舞的那一段，衣服好美。    但忠愛不能兩全。   如果是我，真的就想帶著玉淑浪跡天涯。,5,神话
一颗给梁家辉，三颗给金喜善,4,神话
小沈阳今年北京春晚的小品最后唱的是本片的主题曲，听了那熟悉的旋律之后特意来豆瓣看了看神话评分。太低了吧！我去！是我的欣赏水平有问题了吗？本片是成龙电影里比较特殊的一部。讲究结构和故事，不在只依靠动作！如果豆瓣的评分如此离谱，那豆瓣你没落之日不远了！,5,神话
砍头那惊悚了一下,4,神话
成龙还不算太老的片子，挺富有创意性的，真是前世和今生的故事啊。武打还不错，几场打戏都挺热闹，尤其是在印度的几场戏更是搞笑，显示出成龙的幽默本性。演员中成龙还是本色出演，金喜善真是漂亮啊，令人眼前一亮的感觉，非常惊艳。哈哈，总体上是有感情有欢乐有武打的成龙式经典片子。。。,4,神话
感觉是成龙的片子里为数不多的比较好看的了,4,神话
挺不错的啊。,5,神话
初中时在家看的，当时大家看的还蛮投入的，而其那段时间用VCD看了不少成龙的片,4,神话
喜欢金喜善,4,神话
从此《神话》这首歌就红遍大街小巷了，就是成龙大哥再也演这种角色就要鸡皮疙瘩一地了。,4,神话
感觉是成龙演的卫斯理~虽然剧情实在是…给成龙大哥一点面子，给4星~,4,神话
这个金喜善好美,5,神话
很好看，玉淑留在秦王陵里也许是最好的～杰克不是蒙将军～,4,神话
那些年，穿越还没这么烂大街。,4,神话
算是比较早的穿越吧，初中的时候看的，当时看宣传片期待死了，金喜善在里面仙的要死啊啊啊啊啊啊，还算是有创意的，不错,4,神话
金喜善真的美。话说，古代若护送途中将军和妃子或公主真的互相爱上，不怕被杀头和灭九族吗？毕竟天大地大哪都无法容身,4,神话
     当时感动得一塌糊涂，却不释然。  后来在知道她为什么不愿跟他出去。,4,神话
"挺不错的,挺感人~",4,神话
"故事是多么凄美 想象力也很到位。等的人永远不会回来 心知肚明却还要等。多么执着的感情 在岁月的荡涤中 丝毫没有褪色。",4,神话
神话留给了我们很多，比如那首主题曲。毛病就不说了，有点值得记得的总好,5,神话
补评吧，龙哥的商业片里，绝对算的到前五甲里面。龙哥的人品嘛，呵呵哒。龙哥对电影的态度，那还是要竖大拇指的~,4,神话
2017.2.7昨天唱K突然想起这部电影，多久了，05到17，彷佛还在昨天，却早已走过12年，从懵懂的小五到即将毕业的大四，唯有历史是永恒。,4,神话
我当年看的时候感动的稀里哗啦，现在再看还是一样,5,神话
比电视剧的好看一百倍。,4,神话
喜欢金喜善在长城上独舞那段。,4,神话
这部片子放映的时候，住在电影院旁我的啊，每晚都听着韩红的高音入睡。。。,4,神话
飞着的情节好美的,5,神话
金喜善在里面太美了,5,神话
成龙大哥的文艺片 仍收藏着DVD 经典,4,神话
瑕不掩瑜，没有微博上夸的那么好，看的时候总是想吐槽，也说不上是经典，bug 稍微有点多，但是就是能够抓住人心，能够让我忽略那些不好的，只看到他的好,5,神话
算是部好片子。　不同以往成龙作品的平铺直叙一条线带过，本片很难得地用了交错叙事的两条线，并行地讲述前世和今生的紧密关联的故事，这对一部商业大片是个冒险。幸好电影做得很好，故事流畅，双线转换自然，每次转换的镜头都有相似性的画面作衔接，只是有些地方这样的相似性略显刻意。 ,4,神话
剧情流畅，音乐动听。不错的。就是结局略显悲凉了。,4,神话
高一的时候看的，当时感觉还是挺不错的~承载回忆的东西即使别人打一星我不会改变看法,4,神话
女的不错。成龙风格,4,神话
有人说剧情老套，可是我喜欢。金喜善饰演的玉漱公主还无人可以替代。,5,神话
成龙 金喜善,4,神话
当时看的时候很感动 而且超爱主题曲,5,神话
场面还是不错吧……,4,神话
成龙很少有这个类型的作品，除了“印度”那段有点出戏，其他部分都极佳,4,神话
公主很美,5,神话
为什么评分这么低。就是因为商业片么,4,神话
不管多美好的爱情，中间隔了那么多年的岁月和世事变迁，终究是回不去了……,5,神话
金喜善还是中国古装扮相好看~,4,神话
影片给人的感觉是凄美绝然，蒙毅将军和玉漱公主的爱情很短也很长，两个人身份悬殊，却在生死面前心生情愫，阴阳两隔之后却穿越时空再续前缘，影片将三千年前的故事与今日相融合，营造岀一种浪漫气氛，深深地感染了观众，带给观众强烈的感情冲激，却不觉得突兀，心绪也随着剧中人物的遭遇而跌宕起伏。,4,神话
那一首神话前奏一响起，大脑的应激反应会让我看到金喜善那宛如天使的舞蹈，美女爱英雄，穿越剧穿到这个水平就别奢求太多了。,5,神话
配音差评！配音差评！配音差评！重要的话说三遍！！！！,4,神话
我给这么多星星是因为他们创造的那个无重力世界太让人着迷了,5,神话
我喜欢神话这首歌.,4,神话
看了好几遍，虽然很俗气但是很喜欢啊，可能是因为金喜善好美。,4,神话
主题歌被时间记住。,4,神话
浪漫的爱情故事，跟好莱坞很接近了,4,神话
"场面挺宏大的 ,剧情一般",4,神话
结尾还是让人瞠目结舌一下的会,4,神话
最后始皇陵里真是脑洞开了。舒服。可怜玉漱公主，惨惨。这么多年主题曲都听烂了,4,神话
記憶深刻的一部影片..!!,4,神话
没有太多感受 觉得成龙的电影也不如以前了,5,神话
看过很多遍，之前都是一个片段一个片段的看，这回是完完整整的看了一遍，金喜善真的好漂漂呀，故事情节也让人神往，真的有逝后升天，天兵天将日夜守候么？秦陵的秘密让你有自由发挥的无线空间，感谢导演，感谢编剧，让我们看到了此般情景。,4,神话
2008.7.3 CCTV6 home 电影歌曲再次超越电影本身的范例。,3,神话
主题曲确实很好听~~,3,神话
看过一遍不太想再看第二遍了，不过主题曲真的很好听！,3,神话
一个等待千年待郎归，一个千年之后迷梦连连回妃旁，见面了却又草草结束，莫名其妙。,3,神话
额，金喜善在坟墓了活了那么久他吃什么？莫非仙单真的可以羽化登仙,3,神话
感觉这部电影其实剧情一般，当时看的时候只觉得，和好多年前的古今大战秦俑情差不多但没那部感人。,3,神话
金喜善很美 被悬崖上跳舞那段惊艳到了,3,神话
成龙大哥演绎这种角色有点不习惯，金喜善个人觉得演得还是不错的，但故事老套了点！歌儿很好听！,3,神话
后来是歌远比电影红，这是另外一种悲剧。穿你妹的越啊。。。,3,神话
很凄美的爱情故事！人世间最痛苦的莫过于相爱而不能在一起。看完这部影片后喜欢金喜善，舞蹈很美！,3,神话
很喜欢这种穿越题材，也喜欢成龙，但是金喜善那样的美女搭配成龙，总觉的不搭，可能看惯了以往金童玉女的搭配吧！,3,神话
故事还行特技部分也过去，武打对决片段倒是一般了！印度美女和主题曲是全剧亮点！,3,神话
这部电影最后我只记得了那首主题曲，也不算一无是处,3,神话
只想说金喜善真的好美啊,3,神话
感觉不算是成龙的电影里最好看的，但是主题曲真的是经久不衰啊,3,神话
好久前看的，现在只记得那首神话的歌曲了。,3,神话
挺好的,3,神话
题材一般，故事完整，主题曲不错，女主很美。,3,神话
一般。不过金喜善的扮相真是不错，神仙姐姐,3,神话
其实吧，我觉得挺好看的，现在想想，还是零几年那会儿的电影题材更丰富啊。。,3,神话
一个人去影院看的，也是我最后一次一个人去影院看的电影，因为那一次我真的意识到我非常容易被周遭环境影响。,3,神话
大一某周末lecture room看的，成龙电影变无聊的起点?_?,3,神话
一般，成龙的电影都是打戏可圈可点，剧情不怎么样，电影的亮点之一，就是贡献了《神话》这首歌曲，如梦如幻，优美凄凉,3,神话
= =在电视上听到这首歌突然想起来小时候还看过这片，成龙真是一个非常过气的家伙！！倒是很适合痴情将军的角色，金喜善的公主也很规矩，虽然俗的要死但总归是十足正常的爱情片，比那些乱七八糟的电影好多了。当时可喜欢那歌了。2019.04.18 去过西安之后二刷，才发现当年是在真·兵马俑坑里取景的。模拟秦陵的设计和特效还不够震撼，十分期待能有电影人做一个考究的秦陵3D片，那该有多宏大。,3,神话
这要放在今天上映，那就是标准的古装动作穿越剧了。搞笑还可以，国际化还凑合，故事内容一般，音乐不错。,3,神话
同名歌曲印象深刻,3,神话
有点和缺点同样明显。另外整部片中除了成龙外不知为何所有角色都令人讨厌.,3,神话
"IF there is no Jin,most of us maybe ignore Jakie cheng",3,神话
就那样而已，并不觉得如何精彩。成龙不再演出动作喜剧，但并不会给人多大的进步感觉。而金喜善继续发挥花瓶本色,3,神话
總覺得電影的似曾相識，啊，原來是張藝謀和鞏俐那部。或許仍有不同，不過電影講述了一個穿越的故事，足以讓人耳目一新。,3,神话
看过电视剧版的  觉得电影的也是不错的,3,神话
还不错哟！,3,神话
主题曲比电影红，穿越题材还是挺有意思的。,3,神话
又一首烂大街的歌曲，金喜善从此踏入中国电影界。,3,神话
初中时学校组织在镇上的老电影院看的，当时等的就是金喜善脱的那一瞬间。,3,神话
除了成龙，还有金喜善嘛，除了演员，还有主题曲嘛，总是还有些东西的。,3,神话
鉴于昨天看完《刺陵》，受的刺激较深，都觉得《神话》好看多了。。至少有美女对不对。。至少还有首还可以的歌，对不对。。,3,神话
也许，换个女主角我会更喜欢看。故事情节紧张有序，忠诚是种力量，是折服人的人格魅力。被利益驱使的人，只有被毁灭。,3,神话
大家都说主题曲很好听，其实我觉得吧？主题曲确实挺好听的。,3,神话
主题曲不错，男主选角失败，老男人真不配鲜花，虽然那朵鲜花也不太水灵了,3,神话
还不错，这两天抽空再看一遍，周五提醒自己写个长评，毕竟导演的镜头美学是很对我口味的。,3,神话
放在95年，这电影是部精彩好看的电影！不知道，为什么都05年了，非得整这种流水线式的产品出来浪费大家时间？,3,神话
http://www.douban.com/review/1635408/,3,神话
电影院看的，总体还行，起码主题歌在ktv唱了好多回吧？！,3,神话
还可以，对那个韩国棒子完全没印象，倒是那个印度女的身材挺不错。,3,神话
我是陪着爸爸看完的- -|||,3,神话
你到底是动作片，还是剧情片？是爱情片，还是盗墓片？是古装片，还是现代片？是外国片，还是中国片？几手都想抓，最后抓的乱七八糟，什么都抓不到。亮点一：胶着住的打斗；二：漂浮的地下秦宫；ps：金喜善很漂亮。,3,神话
穿越千年，生死不渝，只是最后，为什么放手了呢,3,神话
于是 结局就是 公主就这么给 戳死了???!!!,3,神话
十几年前老谋子和巩俐拍的古今大战秦俑情简直一样,3,神话
穿越系…和老娘某年過年時看的，馬麻邊看邊說……胡編亂扯，瞎七八搭…再加上我評頭論足。個手，個部電影就神……經病了。,3,神话
分这么低，当时看的时候怎么觉得不错啊，挺搞笑也挺感人的,3,神话
对于国产电影选一个韩国人做主角耿耿于怀了很久，虽然金喜善那时候很红,3,神话
央六放无数遍...印度那段还是挺逗的，一动感情就完了。当年的歌唱遍大街小巷,3,神话
还行吧，就是有点虎头蛇尾了。3星冲着金喜善的舞蹈和飞天...,3,神话
酒舞  记得是李昂忽悠了半天历史老师才给放的  初中那会儿为了看片是什么课就扯什么话题 硬说这片子是历史片。。。,3,神话
穿的不够彻底，应该多多借鉴网络小说啊。,3,神话
金喜善美死了~~~真正的仙女應該是這樣的吧~❤___❤,3,神话
多年以前，登陆月球，手机。也是神话,3,神话
"我喜欢始皇墓里面最初的几个镜头,但成龙和韩国棒子演情侣也太囧了...倒是主题歌还不错!",3,神话
这样一部剧情不断脱节的电影我还是被它的配乐和场面打动，你可以看出巨额的投资，再有成龙的喜剧动作元素，所以就算女主全程一个表情演下来，进度拖拉且情节虚假也值得原谅。成龙的敬业拼命令人折服，但这样的幕后强大场面恢弘配乐精美充满诚意的“土豪”电影却没有规划好对的演员和脚本着实令人遗憾。,3,神话
一般。成龙大哥装嫩严重啊！@Home,3,神话
以港片来说，已经不错了。当然，距离优秀电影，还差很多很多。另外有个地方很难接受，南宫吃了不死药呆在地宫两千年了，身为武将你丫又不能和公主那啥，唯一能做的只能是练武了。结果练了两千年打不过人家一个导演，功夫活到gou身上了啊。另外，古人都没有胡子也很奇观啊。,3,神话
原来 hampi 房东说的成龙去过是真的，我去。电影里的 hampi 取景真多，可惜拍的几千张照片都瓦特了。熟悉的平原、巨石、建筑、雕塑、都城，只有在渤海国上京龙泉府才有的感觉，怀念印度。,3,神话
原来爱情的感觉可以跨越千年。幻想总是美好的，但总有梦醒时分,3,神话
以前没觉得金喜善好看。喜欢她笑的时候,3,神话
跨越千年的等待 只为求一个结果 等待千年的哀愁 是你在尽头等我 鹅黄蚕衣的玉漱公主在阳光下和风轻舞的摸样 美的夺目,3,神话
当时看过，过了这么多年重看还是不能一次看下去。孙周的总boss比起《宝贝计划》的陈宝国强太多了。当时看成龙古装实在有点不习惯。女主角是靓翻。印度一段杂耍有点普通。蒙毅打尸山看得无趣，人家叫将军投降，你抹人家脖子，像话吗？,3,神话
不喜欢泡菜国，不过金喜善的古装造型白衣飘飘的样子真的很美……,3,神话
你每次都打来打去 不腻烦么,3,神话
片段片段一个一个片断。没看完整。也不想看完整的,3,神话
故事還是蠻有趣的。腦洞大開，像網絡小說。可惜不夠科幻。,3,神话
看完之后就记得主题曲了。感觉像是仅仅为了满足成龙与韩国美女合作而拍的一部电影。,3,神话
好吧这部片子的吐槽点多到不忍直视。。。。出名的只是这首主题曲吧,3,神话
补标。以今天的眼光来看其实挺一般的，一些本该精彩的桥段处理的比较平庸，还是很可惜的。,3,神话
刚出那会儿觉得还挺好看的，还看了几遍。,3,神话
类似的电影N年前张艺谋和巩俐演过一部，不过张艺谋太像农民了，形象不行，和巩俐不般配，这部演员形象比较好。,3,神话
画面蛮有气势的，别的就没什么了~,3,神话
成龙老了，你还能吃饭呢？,3,神话
火车站重看神话，其实，还是挺热闹的，就是可怜最近成龙大哥运气不佳,3,神话
主题曲还是不错的，电影也还行,3,神话
剧情还好，但金喜善和成龙组合囧囧的。。,3,神话
大哥大概不适合凄美的爱情故事，看的过程入不了戏，不过动作打斗还是可以的，很成龙式～,3,神话
开始宣传攻势很好，片子也就一般,3,神话
很爆笑很杂烩的电影，最后的秦始皇墓很有想象力，高三时年组的恩威并重才得以让全班在顶楼的阶梯教室观看～,3,神话
电影多少有些失望了，很多细节设置的不合理。。,3,神话
因为一夫当关那一幕很戳人 所以加一星,3,神话
老婆，高三的时候看的，好像是，嗯，那个时候对于电影很“饥渴”，噗……嗯，还可以吧，老婆，我想和你看……,3,神话
动作功夫版古今大战秦俑情。演员阵容非常豪华，但是故事与之相比乏善可陈。,3,神话
"成龙老了,看一韩国人在那对口型真难受.话说我就是为了里面的秦始皇陵才看的,立马就后悔了...",3,神话
金喜善在本片中还真是挺漂亮的呢~,3,神话
主题曲挺好听的。成龙大叔真是老了。,3,神话
电影剧情老土，可又真是看得出对应市场的计策,3,神话
一般的片子，音乐很招人喜欢,3,神话
老套的英雄救美加上有漏洞的故事情节还有虚幻的特效。主题歌很烂。,3,神话
起码有明星、有美女、一首好听的歌，和对秦始皇陵的意淫。,3,神话
电影中 金喜善还是挺美的,3,神话
第一 成龙终于死了  第二 哎，又见穿越。。。。,3,神话
唐季礼。。。物理是化学老师教的吧你,3,神话
和成龙的很多电影一样，陪我爹看了好几次。我爹啊……算了，不评论他了。有他乐意看的电影也不错，毕竟他是一个看指环王都能睡着的中年男人。,3,神话
很早以前看的，除了主题曲外，印象真不深。,3,神话
学校组织看的，没标记过,3,神话
【男版《古今大战秦俑情》】初中时候看的纯商业电影，当时觉得题材背景和演员组合都挺新奇的，断断续续看过几遍。PS：和成龙合作的女演员都要被他潜，英皇老大杨受成兴之所至也会插上一脚，“春卷”事件什么的让人看着他的电影都超级出戏。,3,神话
女主好美。剧情很俗，可是好美。,3,神话
以前不觉得金喜善怎么怎么美，后来出来了胡歌那版，卧槽，金喜善简直上升到仙女那个等级了。还有主题曲也很好听啊。,3,神话
我就纳闷那主题曲在KTV那么受欢迎,3,神话
三星已经是很给成龙大哥面子了,3,神话
人家等了他那么久，就这样？莫名其妙的草草结束,3,神话
一般搬，都算系成龙甘多电影中，感情戏比较多噶一部。,3,神话
为了记忆。那是神话电视剧大热的时候，主题曲大红大紫的时候。偶然看过电影片段，就在相见的时候，觉得跨越千年的爱情真是浪漫极了，陨石反重力漂浮着的陵墓天宫也是惊艳极了。悲哀的是现在却无感。那么成长究竟意味着获得还是失去；经验的积累究竟是成熟还是天真的丧失。,3,神话
一身红纱的金喜善。早年大片啦。歌曲也很神。记得jackiechan在人堆上的打斗,3,神话
我觉得歌好听，演的还是多唯美的。,3,神话
完全是冲着成龙看的，金喜善还是那么漂亮啊。还有影片的音乐经典啊，其他的忽略。,3,神话
再次想起的时候，首先出现在脑海的是神话的主题曲。,3,神话
鲜花与牛x。啊，不是说成龙大哥不好，是姐姐觉得金喜善很美啊~~~,3,神话
就记得成龙和金mm抱的时候我妈一脸嫌恶的说唐突佳人啊 成龙真是个老色狼=。=,3,神话
成龙这个五毛，我基本不会给四颗星了,3,神话
很有想象力的电影，交错叙事的方式也显得尤其出彩，可惜有些设想落实到电影里缺乏应有的艺术连贯性，让人难以信服因而缺乏效果，不如后来的宝贝计划那么完美，不过也很精彩。,3,神话
那一年有人送我一张CD，好单纯的年月。,3,神话
看了就忘…成龙你都可以当爷爷了。别演爱情了…,3,神话
"成龙继&lt;&lt;新警察故事&gt;&gt;之后的又一回归之作,现代部分打斗精彩,古代部分看起来还不是成龙的长项.",3,神话
虽然很瞎搞，但是看到最后一幕我依然很感动,3,神话
MARK MARK 我看的烂片,3,神话
歌很好听==穿越题材==,3,神话
有难度的表演，又喜又悲，成龙没演过那么古远的影片,3,神话
金喜善很梦幻很美...感觉成龙叔叔和她配在一起有点怪(-┏),3,神话
给金喜善四星，给梁家辉负一星！,3,神话
有些片我就是奔女主角去的,3,神话
对头发缝伤口片段不能释怀，你妈的不能电影分级吗，我很怕好不好。,3,神话
。。。。。。。。。。。。。。。。。。还我电影票,3,神话
被神仙姐姐迷倒了~美人：金喜善,3,神话
来世！今生！穿梭时空的爱情,3,神话
被砍头之后还能有视觉，想想很恐怖。,3,神话
CCAV6放到天荒地老海枯石烂的片子。,3,神话
矫揉造作了半天也没能让人有感动的感觉和冲动。。。,3,神话
还记得高三宿舍兄弟每天电话里给女朋友唱这首歌，一转眼也没有联系好多年了。对了，过了一年易小川就回来了。,3,神话
一度很喜欢，后来想想觉得也不是那么好。,3,神话
这是中国电影！！！！！！！！！！,3,神话
为了一段刻骨铭心的爱，你也会等上两千年么？,3,神话
你是我心中不灭的神话,3,神话
当年的金喜善啊，结局有点牵强,3,神话
恩。。。无语。。,3,神话
对考古比较感兴趣，但此片基本不沾边,3,神话
一直很纠结为何成龙不带着金喜善离开呢？,3,神话
还可以，歌很好听。,3,神话
古今大战秦俑情的华丽翻拍版,3,神话
挺失望的，配音太烂了，感觉是成龙最差的一部片子,3,神话
超级想去电影院看的。结果都等到发霉了，才在电脑上看了下。主题歌貌似很流行。,3,神话
高二在班级电脑上看的,3,神话
主题曲真的很好听,3,神话
成龙长的太磕碜。3星是给美女以及插曲的,3,神话
你不觉得成龙配金喜善有点老了吗 反正是一部马马虎虎的商业片吧 不过可惜了金喜善啊,3,神话
...那首风靡一时的theme song...,3,神话
金喜善怎么看也不像秦国公主,3,神话
歌是挺好听，片子就一般啦，不如胡歌电视剧好看呢，呵呵,3,神话
无聊，特技坑爹,3,神话
很一般，基本上属于很没劲那一类。不过那首插曲的确动听难忘。,3,神话
2005年中韩合作版的古今大战秦俑情。,3,神话
虽然我很喜欢金喜善。但我讨厌成龙。,3,神话
对古装兴趣就不大。再加上古今中外的。不喜欢。,3,神话
有点梦幻的意思。。无奈太不靠谱,3,神话
"沒有期待中那麼好,第一次發現金喜善穿古裝的樣子還不錯",3,神话
老套的结构，成龙却乐此不疲,3,神话
our frist movie~,3,神话
那一男一女一起关了这么久，得有多少孩子了啊,3,神话
有点无厘头的电影。不过几个现代与古代的镜头切换得很不错,3,神话
看喜善阿姨飞天那10分钟就可以了,3,神话
"the 106th in CDUT, 5th November 2005, @dorm425",3,神话
"你是我的神话,但你也有老的一天",3,神话
在网吧看的时候还是很感动的,3,神话
"什么事也不能作,什么电影也没的看,终于还是看了这部朋友们评价都不太高的片子,有点点幽默,好像也没他们说的那么差吖??",3,神话
辛苦你了，金姐姐。人民币不好赚吧……,3,神话
累死我了，本小姐要睡觉了,3,神话
get到了一首好听的音乐，陈龙不适合演易小川。,3,神话
主题曲实在是太好听太好听啦~剧情就免谈啦,3,神话
成大叔还是不要演文艺感情戏的好。。。,3,神话
从此，大陆开始了一波穿越热，引领了潮流,3,神话
说什么呢 犯了全世界男人都会犯的错的成龙大哥啊,3,神话
主题曲真的不错。。。。,3,神话
我喜欢“无重力”~,3,神话
印象还有的就是金喜善穿白裙子的那个场面。,3,神话
当时看这个电影稍长了1小时的歌。。小郁闷,3,神话
先看了电视剧版的再来看电影版的，感觉故事剧情上跳跃的地方太多，有很多情节没有伏笔就直接讲出来了，所以有时候会看得一头雾水，不过这些都没关系，权当做是在为电视剧版的《神话》抛砖引玉吧。,3,神话
断断续续的看完了这部电影…说明它确实不怎么吸引人…歌曲远比电影本身优秀,3,神话
秦陵果然是讲不完的传奇啊 长生不老之药在哪里,3,神话
够扯淡，够娱乐。,3,神话
这个梗概可以发挥个不错的故事出来，但是题材全被成龙的意淫，渣编剧，渣演技与渣特效毁了，最后还变成了小龙女不与转世杨过相认的故事。中间还要发表爱国言论，突然感觉拍到12生肖成龙也没啥进步。,3,神话
电影制作还是不错的，只是这个题材，这个科幻法，实在让人无法接受啊。这样跨越时空的爱恋，真是让人蛋疼呀。,3,神话
穿越片。主题曲4星。,3,神话
成龙演的那个古人一定不是天天洗头，所以那头盔肯定有味道，但是金喜善确能拿那个头盔可睡。。可贵的真爱~,3,神话
歌好听，虽然剧情弱了些，但直到现在听见音乐还能想起这部电影，可见一首好的主题曲对电影有多大的提成。,3,神话
当年看的时候的确很感动。。。现在一遍遍看，实在是有点儿烦,3,神话
金喜善太漂亮了。。。,3,神话
我真不是故意不给成龙面子,3,神话
还不如去看《古今大战秦俑情》,3,神话
特技和动作都不错，有人说是模仿《秦俑》，那就算了，差的有够远的。。,3,神话
看到后面很感动。,3,神话
金喜善白衣飘飘的样子很漂亮~,3,神话
= =比起电视剧版好太多了……,3,神话
我喜欢里面红衣肚皮舞的部分，还有那个印度男眉间用檀香膏点的红目。,3,神话
成龙味有点不对了。,3,神话
成龙演爱情···额,3,神话
成龙大哥无法坦然面对一份不搭的感情啊,3,神话
本身这段故事是好的，但电影真心不喜欢。,3,神话
主题曲成为当年最流行的音乐,3,神话
其实还不错。穿越，以及悬浮的设定，颇有想象力。兵马俑的场景画面也很精美。,3,神话
黑漆漆的电影院 只有我们俩 ,3,神话
不多说，成龙大叔,3,神话
大爱主题歌 ~ 金喜善姐姐 哈哈~ 以前觉得很好看 但是跟电视剧一比就有点小差 穿越穿越~~~,3,神话
妈妈，阿姨为什么要抱着叔叔睡觉？妈妈：。。。。。 哦，我知道了，他们像青蛙一样要冬眠！,3,神话
除了配音，毫无可取。。。,3,神话
成龙+金喜善 额。。。。。。。。,3,神话
金喜善这个里面真的很好看。但是中文配音太瞎，加上无法看成龙古代的深情戏，太诡异了。女主真的太好看了,3,神话
我一直觉得这是冷幽默的科幻片。,3,神话
至今仍然记得玉漱公主在山崖上起舞的绝美。。。等待千年只为一个答案，如此痴情的人儿。。。,3,神话
神舟那里老是重复成龙和印度女黏脚的打斗片段，剧情垃圾，主题曲好听，还记得某年高中晚会艺术生演唱过。,3,神话
一些动作的设计还是带有成龙标签的，奈何穿越的故事很难产生共鸣。,3,神话
印度那段戏的景色实在是美极了,3,神话
确实乏善可陈的电影。,3,神话
电影越来越不纯粹了,3,神话
韩国第一美女果然很美，但是蒙毅就。。。。。,3,神话
成龙老了，就不适合和个仙女模样的女子卿卿我我了！,3,神话
"唐季礼导演,成龙,梁家辉,金喜善主演",3,神话
唔该请把成龙换成帅哥，还有谁能告诉我印度那段是怎么回事。@丢密码的恶趣味将来 你看一看就会感觉到熟悉感扑面而来，犹如sam在耳畔叨叨：一定要有一个反派跟我打。。。。,3,神话
金喜善真没~一千年的神话，本身很吸引人~其他的比较无聊,3,神话
阿姐今天把神话飚上去了~好赞内~嘻嘻嘻...,3,神话
于是这首歌谁都会唱了。不给5星是因为我真的对成龙无感啊。,3,神话
一个晚上不写作业跑出去看的。高思雨赏的票，和cat。,3,神话
那首歌泛滥了很久之后，我终于有机会在CCTV6目睹成龙大叔和金美人搭档的戏了。我也总是梦见自己是大将军孙武，可是为虾米没有成龙大叔的艳遇呢。,3,神话
"爱情都是神话,所以都不能实现",3,神话
很喜欢主题曲，其他的挺烂的,3,神话
成龙的气质跟蒙毅很切合，虽然故事不好，但那种精神演了出来。如果不是武打片，这部片子的评价会好得多。,3,神话
当时觉得很感动，可是现在觉得剧情其实是有点狗屎的~~~证明的我的审美眼光还是有所长进的~~~主题曲蛮好听~~~喜欢孙楠和韩红的版本~~~,3,神话
嗳……都不好意思说看过,3,神话
挖墓探宝片是赶不上人家美国人的了~~,3,神话
【主题曲】很好听，金喜善很美。,3,神话
感觉成龙不能拍古装片,3,神话
成龙实在不适合演爱情片啊。。。,3,神话
"比较感人,比较传奇",3,神话
漏洞固然多，但绝没有媒体说的那样一无是处,3,神话
国外有《铁达尼号》，中国是《神话》！！,3,神话
三星半，两个优点，一个是跟印度人对打黏住那块，显示出成龙动作片过去的风采，第二个是在对战当中，有阵型的体现，然后有些铠甲对应历史，其他就一般了,3,神话
成龙其本身俨然就是一个神话,3,神话
又一部老龙吃嫩草,3,神话
金喜善跳舞让人印象深刻啊，不过成龙好像一贯的和女主不太有cp感，更适合打戏，和打戏相亲相爱。主题曲广为流传。,3,神话
又是个穿越剧,3,神话
好老的片子,3,神话
一人打多人那一段不错，其他一般般,3,神话
这部是在光明电影院看的,3,神话
听说是小成本制作，能有这样的效果已经不错啦。,3,神话
就记得金喜善在悬崖上跳舞那段很美，另外梁家辉死的又惨又打酱油。。。,3,神话
当年让我顶礼膜拜的片子，我知道我对金喜善太花痴了。。。,3,神话
就是从这部开始发现成龙越发不济了。,3,神话
没什么印象了，只觉得主题曲很好听。,3,神话
最后一个不是粗制滥造的成龙作品啊。。,3,神话
干锅青笋、咸鸭蛋就啤酒，CHC台播的。跟大灰狼边吐槽边看完的。,3,神话
拼拼凑凑的剧情我都不晓得了。,3,神话
比想象的好，主题曲当时觉得很韩国，很好听，结果没多久，红了...,3,神话
那死人堆起来的大山啊！但总感觉高潮不起来呢。,3,神话
金喜善满好看的,3,神话
和父上及其同事及其同事家小丫头一起上电影院看的片子，好故事好导演~要是古时高句丽公主真有这么美，还是很羡慕皇帝的~噗,3,神话
一首优美的旋律留的比电影要长得多。,3,神话
只有在传送带的那一段还像成式工夫片,3,神话
只记得主题曲很好听,3,神话
喜欢金喜善唱的那几句。。。。,3,神话
没看过这部电影一直被bs~补课了.所以越被推荐会越期待会越有反差~也可能看的时候心情被世界杯影响，没有很入戏，没有被深深打动~当然，我承认它还是比无极强，音乐也很赞的~ PS.若南宫和蒙将军换一下就好了，丽妃和他就可以有一段千年JQ。。。PPS.喜欢那段瑜伽以及求可以悬浮的矿石~,3,神话
高中是看的...,3,神话
金妈妈还是很PP的。。,3,神话
"考古学家=合法盗墓, 主题曲很感人",3,神话
好歹有个不错的题材。,3,神话
好不喜欢成龙的这个扮相。。,3,神话
故事老套，剧情一般，主题曲应该会流传很久。,3,神话
小学的回忆吧，真是神话加穿越，当时觉得好惊艳美好，后来留下最重要的那部分自然是主题曲了。,3,神话
神话，的确是神话。,3,神话
浪漫又奇幻，商业片的路子。可惜重点模糊不清。,3,神话
算是不错的了。,3,神话
确实很神话,3,神话
初三，语文课放的,3,神话
非常一般。。。,3,神话
又一个爱情故事，跨越千年。金喜善真是美的一塌糊涂。,3,神话
本来觉得电影就一般般  想不到  电视剧  更囧,3,神话
穿越的大好时代哦,3,神话
这个扯淡玩意,3,神话
集秦俑奪寶奇兵等東西共冶一爐，堆劇情真係睇到人不禁話「神話」，有冇離譜些？,3,神话
一向不太成龙的电影，这部更像是成龙的自恋电影,3,神话
整容姑且不论，金喜善真是挺美的。飘哇飘哇的很浪漫。,3,神话
金喜善的中国古装扮相真的很美。,3,神话
为什么学校要组织看这种片子？,3,神话
很成功的商业片，仅此而已。,3,神话
当初很期待，现在不知道已经看了多的好遍了，已经没感觉了,3,神话
这歌当时红极一时···,3,神话
你相信前世吗？我相信！,3,神话
大屏幕感觉不一样,3,神话
在李宅和大贱牛一起看,3,神话
成龙大哥的片子，个人认为还不错，虽然老了点，有点不答。。,3,神话
感觉一般~通俗的开始平淡的结尾~~,3,神话
史载，蒙毅乃蒙恬之弟，见恨于赵高，冤死。,3,神话
怎么有点儿假,3,神话
冲着明星去看，却失望而归。科幻不像科幻，奇幻不像奇幻，神情与搞笑共存，弄得整部片子不伦不类。如果说拆开两个故事，分别拍摄，估计还能成就两部好片子。,3,神话
相当一般，打的不过瘾，感情戏烂俗，剧情让人不知所云，当你发现还有很多谜团没解开的时候，电影tm竟然已经完了！哎，唯一的亮点也只有金喜善了。,3,神话
至少比无极夜宴神马的好多了。,3,神话
来找TV版的，结果发现电影版的还没打过分……,3,神话
成龙要是再年轻十岁就好了,3,神话
真能长生不老就好咯。有点假，也不觉得看完能获得什么希望。,3,神话
音乐很好听，金喜善穿一身绿衣在湖边画像那儿真的惊艳到我,3,神话
小时候还蛮喜欢，因为觉得金喜善很美，但现在反观矮油真的为自己当年品味捉急= =,3,神话
只能说是一般,3,神话
還滿噁心的...,3,神话
瑜伽老师，身材真好。,3,神话
跟巩俐的古今秦俑情在故事架构上特别像，其余的就是成龙电影的老套路了,3,神话
虽然剧情老套 金喜善真美,3,神话
在旅游 楼下卖陶笛的店里在放这个  突然想起小时候看过了 后来又在电影频道断断续续看了几遍   还好吧  一直记得梁家辉临死时候说我不是坏人的样子 别的倒没什么了  当时还觉得金喜善好好看 后来才知道是整的,3,神话
那个时候的金喜善好漂亮啊，她穿着和服在山顶上迎着朝阳跳舞真的是美绝了，成龙饰演的将军威武不凡，可惜最后是悲剧，其实最后我一直以为玉漱公主会跟蒙毅的转世一起离开，到到最后她说了那句“你不是他”，就飞走了，小时候不理解，长大后稍微有点明白，玉漱公主爱的是蒙毅，不是千年后的这个人，哪怕再像，哪怕他带着前世的回忆，但他终究不是蒙毅。,3,神话
那个舞蹈太傻，那首主题歌被强迫连听一百遍以上的被洗脑人员只想给这个分了....,3,神话
小学观影，朦胧的记忆。  @汕头艺都影剧院,3,神话
其实两条故事线之间的衔接剪辑还挺不错的，不过整个剧本好像不知道哪边才是重点，其实成龙的杂耍功夫场面应该是陪衬，穿越千年的爱恋才是主题吧。金喜善不愧是韩流标志性人物，成龙古装真显老。,3,神话
记得是在去参加化学竞赛的路上看得：）,3,神话
一星给成龙，一星给金喜善，还有一星给风景。。,3,神话
长点历史知识...,3,神话
除了金喜善的美貌，整部影片乏善可陈。,3,神话
特技忒多忒明显。。。不是很喜欢,3,神话
神话这首歌一响起，就会有种莫名的感动，更胜过电影本身。,3,神话
我是真的被金喜善惊艳到了~,3,神话
里面人物不知道在想啥，遇事闷头一句话不说，就知道对望，纯粹成龙个人英雄主义电影，台词、情节漏洞百出，配音听起来怪怪的，也就里面的美女和场面值得一看了，本来挺好的话题被拍砸了,3,神话
受不了成龙拍这种缠绵的，你大哥还是拍功夫片去吧,3,神话
故事本身真的很好。可惜演的不如人意。。,3,神话
成龙拍这片就是为了吃两个美女的豆腐,3,神话
一般吧。。。穿越题材应该很好的呀,3,神话
哎...炒出来的片子...,3,神话
我觉得还成。还写了博客来着。现在能想到的场面，是金喜善在长城上跳舞，黄色的裙子，淡雅而灵动的眼神。还有那个时刻，满眼是爱的蒙将军。,3,神话
真心不喜欢看种片- -,3,神话
似乎主題曲更令人印象深刻~,3,神话
因为这个片子，当时喜欢上那首歌~,3,神话
成龙大哥的穿越....,3,神话
一直不喜欢成龙的,3,神话
成龙的电影越来越令人失望了,3,神话
长途车上看的，没劲,3,神话
过得去。要求不能太高啊。,3,神话
凡出列者守营,3,神话
成龙大哥啊 你还是去打架吧,3,神话
主题曲胜过影片本身，这影片就是回忆16岁的青春,3,神话
每次看电影都会哭，这个电影只有一处让我哭泣，是成龙的下属誓死与他在一起的情景。这个世界需要英雄主义～,3,神话
成龙还是不擅此类角色,3,神话
这真的是一部很美的电影了，凄美决然，矢志不渝。,3,神话
记忆中没这么差吧。。这评分。。一堆屎片也高高的阿，这就吝啬给分了。不过话说三星是算6分么。。那就怪豆瓣评分规则不够精细把。。,3,神话
金喜善和成龙真的一点都不搭配,3,神话
主题曲脍炙人口，里面人飘来飘去挺漂亮的，此外无他了。成龙老了，一系列绯闻也证实他不是什么痴情的种。唉。,3,神话
虽然也非常荒诞派，但好在不像《十面埋伏》那么恶心。。。,3,神话
还算看得下去 音乐不错,3,神话
记得歌，连电视剧版的主题曲也一并记住了,3,神话
那年金喜善还是个美女。,3,神话
主题曲还挺好听的，其余就没有亮点了，让成龙演将军，体格身形气质没有一样沾边的,3,神话
"真的很神话,那个瀑布后的山洞,好神奇!",3,神话
为什么大侠受伤都必然觉得很冷，然后跟他在一起的女人都会脱掉自己的衣服给他取暖。。。,3,神话
所谓的英雄+美女……,3,神话
那个时候就知道，成龙每部电影的女主角都不是一个个人。金喜善是真美啊！尤其是天地间，她跳舞的时候，仙子一般。看到她穿古朝鲜的民族服装，当时真得是吓一跳呢，那一堆头发得多沉啊。后来她在秦宫，让画师作画时穿得那件衣服，非常贵气。,3,神话
"可以娱乐,但不用铭记.",3,神话
《秦俑》翻版，劇情二流。,3,神话
大叔男主跟女主實在不配，不過歌曲倒是傳唱很久,3,神话
依然是烂片，怎么你都是烂片,3,神话
"抄袭,严重抄袭",3,神话
哦吧~哦吧加纳哟,3,神话
成龙··简直是老牛吃嫩草,3,神话
很会摆谱：：：,3,神话
站在尸山以一敌百那段很悲壮，现代部分台词比较尴尬，整个电影还是挺有想象力的,3,神话
虽然没什么惊喜，还是能看下去，至少不会难以下咽！,3,神话
也是打上时代烙印的片子,3,神话
古代神話的武裝劇本，變成穿插時空的愛情，這編劇寫的夠莫名其妙，劇情架構根本寫的天花亂綴，我還是專看那個動作格鬥吧,3,神话
北师大小礼堂站着看完的，金喜善很漂亮，看过后我都忍不住温柔了,3,神话
成龙，小伙子，一刚（汗一把）。。,3,神话
和美国大片pk,3,神话
看习惯了成龙的功夫喜剧，忽然一本正经的演历史剧，真的不习惯，尤其那位韩国大美人演绎中国古人，总觉得格格不入。特技在当时还是很一流的，印象最深的就是深渊之上悬浮的宫殿，震撼华丽,3,神话
本来是个很凄婉的童话，但不知为何导演把它拍得这么狗血。但也算是当时影视史上少有的，成功商业片了,3,神话
女主角很美，男主角和他实在不配，从而观众感觉不到真情。歌曲传唱了很久。2005年，在和平影都看的。,3,神话
主题曲很美。。主要是穿越时空的东西我还比较感兴趣,3,神话
原来这也是部穿越电影。高一的运动会记忆。,3,神话
真心觉得成龙大哥好艳福~~~各种美女。金喜善一度成为我心中美女标准之一。,3,神话
重温，当年还觉得蛮好看的，可能是因为歌还不错？金喜善当初还是美的，没有大妈。,3,神话
故事没什么意思，主题曲红了,3,神话
成龙的电影就不各个评论了，他创造了一种类型电影，已经是大哥了,3,神话
其实我那会觉得还不错~,3,神话
金喜善，很美,3,神话
曾经有一段时间很喜欢影片的主题曲。,3,神话
主题歌唱火的一部电影~~~武打场面依旧延续成龙大哥的风格。,3,神话
高中某次考完试的集体狂欢。,3,神话
我心中已有白月光,3,神话
音乐不错，其他略过。,3,神话
分是给金喜善和印度公主的。金喜善真的太美了....,3,神话
发现金喜善还是挺漂亮的，谁让她是第一个在中国出名的呢。,3,神话
看过N次，和范看过一次，学校组织看过一次，CCTV6看过一次。。。看那么多次，是相当烦的，可惜美女是看不厌的~我从小就觉得金喜善是大美女~,3,神话
这个当时感觉挺奇特的，非常想要去西安逛一圈。当时还出来烧钱大片的氛围中,3,神话
啦啦啦。。。。。。。。。= =,3,神话
看了同名电视剧后，又翻回看了一次，成式故事片还是可以的。不功不过。,3,神话
歌不错。。3.5星,3,神话
大年三十晚上网吧观赏,3,神话
那首主题曲倒成了更经典的记忆。,3,神话
从神话开始，成龙的电影变得不再是成龙自己的了。金喜善演的很棒，三星中一星献给金喜善。,3,神话
男女主角这样的配搭总是有点别扭,3,神话
记得高中毕业时的留言簿上，绣花同学最爱的电影就是《神话》可是看来看去总觉得金喜善配成龙总觉得怂了点……,3,神话
金喜善真的很漂亮,3,神话
很凄美的爱情故事，嗯，觉得主题曲为电影加分不少。,3,神话
现在看成龙的片都感觉到审美疲劳，他真的老了。,3,神话
和老妈在电影院看的 那时还不知道豆瓣 没看到剧透 看完 给我不少惊喜,3,神话
看着刺陵就想起了它，不厚道地说我总觉得神话还不如刺陵。,3,神话
才知道神话是借鉴秦俑 只不过交换了一下封存的男女 。当年看金喜善美翻了。＃凭记忆打分不负责任＃,3,神话
看过了，就没了。也许以后若干年，想起的是这首歌，却忘了电影,3,神话
很喜欢这种结合了历史故事的功夫片，可以更精炼些。三星半吧,3,神话
初中学校组织到地委那边看的电影  ,3,神话
战争场面彻底沦为龙套们拿着矛与刀剑朝天空乱舞的背景，而古代背景下的动作设计了无新意，在成龙影片中，武戏算是没有看点的一部。但成龙难得的古装扮相，和一段千年不死的苦恋，还是让本片成为了票房赢家，还捧红了同名的主题曲《神话》。,3,神话
太做作了..,3,神话
觉得就是一神话而已。,3,神话
居然是穿越了几千年的爱情~,3,神话
"唐季礼 梁家辉 再作他拿手嘅下把位,  依然好笑",3,神话
一首歌还可以，其他没太多感觉,3,神话
穿越古今的爱情，主题曲不错,3,神话
不差，也不好。,3,神话
平淡的商业片~,3,神话
有点虎头蛇尾了~,3,神话
高中全班一起看的- -,3,神话
故事有点老土，不过手法很棒，从来没想过成龙也能演这种角色，虽然效果不错，但是还是让人感觉怪怪的。毕竟白马王子既不白也不帅……而且对爱情的理解也很怪！:-),3,神话
剧情一般没有想象的缠绵纠结，也许是成龙的感觉不好,3,神话
忽然想起来了就再看一遍,3,神话
在天上飞的那一段很美。,3,神话
硬汉也可以跨越千年的时间，让感情永恒 一个神话,3,神话
只喜欢里面的皇陵,3,神话
如果男主角换个年轻帅气的，那我就打4星！,3,神话
只是因为那新年，全班一起看。美好的高中。,3,神话
看了几遍，还是觉得一般般,3,神话
万世沧桑唯有爱是 永远的神话,3,神话
天兵天将终日守护原来是这样。,3,神话
似乎是在CCTV6上看的……,3,神话
换10年就是上等作品 可惜这年头观众水平高了,3,神话
换一种风格，有点不习惯的说~~~,3,神话
那首歌是经典,3,神话
歌挺好听的。。女主角也挺美的,3,神话
看过之后就明白，古今大战秦俑秦，一直被模仿，从未被超越= =,3,神话
2010.01.22,3,神话
金喜善好美，等待千年不变的感情只能寄托于荧幕~~~感谢荧幕~~~,3,神话
各种山寨版的穿越神话……,3,神话
哈哈哈，这个好像在电影频道小时候看过N次了，作为西安人很亲切啊，成龙兵马俑乱斗什么的很搞笑的～主题曲加一星,3,神话
不喜欢金喜善，不过男朋友似乎很喜欢...,3,神话
好吧，最后的花絮显得大家都好卖力，所以我决定给个三星,3,神话
终究还是不属于这个时代吧。,3,神话
这么好的剧本拍成了白开水，全片只剩下配乐和女主。本来从小也一直打算看的、最近看见音乐剪辑就去看了，女主不仅好看而且表情很入戏恰到好处。,3,神话
悬浮秦始皇陵这个...想象（？）真的挺亮！无论破绽和狗血多多，但这种创意还是纪念了历史和传统文化。看着成龙好亲切，他的电影无论看得时候多哭笑不得，还是想多给一星XDD,3,神话
介于某人天天嚷着那部电视剧我又看了一遍电影，是的，为了不看那电视剧。,3,神话
这片子要是换个男主该是多美好！没想到金阿姨在这部电影里真的那么美颜，就是对龙伯的颜看不下去，故事虽俗套了点，大片的元素都有，在当时还是很不错的,3,神话
一个人看的大电影。钱包不见了额。（神秘的包場費-  - 路邊的阿嬸收的，一定是這樣。,3,神话
主题歌好听,3,神话
为什么不跟他一起走啊...悲剧...他可是他的后世啊...,3,神话
神话的主题曲真的很好听，故事有创意，有穿越，但是没有太多惊喜,3,神话
7.6/10,3,神话
说实话。。。挺烂的。。。之前大肆渲染的噱头说金喜善裸身和成龙相拥。。。唉。。。太失望啦！！！,3,神话
狗屁！不過愛國情節我欣賞！,3,神话
你就是我唯一的神话。,3,神话
穿越时空的爱，居然没有变,3,神话
特技好假。梁家辉真抵死！金喜善真系甘靓咩？！,3,神话
春梦一场,3,神话
有点玄了。,3,神话
打戏不错，就是太少,3,神话
当时年少，分不清，如今再看也只是一部很一般的片子,3,神话
第一次看时觉得剧情蛮好蛮浪漫，可惜演员……,3,神话
金mm还挺pp的,3,神话
什么都有了，唯独缺乏诚意，最精彩是老鼠胶场的打斗，但和整个故事却没有一点关系,3,神话
没什么意思。。印度的大波妹过目难忘。。,3,神话
金喜善果然漂亮！,3,神话
没能坚持看完= =,3,神话
片尾曲不错,3,神话
高一班主任曲老师奖励我们班级考试成绩好放给我们看的，始终觉得好看，金喜善那时候真的好漂亮。前世今生的戏码非常感动,3,神话
和姐姐一起看的，然后才觉得金喜善满漂亮的，愚忠，带着她走就是了,3,神话
故事其实很浪漫，但是成龙，真的不适合演华丽的男主角，岁数到了，不得不考虑放手。,3,神话
记住那个主题歌了,3,神话
只是就这样长大了，那时还是初中生吧。,3,神话
特效比剧情要好,3,神话
我们还是朋友吧……某些台词太二，孙周一开口我就想笑，还忍不住要模仿！,3,神话
成龙和金喜善那版的主题曲才更好。,3,神话
果然神话,3,神话
看之前期待太高，看了失望，在成龙的电影里不算出色，又出现了我最忌讳的细节和逻辑错误，烦死这些个！,3,神话
成龙金喜善版《古今大战秦俑情》，主题曲很好听，金喜善跳舞很美，成龙和金喜善完全没有CP感，反而像父女恋,3,神话
这剧情比较狗血啊。要是把成龙换一个帅一点的演员我会喜欢的,3,神话
消磨时间不错的选择。,3,神话
一颗星给歌，歌真好听，成龙的自恋何时能改。,3,神话
第一次觉得金喜善还真漂亮。其实这情节还不错，商业片嘛。,3,神话
成龙烂片，亲身探寻印度拍摄地Hampi，风景确实很好,3,神话
什么玩意,3,神话
那是05年的夏天，博物院奥斯卡，本该是看动画片的年纪，我却闹着要看这部爱情片。忘了我爸有没有陪我一起看，因为通常他都想怂恿我妈跟他看一部片，我自己去看一部片。但是这部有成龙。记不清了。印象中金喜善好漂亮，结局好唯美。长大了再看发现竟然还有梁家辉！,3,神话
个人对此类电影无爱。,3,神话
大气美，公主。几千年不会爱上别人吗,3,神话
给三星的唯一一个理由是成龙在兵马俑那里批判西方博物馆,3,神话
即使在长途车上消磨时光也觉得太烂了,2,神话
千言万语概括成两个字：穿越.. 再加三个字：看，灰机....,2,神话
看过的第一部穿越剧 曾一度迷恋穿越小说,2,神话
假得惨不忍睹,2,神话
谁是造型设计？谁是美术？谁是动作设计？拉出去毙了。秦始皇陵是我见过最牛的创意,2,神话
年老花痴可以，聪明搞笑如吴孟达。总是扮新郎官就是侮辱大众的审美观了。又不是畸恋剧。,2,神话
2005年，约一个女子去看，结果去到被告知换了《太行山上》，没看成，结果后来……,2,神话
如果只有一个能活，我希望是你。。。。,2,神话
除了取景地外各方面都幼稚粗糙如网剧，双线没实质意义上的情节穿插，不如用秦始皇陵编织一个古代梦幻爱情故事，现代与科幻都是累赘，结尾更是把之前积累的爱情高潮莫名其妙扔掉！低劣特效遍布全片，任何优秀演员演都可以，成龙特长无从表现，短板全都暴露，为了符合将军形象，他的镜头竟都压缩变形了,2,神话
这部烂电影。。。让我怀念青葱又饥渴的大学岁月-。-,2,神话
抄《古今大战秦俑情》的，不咋地。,2,神话
看见成龙就恶心，一把年纪的，还老能把到靓妹。,2,神话
乱七八糟的什么跟什么！想找人直接问，想表白直接说！,1,神话
当年还挺喜欢主题曲。,2,神话
这一系列，也不知道怎么的，都忘掉收录了，这才联想起。金喜善很漂亮，主题曲被唱得恶俗，仅此而已。,2,神话
无语，为了纪念我们演过的话剧～还是加一下吧～但是想起来就心痛呢，那个话剧的视频丢了，而且再也不会去演一遍了～～再也没机会了～～,1,神话
很烂的原因可能是我觉得男主应该长的很帅才对,2,神话
神话向来不靠谱。尤其是成龙和金喜善的爱情,2,神话
成龙和金喜善之间真是毫无火花，同情那个在洞里守候丽妃的将士。过了千年反派想的还是长生不老[翻白眼],1,神话
拍得这么长干嘛呀... 看得好累...拉来的两个外国美女，都是蛮好看的。 金喜善的民族舞，我喜欢。,2,神话
这是翻《时光倒流七十年》的老账么……,2,神话
用簪子+头发缝针喔？秦朝时期就有钢铁铸剑了喔？（唐季礼好似没有那么差啊。。）,2,神话
扭曲历史，我恨！！！更别说扭曲的是秦朝！更恨！！恨死了！！,1,神话
成龙还是好丑啊好丑啊。韩国第一大美女果然不是盖得。这部片子真的是不知道好看在那里。,2,神话
作为一部搞笑片，可以给四星,1,神话
一颗星给音乐，一颗星给成龙。这部电影本身就是狗血剧。,2,神话
唐季礼在警察故事3以后拍的商业片子都可以很客气的给个一星吧？,1,神话
刺陵比这部片好看多了.. 稍稍被片中歌曲感动过 印度大波妹是亮点,2,神话
中规中矩吧，既不能说突出也不能说太差。节奏比较松散不紧凑，而且故事情节实在太弱。,2,神话
这部剧基本反映了好莱坞对兵马俑的印象- -,1,神话
什么是垃圾，这就是，纯粹成龙的YY之作,1,神话
成龙这样的打扮。抱歉我把爱情片当做喜剧来看。,2,神话
之前没完整看过，今天补看，感觉浪费时间。陨石无重力始皇陵挺有想象力，但影片本身不完整，结局仓促，印度韩国乱入很违和。PS1：蒙毅被黑得最惨的一次。PS2：台词加分——没有人可以从别人的国家抢走人家的文物，摆到自己国家的博物馆，说是帮人家保管，其实是据为己有。这是可耻的行为！,2,神话
个人感觉不好看，歌也太恶心了。,2,神话
想要被这样的电影感动真是太难了！,2,神话
情节依然是硬伤，感觉转来转去都什么跟什么……,2,神话
数次在电视上看到，没一次看完，也没有耐心看下去，真的不怎么样,2,神话
除了音乐，我不喜欢此剧的世界观~,2,神话
我只能說我看過這個電影，會哼兩句主題曲...,2,神话
大家都说好..为什么我感觉很烂..,2,神话
the general is 李大发,1,神话
场景、音乐都模仿《最终幻想X》,2,神话
穿越电影。没什么意思。最后的古墓大战好假。,2,神话
是大哥就可以满足自己的幻想。“自己拍电影，想怎样都可以。这次我想演一个将军，我就把自己演成一个将军”——成龙原话大意,2,神话
忘干净了都快 歌不错,2,神话
两只小蜜蜂呀，飞啊飞啊……,1,神话
这是我对大烂片最初的记忆。还记得以前没地方看，听蒋珺平放学路上跟我们说，男主受伤了需要缝针，女主居然创造性地拿出她的发钗和头发！天啊太奇幻了吧！,2,神话
记得初二时看过DVD以后，跟同学推荐神话，结果他们笑着说是烂片。现在回想也不至于，只能说是一部务求八面玲珑及格的商业古装片吧，成龙一直也就这个样子。BGM部分发现偷了《梦之安魂曲》的旋律，真够无耻的。,2,神话
成龙为什么演古代人= =,2,神话
一个自我感觉不错的傻逼,2,神话
你娘大杂烩，成龙最差的一部了吧,2,神话
成龙大哥还是好好武打的好！,2,神话
秦俑翻拍，没有一处及秦俑。,2,神话
感觉成龙这部片子有点老了，古装片还是要大制作大场面的比较好啊，但是歌想当不错，金喜善也很正点,2,神话
我觉得剧情设定还是很好的啊 我喜欢..但是对整片无感..貌似又是当时整间教室只有我自己无感- -,2,神话
外协会表示瞄一眼就看不下去,1,神话
基本是成龙的功夫片套路，只是古代的戏码太无聊了,2,神话
剽窃《古今大战秦俑情》。,2,神话
成龙大叔 你在开玩笑么？,2,神话
好电影不是找个韩国美女就拍得出来的。,2,神话
成龙的片子，都那样，唯有配乐值得称道，是国产片中位数不多的好音乐。最后只记住音乐，连故事都忘了,2,神话
除了最后兵马俑的想象力还不错以外，没什么亮点,2,神话
秦朝能有朝鲜？朝鲜人掏出日本刀？长生不死药能不饿死？2k年无重力坏境肌肉早畏缩成个球了 还能打架？就当他天天锻炼 可是无重力环境被个东西压住怎么可能抬不起来！还说半天科学研究！这连伪科学都算不上 用魔幻冒充科学外带历史盲,1,神话
韩国人很难演出中国古代女子的感觉。就算她穿上了汉服。,2,神话
神话？我看就是个笑话！,1,神话
请个韩国人、弄个穿越也改变不了“成龙的电影都一样”的事实,2,神话
这都什么跟什么啊 再看一遍更无法忍受剧情,2,神话
（补）很久前看的。,2,神话
难看死老。。。根本没留下太大印象。。。以至于我都要忘记我看过的。。。,2,神话
花5块钱去电影院看的。很烂。,1,神话
经典烂片之一，看老人家的感情戏看得要吐血了,1,神话
很无聊的剧情，但赶上当年相亲，相亲的对象都点着要看这个……结果这破片子看了4遍啊！！！,2,神话
和付湉湉宋元明，星美,2,神话
letocastle你太可爱了~那我也要说：不要鄙视我看过这部电影,2,神话
The so called 美女 the real 野兽,2,神话
哎，成龙大哥，你不要演爱情片好不好，你跟金喜善就不是一个物种的！,2,神话
成龙开始穿越了,1,神话
我真觉得这片挺烂的,2,神话
大场面古装戏时代的变态产物,2,神话
这么老了，还拍爱情片，还是跟一个小姑娘拍，无爱。,2,神话
就是不明白，如果是我，我就会说我是蒙毅将军,2,神话
除了主题曲之外一无是处。,1,神话
连马一道打，马痛不痛？,2,神话
剧本尴尬，演技也尴尬，金喜善的台词听得我超难受……,2,神话
他妹的 看几次睡着几次,2,神话
成龙和Indiana Jones最大的不同是Jones不是伪君子。,1,神话
这片子到底想说神马,2,神话
这片子能在当年成为话题之作也是挺神话的,2,神话
无聊。歌倒是可以听的。K歌的时候满抒情。,2,神话
不喜欢成龙的演技,2,神话
印度武士沒有用印度劍，也不是印度套路。,1,神话
本来三星的，因为淫虫龙减一星,2,神话
CTV6放这片子的时候 半看半上网吹牛。突然看到现代蒙毅跟玉漱相见的那一刻。哎呀，觉得好温馨。。。为了这个画面，给二星。,2,神话
6.2/6.1,2,神话
不是神話，是笑話。,1,神话
拿帽子接水喝.我就是想吐.,1,神话
自我感覺良好。,1,神话
看不下去，弃【外貌协会】,1,神话
就记得歌曲了。,1,神话
唯一的印象就是主题曲还不错,2,神话
没什么真情实感，对转场印象深,2,神话
这个男女主角啊，是我的心头大恨,2,神话
当初看了几遍，都是不停地下载枪版被骗，其实就不该看。,2,神话
主题歌比电影好 ,1,神话
这种烂片我竟然无奈看了两遍……,2,神话
到底是我眼拙，看不出成龙身上有哪点儿是盖世英雄的气魄呢，还是导演眼拙，挑了个本来就身上没有半点儿盖世英雄气魄的小男人作主角？,2,神话
感谢贡献主题曲。,2,神话
除了专场衔接镜头不错外，其余全扯淡,2,神话
我真不想承认我看过这片子……,1,神话
成龙大哥您到底占了多少姑娘的便宜？==,2,神话
美丽的公主 劫婚的将军 一挑一的大将对决 莫名其妙的梦境 时空交错的蒙太奇 偏执的科学家 宏伟的古建筑 飞天的圣僧 性感的舞女 睿智的长者 成龙式的幽默打斗 桃色乍现的挑逗 哀怨的嫔妃 奸臣的阴谋 部将的忠诚 令人感动的神马 热血沸腾的拼死一搏的英雄 敌手的尊敬,2,神话
"两星给古装的金喜善,甚美~ 成龙丑陋的外表跟他的内心不相上下,此男子是穿越古今的一朵菊花,你们伤不起~",2,神话
垃圾片 推荐不看~,1,神话
当年和无极并称烂腐双璧,1,神话
除了电影主题曲。。其他的一无是处。。,2,神话
只看一半,1,神话
看来，我这辈子也喜欢不起来成龙了,2,神话
················,2,神话
成龙也拍烂片，里面还有一个棒子...sorry，俺又种族了一把，阿弥陀佛...,1,神话
小姐我给这垃圾打一颗星本来就很屈尊自己了，居然还被金喜善的粉丝发豆油骂。我擦！！！,2,神话
成龙太老，皱纹都那么多了，是不是该选个合适自己的角色再上？！！！！主题曲真心不错！！！,1,神话
成龙大哥，还是算了吧。,2,神话
对于那些被感动了的人，我只希望，有一个爱恋贵妃的将军能为了爱情杀死你的当兵的父兄和亲朋好友，并把尸体堆成山。,2,神话
。。。不是我的菜 觉得有点2,1,神话
剧情音乐人物哪里都喜欢不起来。。。。。,2,神话
重点是看美女（金喜善+那个印度美女），听片尾曲，没了。故事啊台词啊演技啊都忘了吧,1,神话
要多恶心有多恶心,2,神话
天崩地裂的假正经，忍不住笑崩在地抽搐不止。怎么看唐季礼都是个娘们儿精，小楼跟着就学坏。,1,神话
无爱的东西,2,神话
非常莫名其妙的一部电影，最搞的是活了几千年的秦朝御前副将军居然打不过一个练过点太极的现代教授，有没有搞错？我们可是跑个一千米就要喘死的人，人家可以穿着几十斤盔甲拿着几斤大刀在战场上挥几个小时的人！唐季礼你当人家秦朝当兵的都是hello kitty？！兵马俑都要被你气活了！！,2,神话
近几年就不怎么喜欢成龙,2,神话
灰来灰去的，这是要作甚,2,神话
囧………………,1,神话
成龙大哥就喜欢漂亮MM,2,神话
SB像你，陪我看灰机,2,神话
玩穿越觉得很酷是吧,2,神话
除了画面，充满了不协调。,2,神话
骗钱的成龙。。。要那么多钱干什么呢。。。给儿子？,2,神话
叹为观止的烂，剧情·拍摄手法几乎一无是处，抄袭经典能抄成这个样子确实够丢人的,2,神话
算是重温经典，当年来说，这个想象力已经很可以了。。从来只是魔幻游戏才会出现这样的场景。,2,神话
2005年的时候，不记得第一场雪是啥时候下的了。那一年，成龙大哥和唐季礼合作的《神话》上映，很遗憾我没能在那个时候第一时间欣赏到这部作品，并为此写下点什么。只是，让末将觉得，唐季礼能拍出《功夫瑜伽》这样的旷世神作是OK的。,2,神话
前半部分处理不错，后面太仓促...,2,神话
不知道成龙上过金喜善没有。,1,神话
各方面来看都俗气的无以复加 特别是被广为传唱的主题曲 听得我太恶心了,1,神话
头一回是初中全班看的 看成龙大哥完全很难被感动 然而金喜善为他取暖那一段是难忘的 还有在山峦间迎着阳光的舞蹈,2,神话
成管的电影……恶心中,2,神话
兵马俑那段赞 其他都是垃圾,2,神话
好尴尬，除了地面粘的那场打戏有点意思，其余真的一言难尽…不过就场面来看，在当年应该算不错吧。,2,神话
这种片子能要人命,2,神话
毫无新意的成龙式的电影,2,神话
比较行赏不来成龙的电影,2,神话
漏洞百出的电影,2,神话
毫无意义的片子,2,神话
故事又碎又散，情节老套狗血，动作又假又乱，特效也挺渣的，成龙真的不适合这种电影。,2,神话
“一个女人可以为爱情等候两千年，这是所有男人的梦想；一个男人可以为你挡风遮雨、豁出生命，这也是所有女人的梦想。”——唐季礼,2,神话
游走于两星半和三星之间,2,神话
因为金喜善看的好嘛  算了不吐槽那谁了,1,神话
很烂 浪费电影资源,2,神话
成龙穿上盔甲显得非常滑稽 最后来了一出斯巴达克斯 搞！,1,神话
一个棒子，一个老头，有毛意思,1,神话
烂片节奏。,2,神话
没啥意思，场景还算宏大，别的没啥记忆,2,神话
无聊的商业片,2,神话
成龙穿上铠甲，神话就成了笑话,1,神话
特技和大哥的拼命并不能掩饰编剧的弱智。我揣测导演想学韩国电影牺牲剧情配合美感，结果牺牲过头了……,2,神话
烂片！,1,神话
一个字，太假,2,神话
为什么金喜善脱掉的时候镜头挪开了,2,神话
剧情扯了点。谁让咱是科幻迷呢。,2,神话
跟我唯一一个女朋友去看的。对棒子语有嗲兴趣 也是因为 金喜善唱OP的时候太美。이제 나의 손을 잡고 눈을 감아요,2,神话
这这这，居然可以算爱情片。,1,神话
我还在思量这个两星,2,神话
不知所云的片子……可能是因为讨厌金喜善,2,神话
虽然记得流眼泪了，但还是觉得暴傻一片子。。我不喜欢成龙，甄子丹比较合我胃口。,2,神话
很奇怪，leon认认真真地看了两遍，太奇怪了。,2,神话
成龙大哥最不专业的一部电影,1,神话
当时咱们在电影院笑太大声了- -,2,神话
很多年前看的，想来好笑哈哈。,2,神话
成龙的大片，拍一部，砸一部,2,神话
成龙这个老淫魔的那首《神话》变成各大电视广告手机铃声推荐，残害我很多年有木有！！闭着眼睛都能哼出这首恶心的歌曲有木有！！！,1,神话
成龙后来的电影都不能给高分了啊。,2,神话
只是喜欢金喜善那段舞蹈！,2,神话
那插曲很出名 ,1,神话
秦国大将那么矮 成龙就不适合古装版  梁家辉在这儿好像处于游离态 好像他根本不会演戏  但是在本人看来他简直就是演技之神,2,神话
难道这个就是芒果台出了那么多瓜的板的穿越剧的导火索？,2,神话
轮回着的使命与责任，永远不断的烦恼和忧伤，年轻的时候，我们总以为我们可以创造自己的一片天地，自由自在，殊不知，生活中永远有预想不到的意外与责任和压力，计划永远跟不上变化。偕事不可以如愿以偿，或者以自己的计划去进行。于是，我们忧伤，我们充满挫败感，于是，我们怪自己，怪命运，怪周遭的,1,神话
如果成龙是帅哥，我会多给几个星的。,2,神话
都是啥啊，太假了，看不下去,2,神话
故事情节简直荒谬　就是把一群所谓的大牌演员凑一起　玩点能吸引弱智观众眼球的心理小游戏　可我不否认它的音乐不错　是俗是流行　但　也算上品,2,神话
我估计我也是有偏见，看到这种受众太广的片子下意识地就喜欢不起来……,1,神话
这个什么搭配嘛~求你成龙，就拍打片啦！,2,神话
很烂的电影，到现在不懂为什么红了。。。而且更不懂我居然由头看完了。。。。我很纠结是不是现在的考古学家是不是很有钱，连直升飞机都可以私人拥有。,2,神话
看金喜善多于看成龙 听主题歌多于看电影,2,神话
只要是人家的文物，我们一定要还给人家，没有人可以从别人的国家抢走人家的文物摆在自己国家的博物馆，说是帮人家保管，其实是想据为己有，这是可耻的行为！,2,神话
因为没看完所以没评，但我记得朝鲜公主：）,2,神话
太无聊了，老年人和大婶。。。,2,神话
我开始不崇拜JACKCHAN了,1,神话
如果加金喜善的床戏，我会多给一颗星,2,神话
神你妹啊,2,神话
可怜的金喜善被中国人当了回花瓶。,2,神话
真没意思...,2,神话
05，大礼堂,2,神话
差到都不大想评价了...,2,神话
装模作样的可以,1,神话
成龙大哥麻烦您下次别再古装了成不，把我给恶心的~~~,1,神话
感觉成龙有点老了，演这样浪漫的情节……= =,2,神话
十分讨厌,2,神话
倪匡伯伯20多年前就有类似桥段，现在翻出来拍也不嫌老套，以为来个中外合璧就无敌了，还顺带唱红了一首神话。唉，炒作，炒作啊。,1,神话
没法和《古今大战秦俑情》比,2,神话
等的不是你,2,神话
歌挺好听,2,神话
《神话》：即使只是用来消磨一下时光依旧觉得极为无聊，一个这么老套的故事居然还拍的如此粗糙，特技出戏，表演出息，故事出戏，台词出戏，总之处处出戏，不过，主题曲真的是很好很好很好听！,2,神话
很无聊的故事,2,神话
LOLI控,2,神话
英雄迟暮,2,神话
额。弱了。,2,神话
什么东西嘛！！,2,神话
金喜善好仙女。。。。,2,神话
大巴车上看的，比较没意思,2,神话
想到口水歌我就慎得慌,2,神话
成龙就是不适合感情戏,2,神话
实在胡扯。金喜善真的老了。,2,神话
非常烂.很假.我还是电影院看的呢.浪费我钱.,2,神话
什么鬼片子……,1,神话
什么剧本让成龙一演就变味儿了，另外古代一个杀人无数的武将居然被现代的一个老板打得满地找牙？,2,神话
成龙除了武打外，文艺部分基本都是不知所谓,1,神话
我也不知道能从这片里看出点啥。。。,2,神话
成大哥呀！！！！,2,神话
不过这歌我宁愿听成龙和金喜善的版本也不愿听韩红和孙楠的.,2,神话
成龙都那么老了,2,神话
惨不忍睹的千年之恋,2,神话
科幻与穿越的外衣下表现了一个巨老套的内核,2,神话
有多少记忆是埋藏在梦里,2,神话
要哭泣了＝ ＝我好讨厌这个电影啊&gt;3&lt;。。。,2,神话
当年作为洗脑神曲的存在～还请来了当时如日中天的金喜善～还是觉得成龙大哥比较适合那种插科打诨的胡闹风格，这种风格对他而言感觉有点沉重呢～,2,神话
最后飞来飞去挺好玩,2,神话
岂止是神话 简直就是神迹！,2,神话
真的很烂 尤其是在KTV里看到老男人和小女人唱那个神话,1,神话
装逼犯孙楠韩红唱的主题曲，扣一分！,1,神话
满脸褶~,2,神话
大家似乎很容易被堆砌“千年”、“生死”等字眼的所谓宏大爱情打动……就这部戏而言，感情戏看得我昏昏欲睡，嗑不下去。创意不错，但有《古今大战秦俑情》在前，本片除了印度风情和漂浮的秦皇陵外就没多少惊艳可言了，而且古今两个部分像是在各说各话。反正我是为了重温歌曲才来看的，十几年前我一度觉得它是这世上最好听的一首歌。,2,神话
我实在忍不了大哥那张沧桑的老脸和一个比一个年轻的女搭档,2,神话
矫情，完全没有张艺谋当年的：古今大战秦俑情好看。这件事告诉我们，找一堆花瓶来凑数绝对是一种没有节操的行为，迟早会被观众所唾弃,2,神话
搞这么大的阵仗，但处处流露出低到让人不能忍的艺术追求啊！,2,神话
公主画像时无论如何不曾露出的笑容，知音蒙毅的出现骤然绽放。爱情就是如此，令你神魂颠倒，如痴如醉，对钟情之人之外的一切事情，已不在乎。,2,神话
我就是从这部强烈的感觉到成龙真的老了~,2,神话
总让我想起鸣儿,2,神话
那个遗迹科幻了；基本就是烂片,2,神话
成龙进水帘洞时真像只猴子，特效简直86版西游记水平，还不如。,2,神话
故事是蛮好的，成龙也是优秀的，可是，实在是不适合啊。。。以后咱还是好好拍功夫电影吧好吗？,2,神话
结局让我一头雾水。所以这部电影到底想讲什么？,2,神话
没劲透了，邵明是败笔中的败笔,2,神话
成龙俨然已经是老男人了好嘛！！,2,神话
穿越大叔大婶神马的==,2,神话
只有歌是好的。,2,神话
不评价了吧,2,神话
飞来飞去……,2,神话
歌好听。,2,神话
你说你一把年纪了还玩武生打架，顶个毛线用啊。各种混乱，各种扯淡。,1,神话
看过电视剧才知道这部当时拍得多好= =。,2,神话
不知为啥极度反感这部片子 不知噱头在哪里 金喜善这个仙女很僵硬 女主角换成小龙女还能加几分。,2,神话
为毛这么多人喜欢金喜善...,2,神话
難看致死,1,神话
一个老年人和中年妇女联袂演出的一部青春偶像剧,2,神话
穿越题材在当时好像还不是很流行吧。。。,2,神话
大佬，，，，您言情不合适吧,2,神话
"eh, this is really crappy. nobody can act.",2,神话
烂片中的战斗机。,2,神话
挺没劲的其实,1,神话
为什么明知成龙的片烂我还要去电影院看呢？？？,1,神话
没啥印象了。。。就是剧情一点点扯。,2,神话
太烂了，有木有！,1,神话
成龙真老啦,2,神话
看完后 我们集体吐出俩字 傻缺~,2,神话
大哥你下次别拍这种童话了.......,1,神话
成龙爷爷您别拍爱情了还是去拍警察吧,1,神话
肥曾请睇的电影,2,神话
高一寒假，那时候电影频道放什么我看什么。看到最后我都要哭了,1,神话
四不像的电影,2,神话
金喜善挺美的 成龙其实就是拼 但电影没多少很好的 这电影是烂片 两星给金,2,神话
金喜善和成龙一段莫名其妙的床戏居然造就了一代神曲,2,神话
成龙拍爱情电影，可想而知。。。,2,神话
"CCTV.,",2,神话
YY的电影,2,神话
自古合拍出烂片，这部经典合拍片可以说是全方位多层面各角度的烂。对准古代战马眼睛的推镜头推推推，虚焦，咔嚓转场转到鼠标滚轮。正面人物正面近景仰拍给光足，反派反之，镜语颇有样板戏电影遗风。中二 浮夸 红专 愚蠢，哄堂大笑多次。和《少年四大神捕》一样，无聊时可以当笑话集锦看一看,1,神话
一部尴尬的电影，女主前期颜值都撑不起，后面还行，白衣很温婉,2,神话
这部片子当时红得发紫，我一直没看。也是在CCTV的电影频道里看了个开头。可能剧情很好，可我真的不喜欢里面的两个主角。,2,神话
又在穿越...,2,神话
其实真就一般。。。,2,神话
太穿越了。。不喜欢 不知道为什么那么多人特投入的飚那首歌,2,神话
补标。这不就是中国版卧虎藏龙＋木乃伊么。片头整得跟ppt似的。音乐一听就是从海盗瞎jb抄来的。,1,神话
只想说。。。浪费了我1个多小时的时间。。。,2,神话
胡扯蛋，好笑的是ccav6经常播。。。,2,神话
比较混乱的类穿越电影。,2,神话
成龙个傻逼还去拍爱情片～像话吗？,2,神话
成龙大哥还是去演功夫片吧。。。,2,神话
还去电影院的年代,2,神话
看到成龙自动减两星,1,神话
....不想评论。,2,神话
简直是一塌糊涂啊...,1,神话
和古今大战秦俑情相比差太多了,2,神话
貌似大哥并不在乎明节！,2,神话
【增补#539（2006年及之前观看）】穿插衔接真不好,1,神话
爱国还是要学的,2,神话
各种无法推敲的逻辑。轿子将要坠崖 某人可以爬出来。最后jack明明可以跟金喜善说一下关于前世今生 紧要关头否认自己是某人。神经病。其他的还好，主要喜欢画面。,2,神话
能拍出这样的电影真是神话,2,神话
成龙还是拍拍以前的功夫喜剧吧。,2,神话
原来。。。当年。。。我看过这么多脑残片的~,2,神话
丫居然敢把秦皇陵给俺毁了 不能饶恕！！！！,2,神话
我睡着了,2,神话
一般。只能说一般。,2,神话
当时怎么就不待见,2,神话
超出忍耐极限 ,1,神话
成龙大哥，叫你一声大哥，是看在你以前的份上，倚老卖老让人嗤之以鼻，多教育教育儿子吧,1,神话
我果然讨厌穿越片儿。,1,神话
插曲比片子有名~,2,神话
成龙怎么就接了这么一部弱片？分明有抄袭寻秦记的意味。,1,神话
走在大街上总能听见“解开我，，，”烦死了，烦死了,1,神话
其实开始，我是拒绝评论的,2,神话
惨不忍睹。,2,神话
啊，你们在干嘛？穿越吗？,1,神话
除了美女没有看点 大叔yy作品,1,神话
孙周是那谁他哥哥,2,神话
真的很差很差,1,神话
唐季礼的片都没期待==,2,神话
什麽東西 衛視竟然又播,2,神话
没劲……相当的没劲。,2,神话
大场面没有气氛，小场景没有细节,2,神话
这山洞也太大了,1,神话
也就听听电影插曲就可以了，剧情千万别看,2,神话
我最讨厌这个主题曲了,2,神话
好烂啊·····还好长啊啊啊啊~~~困死了~,2,神话
早年版的穿越剧。不喜欢。这部电影主题曲的传播度远远高于电影本身，至今仍然可以回忆起大街小巷的那首歌……,2,神话
什么烂叙事方法,2,神话
主要是去看如何抄ffx 那段的。。,2,神话
无语，难道金喜善是传说中的穿越姐?,2,神话
越看越不靠谱。。。,2,神话
老早高中里放的，囧里个囧,2,神话
穿越啊穿越。,2,神话
唱K时有人点这片子的主题曲，就看了下这部片。故事和人物设定还凑合，打斗也不难看，成龙古装扮相还显脸小，邵兵还挺帅，就是台词写得太差，逻辑也经不起深推敲。话说孤男寡女在洞里这么久，成龙怕是早被邵兵NTR了。,1,神话
十分无聊的穿越故事,2,神话
我只想知道女主有没有被潜规则,1,神话
成龙大哥的片子，都没办法看完啊。。。,2,神话
共济会一直对秦始皇陵有异乎寻常的关注，也许这部片就体现了它们的意思。,2,神话
尼玛的有那么感人吗 要不是学校组织的我才不看呢,2,神话
擦。。。那位泰国妞蛮靓的。。。,1,神话
对成龙的动作电影风格已经厌倦了,2,神话
这种老人家的爱情片,2,神话
    事实再次证明、、成龙大哥的古装片实在不咋地、、不过有了大美女金喜善、、韩红的歌声、、呵呵、、马马虎虎啦,2,神话
这部电影上映在我对成龙充满期待的时期，当时以为电影太深奥，我看不懂，现在觉得……确实不好┓(´∀`)┏,2,神话
一颗星是因为，我高三去西安上课，每次长途车上都放这部片子。。看了八遍左右   看着看着就恶心了。。。,1,神话
无聊~~~,1,神话
不好看，没意思。就那歌还可以。,1,神话
不喜歡這題材,2,神话
好几年前看过的，看完之后没留下什么,2,神话
看了 对歌印象最深 其他都没什么印象啊~~~,2,神话
不喜欢这两个组合……不喜欢这样的穿越……,2,神话
这俩人好不搭,2,神话
很无聊，不是神话，倒像是笑话,2,神话
好嫩的草！,2,神话
真的很讨厌,2,神话
打的场面还好，结尾我也挺喜欢的。其他的略扯。,2,神话
看了很多次想把它看完，每次都睡去。是片子的问题还是我本身的问题。。。,2,神话
一直不喜欢金喜善和成龙。,2,神话
垃圾电影，比《小时代》还不耐看。又丑又蠢的将军和又老又朴素的公主。。。成龙电影烂片中的神话。当然我不会说里面印度的情节是真正让我感到掉级的关键。,1,神话
也就主题歌比较好听。,1,神话
没有值得深思的，定位是 一部普通的商业电影,2,神话
那个脑袋的视角真是有些惊悚,2,神话
天啦噜竟然是房东跑上来问我电视上在播中国电影你要不要一起看，我跑下去一看是神话，我还真没看过，于是有些地方完全听不懂粤语的我就着完全看不懂的荷兰语字幕也看得津津有味，真是给自己跪了…,2,神话
露点在几分钟来着？,1,神话
哎呀我的喜善啊，你真漂亮，真漂亮。,2,神话
一颗星给主题曲！,1,神话
一定程度上，神话是雷人的。,2,神话
除了那段舞蹈算是亮点吧...,2,神话
总觉得成龙占了金喜善的便宜...如果换个男主角，这个戏就有爱了...,2,神话
看见成龙销魂的鼻头就不想看了。。。,2,神话
有些电影是说故事的，有些电影是扯淡的。这个就是后者了。。,1,神话
好像没有看完，因为后面我完全没有印象,2,神话
在上海的影院看的第一部电影，很有纪念意义；成龙明显在学着哈里森·福特的格调，可惜现在即便琼斯博士也已经老到只能做着和外星人演对手戏的春梦了~,2,神话
成龙大叔 沦落到这田地就不要再出来演爱情剧（我认为）了……,2,神话
自己出品的片子还是2啊~~~,2,神话
成龙扮相难看呐。,2,神话
还是“穿越千年来盗墓，最后能活着出去的一定是墓冢中绝世美女转世的恋人”这样俗套狗血的设定吗。,2,神话
很无了.想起来拿过来骂一骂,2,神话
看起来不伦不类的电影，主题曲不错,2,神话
糟透了！,2,神话
高二跟媳妇青逃了晚自习去电影院看的，结果在里面看到不少同学…………,2,神话
能说啥？很扯诶……,2,神话
成龙无复当年勇的代表作。从此就没什么太新奇的片子出来。,2,神话
这跟时空有个毛关系。,2,神话
小时候看过啊，还觉得很喜欢呢。。。,2,神话
典型的成龙自恋式故事,2,神话
成龙大哥也走偶像剧路线了喂,2,神话
还真不怎么样,2,神话
无聊直到无趣的 话题  ,2,神话
当时看好像还觉得挺感动的。,1,神话
3/10 不知如何评价比较合适……,2,神话
发现这两天脑子里以前vcd时期看过的港片都一点点回想起来了，慢慢把条目补上。神话不提电影当年那首歌可是真火，不过成龙其实比李连杰还不适合文戏，和金喜善的对戏看的我尴尬症直犯。,2,神话
般般。。。,2,神话
穿越啊穿越。這不是神話。只是個愛情。,2,神话
是魔咒吗。一般中韩或中日合拍的电影都很差。也不是合拍的电影吧。总之，演员一参合起来，效果就很糟糕。,2,神话
两星都给那主题曲了..,1,神话
可怜的成龙,2,神话
我想给半颗星 可以么,2,神话
非常一般。,1,神话
一部蛮感人的片子，而且创意也很不错，但当时看总觉得拍摄出来就很乱,2,神话
男主的年龄已经不适合介个角色了,2,神话
多么经典的蛋疼片啊,2,神话
烂烂烂烂烂…………金MM还来了一招天外飞仙……可惜我的百事……乐得全喷了……,1,神话
歌好电视剧好就是电影不好。成龙大哥怎么看怎么跟金喜善的颜不搭。最后，大家都死的匆匆忙忙的，玉漱别管是不是蒙毅先逃出去再说啊看了都替她急。,2,神话
跨国恋。不接受,2,神话
剧情非常虎头蛇尾；但金喜善的那场舞，还有最后配着主题曲的离别，都记忆深刻~~这部戏如果剪成一个歌曲mv，应该是非常优秀的短片,2,神话
i tried so hard…. stuck for 29 minutes.果然参杂了韩国棒子的电影我是没办法的。金喜善那种表情一出来就觉得在看大妈电视剧。,2,神话
不知所谓的组合,2,神话
秦军准备万箭齐发，眼看就要把成龙射成一个刺猬的时候，被军队统帅于荣光给制止了，为了让成龙死的更有英雄气概，他让将士们肉搏群P成龙，最后成龙虽然被P掉，但地上也躺满成百上千的秦军士兵的尸体。我想，TMD于荣光，你真不配当将军。,2,神话
那些年烂片真没少看。因为我那时不上豆瓣。审美都被身边杀马特带偏了。纠正回来。,2,神话
据说是喜剧＝ ＝,1,神话
「秦始皇帝葬于骊山之阿，下锢三泉，上崇山坟，其高五十余丈，周回五里有余。石椁为游馆，人膏为灯烛，水银为江海，黄金为凫雁。……」——《汉书》,2,神话
"根本就看不下去,成龙大哥是在拍搞笑片吗?",1,神话
故事情节很垃圾,2,神话
必要人人搞穿越？,2,神话
看得我阿弥陀佛的~~~,2,神话
能留下的只是“金喜善好美”“主题曲不错”。,2,神话
商业片,2,神话
留下了一首歌　然後　沒了,2,神话
成龙又过了哈英雄瘾,2,神话
听听歌算了,1,神话
无头骑士穿越时空的异国恋。,2,神话
难忘那曲《无尽的爱》，在高中新校区奠基仪式的工地上第一次听到。,2,神话
成龙大哥开始走下坡路的转折点,2,神话
我觉得好烂的 -都怪电视台又播了一遍 减一星,1,神话
我确定我是初中cctv6看的 穿越呀😝,2,神话
小时侯看过n遍系列，那个配角竟然是梁家辉，真是有眼无珠,2,神话
不知所云,2,神话
或许是雷点多了些．．．,2,神话
真的很不喜欢!,2,神话
成龙在挑战自己么？个人觉得，以他的年纪，这样并不明智。,2,神话
坚贞爱情的反面教材,2,神话
假，而且成龙太老了，每次都老少配,2,神话
印度一段真是画蛇添足。算是很成功的商业片,2,神话
从上映到现在不止一次在电视上看到播出，囧。。。。。,2,神话
俩字：没劲！,1,神话
成龙大哥的转型不太好,2,神话
其实没太看懂它想表达什么，是奇幻还是爱情？个人觉得没有电视剧好看。但是神话这首主题曲永远很好听呀，不过找个韩国人来演女主有点跳戏哈。,2,神话
中韩合约、成龙大哥就此半个棒子。,2,神话
这剧情，这成龙的脸，这特技，好无奈！不喜欢搞笑的！,2,神话
看睡着了，没看懂,2,神话
我的神啊，别让成龙再演戏了，干什么都行,2,神话
都不懂 点在哪儿,2,神话
蒙太奇过于刻意,2,神话
穿越时空的爱恋,2,神话
太长，胡歌的演技也没突破。,2,神话
一星半。看得我尴尬症都犯了,2,神话
我当年居然还看过这个？囧、、,2,神话
没什么看头~~~,2,神话
有点雷,2,神话
成龙的电影里，这部是最没兴趣再看一遍的。,2,神话
duang！！！成龙就是一只老流氓,1,神话
金喜善,2,神话
大家还是看《秦俑》吧,2,神话
最近看了电视剧神话就来观望下电影版神话。。。怎么说呢。。。成龙的风格吧～～～不算太新鲜，也不难看。。就这样吧。。。,2,神话
完全不知道这片子的精彩之处在哪里,2,神话
小学看的   哈哈哈,2,神话
当一个老头喊成龙“小伙子”的时候，我已经不行了……,1,神话
可能成龙的片看的我审美疲劳了，穿越类的，都不如老谋子的《古今大战秦俑情》,2,神话
说好看那就是在自欺欺人,2,神话
主题歌还挺好听的,2,神话
嗨！中港大片，让人无语,1,神话
歌好听，但是电影真的不用看,2,神话
带着荷兰同学一起看，走出电影院，问我：你看懂了吗？心想：什么和什么啊？我一中国人看不懂忘年恋加跨国恋？！,2,神话
包哥看的词典都拿反了,1,神话
金喜善翩翩起舞那一段极美。,2,神话
我说过我讨厌成龙,2,神话
额 pardon？,2,神话
成龙这么老了还演爱情片.靠,2,神话
又一商业片,1,神话
古今大战秦俑情,2,神话
现在提起这片，我只记得那个印度美女的胸,2,神话
音乐不错，作为穿越题材剧情太弱了。。成龙自己导演的古装题材影片总是缺口气。。,2,神话
没头没脑的剧情，加一个主旋律的将军。。。。。,2,神话
1.记不得了，只记得当时宣传单的很厉害,2,神话
没什么看的理由,2,神话
因为音乐才两分的。。。,2,神话
额 ⊙﹏⊙b汗,2,神话
