春哥救了孙中山，没有春哥就没有新中国！！！！！,5,十月围城
我闭上眼睛就是中国的明天,5,十月围城
看完《十月围城》，让《三枪》，《刺陵》，《风云》都打酱油去吧！,4,十月围城
这样做，值得吗？热血，情怀。民主启蒙，流血革命。过去一个世纪了，有些东西还是令人不满、难平，孙中山、剧中人和我们观众都没有看见。如果这片子无法从”三地烂片拼盘“中突围，如果网络上的愤怒只是无聊叫嚣，那我也没什么好说了…… ,4,十月围城
一颗星给扎实的剧本，一颗星给陈德森的单纯；一颗星给陈可辛制造的品质，一颗星热乎乎的剧力和情感。还有半颗星，给明明白白拍戏，认认真真制作的劲头。,4,十月围城
马俊伟版《鹿鼎记》里韦小宝以为天地会刺杀康熙成功，拼命冲回御书房打开房门刹那，看见年轻白净仪表堂堂的马浚伟安然无恙——那种感动，此生难忘。《十》起码再现了两次这样的感动：一次是李宇春被父亲任达华保她性命打晕扔到窗外，一次是王柏杰在倒退的人力车中努力强忍着死亡的巨大恐惧。泪如雨下。,5,十月围城
2009年唯一让我激动的华语电影,5,十月围城
1.原来张涵予是声优。2.打心眼喜欢那个小女孩。3.胡军放倒黎明后跑台阶的动作也太童真了。,4,十月围城
《十月围城》当然有遗憾，但影片18号公映后再谈吧。最后强调一下，整体超过预期，前一半有震人心魄的惊艳感，没想过文戏是如此好看，流泪次数多到记不得了，实话。春哥表演非常好。关于本片看片之前，我只看过《收获》和《看电影》上陈德森的访谈。档期艰难，祝好运吧～,5,十月围城
每个演员都有突破演出的一部电影－－谢霆锋不再是帅哥，黎明不再是小白脸，胡军不再是大英雄，甄子丹不再是功夫之王，张涵予也不再是大老粗。春哥演得真的不错。我最喜欢甄子丹在街上被追的那个镜头，一气呵成，很爽。最感人的始终还是亲情，春哥为她爹，甄子丹为他女儿，王学圻为他儿子。,4,十月围城
王学圻真是老戏骨，极好看。春春和巴特尔演的都不错，小谢也挺让人意外的，就是据说最后的上映版没了那段让人笑场的胡军“飞”上楼梯的那段乌龙，还蛮可惜的。哈哈哈哈。话说，导演说他喜欢胡军，我砸不觉得呢。,4,十月围城
前半段是“在这里读懂中国”；后半段是“离开雷锋的日子”。,4,十月围城
每一位义士的死去的镜头都很严谨的打上简介，让我觉得很欣慰，虽然都是市井小人物，至少走的时候被人尊重和纪念。很让人催泪的扣人心弦一部电影，很精彩，每一个人物都很真实和鲜活。这片子讲的是西方的民主平等，该片最动人的却是东方的忠孝仁义。每一个小人物很好的诠释了这些,5,十月围城
春哥会武术 谁也拦不住,5,十月围城
学友在开头的那场戏告诉我们：在某些地方说了不该说的，不管你多牛逼是歌神还是什么，都可能被一枪爆头。,4,十月围城
今天看了，后一个小时的内容尤其精彩，觉得值得一看！！！,5,十月围城
孙中山身影出现的那一刻，眼睛开始模糊，一直到片子结束…“欲求文明之幸福不得不经文明之痛苦，这痛苦就叫革命”。陈德森献出了执导电影以来最伟大的作品，《十月围城》也宣告华语电影可以走出明星堆砌的窠臼，制作精良、节奏精妙、感情精细，可以媲美《风声》成为2009华语影坛最佳。,5,十月围城
作为一部商业片，《十月围城》有风骨，有情怀。片中义士被塑造得各个性格饱满，之所以慷慨赴死皆因为人之常情。看前半段文戏时我都不记得我哭过几次了，后面的武戏中的某些情节又让我哭了两三次。本片是我心目中的2009最佳华语商业片，没有之一。,5,十月围城
王学圻的表演抢了整个电影的风头。导演对动作-剧情混搭的驾驭还显稚嫩，但是很有诚意。4星鼓励。,4,十月围城
谢霆锋真的是个好男人！我以后叫李宇春做春春，不叫春哥了~,5,十月围城
人生于世，所能自内在支撑我们的，唯信念二字。总有一样东西值得我们为之而战，也为之而死，无论那是一个女人，一处家好月圆的幻境，还是一个四民平等的梦想。然而肯为理想慷慨地去死，终究是比较容易的那部分，更为艰难的，是肯为了理想，这样卑微地艰辛地，活下去。,5,十月围城
心绪难平！心绪难平！,5,十月围城
剧本有硬伤，但靠着凌厉的打戏和演员的集体精彩演出使得观众无暇顾及。制作精良，彼时的香港还原得非常真实，人物的塑造也很饱满。对孙文这个角色的拿捏和塑造最为有新意，几乎全是间接描写，但每一笔都很到位。有两次眼泪差点掉下来，都是谢少的戏，单纯专一的男人果然最打动我。全片感想：做人要低调,4,十月围城
真正的中国气派。,5,十月围城
好片，不错,4,十月围城
虽然是虚构的剧情但是制作上很用心了场景的搭建节奏的把控都很好,4,十月围城
春哥果然是纯爷们儿，演戏的时候贼使劲，一种霸气油然而生。片子其实挺不错的，啥都好，其实贺岁档我觉得这部片将会是赢家。,4,十月围城
从中间开始就被泪水模糊了双眼；“闭上眼，想的都是中国的明天！”,4,十月围城
全线实力派阵容，影帝的表演张力就是帮！2009十佳电影之一。,4,十月围城
很好,5,十月围城
值得一看，每一个角色都诠释的很好。,5,十月围城
无名者的历史书写。悲情版的“让领导先走”。我对孙大炮与革命话语素无好感，只是一不小心被孙大炮那些有血有肉的炮灰所感动。另外，搞暗杀其实是革命党的拿手好戏。清廷倒是不兴玩这套。,4,十月围城
甄子丹打得好看呀，胡军好帅呀,5,十月围城
不敢看第二遍的电影，太催泪啦！,4,十月围城
反观近期国产片，这好多了！,4,十月围城
泪点实在太低。。,4,十月围城
"谢谢J, 话说这样的片就不应该在新加坡放, 他们根本看不懂.",5,十月围城
我只想说，为了你们所要的那个信仰与结果而牺牲那么多人的性命，到底是不是真的值得。。。如果当初那些牺牲的人看到今时今日的中国，他们还会不会觉得他们的牺牲是值得。。。,4,十月围城
高潮太多，每次都没有流泪，最后流了。和风声的感觉不一样。,5,十月围城
有女人得死。比如谢霆锋，一开始就猜到他这婚结不了。比如甄子丹，被范冰冰拿个孩子一忽悠，也不知道到底是不是自己亲生的闺女，就拼尽全力了。比如黎明，看了演职员表死也没猜到他是演谁，后来才悟出来他是演nb铁扇大侠的。李嘉欣也只露了一面。没女人也得死。比如和尚巴特尔和春哥。信春哥救中国！,4,十月围城
我是带着感动看完的，不是我的问题就是片子的问题了,5,十月围城
有血有肉，层级分明，区别于同期痴呆伪大片,4,十月围城
弦拉的好，箭射的妙。,5,十月围城
诚意之作，近几年最好的华语影片,5,十月围城
其实房祖名演阿四也不错,5,十月围城
中华民国的《见过大爷》内。。。,5,十月围城
影评稍后，我先骂一句：所有肆无忌惮在影院内大声喧哗干扰周围人看电影的都不得好死！,4,十月围城
这片真的应该在大荧幕上看。,4,十月围城
春哥带来了很多欢声笑语。,4,十月围城
热血，牺牲，革命。…“欲求文明之幸福不得不经文明之痛苦，这痛苦就叫革命”。从今儿看，怀恋国父孙中山，怀恋民主。——（总菊改了10几出改的面目全非啊艹！）7.7,4,十月围城
梁家辉演的入木三分，可惜风头被谢霆锋抢去。结构紧凑，无限看好陈可辛的原因。,5,十月围城
巴特尔和春哥的处子秀真的说得过去，算是惊艳了，整体称得上优质华语片,4,十月围城
不错,4,十月围城
必然是2009年最NB的华语片,4,十月围城
如果歌颂统治者在中国电影中算主流，那儿这些年来，我终于看到一部非主流的中国电影了。,4,十月围城
2014-2-1 下午3点翻煲。满足了我对这部片的一切想象。,5,十月围城
我得说 我从这部电影开始 喜欢春春了。,4,十月围城
陈可辛稳定发挥。,4,十月围城
鲜明的集体群像，张弛有度，情怀壮烈，毫无疑问，年度华语最佳。,4,十月围城
原来陈可辛背后的女人是商羊老师。李宇春的皮肤好过范冰冰。剧本几多问题，后半段好过前半段。找电视台投资的最大好处在于可以彻底控制媒体，而网络口碑这种就别提了，洒狗血的段落太多了，知识分子真可怜，电影里加几句口号就已令得他们陶醉得不能自已了,4,十月围城
不错,4,十月围城
群戏很赞！,5,十月围城
我们会看到这一天么？特别难忘情种刘郁白,4,十月围城
姑且相信老谋子是一片热忱，奉上来自穷乡僻壤的农家小菜，吃来怪里怪味，偶觉反胃，难怪客人不买账~！实在不如老陈啊，人家就是在上等饭馆里做的几个司空见惯的菜式，也觉色香味俱全，爽口爽心~!起码能登大雅之堂吧~！,5,十月围城
@金街万达,4,十月围城
让风云二 刺陵 傻逼三枪 都去史吧,5,十月围城
昨天在北京的首映，放映途中哭声一片，放映完后掌声一片。,5,十月围城
一部爱国主义电影是无法让群众忘记房价居高不下的事实的~~！！,5,十月围城
格局其实和同类影片很像。只是我几度回想起历史课本上书写每一个进步的寥寥数语，不知是以多少人的痛苦为代价，忍不住流下眼泪。PS，化妆师很强大！许多人化得愣是让我看着不敢认。。。,5,十月围城
黎明囧呆了！！张涵予声音辨识度极高！作假的包子脸！,4,十月围城
今年在电影院看的最赞的电影~！！！,5,十月围城
"亮点一,丹哥的跑酷; 亮点二,春哥在大银幕上都毫无瑕疵的完美肌肤。都是我滴哥我滴哥！！！！！",5,十月围城
没快进,4,十月围城
类似08年奥运圣火在国外传递一样,4,十月围城
信春哥，给五星！,5,十月围城
还记得那天是元旦，还记得那天是把眼睛哭红了走出电影院的。,5,十月围城
09年华语商业电影第一。,4,十月围城
感觉很好。很多线索，拧成一股。编剧的功力很好，只是节奏上，并不是那么得当···个人看法个人看法。,4,十月围城
年度国产最佳当之无愧,5,十月围城
编剧很会把握每个角色的时间，情节和节奏刚刚好。老、中、青均有牺牲，令人感动之处颇多，但其含义也只有中国和日本人能明白。逻辑上依然有误，情节依然有可省的地方。这些既是中国电影的通病，所以此片是中国少有的佳作。,4,十月围城
喜欢阿四。。。。风声这么紧，过来开会就不能低调一点嘛～,4,十月围城
MD太悲了,5,十月围城
十月围城最重要的元素就是那份情怀，在至今的电影中已经很少见了，虽然电影的瑕疵硬伤很多，但不失为一部佳作,4,十月围城
爱国。。,4,十月围城
春哥和巴特尔是亮点,4,十月围城
原来爆点不是春哥而是黎明。。。。。,4,十月围城
这才是电影！！！,5,十月围城
武打片么？五星值得了,5,十月围城
确实挺好，适合在电影院和朋友休闲,5,十月围城
不矫揉造作，是个好片子。我闭上眼，就是中国的明天。只是我不知道，那些为我失去生命的人，是否也知道。他们为的是革命，或是为了自己。为了自己的事情。,5,十月围城
以前怎么没发现王老师的演技如此出色？春子，你还是去接受大家膜拜把，别演电影了。,5,十月围城
每一个逝去都很震撼,4,十月围城
港片愈见厚味~~彪悍者如王学圻，垃圾者如李宇春，其余各见章法,4,十月围城
愛國光環讓人感動。精緻品質讓人激動。,4,十月围城
1、“人民创造了历史”——马克思。2、最后，跟在座的很多观众一样，我希望十七岁的他能不死，革命需要火种，需要这个国家的年轻人活着，可是，他还是死了。3、演员表演真的超出我的想象，尤其是谢霆锋。4、人物性格转变方面稍显肤浅和突然，制作还算上乘。5、死亡是沉重的，煽情火候掌握的不好。,4,十月围城
值得鼓励！“拯救大兵中山”.....................,5,十月围城
十月追杀令…… 黎明那段长短兵器设计真棒~,4,十月围城
片子还行。但是被那些一心为革命而牺牲的英雄所感动。,4,十月围城
春哥一开口要100大洋，吗的，1000也得给呀！,5,十月围城
真诚，认真，技术，杂糅，重复，混乱，瑜不掩瑕？瑕不掩瑜？,4,十月围城
一开场就哭，哭到后半段已经没了眼泪。谢霆锋太亮点了，李宇春原来这么可爱，黎叔叔虽然很努力但感谢你成功把我逗笑啊。片子最可惜的地方在于几次多余的煽情运镜，干干净净的讲故事会更让人信服。,4,十月围城
一将功成万骨枯，Die for the Demo，革命尚未成功，同志仍需努力,4,十月围城
该片又可名《炮灰之歌》，讲一个个有血有肉有感情、娘生爹养的大活人，甚至还不明真相，就去送死。李玉堂自责是“骗子”，相比忽悠千万人送死的政客，他不过份。象征自由民主之明日中国的政客孙文，一直是个模糊的符号，以背影示人。剧终炮灰们死光了，才终于给个表情森然的正面。,4,十月围城
在影院我看的泪流满面。,5,十月围城
忆方红,5,十月围城
我爱谢霆锋，没什么好说的。,4,十月围城
铁血真汉子,4,十月围城
让我流泪好几次的片...巴特尔和李宇春演得真的很好...真的!!!,5,十月围城
为国为民，侠之大者,5,十月围城
前半部分文戏，王学圻挑大梁，有depp的《brave》，诺顿的《25H》的意思，后半部分打戏，每个人的动作都设计得特好，打得很好看。,4,十月围城
春哥和巴特尔是两点。,4,十月围城
有信念便无可畏惧,4,十月围城
最後一星贈與因這部電影引出的美好影評。,4,十月围城
小谢同学突破自我了,5,十月围城
不能不被感动~,4,十月围城
动作干脆犀利，甄子丹武学里面的新开篇。,5,十月围城
文明之痛,5,十月围城
"欲求文明之幸福,不得不经文明之痛苦",4,十月围城
在看了院线上的良莠不齐下三滥之后，这部真是让人眼前一亮了。是谓对比产生美。,4,十月围城
谁说不好看我跟他急,5,十月围城
不错 如果没有春哥会更好 但是有了春哥 票房会更好 ,4,十月围城
這部片值得给五星   很感人    道盡了革命的艱辛   看一次哭一次,4,十月围城
国产片拍到这程度不容易了。。。。,5,十月围城
没传说中的那么好。剧情有很多BUG，真是打磨了十年的剧本吗？严重怀疑，不过在09年的雷片辈出的年份，也算是鹤立鸡群了。,4,十月围城
哭死了,5,十月围城
春哥和巴神都不能让这部悲伤的电影欢喜起来。,5,十月围城
有侠义精神的武打片。让人落寞地看到了港片时代的辉煌。,5,十月围城
欲求文明之幸福，不得不经文明之痛苦。国父之言言犹在耳，今日之人无地自容。,4,十月围城
ROC版的建国大业,5,十月围城
欲求文明之幸福，必经文明之痛苦，而这痛苦，就叫做革命...,4,十月围城
对舍身片抵抗无能啊喂！泪啊…话说最后就算是胡军也抵不住子弹，那干嘛不早用啊喂！？甄子丹之前都搞到了长枪，还干嘛要用拳脚…为了一小时不到的会议…,5,十月围城
感人热泪啊！,5,十月围城
喜欢士为知己者死那种劲头 今年贺岁档终于有部好戏了,5,十月围城
春哥好武功,5,十月围城
不失望就是好电影./笑点震点同在太考验人 春哥·巴特尔无敌/我爱王学圻这根老戏骨/感情戏略弱/电影讲得没太多 但执意要人想得多/十年耕耘 而现在是一百年过去了...,4,十月围城
真诚 真情 真实，比同期的其他国语片都好 很多。,5,十月围城
请赐予我写篇影评的力量吧！哇哇哇谢霆锋我爱死你了！方红死内一刻我对李宇春是肃然起敬~信了春哥一把！整片儿我仨泪点~最后那把枪我真恨。。。这片儿不看你哭去吧！,5,十月围城
宁有种乎，苍天已死，驱除鞑虏，革命，都是噱头。永恒的只有对权力的追求。,5,十月围城
国产电影难得的好片,5,十月围城
闭上眼睛，我看到的是中国的明天,5,十月围城
真正给中国人的电影，民族大意超越亲请，友情爱情,5,十月围城
王学圻演得真好，谢霆锋也不错。不知这样一个故事是否能托起这么宏大的主题，但是毫无疑问，这部电影做到了兼顾“好看”与“深刻”。情节有点瑕疵，设定牵强，黎明的角色显得突兀，但是瑕不掩瑜，国产大片做到这样的水平真是令人感到喜出望外。,4,十月围城
“孙文拜谢。。。”,5,十月围城
非常有情怀。超出我的预想。,5,十月围城
电影院里我是唯一一个从开场5分钟哭到结尾的吧~~！,4,十月围城
刚 审完《十月围城》这应该是09年看过的最好的中文电影！！,5,十月围城
谢霆锋的演技有很大的突破，与他搭戏的王柏杰也非常的抢眼，还有周韵，人与其名，阿纯，淡如清茶的纯美。,4,十月围城
故事很俗套，意识形态也有问题，但作为商业片来说还算精彩，够娱乐，每部影片都是这个水准就可以接受。,4,十月围城
除了少许段落稍显造作，比如刘公子自曝往事等等，片子算是很能让人投入的，演员都很棒，春哥的表演出人意料的好，胡军版本的计春华是他近来最棒的演出,4,十月围城
没想是个哭戏～,5,十月围城
前面节奏有点慢，后面很过瘾~,4,十月围城
电影中的每个角色都有魅力，但胡军的反叛实在太模式化了，没有出彩，信报的标题很贴切：用良心打动你，李宇春的表演不予评论……,4,十月围城
6.4；死都不知道怎么死的，你看看梁家辉的角色多么逆天啊,4,十月围城
"一堆烂片,于是这部就显得很漂亮了",4,十月围城
总之就是一些人认为一些人比另外一些人更重要，值得后者去死。几千年几百年过去，还是这样。其实还是个武侠片。,4,十月围城
很感动,5,十月围城
【宁/ 秀】一群重拾真心的电影人，用“心”做的一部有“心”的电影。陈德森用十年筑就的电影梦。孙中山诞辰那天，他在其灵柩前三鞠躬，心里说了一段话：孙先生，我们这部片子，可没有给你脸上抹黑。现下还有几个导演能说下不抹黑的话，是《三枪》的张艺谋？《无极》的陈凯歌？还是《狼灾记》的田壮壮,5,十月围城
x,4,十月围城
"有笑点有萌点有哭点，文戏武戏张弛有度，很感人很热血。紧凑不拖沓，干净很利落。真的是做到了“城中皆义士,无人似明星”。王学圻演的最有血肉，老戏骨赞！难得的是三个新人：李宇春，王柏杰，巴特尔的表演，很是清新和自然。",5,十月围城
后半段过多的老梗情节与无节制的武戏将此片差点拉下水了。如果此片交给另一个导演拍会更好，陈德森只是一个懂得用剧本来说故事的导演，不太擅长电影语言，特别是一些对话情景，拍得太呆板了，还好此片的台词写得不错。鉴于一年多来看的国产烂片无数，给4星。,4,十月围城
不谈信仰，就谈亲情，就谈会拍电影，我也投它五星。话说，王学圻真是一流。D5,5,十月围城
虽然是主旋律，可让人看了不烦，反而想去思考，革命到底是个什么东西？!,4,十月围城
最难忘片中一张张年轻的脸，那才叫真正的愤青。“我闭上眼晴就是中国的明天。”,5,十月围城
死的真惨...春哥出场集体笑喷 但是说实话春哥和巴特演的真是出乎意料的好,5,十月围城
还不错。,4,十月围城
黄包车，快跑~~,4,十月围城
有帅哥，有美女，还有春哥。,4,十月围城
1.春哥出场全场很默契的大笑2.王复明牺牲的时候开始泪崩3.张学友李嘉欣这么些出现了几秒的人怎么也能叫主演3.谢霆锋再次震撼了我这颗小心脏4.黎明演的是个很有喜感的角色5.我从头到尾都没看出孙文是张涵予演的。,5,十月围城
值得迷信的不是陈可辛，也不是香港电影，而是终究会到来的进步，更是精神不灭的薪尽火传。欲求文明之幸福不得不经文明之痛苦，这痛苦就叫革命。,5,十月围城
他是你女儿的爸爸。。。我被雷到了,4,十月围城
这片能得那么多奖真是太让人意外了，尤其是那个傻子谢停封竟然还得奖,4,十月围城
同志们辛苦了~,5,十月围城
革命，只要为你活过，我就不是粉末。 每个演员都很出色，击中所有感动点。PS.大爱王柏杰~,5,十月围城
首次去大地看片~  一商业片 自然得大牌多 故事通俗 打得好看 难得可贵的是导演的诚意和艰辛 以及讲好一个故事的能力 有背景有情感的人 才是好的角色 这点太赞了！,4,十月围城
外婆觉得很好看！,4,十月围城
看过了就看过了，激动也就那个时候，然后就这样了！,4,十月围城
被革命热血感动的一塌糊涂。。。,5,十月围城
影片的基础起的很机智，它格局恰巧、打磨细致的故事堪称商业艺术的完美糅合，文武兼备之余执行力优秀，成效确实可圈可点。陈可辛的痕迹很明显，整体仿佛精进版《投名状》;没有用力过猛的红色，一切依旧淡然，他们以最简单的理由成了革命的一部分。而所谓革命之潮，无论成败、大小……总会影响一些人的,4,十月围城
挺感人的也特别热血～～那个时代的少年心怀热血～～为了自己所坚持的信念而奉献～～,4,十月围城
近乎完美的电影，深深震撼与感动，民主革命题材电影真是太难得了，超五星推荐,5,十月围城
作为国产商业片树立了标杆，但我还是只给3星,5,十月围城
看到最后我好想抽打孙中山啊……OTZ……,4,十月围城
不足的，甄子丹那段打戏加入的时机不妥，煽情有刻意成分。余下的，表演到位，这是我看到谢同学表演最好的一部电影。节奏到位，看着不累，诚意到位，观众欣慰。,5,十月围城
国产的商业片能拍成这样真的不容易。。。,4,十月围城
本片拯救了贺岁档，证明华语片还是有人认真拍的。因为是一部框架已定的类型片，桥段衔接方面做的不错，武戏一流，文戏略显矫情。王学圻演的商人的父子情贯穿始终，最为动人；孙中山的对革命的感受真是有第一人的高度，无愧不管为了杀他还是保护他而死的人。,5,十月围城
曾经的曾经的中国,4,十月围城
春春的第一部电影 很意外的好看！,4,十月围城
本年度的第一次，这个钱花的值,5,十月围城
“因为他是你女儿的父亲……”；有好多明星我都没发现…从头到尾我都没认出内是黎明；剪辑有些乱。,4,十月围城
太好看了。,4,十月围城
煽情了,5,十月围城
欲求文明之光明，必经文明之痛苦，这个痛苦，就是革命。,4,十月围城
演技派的王学圻，甘愿自毁形象的谢霆锋，唯一功夫神话的黎明，打得惨烈的甄子丹，形象不够丰满的胡军~~~,5,十月围城
非常不舍得重光赴死，文人革命保命都不会,5,十月围城
坐在最后一排哭哭笑笑，国产片有这么水平真的是很OK。,4,十月围城
哥差一点点就哭了,4,十月围城
梁家辉为了迎接孙文采取的行动灰常不靠谱。。。把其他开会的人全部送到日本去开会损失的也比这要小。。。但小谢真是可圈可点的，甄子丹也不愧是中国剩下的最牛逼的打星了。。。,4,十月围城
09.12.16 和fxc在柯达。春哥一出现全场人都笑场了~还有巴特尔和春哥的对手戏，怎么不让姚明来演呢~不过部电影真的很沉重…革命是要牺牲的，那些牺牲了的人也都是有着自己的生活的，唉，其实我觉得里面没有坏人，保皇派和革命派。没给5星完全是因为雷人的黎明，春哥其实演得很不错~,4,十月围城
春哥打得这么狠，纯爷们儿……,4,十月围城
谢老弟表现最好，梁先生最次,5,十月围城
中国的明天等我闭上眼去感受,5,十月围城
霆锋！！！！,5,十月围城
不管怎样，最起码很真诚,4,十月围城
作为09--10贺岁档的中国电影，它至少能对得起观众的消费预期。春哥的确能给大家带来不小的欢乐！,4,十月围城
同一天看完三枪立刻看十月围城，我闭上眼睛，就能看见中国的未来，我立刻被震住了。,5,十月围城
冲着敖德萨阶梯。,4,十月围城
和《风声》并列为年度最佳华语片！,4,十月围城
难的一见的国产好片。但是牺牲小我成全后人，不喜欢这样的歌颂。,5,十月围城
我最大的不满是重光少爷死了，FT！,4,十月围城
每个人物都是有血有肉的   这部电影里灌注了灵魂   所以才能称之为好电影   今年的中国  就只拍了一部电影,4,十月围城
那个有信仰、充满激情的年代。。。。。,5,十月围城
刚刚从影院看过这部电影。去看吧，这是最近以来值得看的电影。,5,十月围城
王学圻快演神了,4,十月围城
我很喜欢……,5,十月围城
华丽的打斗和一般的剧情！星星全给卖力的演员们！,4,十月围城
春哥给力,5,十月围城
看的揪心，很感动...,4,十月围城
黎明要是可以不死，这绝对是个好电影,5,十月围城
3.5颗，其实没有我所期待的那么好看~~~,4,十月围城
革命，革的谁的命？保命，保的谁的命？,4,十月围城
比我想象中好很多,5,十月围城
有泪水想流下，虽然他们并没有真的都明白革命，但是却都为革命献出了生命。,4,十月围城
他们不是为了革命而战 只是为了身边的人,4,十月围城
有枪干嘛不用啊，留到最后，人都死光光了,5,十月围城
2009年电影市场一片红色混乱的时候，《十月围城》显得很难得。,4,十月围城
另一種方式的歷史片,4,十月围城
这个电影，浓缩了香港电影人的全部功力。,4,十月围城
在嘈杂的娱乐时代，民主、自由、平等、博爱依然值得信仰，依然值得推崇。,4,十月围城
很感动，自认泪点还是比较高的，但还是被煽了，最后终于顶不住了，有种“将美好的事物撕碎给你看”的感觉…革命，总是要有牺牲的…,5,十月围城
看到李宇春的造型，吃到一半儿的包子楞是卡到嗓子眼儿没咽下去。,4,十月围城
现在就流行明星阵容... 直逼建国大业...挺好一电影 有点像明星接力赛的感觉...   有时想想  那么多人 为了保护一个人而死 究竟值不值得  保护的是他脑袋里那颗思想...我闭上眼睛 看到的是中国的明天... 也许  真的革命革命 革之以命..,5,十月围城
冲着流的眼泪给五颗吧。很久没哭这么久了。走出影院还觉得被悲伤的情绪笼罩着。很震撼~,4,十月围城
挺感人的 可是此中国非彼中国 是中华民国 现在的中国和清朝有什么区别,5,十月围城
革命烈士太伟大了，这是催泪路线吗,5,十月围城
虽然我不懂历史，但真的很震动,5,十月围城
革命尚未成功用，同志仍需努力。,5,十月围城
巴特尔的南瓜太空大灌篮好帅。,4,十月围城
不错 虽然有点主旋律的意思在里面,4,十月围城
欲求文明之幸福不得不经文明之痛苦，这痛苦就叫革命。。。,5,十月围城
人家虽然是刀俎，你也不能太鱼肉。,4,十月围城
李宇春壮死的那幕挺感人,4,十月围城
非常不错！那淋漓尽致和充满漫画感的镜头语言啊，部分片段甚至让我激动不已！在今年的华语电影中绝对名列前茅！,4,十月围城
我倒觉得胡军饰演的朝廷杀手统领也是个令人敬佩的人，起码他忠实地履行了自己的职责，尽管是错的。而且，他也忧国。,4,十月围城
永远没有资格嘲笑有梦的人,4,十月围城
只要为你活过，我就不是粉末。,4,十月围城
给5星不是说这片在我看过的电影里算最好看那拨，但很值得推荐。正如某位同学的评论里说，看别的武打片会感觉打得很痛快，而这部片打得，很痛。,5,十月围城
群英会模式。群星汇集，而且演的都很好，随便挑谁都没话说。打戏只有甄子丹是最好的。,4,十月围城
怎么说呢……硬煽情……但是煽成了……,5,十月围城
脸谱化虽然严重，但是真的很燃很有力。,4,十月围城
正如和菜头所说，谢霆锋的阿四演的确实很好。周韵戏份不多，但让人印象深刻。虽然并不感冒片中某几个人物对革命的煽情，但影片对这些三教九流们为什么会慷慨赴死铺垫得还算合理。09年最好的华语电影之一。,5,十月围城
带头领掌两次~~,4,十月围城
历史片 很热血,4,十月围城
比较吸引人，演员也很到位。值得看看。,4,十月围城
惊喜之作,5,十月围城
实在是太好看了！！！！！除了5星还能说什么？只要每年能在影院看一部这样的电影我就心满意足了,5,十月围城
难得这种题材里我觉得拍的非常好的片子。,5,十月围城
挺丰满的人物。,4,十月围城
飙泪啊！飙泪！除了春哥死的时候没哭，当时光想着他会原地满血复活了。其余的都哭到不行啊~我哭点真是低哎。。。,5,十月围城
超期待的《十月围城》没有预想中好。三个导演一起搞，确实容易把节奏感拍乱。奇好的大纲，遇上稍逊的导演，大抵也就能呈现如此。文戏尽管对完整人物做的尽力，但是普遍high点太低，智力不足，台词味淡；武戏普通，缺高手对决。不过还是很热血啊，值得一看，p.s.黎明很拉风，很邵氏；春哥起点高,4,十月围城
i   love   nic~,5,十月围城
胡军仍然是最讨厌的演员。,4,十月围城
主角是誰呢。,5,十月围城
大推!!,5,十月围城
"所谓十月围城,就是在千千万万国人的尸体上铺就通往辛亥革命的道路,曾经那种拯救国人于水火的热情今日不复存在,而相隔百余年后的今天,才是更需要形如十月围城的救赎,以致民权民生民主真正的深植于这片土地,而非历史课本",5,十月围城
当时上映时候没去电影院现在后悔了。,4,十月围城
还行  就是春哥一出就笑场  受不了了  配乐实在是极品！！！！这个配乐  情节尚可  但人物的设定值得商榷  借鉴的地方太多了 有功夫有希区柯克  黎明一出场笑死我了,4,十月围城
唯有国父有这种魅力，让我从头到尾都是感动。但真实的国父是不会高调去做这些事的。他是医生出身反对暴力。另外不知道哪里出来个国奶奶。,4,十月围城
春哥威武，劉公子威武,5,十月围城
他是你女儿的父亲,4,十月围城
王学圻，演技牛啊！巴特尔的演技比春春好些。虽然剧情有些地方够些，但是整体比较煽情，比价过瘾。有诚意的商业大片。,5,十月围城
我记得当时看哭了 看了几遍呢。场景也十分精致 希望这样的片子还能再多几部,4,十月围城
精神可敬，手法纯熟。结尾烂坏了大局。,4,十月围城
春哥竟然死掉了！！,4,十月围城
-一个女人 值得吗？-明天的事 值得吗？ PS：学友说 这一天 我是看不到了,5,十月围城
甄子丹打得漂亮。中国人总是可以牺牲小我，成全大我。但是人人都是平等的。1条命的价值都是一样的应该，不是么？,4,十月围城
春哥爆了,4,十月围城
一直哭一直哭，看到小谢就哭,4,十月围城
爱国与进步是永恒的主题，却只有在无数的小人物牺牲才能换回和平与安定,5,十月围城
我在寒假里下载了720P高清，本想让大家一饱眼福，结果因为分两块儿下载，导致马赛克超多。以及放映的时候忘了打开声音导致没有看完。现任班主任后来告诉我它很暴力。班长告诉我：“狗屁，他知道什么是革命吗！革命是要流血的！”,5,十月围城
为什么只有阎孝国死的时候我想哭呢，我了个去,5,十月围城
瑕不掩瑜,5,十月围城
唯一遗憾的是李宇春演的太差了。,4,十月围城
作为一部商业电影，当然可以给高分了。不过这部电影的意义对于我不止于此，陈德森的坚忍更让我钦佩。,5,十月围城
好多的知名演员，演绎的挺不错的,4,十月围城
俩字：好疼！我觉得李嘉欣等十年有点不值。。。好看，没剧情,4,十月围城
虽然很多地方很傻很天真，但是演员演得都很好。孙文的声音果然是张涵予配的，太好听了，哭了。,4,十月围城
每一个小人物都感动到我了 然后， 春哥万岁！,4,十月围城
奔着李宇春去的。观察了一年多，她很靠谱，所以我相信她的选择......,4,十月围城
这么多人牺牲 就换来现在这个社会 ,5,十月围城
清末民初，动荡年代英雄辈出！上至高绅富商，下至贩夫走卒，只要心存侠义，为革命奔波相走。或为理想，或为义气，或为知己，一样谱写出慷慨悲歌！,4,十月围城
闭上眼，我看到的是中国的明天,4,十月围城
我一闭上眼，就看见中国的明天,5,十月围城
音乐有部分像慕尼黑的,4,十月围城
很感人，很诚意,4,十月围城
"30RMB,哈尔滨华臣影院，09.12.21 晚 18：20~20:35",5,十月围城
国民党革命委员会 左派 宋庆龄先生 国父,5,十月围城
发现很多好演员,5,十月围城
支持国片,5,十月围城
跟考公务员一个道理，参与者基本都是炮灰,5,十月围城
谢庭锋你已经尽力了，演技不好没办法,4,十月围城
让我想起了狮王争霸，到没有想到什么“明天”有人说是刺客列传，倒是更贴切,4,十月围城
内牛满面,4,十月围城
零九年华语电影的水准之作,5,十月围城
文戏煽情太露骨，武戏味够量不足。三星半。,4,十月围城
被感动了,4,十月围城
谢霆锋演的好，巴特尔也不错！黎明很牛逼，李宇春也尽力了，王学祈姜还是老的辣，张涵予都认不出来了，甄子丹最后一撞让我心碎了！,4,十月围城
一部惊心动魄的RPG电影,5,十月围城
两星给王学圻，一星给梁家辉，半星给陈德森。可惜一个靠谱的老板，请了一堆不靠谱的人护驾，钱多到没地方花不能海外请一队雇佣军吗？,4,十月围城
有了十月围城，今年就不能算是烂片年。,4,十月围城
剧情其实经不起推敲，但立意不错。,4,十月围城
李宇春，五颗星！！！,5,十月围城
相当不错，但是程序感和设计感稍嫌重了点。表演集体出彩，王学圻和梁家辉领衔。我们家柏杰简直萌翻了！还有几乎每一个春哥现身的镜头都实在让人难忍笑意~,5,十月围城
我猜得到开头，却猜不中这结尾。到底想要表达怎样的一种精神病？不错的故事却以这样狗血的形式展现出来，说实话我很失望。这4星是因为你强烈推荐才打的，JY。|| 临睡前想起来，这片是10年前的构思。90年代还是比较流行这样的模式，只是到现在看起来有些行为就很2。,4,十月围城
在解放电影院3号厅看电影一定记得抬头挺胸伸脖子，比在家看书还累。杨杨。谢霆锋特别可爱，范冰冰特别美。,4,十月围城
不拖沓，不臃肿，不随意，每个人性格都那么鲜明，即使是巴特尔、李宇春都能让我感动，如果最后把革命的字幕换为起义的场景就能更完美了。,4,十月围城
很揪心的一部电影，不错不错！,4,十月围城
我承认我哭点低。,4,十月围城
。。。。说实话，虽然也是明星的堆积，但还不错。@新世纪洪楼,5,十月围城
感觉就是一群无辜善良的小老百姓为了傻逼白白牺牲了……,5,十月围城
其实这部片子徘徊在3到4之间，有些人演得很好，有些人演得==……镜头干净，但是做戏太过。一想到那场打戏和谢霆锋……再想想今年的国产大烂片们……还是四星好了……,4,十月围城
很有惊喜·,4,十月围城
《十月围城》，好电影，没得说。好久没看过这么有情怀的片子了。李宇春，巴特尔很惊喜；谢霆锋，王柏杰遭人眼泪；王学圻，戏骨就是戏骨。,5,十月围城
我才不信！！！,5,十月围城
有意思的片子。,4,十月围城
今年的一大憾事，没去电影院看这部电影,4,十月围城
很好看！ 我们现在生活的幸福，是多少爱国之士用血肉之躯换来的。 很感人。,5,十月围城
“你不听话了”,4,十月围城
好悲........(其實我很喜歡，沒去戲院看真可惜) 孫中山這個逼,4,十月围城
妈的。。吓坏我了,4,十月围城
难得,4,十月围城
免费看片纪念：国产片里的佳作，贺岁片里的实货,4,十月围城
欲求文明之幸福，必经文明之痛苦，而这痛苦，就叫做革命。”,4,十月围城
好长的片，回想起来净是腐点和笑点…,4,十月围城
前半部分厚实的铺垫，每个人的来龙去脉表现的淋漓尽致，许多角色被塑造的很丰满很成功。后半部分的高潮更是让观者血脉喷张，草根人物们的牺牲，总能勾起观者的爱国情怀。配乐，布景都无可挑剔。唯一的瑕疵在于前半部分的面面俱到稍嫌累赘，应该还能更精进。,4,十月围城
周韵好看,4,十月围城
《投名状》《叶问》之后的又一部好片子,5,十月围城
"热血喔,谢霆锋为什么一直演这样的角色,哈哈,最主要的是我觉得春哥的演技还不错呀！煽动了我的眼泪两次,化妆特技太牛逼了,哈哈哈！",5,十月围城
欲求文明之幸福，必经文明之痛苦，而这痛苦，就叫做革命,5,十月围城
一个一个全死光了。PS：巴特尔演得很不错呢。,4,十月围城
国产片今年就风声和这片让我觉得去影院看值得.....而且特别要说春哥演的真的不错啊！！！！！！！虽然没原地复活- -,4,十月围城
不是一部骗钱的片子，编剧是用了心的，看得出来，我唯一疑问是，起义应该是黄兴干的吧，跟孙文关系大吗？,4,十月围城
四星的电影...还有第五颗星给小李。,5,十月围城
偷偷飙泪未被旁人发现。终于见到一部诚恳的国产大片。,4,十月围城
"剧本还是有一定的问题 谢霆锋太亮眼了 功力深浅,一听台词就知道,张涵予最后那段念白听得心潮澎湃, 黎明明显就差一大截",4,十月围城
可以起身鼓掌的电影,5,十月围城
孙中山 国父 民主 自由 共和 武侠 牺牲 流血,4,十月围城
不错的。毛毛又哭了,4,十月围城
毫无疑问，十月围城是不错的   亮点很多，春哥不错的表演，巴特尔的加盟还有谢霆锋的表演令我对其演技刮目。  但对于细节的把握还是有小小的遗憾，各路明星死去火来最后脸上还都基本干干净净，胡军砍黎明很有小时候拿玩具刀互砍的感觉。 不错的题材，强大的阵容，略有瑕疵的电影。,4,十月围城
可惜没能提着一股劲冲到底，中间有很多段落氛围不错，可时不时就短了气，煽情成分浓重，当然煽到我这种人了……,4,十月围城
李宇春和巴特尔完全意外 精彩!,5,十月围城
春哥保佑，考试都过。,4,十月围城
凭良心说，真的还不错！,4,十月围城
如果在电影院，我一定会起立，鼓掌。。,4,十月围城
难忘的是李宇春的那声：爹！！！！！！！！,5,十月围城
从头哭到尾。,4,十月围城
看了很多遍，还是觉得很振奋。,5,十月围城
看得我热血澎湃~革命，牺牲了那么多人，拯救了一个孙文，也拯救了整个旧中国，很有现实意义,4,十月围城
恩，除了歌神死的那场戏我还没进入状态之外，其他只要有人死我就哭了。。。,5,十月围城
我只想问一声：值得吗？,5,十月围城
春哥的出场还是引来一阵笑声。谢霆锋太帅啦脸上的疤痞子气好重。巴特尔给春哥讲笑话儿那段实在太可爱了。甄子丹在后来跟一个坏人打架打好久混充是保护王学圻这段实在太长太爱炫了没必要了。,5,十月围城
除了甄子丹的爱情戏内容过多过煽外，其他都挺好,4,十月围城
这是我史上在电影院看过遍数最多的电影，看和被看5遍,4,十月围城
后半段武戏很好 但完全上不了五星,4,十月围城
没想象那么好。不过王学圻真的是太！牛！啦！！,4,十月围城
非常好.,4,十月围城
"除了梁家辉全军覆没,并且非常壮烈!",5,十月围城
你们流血换来的世界里人们都找不到工作。,4,十月围城
“我活了十七年 原来就是为了这一个小时”这部电影里，那些为了承诺、为了父亲、为了四万万人可以生而平等、为了让老爷开心，哪怕是为了错误的信仰而丧命的人们，都让我觉得自己生而为人，真是对不起了。题外话：春哥出场，全场爆笑。,5,十月围城
香港电影中的经典,4,十月围城
逻辑，不通啊不通；情节，煽情啊煽情；黎明，演技啊演技。不过，这仍是本年度国产大片中仅次于《风声》的上乘之作,5,十月围城
四颗星给这出戏的诚恳，最后一颗星给巴特尔和春春！,4,十月围城
被历史的洪流挟裹着的一群普通人，为爱情、亲情、信仰、友情，因投机、信念、生存、忠心，推动着人类前进了一小步。,5,十月围城
有信念的人最可怕,4,十月围城
广电总局总喜欢怀有革命情怀的片子。,5,十月围城
陈少白说，革命就是用我们这一代的牺牲，换取重光那一代的幸福。结果重光那一代的重光死了，重光那一代的阿四、方红、臭豆腐都死了，反而只剩下李玉堂和陈少白还活着,5,十月围城
像打游戏过关 每一关都要牺牲掉一个 最后来打boss 剧情可以 还不错,4,十月围城
王学圻,5,十月围城
1.甄子丹被打死了；2.我真的不知道、也没认出来张涵予，只是他一说话，我就听出他的声音。,4,十月围城
09年看的最后一部电影。我和可爱的11班的记忆。与大嘴和侯翰坐在一起 感觉很棒。,4,十月围城
热烈盈眶充满鼻腔,5,十月围城
春哥gj,5,十月围城
极尽其煽情之能事，最后告诉我们一个道理。。近视眼有种种不好~中国要想革命减少损失先要保护好视力！你看毛爷爷邓爷爷周爷爷都带近视眼镜么？,4,十月围城
我哭点很低。香港就是不能再玩那种没意义的打打杀杀了。霆锋演技有长进。黎明是个雷角色。这个世界到处都是范冰冰。王柏杰你不要太帅。王学圻我也爱啊！,5,十月围城
这电影不错 冲春哥多给一星,5,十月围城
那么多小人物的群戏，换回国父出场的泪点,4,十月围城
感觉这是一部被过誉的片子，只不过把为了新中国换成了自由和民主就得到了豆瓣青年的一片叫好。但我看仍然有鸡血的感觉。我仍然坚持风声是年度最佳国产片。本片在一些细节做得还是很不错的。胡军这个人物还是很丰满的。巴特尔的冷笑话的确很冷。,4,十月围城
剪辑很出彩，。。,5,十月围城
妈的，至于么，给劳资从头哭到尾,4,十月围城
不管怎样，情绪就是硬道理！陈可辛啊陈可辛，你借制片之名行导演之实吧，内地观众果然已经被你摸透了。虽然煽情音乐过火但是实在是精彩！,5,十月围城
期望太高所以觉得稍微一般。但是还是很不错的。巴特尔大亮。,4,十月围城
很好看，很感动，经典的香港式拍摄。虽然我认为角色里面选黎明最不称职，但总体来讲，可以感觉到每个人淋漓尽致的伤痛。没有什么女人戏份的电影可以这么好看，是因为导演把剧情跟动作结合的恰到好处。相比之下，Tom Cruise的“不可能的任务”变得太可能了！ -- 2010-2-7,5,十月围城
丫头啊...,4,十月围城
十月围城的戏院是满眼咸,4,十月围城
是预告片太精彩，还是我期望值太高了？,4,十月围城
扭曲了历史，纯属娱乐。,4,十月围城
丹哥高敏捷，巴特尔高HP，胡军高霸气，黎明有点那啥，春哥高霸气！,4,十月围城
算是09年华语电影最好的了。,4,十月围城
太惨烈,4,十月围城
王学圻 梁家辉 甄子丹 谢霆锋 李宇春 范冰冰 黎明 胡军 曾志伟 任达华,4,十月围城
哭得稀里哗啦，那么多平凡人为了我们的现在，再也不能幸福。,5,十月围城
我为中国的明天而故。,4,十月围城
09看过的最好的片,4,十月围城
春哥你竟然没有原地满状态复活，哦，对了，是演戏啊,4,十月围城
兩次哭到猙獰都是因為謝霆鋒。,4,十月围城
在华语商业片里算是相当不错的了，虽然煽得有些过。无论如何，在美帝的电影院里看到这样的中国电影，感觉是很好的。,4,十月围城
一颗星给李嘉欣出场的惊艳,4,十月围城
甄子丹的动作戏还好呀,4,十月围城
09年最值得期待观影的一部电影,5,十月围城
要不是窗外不断的鞭炮声使我基本上是静音看完的整部片我早就内牛满面了！“我闭上眼，就是中国的明天。”太感动了！没给五星是因为太虐。最伤心就是看自己人打自己人。,5,十月围城
王学圻不能再继续这个风格了，深情对视未免泛滥。/胡军的无眉造型真的很像鬼脚七，还有难道反派大boss就该有大头？？/铁扇公主黎明何时烫了离子烫？/甄子丹死前的愿望算是抄袭美丽人生吧。/当然，十月围城还是带来了感动。,4,十月围城
硬伤没有 bug不断...喜感与泪感齐飞,4,十月围城
1.歌神开场出来不到两分钟命归西天 这龙套请的大牌；2.各专业和非专业演员都有出色乃至上乘的发挥；3.影片后半部分的打斗不间断让人看得甚是过瘾；4.张涵予充当声优 干回了老本行；5.看完燃起对陈可辛和谢霆锋二人的“爱”；6.看电影 拜春哥 考三级 一定过。,4,十月围城
09年最好的华语片应该不为过。摄影和配乐都牛逼，再一看原来都是牛人的作品。确实有感人的点，有的地方说眼睛模糊了也不为过。,4,十月围城
精心打造，演出精彩。,4,十月围城
陈可辛真的是超级会制造煽情的大导演！！！让我哭得都要虚脱了,4,十月围城
个人觉得这片还是很不错的 不过现在中文电影没有字幕也看得有些磕磕巴巴的了 节奏很紧张 孙中山旁白的那些话让我很振奋,5,十月围城
看似皱巴巴的大杂烩 但连起初并不看好的巴叔和春哥 戏份都很饱满  新老演员的文武煽情更是比比出彩 几度让人哽咽 ,4,十月围城
为那个年代的精神而赞~,5,十月围城
一颗星给他的诚意。,4,十月围城
阅片无数的我居然差点落泪 日 虽然煽的比较刻意  但是至少还是有效果的  加1分,5,十月围城
谢霆锋的演技啊，让我哗哗的流泪啊。赞一个。春姐也不错的啊,4,十月围城
牺牲，为了期许却不会拥有的未来。,4,十月围城
还是蛮感人的,4,十月围城
让领导先走~~~,5,十月围城
革命终究是模糊的，是一份真情使他们于自己的生命不顾。,4,十月围城
比想像得好看。但是主题让我腻歪。结构太像九零年代港产动作片了。,5,十月围城
海报众生分布不合理,5,十月围城
调教得好啊，黎明终于认不出是木头了,4,十月围城
第一次进影院支持票房，电影很真诚，让我几次情不自禁。,5,十月围城
哭了,5,十月围城
虽然本片还有一些做作和虚伪，但国产革命片很少有如此认真地去表现小人物的悲剧,5,十月围城
为了春哥,4,十月围城
看完之后有点感觉，心情蛮沉。每个人死的时候都起一阵鸡皮。。,5,十月围城
真是不错的片子。悲壮。,5,十月围城
让我对港产片有了天翻地覆的重新认识,5,十月围城
赞！！！！超赞！那是一段抹不走的历史，经过艺术加工的历史那么的无力。仿佛孙中山只能由那7个人保护。好像整个中国都是黑暗的，未免牵强！@Home,5,十月围城
一光一影，当思来之不易,4,十月围城
已国产片的标准，标杆,4,十月围城
走出了一个城，又走进了另一座城,5,十月围城
史诗 周韻小姐和謝霆鋒的愛情是這下面的一股清泉......,4,十月围城
★★★★☆ 除了李宇春那张脸，一切都很棒,4,十月围城
因为春哥 我差一点点就给四星了 简直吃不下,5,十月围城
真的不觉得哪里好看，印象最深的是谢霆锋被打残了。,5,十月围城
珍惜现在的美好时光,4,十月围城
我们为看不到的明天哭泣。,5,十月围城
还不错的大片。,5,十月围城
还不错 最后打戏有出彩的地方,4,十月围城
谢霆锋让我失去了纠结李宇春的热情～,4,十月围城
我觉得这部电影还不能到五颗星。。。而且，小市民有这么高尚吗？,5,十月围城
很好的片 经典,4,十月围城
“革命就是用我们这一代的牺牲去换重光那一代的幸福~~~”,4,十月围城
少有的我看得下去的动作片。。。春哥真赞。,4,十月围城
20：15回无锡的火车，19：50我居然还在人民广场的大光明影城看电影,4,十月围城
都说不错 ,4,十月围城
看着我心爱的帅哥们一个一个陨落，多悲伤。【又掉眼泪】黎明啊黎明，第一次觉得你帅的超越了物理概念。,5,十月围城
一场视听的盛宴，一次心灵的震撼。,5,十月围城
能在阴暗一些吗,4,十月围城
中国娱乐片的典范,4,十月围城
有情怀、有诚意、有瑕疵。前70分钟的剧情串联十分精巧、简练。但不喜其轻言“革命”的主题。,4,十月围城
绝对是热血啊～感觉比《艋舺》好看很多～,5,十月围城
还算不错啊，革命革命，革谁的命啊,4,十月围城
欲享文明之幸福，必经文明之痛苦，一百多年了，中山先生的愿望还是没有实现，民主之路还很长很长......,4,十月围城
最好的时代。,5,十月围城
我愿意相信当下的信念和希望，只是当初的那个当下而已。,4,十月围城
其实这部电影打四星差不多，但是这是国产电影中2009年我觉得最好的一部，所以给五星,5,十月围城
还是小谢最帅,4,十月围城
故事本身不喜欢，扣一星。声称众人平等而要革命，却牺牲那么多人来完成某人的一次会议，即便众人为理想献身，孙先生心安理得么？陈少白活下来既令我不屑又似乎最合情理逻辑，唉,4,十月围城
孙文先生，我如此爱你。,4,十月围城
国内很少能拍出这么不错的电影了,4,十月围城
精彩,5,十月围城
民主自由的名义下，生命是否就要分贵贱？,4,十月围城
论制作，在华语电影圈绝对是一流水准。遗憾的是，一成不变的煽情手段、按部就班的氛围营造和痕迹明显得就像把每下一秒钟都提前写在银幕上的执导和稍显混乱的剪辑（尤其是几场打戏）以及清一色脸谱型程式化的角色，令精彩度打了折扣。3-4星都是中肯的评价。,3,十月围城
前半段的文戏绝对是09华语片中群戏的最佳。。,3,十月围城
非常平庸，可能我对本片期望值太高了,3,十月围城
挺一般的啊，为啥就有人鼓掌看哭了呢,3,十月围城
一部成功的商业影片，有太多值得国内电影人学习的地方，如何层层包夹突出重围。作为今年最优秀的一部华语商业影片，这个片，值得去影院看,3,十月围城
人物過多導致角色塑造大多支離破碎，哭點不夠低還真的很難被感動。太多篇幅耗損在角色塑造的無效率上，最後暗殺行動的大戲更顯可笑，我也想被單純的豪情義氣感動，但當劇情的破洞大到足以讓人的死顯得不值。還好有一票優秀的演員讓這部敘事與動作都不怎麼樣的電影保持了基本的可看性。,3,十月围城
群戏最佳 但是俗套的煽情 俗套的暴力美学 还是让人觉得这并不是一部完美的片子 三星给剧情 ,3,十月围城
“有爱好好啊，有爱好就会执着，有执著就会不顾一切。” ,3,十月围城
连李嘉欣这样咖位，在此片里都是打酱油的角色，可见此片汇集了多少演技派大咖。历史上的每一次变革都要付出血的代价，却依然无法阻挡时代巨轮滚滚向前，向前辈的牺牲致敬吧。,3,十月围城
不错,3,十月围城
不错,3,十月围城
额。。。春春在里面的扮相实在不咋地呀。武打部分还是蛮不错的。,3,十月围城
一般般吧，不是特别喜欢,3,十月围城
挺一般的，不过比现在的快餐电影好多了,3,十月围城
其实看这的时候，并没有觉得情节多么多么吸引人，不过是明星太多，营造了一种氛围，不过也还可以,3,十月围城
剧情虽然老套了点，不过还是挺良心的,3,十月围城
表情暴露了演技,3,十月围城
总体不错，三星半的样子。随便吐槽一句好了：信春哥，原地满血复活。,3,十月围城
很一般,3,十月围城
董存瑞和黄飞鸿的奇妙混合。,3,十月围城
催泪弹,3,十月围城
本来就是以普通动作片，也不会报太多期望，打斗很精彩也很煽情，春哥和大巴的加入都可是给影片加分的哦,3,十月围城
信春哥，得高分,3,十月围城
情节安排不错的商业片。居然有这么高的评分。,3,十月围城
胡军是姜文的粉丝，骑马让子丹飞。,3,十月围城
三星半，李嘉欣出来的时候我真的觉得很好笑,3,十月围城
"横版过关RPG,BOSS乃是严孝国.",3,十月围城
春哥居然死了还没复活 ,3,十月围城
演员的表演都很出色 故事动机都挺好 细节做的不错都经得起推敲 可看的时候始终让我感觉一般 可能情绪太饱满让我觉得矫情 是的 有点太矫情了 但仍然是值得走进电影院去看的一部国产佳片,3,十月围城
没有李宇春可能会给四星,3,十月围城
我日本来打算给一星的,3,十月围城
边看边睡,3,十月围城
巴神威武 春哥威武,3,十月围城
2星给王学圻，1星给春哥,3,十月围城
春哥其实挺努力的，我觉得乞丐应该由郑伊健来演，张涵予学友哥和李嘉欣只露了一小脸儿。最牛逼的是巴特尔不打篮球该演打星了。情感上5星，理智上4星。,3,十月围城
人物一个接一个出现，一个接一个死；某人演技有小突破，黎明扇子功很不靠谱，唯一值得称赞的还属王学圻的表演，孙中山是由张涵予的后脑勺扮演的！,3,十月围城
一部很普通的电影，没兴趣再看第二遍。,3,十月围城
被豆瓣专职影评家骗了，又多花了七块钱。不过尔尔。待评……,3,十月围城
百感交集：情感上很喜欢这个片子，理性又告诉我，这个片子是反革命的。也许时代的风气变了，也许几千年来老百姓还是没有变。革命大义就这么被消解了。,3,十月围城
11怒汉+16区。直到最后才发现其实孙文和革命云云只是噱头。,3,十月围城
沒什麼感覺,3,十月围城
小谢同学终于牛比起来了,3,十月围城
也许由于我是快进着看的 所以感触不深 共鸣很少 我觉得这电影挺无趣的 在香港街上护送孙文那一大长段尤其无趣 尽管此处为影片的高潮 但也正是这段是我快进最频繁的 似乎完全是为了添加武打暴力观感而过分增加的好长的大段 很失望 没有给我任何的震撼 或许我对于影片所要表达的东西平日已习惯,3,十月围城
有一星是被春哥扣的 .....,3,十月围城
1.5亿，，，，老天爷啊，真是糟蹋钱,3,十月围城
理想归理想，现实归现实。,3,十月围城
托儿太多了 我很悲愤,3,十月围城
打戏设计得不错,3,十月围城
十月爆菊,3,十月围城
怎么那么多四星五星？好好的一个题材拍成了港台合作版建国大业,3,十月围城
故事立意上有革新，与革命毫无干系、不知革命为何物的圈外小人物因亲情、友情、爱情而合力上演的正统革命，少了以往过多的假大空，作为一部合拍片，做到了保留港产商业元素和坚持内地政治正确两不误。可预测的剧情发展和单一的煽情手段较不足，陈可辛确是投机好手，借60周年献礼又运作成功的商业贺岁片,3,十月围城
我喜欢最后一战时梁家辉和王柏杰的恐惧，我敬佩每一个慷慨赴死之人（无论为了什么），但是整部戏我几乎都没有high起来，煽情煽得也太over了，硬技术也很有问题，搞得我尿急.....从银幕上的流血看到银幕下的流泪，一样的热度在血管里传承，中国人，向来不能容忍没有激情、不被忽悠的人生,3,十月围城
三颗星全给1.5亿搞布景,3,十月围城
09年华语片不可错过的一部，但我还是想说我觉得的缺点：人物太多，感情分配的不够···,3,十月围城
本是不错的题材，可选得角色是怎么看怎么不喜欢，小谢的表演有突破，春哥和大巴不但扮相有型，死得更有型，算是差强人意吧,3,十月围城
为了女色，大家革命吧。,3,十月围城
有点乱…叙述不够明了,3,十月围城
严重被高估的一俗片，就是跑龙套的明星多了一点，貌似还差国足客串一把。,3,十月围城
此片悖论：为民主献身的是奴才,3,十月围城
给三颗星是因为 不脱离商业化 给三颗星是因为 三次想哭。。,3,十月围城
革命者必将断子绝孙！,3,十月围城
矫情啊。。。,3,十月围城
情节老套。,3,十月围城
近几年不错的国片到今天才完整看完！片子能做好生意也能讲好故事；“你闭上眼，想到的是阿四，我闭上眼，是中国的明天”；群戏、特效、打戏和时刻准备着的革命；,3,十月围城
敬愛的國父，您看得到我們的今天么。btw，我曾經偷偷喜歡小謝。現在王柏杰也不錯啊。,3,十月围城
技术上相对成熟，与之搭配的是主题的媚俗。,3,十月围城
巴特尔是亮点，黎明那张憔悴的脸也是,3,十月围城
挺好 有点过于煽情,3,十月围城
这部片子看上去更像是格斗,3,十月围城
还是英文片名比较直白——保镖和刺客。我怀疑死的这些人有几个知道孙中山是干嘛的，完全是被人忽悠了当枪使么，而且还不信春哥，最后都死翘翘了。,3,十月围城
考完六级，我去看了十月围城，看到春哥死了那一幕，我的心彻底凉了，春哥都会挂，何况我们的四六级。 ,3,十月围城
“欲求文明之幸福，必经文明之痛苦，而这痛苦，就叫做革命。”,3,十月围城
各类英雄为救祖国英勇献身。,3,十月围城
明星多，但个人不太喜欢，觉得渲染有点过了，说教味浓。群戏你方唱罢我登场，救出国父再喝茶。陈可辛的公关宣传十分到位，媒介一片唱红，不过票房最终还是差强人意。,3,十月围城
明星多，但个人不太喜欢，觉得渲染有点过了，说教味浓。群戏你方唱罢我登场，救出国父再喝茶。陈可辛的公关宣传十分到位，媒介一片唱红，不过票房最终还是差强人意。,3,十月围城
没有传说中的那么神，还凑合吧,3,十月围城
在老戏骨王学圻跟前我偶像Tony就跟不会演戏似的 哈哈哈,3,十月围城
只是王学圻的表演不错...,3,十月围城
挺一般的- -,3,十月围城
谢霆锋的表演挺不错的 ,3,十月围城
電影院出來就落雪了,3,十月围城
一个个粉底厚的要死,3,十月围城
作孽啊， 简直就是一场自杀行动， 那么多人白白牺牲。   最侠客的就是黎明的刘公子了。  ,3,十月围城
三星给文戏，打戏扯淡，价值观扭曲,3,十月围城
可能是因为胃痛得关系，并不觉得很好看。陈社长展现出了脑残的一面。中山先生的悲悯眼神并不足以支撑起此片的结尾。,3,十月围城
为了谢霆锋演的还不错多打半颗星。这片子让我太失望了。,3,十月围城
从来没发现黎明有那么帅，那么飘逸,3,十月围城
春哥请你不要凑热闹好吗？ 3星半,3,十月围城
2009年的最后一片~,3,十月围城
跑龍套的跑龍套，殺的殺·······居然是陈光荣和金培达`````还不如不要合作算了``````最后片尾曲更加使本片降低了一个层次```,3,十月围城
有点太煽情列。我们家霆锋演的我也不是很喜欢,3,十月围城
全片看来是好片 但是前半部分很做作 部分演员表演的很做作 这部电影不够自然不够浑然天成 ,3,十月围城
"看这么严肃的片子,我却实在严肃不起来",3,十月围城
李宇春一幕处男作，看得我热血膨胀。开会言简意赅是多么重要。春哥果然不失春哥本色。黎生的每次出场总让我笑喷饭。《十月围城》剧组说：为什么叫阎孝国？这个名字就是“阎崇年孝顺满洲国！”http://ent.sina.com.cn/r/m/2009-12-17/16142814,3,十月围城
中国电影越来越浮躁了,3,十月围城
一般般。,3,十月围城
见详评,3,十月围城
这是历史写实还是武打披上民国的皮？,3,十月围城
长发扇子怪蜀黍大战辫子兵！一场由发型引发的革命！,3,十月围城
好名字，好题材，为什么拍得这么烂呢？李宇春，为什么要演戏？巴特尔为什么要演戏？,3,十月围城
烂片横行的贺岁档，这部绝对称得上翘楚了，好歹也是一部诚意之作。,3,十月围城
你妹啊，太血腥了,3,十月围城
其实不到三，给二又不忍心。另外难道世界上只有我讨厌王学圻？,3,十月围城
大家都是带着各自生活的困境和目的而战，所以自然让观众有着英雄感的游离。看的时候小有激动，看完了就毫无回味的力量。而且，我真的会不断闪过游幽白书啊！黎明大叔是小boss胡军是大boss还有不停卖萌的谢霆锋真的很像那种永远不招人喜欢的万恶男主角……,3,十月围城
硬伤无数.矫情的要死.就这片三星都不配.不知为什么这么多好评...................偶操了...............,3,十月围城
从一开始就注定是悲壮的。哭了好几次，不过有一次很莫名其妙就是看见黎明的大中分，而且这个人物的设置也觉得很蹊跷，不像他人是有很明确的目的的。演技都可圈可点，但是最萌的是甄子丹他闺女 念慈！,3,十月围城
是谁这么狠，想出春哥在前巴神在后的护驾组合的？,3,十月围城
一看就知道香港导演。王学圻戏是真好。黎明学郭晓东就算了还想学我老公，疯了！但他是真的爱演戏。黑场就黑场，怎么黑那么讨厌！李宇春的脸不适合演戏，太细碎了。连胡军都开始演老妖怪，这个世界要干神马！甄子丹的妆看得我眼睛疼。连台阶戏都用了，那还是要给三星的。张涵予不会是增了个肥吧！,3,十月围城
看在小谢和王学圻很卖力的份上，3星　想拍催情发泪戏是没错，但不要戴上个伪来爱的帽子来拍,3,十月围城
我越来越有量了，催泪弹居然没有打出我的眼泪,3,十月围城
真是历史剧啊……,3,十月围城
春哥是一道亮丽的风景线，每次他现身我都要笑场。结尾的煽情煽得还没风声好，小子儿手里那把枪真没用。,3,十月围城
嗯……,3,十月围城
其实春春的演技还不错~,3,十月围城
哎呀黎明我们知道你心里还是李嘉欣。男人心里那点秘密何必都让陈可辛那个傻逼给你抖了呢。,3,十月围城
王学圻谢霆锋巴特尔不错。。。,3,十月围城
过于煽情,3,十月围城
你们都是纯洁的   真的假了点,3,十月围城
巴特尔演技不错，果然是旅美践踏过好莱坞的汉子,3,十月围城
三颗星给小谢，一颗星给立意，一颗星给紧凑的剧情。,3,十月围城
有点质量的大片 影评家们可以发挥了,3,十月围城
大悲剧，成千上万中国人的血泪史，无数的人为民主而丧生，无数的人为平等而抛头颅洒热血，回顾古今中外，革命才是生存之道，稳定是滋生不良发展的一大因素，虽现代化社会不能依靠武力解决问题，但是请守护好自己的国家，不要让先人们的血与泪白流，为官为员定要审视自己审视国家，以正确待之。。,3,十月围城
考虑再三，还是决定只给三颗星。其实很凝重的值得纪念的历史，由于导演能力所限而没有表现出来，“大事件，小影片”应该是最中肯的评价了，且感情戏多而无意义。就是感觉像是一群乌合之众在自我悲情地过家家。一边是朝廷的精兵强将，一边是贩夫走卒，你丫手中的枪干嘛的？不放等留着卖废铁吗？？？,3,十月围城
聞到了一絲絲腐味，x的孫先生對不起！一掛好青年為你拋頭顱灑熱血，很難不想歪啊！！！！,3,十月围城
武大很痛快，看见这么多炮灰好难过，演员们都辛苦了，李嘉欣客串都这么美，第一美女不负盛名,3,十月围城
在逻辑上禁不住琢磨，于是只能用满篇的打斗和滥俗的民族情绪来填满。,3,十月围城
春哥竟然倒了。。。这编剧不想活了么,3,十月围城
有点爱德华·茨威克的感觉,3,十月围城
我认为比较一般 真没说的那么好,3,十月围城
演技好呀   好看,3,十月围城
小谢演得太招人疼了.,3,十月围城
故事千疮百孔，但由不得小民不思考，无奈思考无用。《乌合之众》和《狂热分子》的演绎版。最后的场景很敖德萨阶梯。其实这片子传递的东西挺多的，但算不上一部好片子，不过是近年来内地演员和香港演员融合度最高的一部片子。春哥巴特尔霆锋接对片了。任达华只要不跟银河映像掺和，就有洗尽铅华的感觉。,3,十月围城
一般,3,十月围城
从此对谢霆锋改观,3,十月围城
原来是春哥拯救了中国,3,十月围城
全明星，但是剧情不喜欢,3,十月围城
話說，春哥的演技他真就不是蓋得...還不賴餒，哈哈哈,3,十月围城
假了点,3,十月围城
没看出来是张涵予,3,十月围城
太压抑 战争,3,十月围城
我当喜剧看完了 嗯,3,十月围城
你被感动了？,3,十月围城
建民大业，先建国大业。,3,十月围城
本是历史片，却有点过于煽情了。,3,十月围城
不错 励志的，谢霆锋太残了,3,十月围城
8.4分？难道我和打五颗星的人看的不是一部片子？保护孙中山的几个人中，有几个是动机纯粹的革命者？难道革命是哄骗其他人去实现自己的理想？三个星是给的甄子丹，打的很精彩！他保护的是他女儿的爸爸，这是莫大的讽刺！,3,十月围城
20091228 国贸万达影城,3,十月围城
好看,3,十月围城
有点儿看不下去。,3,十月围城
OH~我当然是国父党~sigh,3,十月围城
三星半,3,十月围城
煽情有余，感动不足,3,十月围城
并没有传说中的那么好，不过王学圻的表演还是不可多得的亮点,3,十月围城
立意有点儿模糊 拍的算是不错,3,十月围城
我确实被感动，但不是被电影而是我不愿做亡国奴，期盼国家早一日迎来真正民主，深深厌恶现在这个精神文明极度落后的社会，满眼的风沙狂卷着我的泪水，不禁问自己可以改变这个世界还是不断躲避在世外桃源中。电影中有些硬伤，有些似曾相识的镜头，还有些唐突而出的台词。另外甄子丹的跑酷实在像马里奥,3,十月围城
有时候，替别人养孩子也是有好处的，关键时刻，能救命,3,十月围城
闹革命，那就专业点，否则白白送死。,3,十月围城
动作片似乎承载不了这一电影的内涵,3,十月围城
7.8分,3,十月围城
春哥好身手，人民好儿子！,3,十月围城
2010-01-22，7.,3,十月围城
导演是想借古喻今吗？,3,十月围城
一个因为大人物不低调死掉好多小人物的杯具。,3,十月围城
又见堆明星,3,十月围城
理想万岁,3,十月围城
我咋就没感动馁。。。我狼心狗肺了。,3,十月围城
一般般,3,十月围城
导演功力欠些火候，用力用偏了。,3,十月围城
春哥说：爹，你骗人！,3,十月围城
春哥终于触电了，胡军终于嗜血了，甄子丹终于混混了，谢霆锋终于自残了，孙文终于露面了，黎明终于男人了，电影果然难看了。但是王学圻最后的老泪果然还是把我感动了,3,十月围城
甄子丹那段还不错 居然是跑酷。。。武打片都是短镜头就很垃圾了。,3,十月围城
我的霆锋啊。。。,3,十月围城
打得真好~~,3,十月围城
我该说什么呢。,3,十月围城
发几条短信 打几个电话 群聊一下就能解决的事情 至于死这么多人吗,3,十月围城
2009，吴中路52号，DVD。,3,十月围城
有热血。有眼泪。,3,十月围城
不觉得有那么好看。。。,3,十月围城
看完以后只有两句话想说。1：巴特尔乱入？ 2：孙中山 真老狗。,3,十月围城
一将功成万骨枯,3,十月围城
革命免不了流血牺牲，不然谁都玩的起了。,3,十月围城
你一闭上眼不是我们的明天，我们的明天在天上。,3,十月围城
晕死。每个人都悲壮了一下。,3,十月围城
春哥，一直在努力,3,十月围城
贩卖悲壮,3,十月围城
张涵予 胡军 黎明都没认出来。。。,3,十月围城
"欲求文明之幸福，不得不经文明之痛苦.而这痛,痛的强烈.",3,十月围城
革命尚未成功，有人还在努力吗？,3,十月围城
一句话主题：让领导先走,3,十月围城
还可以 就是太扯了 后面一也点都不精彩,3,十月围城
怀表、手指、钢笔、臭豆腐、布娃娃、铁扇、手枪……《十月围城》绝对是人物道具大集合的典范。,3,十月围城
没有共鸣,3,十月围城
王伯杰小脸嫩的类~好萌,3,十月围城
"和你看电影是快乐,和戴迪看电影是幸福",3,十月围城
这片子哪值五星？,3,十月围城
有春哥 才精彩,3,十月围城
李宇春的表演是亮点。也许是联合执导的原因，影片节奏控制得太失败了，不该紧张的地方瞎紧张，导致真正紧张的地方观众都麻木了，干脆学好莱坞的俗套多好，看的人也爽，数钱的人也爽,3,十月围城
我知道有些明星是很认真地扮作严肃状，但怎么还是觉得很滑稽呢？真佩服那些能看哭打5星的人。,3,十月围城
怎么都觉着血腥过了点，深度或者说演员演的都不到火候。,3,十月围城
春哥,3,十月围城
我觉得孙中山先生看了他自己的造型会觉得搞笑,3,十月围城
我想要是陈可辛亲自上阵导演不知道会是什么样？,3,十月围城
圈在圈子里的群星戏。,3,十月围城
剧情有缺陷 表演还可以 情节紧凑 09年唯一及格华语片。。。,3,十月围城
48,3,十月围城
忽略春哥吧 ,3,十月围城
激不起任何欲望的片子。春哥、巴特尔本片笑点,3,十月围城
王学圻，很感人,3,十月围城
革了太多不知革命为何物的人的命,3,十月围城
巴特尔太有爱了,3,十月围城
其实看了一会会就不太想看了= =,3,十月围城
单纯从电影来说还不错，但总觉得把革命片拍成武侠片会不够真实。李宇春，一个16岁的小女孩，武功了得。黎明乞丐、以一敌几十。巴特尔，无数刀还扎不死。过度的煽情却让人反感，你根本没什么好炫耀的，民主这东西，我们到现在还没有。,3,十月围城
过分煽情！,3,十月围城
我惊悚的看到的穷摇奶奶的身影，他在大声疾呼“不要....”春哥死的时候让我很欣慰,3,十月围城
王学圻赞一个~其他差强人意……,3,十月围城
这电影三星绝对到头了，而且我的三星里还有春哥的因素。首先它不是一部历史片，更不是一部武侠片，说破天了算一部动作片，归根到底走的还是香港动作片的老路，并且是死路，从猛冲猛打开始就已经回归原始了，更别说剧情设计的俗套噱头。很多人认为片中的民主共和等观念在大片中出现是突破，其实没意义。,3,十月围城
没感觉，就是没感觉,3,十月围城
也许是期待过高吗？是我没情怀还是这片是假情怀呢？怎么看都是软骨头搭个硬架子，细品品都是表面功夫，不够劲儿。电影就是如此，做的梦太久，很可能就是个噩梦。至此，2009华语电影真是个小年啊，基本上没一个给爷们长脸的，够及格的都算个宝了。既然各位大爷拿的尽是棒槌，咱们就不必当真了。,3,十月围城
看完这片，我挺喜欢周韵的，片子很一般,3,十月围城
何谓革命？为何革命？中国的明天在哪里？,3,十月围城
春哥,3,十月围城
to kill the time ，国片中不算烂的一部片,3,十月围城
烂透了剧本，看到李玉堂在招人的时候我仿佛看到了罗汉系列的影子。。好吧，我承认我是在扯淡，但这剧情更扯淡。亮的是如此多的大牌，春哥，大巴，梁，谢这四人的演技都挺到位，张演的孙文由于戏份少的出奇不好评价。唉，确实如人所说，3到4星的评价算最中肯，给个三星吧，最近4星给太多了。。,3,十月围城
太露骨太煽情了，不是我那杯茶，虽然我看了三遍==,3,十月围城
3.5 王学圻撑起的大台子，谢霆锋属意料之外。历史的共鸣是高分的原因，只是节奏稍不紧凑，不如演技与剧本来的精彩。,3,十月围城
黎叔好帅啊,3,十月围城
都给我走开！,3,十月围城
我想，此片评分这么高应该是因为孙中山，实际上这片本质上就是个动作片,3,十月围城
没有老鼠屎的粥不一定会是绝顶美味，但至少是一碗不差的粥。,3,十月围城
结束的有点儿突兀，张涵予版的孙中山脸发的就跟馒头似的...梅兰芳之后就对王学圻挺有好感的~~  一个很开心的周日...很久没这么放松了,3,十月围城
觉得很一般,3,十月围城
回老家，结婚，于是便当。,3,十月围城
想说的太多 说好的太少~,3,十月围城
谢霆锋、梁家辉表现的可圈可点，春哥和巴特尔的出现毫无疑问是个败笔,3,十月围城
想起来上海滩十三太保,3,十月围城
春哥威武,3,十月围城
剧情拖沓。立意很好。,3,十月围城
巴特尔的角牺牲的好可怜,3,十月围城
革命就得牺牲,3,十月围城
做作,3,十月围城
首先 海报很烂 其次 说实话 剧情有点扯淡 一帮中国的支柱除了献出生命就没有一点其他的办法 最让我惊艳的还是李嘉欣的出现 好漂亮啊~总体来说 陈可辛还是把握住了中国人想看什么 更何况他做的是监制的职,3,十月围城
欲求文明之幸福，不得不经文明之痛苦，这痛苦就是革命,3,十月围城
霆锋越来越像柏芝，黎明越来越像伊健。臭豆腐死的时候我哭了，春哥出场时我笑了。,3,十月围城
这个评分实在是代表了一切，拍摄技法还是人物都没有出彩的地方。依然是港产片。完全看不到香港电影的未来。,3,十月围城
什么时候用这么传奇的故事演绎老毛呀,3,十月围城
谁决定谁牺牲？,3,十月围城
各条线都算是有个交代 比想象的好 ,3,十月围城
啼笑皆非。,3,十月围城
总感觉差些火候 不过也说不出差在哪里,3,十月围城
线索很多但不乱，节奏拿捏得好！亮点太多无法细数，看到巴特尔我就想到飞越疯人院儿里那个印第安伙计，张涵予声音是好听。梁家辉那张脸让我思维发散到情人那儿去了..没有人觉得这部片子叫一个国家的诞生更好么..格里菲斯肯定得偷笑..最后还要问一句：民主到底在哪儿？,3,十月围城
每个人物蜻蜓点水，不够丰满！武打场面一般。,3,十月围城
矫情。,3,十月围城
这片子不错，深刻揭露了革命的丑恶嘴脸：革命需要留血，就留别人的血吧。,3,十月围城
暗杀不是这样的,3,十月围城
好吧，我承认李宇春死的时候我哭了~,3,十月围城
我觉得 挺紧张的故事情节 动作很有心意 天晓得 为什么不让他去参选奥斯卡...,3,十月围城
最多哭点的电影，虽然还成。但是何东说要再看一遍，我觉得丫也挺可笑的。,3,十月围城
中规中矩的华语大片，人物角色太过脸谱化。贺岁档来这个算的比较好的了,3,十月围城
很一般啊,3,十月围城
俺理解能力不行。真没看懂。感情一群人拼死拼活的就为了那几个人找个小房子聚聚唠个一小时的嗑？,3,十月围城
甄子丹、王学圻、谢霆锋、梁家辉、黎明、胡军、范冰冰、曾志伟、李宇春、巴特尔、任达华、张涵予等众星出演的年度大片之一，水准在普通国产片之上，特别是后半部分还是很悲壮的。但李宇春绝对是一大败笔。,3,十月围城
春哥纯爷们儿，别人都是不如她纯,3,十月围城
矫情的让人头疼，做作的让人作呕,3,十月围城
就烦没完没了的打来打去。。。,3,十月围城
supernc~,3,十月围城
太扯淡了，猥琐的孙大炮，意淫的陈德森陈可辛,3,十月围城
竟然还有巴特尔 我疯了。,3,十月围城
我想象中的《十月围城》的重点应放在革命党与清廷如何围绕孙中山展开有勇有谋的大斗法，但实际呈现出来的却是如打街机过关般的游戏感，沦为了斗兽场。各个义士的死亡时刻也被吴宇森式慢镜+烂俗韩剧煽情地渲染。从这样的“大”片可以看出编导的眼界还是很“小”的。,3,十月围城
在爱国的旗帜下就一片美好了？煽情，可了尽的煽情，可一眼就知道是个什么套路。好多次我准确无误的猜对了下一分钟的对白，下一个镜头。如果华语电影就只能这样了，那我还是等ST拍的吧,3,十月围城
经常性出戏,3,十月围城
大家演技都可圈可点，只是不知为什么自始至终那么多哭点，都没哭出来，反而笑了半天~~~唉~~难道真是因为春哥么还是我的抵抗心理~~~,3,十月围城
一句话，嚷领导先走。可是既然民国的理想是人人平等，又为什么要牺牲那么多人？还是封建皇权思想在作祟？,3,十月围城
有故意赚人眼泪之嫌，我不喜欢这种片……也不喜欢所谓的革命……,3,十月围城
不错，但是为嘛春哥出来的时候大家都笑了。,3,十月围城
一群人为了一个人找死，看的真他妈憋屈。虽然是一群枪都不会用的2逼。,3,十月围城
历史的炮灰,3,十月围城
表演都太假了,3,十月围城
三星半。陈可辛说的没错：“这片子太正了。”,3,十月围城
看在这么多好演员的辛苦演出的份上，三星~其实夫妻俩都打两星,3,十月围城
这一百年来这个民族的图腾就没一个拿得出手的,3,十月围城
近些年的国产片这样我满足了。,3,十月围城
作为一个故事，剧情上没有说服力，整个片子显得很假。特别是考虑到当代中国的现状，实在有些讽刺。和之前期望太高也有关系。唯一值得一提的是谢霆锋的演技 - 彻底变成实力派了。,3,十月围城
因为在天涯上了看了一片特别的幕后故事贴，才跑来看片子，看完觉得就那么回事儿了吧……,3,十月围城
很俗套的电影,3,十月围城
狗血,3,十月围城
的确谢霆锋演得不错,3,十月围城
前松后紧的结构，戏剧冲突强烈完整，几场大场面的调度很见功力.....不过“为了文明的幸福，必经文明的痛苦”这样的价值观我不能接受和认同，一切牺牲都是有价值的，这样的想法我也只能觉得悲哀。,3,十月围城
不加克制的主旋律悲剧,3,十月围城
让领导先走，我们去死~~~~~~~~~,3,十月围城
其实没我想象中的好看,3,十月围城
你说说，哪里好看了,3,十月围城
李重光在倒退的车中颤抖地哭泣时，我也泪流满面，尽管害怕，一个17岁的富家子弟还是强忍心中的战栗为了心中那个信仰撑下去。李玉堂悲恸的眼泪感动了片场的每一个人，也许我们对理想和信仰嗤之以鼻，或者极度失望，但就是能为之付出一切的信念。,3,十月围城
其实小人物没那么爱国。。。,3,十月围城
看睡过去了，，,3,十月围城
还行。,3,十月围城
是合格的电影，但称不上最佳之一。另外，打斗场面有点血腥了，16以下应该需要家长陪同观看,3,十月围城
角色很童真，命运很真实，制作很教条，港人很认真。,3,十月围城
革命的血泪史,3,十月围城
名气大于演技,3,十月围城
这个影片告诉我们信春哥也得不了永生！,3,十月围城
春哥我。。,3,十月围城
只能说还行吧，怎么评分会这么高呢= =？最后给孙中山的镜头是大败笔啊！有些地方实在多余，渲染过了，让人感觉收不回来,3,十月围城
王学圻最令我慰藉,3,十月围城
如果我是思科的MKT Director，我会说：一切只因当时没有远程视频会议系统。,3,十月围城
为六级专程去拜春哥。。,3,十月围城
其实也够雷人的...这年头主旋律也能被山寨...,3,十月围城
它也许不值8.1的均分，但值得我们为那样的理想，感动。,3,十月围城
革命仁人志士抛头颅洒热血，就为了孙大炮能多车十分钟大炮，这种价值观我接受不来。,3,十月围城
严重偏离史实~片中的动画太假了~李宇春的台词和《锦衣卫》中赵薇的台词有一拼！,3,十月围城
一般吧。,3,十月围城
为了这样一个人，没有必要。,3,十月围城
死了这么多  谁是为了国家而死的呢？,3,十月围城
看的我稀里哗啦啊,3,十月围城
清廷特种部队大战革命死士队员，题材很好拍的不行,3,十月围城
香港国际马拉松友谊赛,3,十月围城
除了开头，没看出有多好。,3,十月围城
虽然泪点在谢霆锋，但还是觉得甄子丹特嗲了，为啥今年年底不看“十三花”就算out了呢，还要继续追“三”,3,十月围城
这片子不停的叫嚷共和共和，我觉得这话不好说了~~~~~~~,3,十月围城
介就素革命。,3,十月围城
一，太矫情了太做作了，因为王学圻我多加一星；二，这是部纯动作片少他妈拿革命啊民主啊的说事儿；三，作为本片的唯一噱头巴特尔和春哥将来会朝中国电影打星路线发展嘛？四，乞丐黎明算不算剧本的硬伤？五，这本子交给银河映像来拍恐怕还好看点,3,十月围城
搞不懂这片子怎么就得奖了,3,十月围城
各方面都还不错的商业片,3,十月围城
大段煽情台词和拖沓镜头，楞是把一个半小时左右能讲完的故事拖到了两个多小时,3,十月围城
那幾年是李宇春最紅的幾年，最近已經基本消失了……很難把握，主人公太多，對誰都沒法投入。胡軍這個妝是夠丑了，可是除了大吼，也沒有覺得功夫怎樣……只是可惜了甄子丹的功夫。,3,十月围城
宣传过头，其实一般般啦,3,十月围城
一直认为甄子丹是打不死的 ,3,十月围城
谢霆锋绝对的演技派!! 我觉得剧情很有问题 重光那个替身完全形同虚设 从头到尾没有抛头露面坐在马车中 最后还惨死 这是多此一举的博同情么?最让我无语的是甄子丹 纵使死的壮烈 也无需以卵击石 以身撞马吧 应当死的更有价值 春哥和巴特尔真的是死的轰轰烈烈 爱国好男儿 ,3,十月围城
大而不朗说的就是他，每个人都想拍每个人都没拍好也是他。整部片过三年再看除了王学圻和胡军张涵予，其他人一个都记不住。,3,十月围城
悲情。,3,十月围城
舍本逐末，悲情过了头，是不是忘了点主题？,3,十月围城
一般吧，没有期待中那么好。没投名状好。,3,十月围城
莫名其妙的历史肥皂泡沫,3,十月围城
谁让电视台放了呢,3,十月围城
我终于还是跟风看了，我只是不喜欢这样的题材。我也许永远不明白：生命既然生而平等，为什么一个人需要那么多人为他牺牲。时势造英雄，没了孙文，还会有其他~,3,十月围城
开会误事误人误国,3,十月围城
节奏太慢了，期望大了点，不免有些失望,3,十月围城
太隆重,3,十月围城
所谓历史，都只是偶然。,3,十月围城
这宣传的什么价值观？宣扬人命没有那虚无缥缈并且未必实现的了的东西重要么？皮之不存毛将焉附？孙叔  民主到现在也没能实现啊  依然专制啊混蛋！！（有人说的好，这片儿就是：让领导先走！！！）,3,十月围城
拒绝宏大叙事。于小事情中见真性情。欲求文明之幸福必经文明之苦痛，革命就是这苦痛。在大小命题上的思考值得欣赏，但功力不够，剧情还是脸谱化。,3,十月围城
演员是亮点.我要写影评.,3,十月围城
封建反动势力还真强大，连纯爷们的春哥都挂了！,3,十月围城
爷们 纯的！,3,十月围城
信春哥,3,十月围城
黎明堪比BOSS，众人杀N回每次套路都一样的；胡军么就整是一生化里的追踪者，“老孙”跑到哪他都阴魂不散,3,十月围城
"这片子再次证明了，中国人没有开会解决不了的事情，拼死也要把会开成！台词颇有深度，王学圻的表演充满张力，但是，一部介于3-4星之间的片子,豆瓣上的人们都是怎么了..对豆瓣分数真不能太在意。",3,十月围城
又雷又假。,3,十月围城
冲着那么多大腕凑齐了，给的,3,十月围城
也就那样,3,十月围城
这还是香港电影。去看看那座城吧。同样喜欢王伯杰。唯一的新人，但是他的气场就像：只要他在，一切都像是真的。,3,十月围城
资产阶级革命的软弱性表现得淋漓尽致，推荐做历史教学宣导片。,3,十月围城
阿四你为什么都被虐杀~~真是看的我心痛~~~街道巷战很有特点，甄子丹你已经到达事业巅峰了~~,3,十月围城
一、流血的革命非本人现今所持信念；二、这么多明星，表演却没有一人能带来意外的惊喜。,3,十月围城
学校看的，当时和全班同学都十分愤慨,3,十月围城
谢霆锋你很不错,3,十月围城
其实没看完，尝试了三次都没看超过十五分钟，受不了了。。。,3,十月围城
剧情有点生硬,3,十月围城
再经历了无数贺岁档烂片的十面埋伏之下，《十月围城》终于突出重围为华语片争回了些许颜面。突然很怀念曾几何时冯导每年都拍贺岁片的时代，希望春节/情人节的的档期能带给我一些惊喜.,3,十月围城
看到传说中一致叫好的片子，我感觉被骗了,3,十月围城
谢霆锋亮了，巴特尔威武，李宇春？你还是算了吧,3,十月围城
没啥意思，但是还算可以了,3,十月围城
可怜的学友哥一讲“民主”就挂了，很符合国情,3,十月围城
中国电影最大的问题就是编剧太软  好好的剧情什么lj台词啊,3,十月围城
剧情漏洞太多了，可以看动作戏,3,十月围城
三星半吧，没想的好,3,十月围城
14.4.13.@home,3,十月围城
每个人程式性地死去,3,十月围城
"春哥好雷, 其實我也覺得書生幹不了什麽事...",3,十月围城
&lt;风声,3,十月围城
工匠感多了点 就看打吧,3,十月围城
烂片泛滥的中国电影界里，一部不是特别烂的。情节诸多不合理之处，叙事方法似有不少瑕疵，台词非常别扭。勉强还能看完而已。,3,十月围城
3星半~,3,十月围城
这些动作电影就像闯关游戏，选人安置位置打斗，一人守一关，大boss对群氓诸如此类，也不泛煽情桥段。以孙中山为故事的电影本来会更期待对民主的讨论，除了奸角闫孝国的观点提供了另一种对未来的思考。,3,十月围城
没有想象中的好。真刀真枪的革命是没有这么多躲得过死亡和延续备死时间的肉体的。但仍然被小谢小小打动。几乎没有认出张涵予来。,3,十月围城
历史背景下教育片，中规中矩，过于煽情，过于拖沓，那些牺牲的人，并不全是为了革命。场面的血腥，并不能反映当时的真实状况，相反，过多的而重复的打斗，倒让我觉得是部武侠片。,3,十月围城
只有巴神惊艳了。春哥死去的样子依然很爷们。我坚信他会复活。,3,十月围城
厚重感尽失。小遗憾。,3,十月围城
谁说春哥演的好？脑花儿被狗啃了吧？,3,十月围城
不知道为啥好评如潮，如果说那是信仰的力量，剧中表现得也太单薄了,3,十月围城
死得都好残哇。。。。甄子丹和范冰冰生的loli长得好！,3,十月围城
太太煽情了。。,3,十月围城
胡军这战斗力。。。,3,十月围城
这片子太一般了，豆瓣评论虚夸啊！还不如建国大业呢，一点激情都没有！拍得太小家子气了！摄影还不错！谢霆锋演得也还好！,3,十月围城
霆锋~~,3,十月围城
李宇春演的不错。,3,十月围城
so so,3,十月围城
春哥和巴特尔出来的时候我适当的笑了 煽情的地方我也适当的哭了,3,十月围城
顶多三星,3,十月围城
王学圻真是个老戏骨。呵呵张涵予为啥老不露面，好不容易露面不小心还认不出来。,3,十月围城
亮点在于主题和所谓的情怀，也很喜欢谢霆锋的表演。明显的缺陷是过于死板的叙事结构，先展示人物背景心理世界和他们的情感冲突，然后再一一杀掉他们，这样造成过多的煽情桥段遍布全片，严重破坏叙事节奏和气氛。幸好“牺牲”的主题让这些煽情不至于太廉价。,3,十月围城
其实感觉很一般,3,十月围城
这部片子没有宣传的这么好看，打斗方面也差强人意，我一直对人物多的片子不太感兴趣，这部片子也证明了我的想法，人物故事分散，没有特点。,3,十月围城
没有春哥就没有新中国,3,十月围城
为了煽情而煽情,3,十月围城
不自然，俗套了些,3,十月围城
剧情悲壮的惊人，吸过鸦片的公子黎明竟然会神话搬的功夫。,3,十月围城
甄子丹不是国术是巴西柔术，背景音乐不是国乐是电子混音,3,十月围城
本片的看点是黎明，西门吹雪啊~~~,3,十月围城
革命啊 。。。,3,十月围城
"我开始仲系度估孙中山会唔会系刘德华扮.甘噶话就四大天王差唔多都到齐了.睇到春哥英勇牺牲果阵,那个壮观哇.真男人哇!!!",3,十月围城
革命是以讹传讹，革命是站着说话不腰疼。最遗憾的是，梁家辉到最后都没死成。春哥爷们，可就是一说话我就一阵得瑟。再话说我们小谢在戏里演的不就是一只忠犬受嘛，那身上的气质，莫不就是传说中的欠虐。,3,十月围城
拍这个电影，浪费了多少大米啊 ……,3,十月围城
煽情了点吧？,3,十月围城
谁删了春锅原地满血复活的戏？？,3,十月围城
伦理不对的片子,3,十月围城
谢霆锋好丑,3,十月围城
若论思想性，的确是差了一些。只是那种为了革命不惜一切的精神，很有感召力。,3,十月围城
拍得是还可以，但是真没看到什么民主的中国，冷笑~,3,十月围城
挺没劲的，甄子丹、黎明的角色苍白无力，范冰冰花瓶。王学圻人物感情很充实，演得动人。梁家辉，我向来喜欢他，各色人物都传神，特别是猥琐小人物。,3,十月围城
摄影指导:黄岳泰,3,十月围城
很想扣一颗星啊，这不叫革命，这简直就是全民赴死，角色为了牺牲而牺牲，导演为了煽情而煽情，我的王母娘娘啊,3,十月围城
欲求文明之幸福不得不经文明之痛苦，这痛苦就叫革命,3,十月围城
为什么这个世界教我如何去学习复杂关系，又给我看这样纯洁的电影，价值冲突。。。,3,十月围城
不是我的菜,3,十月围城
对于那些都不知道为谁，就牺牲了自己的人，心里说不上什么感觉。,3,十月围城
他是你女儿的父亲,3,十月围城
我不打算為你哭，你不能掐著我說“哭”，民族大義不是由人民的小情小愛拼湊成的,3,十月围城
为什么一部题材如此严肃的片子能让我从头笑到尾呢？kuso~,3,十月围城
让领导先走... ...,3,十月围城
也许，我没有被历史打动，也许，我不想就这样想象那些残酷的历史……,3,十月围城
香港版《建国大业》,3,十月围城
看过看过，拍这么个电影也挺不容易的，话说春哥出场是亮点啊,3,十月围城
纳闷为何一向众口难调，口味刁钻著称的大众评审们一致的给了好评 依然难脱商业电影的硬伤，情节老套，大腕龙套，气氛渲染生硬，穿越感令人窘迫。不如说是借孙逸仙革命之大名下的动作片尔尔。,3,十月围城
明星这么多， 此片回本了吗？ ,3,十月围城
谢霆锋好丑,3,十月围城
若论思想性，的确是差了一些。只是那种为了革命不惜一切的精神，很有感召力。,3,十月围城
拍得是还可以，但是真没看到什么民主的中国，冷笑~,3,十月围城
挺没劲的，甄子丹、黎明的角色苍白无力，范冰冰花瓶。王学圻人物感情很充实，演得动人。梁家辉，我向来喜欢他，各色人物都传神，特别是猥琐小人物。,3,十月围城
摄影指导:黄岳泰,3,十月围城
很想扣一颗星啊，这不叫革命，这简直就是全民赴死，角色为了牺牲而牺牲，导演为了煽情而煽情，我的王母娘娘啊,3,十月围城
欲求文明之幸福不得不经文明之痛苦，这痛苦就叫革命,3,十月围城
为什么这个世界教我如何去学习复杂关系，又给我看这样纯洁的电影，价值冲突。。。,3,十月围城
不是我的菜,3,十月围城
对于那些都不知道为谁，就牺牲了自己的人，心里说不上什么感觉。,3,十月围城
他是你女儿的父亲,3,十月围城
我不打算為你哭，你不能掐著我說“哭”，民族大義不是由人民的小情小愛拼湊成的,3,十月围城
为什么一部题材如此严肃的片子能让我从头笑到尾呢？kuso~,3,十月围城
让领导先走... ...,3,十月围城
也许，我没有被历史打动，也许，我不想就这样想象那些残酷的历史……,3,十月围城
香港版《建国大业》,3,十月围城
看过看过，拍这么个电影也挺不容易的，话说春哥出场是亮点啊,3,十月围城
纳闷为何一向众口难调，口味刁钻著称的大众评审们一致的给了好评 依然难脱商业电影的硬伤，情节老套，大腕龙套，气氛渲染生硬，穿越感令人窘迫。不如说是借孙逸仙革命之大名下的动作片尔尔。,3,十月围城
明星这么多， 此片回本了吗？ ,3,十月围城
除了一个个勇气倒下那显示名字，籍贯的文字让我感动外，煽情处太铺张。。。用意明显。相比下《叶问》真的是好。100212,3,十月围城
硬是把自己围死了 何必何必呢,3,十月围城
Freak Show,3,十月围城
让领导先走，暴力通关，信春哥，减一星,3,十月围城
这真的是爱国主义教育片么。。。。这不是忽悠人去送死么。。。这群人最后有几个知道自己保卫的是孙文。。。？,3,十月围城
20091218 上海影城8厅，with lisa，zhao,3,十月围城
甄子丹也玩跑酷？,3,十月围城
春哥，我权当拜了你了哈。,3,十月围城
"everyone dies for a false reason, so how about love? oh.. 基情四射 热血纯爷 不错娱乐片。当然啦，要是想严肃一点讨论共啊匪&amp;孙啊贼的问题呢，哈哈，连环套解解也是有点意思的。整个一过关版《越狱》败笔：配乐&amp;没能融会贯通的武戏",3,十月围城
作为电影它其实并不怎样；作为演员他们很棒！,3,十月围城
黎明为什么要参演？,3,十月围城
一看这种片子就觉得好热血啊,3,十月围城
开会言简意赅是多么重要。,3,十月围城
黎明简直bug....,3,十月围城
总的来说，谢霆锋的表演很认真，但是不能感染人。后期演什么都给人一样的感觉。王学圻正常发挥，演他儿子的比较萌，整个节奏还是不错的，比当时很多片子都有诚意。,3,十月围城
煽情过头了,3,十月围城
谢霆锋跪求他家少爷不要去的镜头拍得倒真不错,3,十月围城
建国大业带了个明演员扎堆的头儿 搞的现在看国产电影就是认人头 实践证明我以声认人的本领还是颇为强大 内容的话 为了“好看”还是有些多余的情节 比如多翻2个跟头 多出现个美女 要想拍的精 以后还是得懂得忍痛割爱才行啊,3,十月围城
有一两次触碰到泪点了，春哥的皮肤很好,3,十月围城
民间不是这样，民国也不是这样，主旋律遗毒还把香港电影那点活泼也收走了。。。,1,十月围城
保镖的行为动机是什么？甄子丹的打戏安排位置实在。。。。如果没有王学圻，这片子已经垮掉。  《铁面无私》里的婴儿车改黄包车 是不是陈可辛的主意？ 胡军扭曲的脸好像《投名状》里的绝命仨组合。。。。。。。感觉全片很像《梅兰芳》，没有干货 信息量严重重复,2,十月围城
显然被高估了,2,十月围城
挺没有诚意的电影，目的性太强，不是为了拍一个好故事而拍，只是为了煽情赚钱而拍。,2,十月围城
王伯杰小可爱喔,2,十月围城
娱乐搅乱了严肃，严肃漂白了娱乐。结果，既不严肃，也不娱乐。除了革命口号，就只剩爱国了。,2,十月围城
唉，期望越高，失望越大，不是一部物有所值的电影，没有明显缺陷但破绽太多，造城耗费了陈可辛太多的精力，而陈德森还handle不了这样的大制作，劳民伤财,2,十月围城
杀自己人，很狠。,2,十月围城
唬谁呢,2,十月围城
谢霆锋的表现确实令人刮目，头一次看见野路子也分了好几等，数球打不好、歌唱不好还跨界的那类大野路子最惹眼，中国电影又一大怪片，陈可辛贴牌版~ 呵呵,2,十月围城
一部冗长的无聊的做作的长剧 中间睡过去 3次,2,十月围城
烂尾电影，巴特尔的演技是惊喜,2,十月围城
灭亡的领路人,1,十月围城
因为是烂片所以毫无感伤，这是最大的优点，一星给这个，另外一星给刘广宁,2,十月围城
用来讲解演员是如何毁掉一部电影的绝佳案例,1,十月围城
此片绝对不值8.4分，有一种被忽悠的感觉,2,十月围城
谢霆锋。,1,十月围城
Bodyguards.and.Assassins.2009.CN.DVDRip.XviD-XTM,2,十月围城
剧情简单，煽情造作，演员漂亮，演技超好。,2,十月围城
失望与希望等大。煽情刻意。叙述含糊。片子剪得又糟，节奏混乱。原声音乐弱到了一定境界。剩下的，也唯有“诚意”了。我能奉献的，也唯有惋惜了。陈德森啊，十年磨这样一剑，真不如再去磨十年了。,2,十月围城
"The revolution the Hong Kong way. Begins good, falls in cliche&#39;, goes on with kung fu end disappointing. overlong, overdramatic. ",2,十月围城
用于洗脑的主旋律片，不知所云,2,十月围城
说教片,2,十月围城
破烂煽情片,2,十月围城
剧情粉烂粉烂，动作场面还不错。,2,十月围城
太恶心的台词了，太恶心的伪自由民主信仰了，艹,2,十月围城
咱能先搞清楚民主和共和再拍電影不？,1,十月围城
什么垃圾结尾啊~梁家辉越看越讨打，不往后退胡军不就被一枪打死了么。有枪的人还怕他啊！李嘉欣美艳啊什么的不减当年。,2,十月围城
从头让我无趣到尾,2,十月围城
剧情好莱坞龙套，气场不足，笑点十足，若纯打笑场牌会更好，情节没有一点严肃感，纯粹靠打字幕来骗取所谓“真实性”。,2,十月围城
春春得了便宜，黎明毁得一败涂地,2,十月围城
装13和真13没有大的区别。所以别费劲了。,2,十月围城
不尊重历史的扯淡片果断一星,1,十月围城
胡軍演的是计春华？,2,十月围城
本来可以排得很好的片怎么这德行了,1,十月围城
唯有王学圻和巴特尔还算可圈可点，其余都烂,2,十月围城
闯关，打boss,2,十月围城
差评,1,十月围城
球哦，本来觉得一般难看，看到大家一片好评，我觉得更难看,2,十月围城
这个被冠以大革命背景的动作片其实一般 不过在这个稀烂的当期对比一下算是上乘了 怪不得豆瓣分那么高,2,十月围城
魂斗罗+冒险岛+圣斗士,1,十月围城
就不喜欢强调英雄主义。不如小市民。,1,十月围城
围城？围你大爷！,2,十月围城
我也很。。忧虑,1,十月围城
豆瓣果然是小资集中地。我就猜到这片子会上8分的。,2,十月围城
如此之多不靠谱的评论，希望别人别上当了，不值，绝对不值去电影院看！狗日的豆瓣，都成什么id的言论广场了。,2,十月围城
loli控的刻意悲壯故事,1,十月围城
不算强。没什么新意，孙中山不像孙中山也不像张涵予。影片节奏也不行，设计的截杀和保护也挺2。小小的金蝉脱壳这么管用。动作设计差强人意。反派也不出彩。霆锋演得不错。不管别人感动与否，不管有何大义，细节的设计太差，让人不能入戏，置身事外。,2,十月围城
如果不是谢霆锋这个电影可以得-1星,2,十月围城
还好不是陈可辛,1,十月围城
孙中山救了中国，春哥救了孙中山！2颗星都献给伟大的春哥！--（转折线）--其实本片以华语电影范围来说，没有那么烂，只是电影本身设定的基调：在这么危险的环境下，为神马国父要如此高调的赴会？就是为了给后来那些“英雄”们一个去死的理由？这是传说中的去死去死团吗？,2,十月围城
就这电影评价这么高？,2,十月围城
当老师有多么重要,1,十月围城
四不像~投名状能行，为什么这个......七武士翻拍了那么多版本 就属这个最让人不爽了。植入的东西太多，唉~,2,十月围城
本来三星，因为有春哥扣一星,2,十月围城
真不明白为什么有这么多人说好！和爱国无关的片子！和30年前的上海滩十三太保姊妹篇，可惜，还不及30年前的那部剧！,2,十月围城
傻逼电影,2,十月围城
一点都不精彩,1,十月围城
拍的好做作，你请一堆娱乐明星能拍出什么好电影吗,2,十月围城
中国式悲剧,1,十月围城
烂片奇葩。说它有诚意的左派人们是被开头一分钟打动了吧，说国产大片的人被模糊不清的主旋律鼓舞了吧。作为电影，4分不到，但是，，，没有但是，它只是部电影，想给每个加入的演员戏份想给每个人物一个正义的形象最终一锅浆糊……,2,十月围城
导演纯粹是在强行帮不明不白送了性命的走卒们意淫,2,十月围城
你麻麻的喔，演孙中山的竟然是张涵予，从头到尾没看出来，春哥好萌，春哥威武。,1,十月围城
基本还是有《上海滩十三太保》的影子，甄子丹还是不错的,2,十月围城
真的很不好看,2,十月围城
不喜欢,1,十月围城
垃圾,2,十月围城
氧化钙，那么严肃的史实拍成这个13样....,1,十月围城
没意思,1,十月围城
剧情非常一般 配乐烂透了 ,1,十月围城
狗日的主旋律片。,2,十月围城
……普世价值斗士之桌椅破坏者……那些夸谢霆锋表演的人你们是有受虐倾向吗？,1,十月围城
为了保护领导开会，死了一群屁民，结果就是领导流了一滴眼泪,1,十月围城
乱臣贼子 死有余辜,2,十月围城
一个星给王学忻 一个星给梁家辉,2,十月围城
大拜拜是不會有好下場的...,2,十月围城
怎么死前想的全是女人。。。,2,十月围城
感动他，感动你，我很鄙视自己，怎么感动不了我？,2,十月围城
其实《十月围城》，是抄袭了穿越火线里的突围模式。,2,十月围城
实在不明白孙中山回趟香港，明知有暗杀还那么大张旗鼓，好英雄无畏啊,2,十月围城
春哥霸气威武~,2,十月围城
这个片子非常一般，没什么营养。,2,十月围城
不要故作悲壮,2,十月围城
中国很难再有人为了信仰抛头颅洒热血了,2,十月围城
这是一部即将超越精舞门的优秀电影..除了剧本剩下的没法看,1,十月围城
太假了，我笑场N次,2,十月围城
除了春哥，毫无亮点,2,十月围城
爹！女儿不孝！！！,2,十月围城
实在难以下咽……,2,十月围城
简直莫名其妙。为什么三枪遭人猛踩，这种莫名其妙的烂片在豆瓣上倒能有高分？,2,十月围城
我讨厌在电影里看到范冰冰。,2,十月围城
不喜欢这种主题的电影！王学圻表演很精彩，现在已经很少演员能用眼神说话了！,2,十月围城
有人想说最后来了一段敖德萨阶梯么？,2,十月围城
春哥威武,2,十月围城
徘徊于一分和两分之间。简直又臭又长。人民推动历史的进步！历史是靠人民来书写的！伟人都是虚幻的偶像，没有“孙文”，可能有“赵文”，但是没有人民什么也没有。没有感受到革命者执着的热情，只有疯狂的妄想！反倒为那些追随革命者的人捏一把汗。电影不是在讲革命，是在讲述小人物的渺小和无奈。,2,十月围城
现在知道豆瓣的分数可以基本无视了。本片唯一的亮点是搭建的旧港九街景。整个故事为了将就打斗与热血场面，设定得太牵强。孙大炮要开个会还得按天下皆知的时间表和路程安排？不管真身替身，都有西装警卫跟着人力车跑，生怕人不知？满清鹰犬那么牛×，动辄几十上百的杀进来，不如去直接收复香港得了。,1,十月围城
无聊,2,十月围城
分了三次才看完五分之一，意识到这片子我是看不懂了，实在看不下去。这么一堆堆的明星往镜头前挤，得塑造多少没有深度的人物，得瓜分多少本就不多的戏份，真没看头,2,十月围城
死到临头让领导先走  ,2,十月围城
我还是相信《十月围城》是一部证明讴歌革命志士的爱国主义电影，而不是香港二毛子的倒钩，试图用这部电影来讨论辛亥革命为什么会失败的原因，补充说来，孙文领导的同盟会起义事实上毫无建树，辛亥革命与他也是毫无关系，陈少白倒是善终了，晚年在家乡造公路，涉嫌占用私人土地，被老乡们用屎炭秽物扔进房子里。,2,十月围城
为什么要用李宇春?为什么要用李宇春?,2,十月围城
 很后悔去电影院看这样的烂片,2,十月围城
领导在开会，群众在牺牲。,2,十月围城
孙文在十月，星高托儿多。,2,十月围城
典型打肿脸充胖子电影，比三枪烂多多多多多多多多多了。不过，春哥的表演算是不赖。,2,十月围城
居然能拍出这么差的电影，佩服佩服！,1,十月围城
结果还是教育牺牲小我,1,十月围城
本片可以总结成一句话：“让领导先走”,2,十月围城
表演太做作,2,十月围城
太滥情，没意思,2,十月围城
不好,2,十月围城
垃圾,1,十月围城
女儿不孝，我想笑！,1,十月围城
各路明星，各路炮灰,2,十月围城
粗糙的树立一堆人物然后逐个把他们搞死，这算是什么剧情。,2,十月围城
都是明星脸,2,十月围城
这绝逼是各种不知所谓的集合体……,1,十月围城
国产电影一试图升华主题就开始不知所云漏洞百出,1,十月围城
再次證明香港電影在這二十年間都沒有進步到,1,十月围城
"不推荐去电影院看.不够,电影的气场不够,点与点连接有够断裂的,情结总调动不起应有的感同身受",1,十月围城
。。。没看懂 俩文件命名反了。。先看的CD2，就看到各明星轮流出场一遍，不知所云 PS春哥真爷们。~,2,十月围城
谢霆锋让我刮目相看，李宇春表现不错，甄子丹演打俱精，王学圻水准依旧，黎明十分雷人，但是败就败在这片实在太端着，煽情过头，梁家辉演的那个主编让我很讨厌，角色设定太失败了，胡军（我觉得是导演想要隐晦的表达什么意思）。另外我以为国父最后不会露脸，结果突然一听声音，就知道：哇，张涵予嘛。,2,十月围城
各種兵種九陽神功、放毒暗殺華山論劍！！！偽大的孫已仙！！！！呃，再加一句，巴特尔YOU GA，無敵！！！！！！！,2,十月围城
失望！,2,十月围城
只能说是有点失望 故事太散 既然是虚构故事 就至少应该经得起推敲，毕竟讲的是现代史 至少要靠点谱。抱着希望去看，但并没得到一份满意的答卷。煽情的有点过于用力，总体来说围城是创新但没带来突破,2,十月围城
"54,55,56,57您的表真准...",2,十月围城
真够2的。。,2,十月围城
我男人就喜欢看噶么弱智的,2,十月围城
每一个细节都流露着做作。,2,十月围城
深深被骗，毫无逻辑,2,十月围城
如果革命就意味著犧牲，那麼如何決定該由誰犧牲？,2,十月围城
- -平衡感不好的人就别看了,2,十月围城
这个片没有传说的那么好吧，感觉太松散，像是拼起来的一部电影，没什么新意，基本上所有的桥段都在我的想象之中,2,十月围城
最不看好的甄子丹反而是里面演得最好的，其他的假的要命,2,十月围城
这一星是为了这么多人给四星 误导我来看 太失望了 太假了,2,十月围城
我妈妈那么容易被感动的喜欢看国产红色电视剧的中年妇女都觉得整部电影烂煽情瞎胡闹没编圆。。。猫头耗子尾，还真没有人三枪有诚意。。。这部才叫枪手多好不好。。。,1,十月围城
丫不就是要打五十分钟吗？何必搞得那么深沉。。。如果是老港片还可以容忍，为了未来中国的美好，看来屁民都应该死，因为这叫革命产前阵痛！天雷滚滚！！！,2,十月围城
Trash is even better than this shit!!!!,2,十月围城
非常有笑点的片子，堪称建国大业姊妹篇,1,十月围城
只听冰冰对老甄说：“他是你女儿的爸爸”。只见春哥丢一个雷神说：“我饿了”。天雷滚滚，不过如此。,1,十月围城
垃圾，比三枪好点。,2,十月围城
烂得咧,2,十月围城
20091231 北京百丽宫影城,1,十月围城
明星混搭，故事羸弱。,2,十月围城
镜头就在那晃啊晃。。。。我已经看破这种空洞的以历史做盾牌的电影了。,1,十月围城
大家对这个无聊片的评价怎么会这么高。。。这个电影每一段都透露着严重的陈腐气息，非常无聊非常无聊。可能是好片吧，我不知道，我只知道太无聊了。。。。,1,十月围城
"如果不是背后拍摄够艰辛,谢霆锋真的感动到我,我一定不给星!",1,十月围城
甄子丹的片都是这样的啦，有什么好看的,2,十月围城
必须死的变态点才感人,2,十月围城
动作戏极少又虚假，失败；感情戏牵强又没完没了，失败；剧中所有人站成一排挨个流眼泪，失败；剧情每2秒一个漏洞，编剧脑子里进屎了还是怎样。整部电影烂到我快要掩面泪奔了（虽然又不是我拍的，不明白有啥好羞愧的，可能作为中国人都觉得难受吧），不要怀疑，就是烂到如此地步。,2,十月围城
片子的矫情主题让我给了它低分 但霆锋的演出很惊艳 ,2,十月围城
本来三星电影，因为春哥给两星。太无敌了，春哥死的时候我笑得根本止不住……加一句，好题材，但是不好操作的题材，民主革命之类的东西，里面弄得太虚伪了……,1,十月围城
信春哥得永生,2,十月围城
众多实力及非实力影星及非影星加盟……真真是个“型不散而神散”！！！,2,十月围城
何力舟吵着要看 不好意思给一星,2,十月围城
革命往往沦为投机分子欺骗别人为其卖命的工具，更别说这种电影里明摆着的假大空理论，中国革命电影的理念60年没进步。,2,十月围城
介就是一个戏剧……黎明是最大的笑点！,2,十月围城
剧情太恶心了。革命太恶心了。,1,十月围城
唉，不是打斗场景拍得太伤人，抒情场面煽得太过火，我应该会友情给出三星的了,2,十月围城
敢问...谁能把情节编得更sb一点............,2,十月围城
跟你一起打发时间去看的，很无聊的片子,2,十月围城
整体氛围还凑合，情节真是天雷地囧，弱智到家，东一榔头西一棒，春哥秀一段啊小谢秀一段，丹哥打一架啊黎明打一架，还要给每个人编一段痛苦难忘滴过去，只可惜实在是太浅太假了，这哪是搞革命，根本是帮派争斗嘛，真是难为一大帮明星还演的激情四射的，我只看得嘴角抽搐。,2,十月围城
又是一部大星云集不知所云的片子。连巴特尔李宇春这么大的大牌都请来了。一次死一个人，死一个人字幕一次名号祖籍生卒年月，以证明这是根据历史上的真人真事改编。,2,十月围城
为什么我觉得这片相当弱智，这次终于被豆瓣的打分给雷倒了,2,十月围城
这根本不是好看不好看的问题，是看得恶心不恶心的问题...,2,十月围城
乞丐好帅，王学昕眼神渗人！,1,十月围城
拖沓，拖沓啊……,2,十月围城
导演脑残,2,十月围城
让领导先走,1,十月围城
枪手真多~,2,十月围城
又難看又幼稚。黎明搞笑能力太強了，導演怎麼煽情都盖不住,2,十月围城
现在不少国产大片在很多细节处理上堪比低成本肥皂剧，真实感大打折扣。片方把大量的功夫花在预告片和广告上，有些演员就像在演奥特曼，幸好我有定力没被噱去电影院,2,十月围城
恶心的商业片模式 的标杆。十足的才艺展示舞台。,2,十月围城
不敢说很差，毕竟是2009年国产烂片中唯一两部中等水平影片（另一部是《风声》）但就春哥出演这一道，也最多给它两星了。听说大江南北所有影院，只要春哥一出场，全场观众都笑场向他致敬。,2,十月围城
矫揉造作 陈可辛对《甜蜜蜜》的过分夸张的自我反省也没有证明这部“真实纯粹&#34;有多了不起 跟王朔学的吧？！,2,十月围城
明星云集大走秀：样式华丽，内核苍白。坑爹坑友坑群众。,2,十月围城
为什么这帮嗨逼要帮一个素未谋面的政客？这个主题是给谁舔屁眼呢？,2,十月围城
我必须得承认 我根本没心在看 但是也不想重看 更不想看完  觉得 么啥意思  现在唯一占据我心里的片子就是CRIMINAL MIND 别无它片,2,十月围城
原来豆瓣里也有脑残，这样的电影，评分这么高。,1,十月围城
太造作，太煽情，太老土。,2,十月围城
说真的，眉毛胡子一把抓，弄入很多元素，什么都没有，看完洗洗睡了，唯一是想看谢霆锋的，可是弄得不帅，幸好演技不是太懒呢,2,十月围城
看的人气愤死，我说，就不能下车跑的啊，非得呆在车里，一个个活靶子，奇怪还能跑那么长时间。。。,2,十月围城
平庸，叙事算流畅,2,十月围城
有说好片的，有说烂片的，反正我觉得一般。,2,十月围城
这个电影是垃圾，理想主义是另外一回事...,2,十月围城
赋予一点自以为是的革命意志，其实还是个好简单的故事,2,十月围城
除了各種撒狗血之外，國家認同似乎是華語電影一直以來的外衣，其實還可以更好。如好萊塢往往將國家認同作為影片核心精神的部分，是非常好的國家宣傳。,2,十月围城
中華人民共和國建國60週年推出的香港觀點（又能打入內地市場）的主旋律電影，示範著如何把香港刻板印象的「商人」性格，放入以「革命」、「犧牲」為命題的平民英雄、民族主義電影題材。,2,十月围城
唯一亮点是小谢,2,十月围城
没见过这么次的电影。给一颗星都是抬举它。,2,十月围城
超级烂片,1,十月围城
disgusting,1,十月围城
剧情怎么这么2,1,十月围城
再次对香港电影无语。剧情没一点逻辑性可言，人物表演的太戏剧，一点都不自然。不过影片有一点是对的，革命家的话，可真是不能信。,2,十月围城
不说大义，单从电影的角度讲，情节场面拖沓混乱，堆叠明星，人物脸谱化，大多演员的表演稚嫩做作。归结到导演功力一般。,2,十月围城
...,2,十月围城
难怪黎明要死要活，原来那个女的是李嘉欣,2,十月围城
几个搞传销的忽悠了一群人去打闯关游戏 所有煽情段落都忒假 ,1,十月围城
我看到一半就笑了...小师傅的那句“迷你版建国大业”果然是经典的评论。太雷了太雷了，什么民主啊自由啊新中国，全是在扯淡。大家一出场就是一心要去死了不是，编剧很狗血嘛。大家表打我，我是真的觉得这也只能煽动煽动在逆境下被压迫太久的国民，让大家有个抒发情绪的渠道，避免大规模骚乱= =,2,十月围城
我真的找不到让我再加一颗星的理由。这两星一颗是给个别演员（如谢霆锋、王学圻、李宇春）的，另一颗是给道具布景灯光的。黎明、梁家辉两位重量级拉分人物以及这个破编剧破武指都是我实在没法加星的理由。娘的我怎么会之前看重这个片子，没节奏没剧情全是现在看来很无力的大道理！陈可辛你伤害了我~~,2,十月围城
春哥……,1,十月围城
春哥！,2,十月围城
這片有這麼好么？我怎麼覺得是滿矯情的呢！不過至少驗證了一點：春哥純爺們兒！！,1,十月围城
神马J8玩意儿,2,十月围城
本来是可以给三星的，但是着实不见不得这么忽悠法，8.4分？！变脸、落水狗豆瓣也才8.2分，昆汀无良杂种8.3，段位差的不是一星半点了吧？,2,十月围城
在电影院看，仍然觉得非常差劲的电影。服了。,2,十月围城
好在哪呢？,1,十月围城
什么J8玩意儿,2,十月围城
拼命想煽那个为革命抛头颅洒热血的情，可一点都打动不了人。,1,十月围城
。。。太悲剧了 幸好没去电影院看,2,十月围城
节奏感的匮乏毁了一部本应该蛮好的片子,2,十月围城
原谅我，对这部电影真的没有一点好感，怎么会觉得看不下去呢？哎……春哥也吸引不了我啊,2,十月围城
对于某些东西，我很无奈，牺牲的总是那些盲从的，随手指点说几句，就成功了~~,2,十月围城
王柏杰死太冤扣一星,2,十月围城
我想睡觉··,1,十月围城
披着历史外衣的垃圾片,1,十月围城
巴特尔是亮点 本来打3分的为了拉低虚高的分打1分,1,十月围城
老戏骨也治不了拼凑硬伤。,2,十月围城
这片子枪手也太多了吧,1,十月围城
烂。,2,十月围城
当初怎么会有人说非常好看的（也许因为他们都没看过好电影）……还是对动作片没感觉，但对革命题材尤其是孙中山比较有兴趣。ps我应该看完这个再参观孙中山故居……,2,十月围城
为陈可辛等人的营销策略打星,2,十月围城
根本不能坚持看完，看的烦死了，李宇春还是那么丑。,2,十月围城
假的,1,十月围城
在革命这样的大背景中，难得地对普通人有细致的刻画，高昂口号下庞大的死亡数字并不仅仅是数字而已。对革命本身的利弊没有做探讨。中国影片的常见问题：对人物英雄化或恶人化地简单处理，在这部影片中仍然是存在的。人性远比这复杂的多，这也是需要对革命情怀十分警惕的原因之一。有些台词太生硬。,2,十月围城
革命就是请客吃饭，革命就是坑蒙拐骗。,2,十月围城
有什么了不起 看不下去的电影 但也有片刻感动，女主角不存在，范冰冰和李嘉欣好大的花瓶,1,十月围城
我对此片真的无爱，流水账式的剧情，大牌如行云流水般飘过~,1,十月围城
"1，好多bug…,2，一帮人都没闹明白怎么回事就乱打乱杀，跟长安乱似的…,3，《战神》《忍龙》神马的玩多了表示此种做任务+打boss模式都是浮云。4，这就是“让领导先走”的根源吧",2,十月围城
看过后影片我产生了一个疑问 想知道那些义士临死前脑中到底有没有搞清楚自己所保卫的是什么 难道这就是所谓的革命？“没有流血不能算革命” 那么流血的人是否知道自己是在为革命流血呢？很多时候中国的电影站得太高 试图从很大的角度去宣扬主旋律 而我认为电影好不好看完全与此无关,2,十月围城
谢霆锋和老头子演的好,2,十月围城
bodyguards &amp; assassins是个很好的英文片名~,2,十月围城
期望很大 失望更大 ,1,十月围城
不知道为什么要拍这么一部电影,2,十月围城
内容空洞，徒有其表,2,十月围城
讨厌甄子丹到无以复加,1,十月围城
昨天晚上打了四星，结果老子晚上失眠，越想越经不起推敲，改成了两颗星。,2,十月围城
孙大炮很麻烦,1,十月围城
看不下去,1,十月围城
1.其实是个武打片 2.王学圻老戏骨，整个片子的灵魂所在 3.片尾说“辛亥革命成功“？？这历史是体育…场看大门的王大爷教的吧？4.为啥我一直以为是陈可辛导演的，我还想陈可辛怎么拍出这么烂的东西来,2,十月围城
黎明那段可以把及格的分数扣光,2,十月围城
明星model队集体打酱油。少爷和小四有奸情。黎明哥你得罪字幕组了么？,2,十月围城
一堆人抢着为一个人死的故事，太难看了,1,十月围城
前面铺垫拖沓 结尾为了悲剧而悲剧 早就可以一枪崩了反派 为了剧情强行续命 电影终究是电影 围观吃瓜群众只有模糊人像,1,十月围城
阴谋和抵抗是现实的，然后一切都魔幻了.... ,2,十月围城
居然常用标签还有  感人…就一大烂片！,2,十月围城
很会煽情的电影~但是太多东西经不起推敲~幸好不是去电影院买票看的,2,十月围城
春哥,2,十月围城
这样的片越少越好,2,十月围城
那年在新中关金逸看的 只记得李嘉欣很惊艳 貌似有范冰冰的样子,2,十月围城
影片侧面虽对英雄主义带有过多的褒扬，却也反映出对基本生存之权的极度莫视，而对于该场革命的立意与态度，又企图用一句“欲求文明之幸福，不得不经文明之痛苦”来挽回，失败！演员阵容非常“庞大”，人物关联一塌糊涂，逻辑混乱，情节牵强。唯一值得给两星的原因恐怕就是那不甚精彩的动作部分了,2,十月围城
没逻辑没point，只有一堆大牌和笑点,2,十月围城
越看越反感革命这个词，和拆弹部队一样的主旋律片，一个是尽力让人活下去，一个是鼓励人去牺牲，高下立现,2,十月围城
支离破碎,2,十月围城
看到春哥我就笑场了。。。,2,十月围城
片子尚算能看，但是能不能把人物塑造的雪薇reasonable一点点？,2,十月围城
所有人物的出场。好笑极了。这是为什么为什么。,2,十月围城
我实在是看得吃不消，看完头痛得要死,2,十月围城
长发黎明+刀疤霆锋+少林巴特+雷人春哥=一锅粥,2,十月围城
为什么要这么高调的仅仅为了开个会呢？与会者不能上船吗，干嘛非得劳烦孙先生亲自上岸呢？死了这么多人，就是为了凑一部电影吗？这部电影哪里好啊。。。,2,十月围城
少男少女竟是革命的粉丝~~~,2,十月围城
很白痴。。。。,2,十月围城
全程尿点……,2,十月围城
一颗星，给阎孝国的忠勇。 ,2,十月围城
情节安排没有创新，几个角设不大正确。不指名几个演员的演技真的太生嫩或者没有达到电影的水准。当然片中仍有几个亮点场景。谢霆锋的演技是越来越棒了。总体进步空间仍非常大。中肯评价。,1,十月围城
这种垃圾片子居然还在澳洲公映了   丢人还丢到海外来,2,十月围城
太违背人性,1,十月围城
国产雷片又一只。。。,2,十月围城
烂,2,十月围城
20,2,十月围城
当喜剧片的话，我给打2星。,1,十月围城
作为一部商业片，凑合着在电影院能看完，但出来后一想，挺可笑的。。。当然最好是不花钱白看，那肯定不亏,1,十月围城
既然故事是假的，就别弄上人物生卒年搞的整件事真真的,2,十月围城
让领导先走。,2,十月围城
革命啊多少cult片假汝名以行！！！！！,1,十月围城
群英会。悲剧太刻意，不标准的普通话很膈应，难以投入情节。范冰冰美。,2,十月围城
没看过，围你妹,1,十月围城
做作 只看了四分之一,2,十月围城
其实这个片……是为了抹杀GMD的吧0  0我想看畅快的武戏啊武戏,2,十月围城
典型的大牌堆砌的商业片，就像那种群星合唱的歌曲一样，每个人几分钟，歌颂祖国歌颂人民。,2,十月围城
蛮巴额。。,2,十月围城
欣赏不了,2,十月围城
再次被豆瓣给欺骗了,1,十月围城
太扯了，就为了开个会……孙文勇闯冒险岛,2,十月围城
前半段我就抱着爆米花睡过去 后面能让我清醒的也就是血腥的镜头以及身边的那位可爱小姐了,2,十月围城
彪呼呼的，还十年磨一剑呢，啧啧……,2,十月围城
我不喜欢这种催泪片，不喜欢。,2,十月围城
真是看得蛋疼啊，后半段直接天天酷跑，连往哪跑都不知道，一路的慢镜头，个个呆傻蠢笨的表情。也不知道看得哪版，国粤混杂无力吐槽。。。很多人物塑造也是毫无章法的混凑背景做作深度，就像硬逼着完成作业一样应付交差，总之是昏昏欲睡，一点也没看进去。。,2,十月围城
甄子丹等于一星。,1,十月围城
http://www.douban.com/event/11348989/,2,十月围城
死光吧,2,十月围城
"演员很做作,剧情很扯淡,逻辑很混乱",1,十月围城
看完就忘了,2,十月围城
有了民族大义国仇家恨这个民族原教旨主义万艾可真是救了不少操蛋的导演。 除了2个多小时拖泥带水又臭又长的情节，生搬硬套莫名其妙的国仇家恨，话剧式的拙劣表演和口号式的台词之外，就剩下的是一群仿佛被传销洗脑的人为了个根本不靠谱的人送死，拉都拉不住。 你信么？我是不信,1,十月围城
大烂片,1,十月围城
春哥v5,1,十月围城
为毛大家都喜欢看？我真理解不了 也许我真的不懂历史 但是我想知道被篡改 放大 主旋律化的历史有什么看头,2,十月围城
抄袭《上海滩十三太保》。无耻！！,1,十月围城
难以想象啊，这么多实力派凑一起弄这么一出来。,2,十月围城
名不符实，陈可辛的价值观有大问题。,1,十月围城
还挺像那么回事的,2,十月围城
热血 革命 但是逻辑在哪里 堂堂孙中山身边连个拿的出手的人都没有枪都没有 资产阶级的革命难道是靠黄包车司机？ ,2,十月围城
感觉是《建国大业》的翻版,2,十月围城
仪式……,2,十月围城
哥一点不觉得好看 从头到尾就是扯淡。春哥都能挂，巴特尔成筛子了也能满血复活？范冰冰居然没床戏！跑酷就10秒？浪费哥2小时时间,1,十月围城
搞得这么辛苦 死了这么多的人 就是为了民主 现在不照样被窃国,2,十月围城
没啥大意思，最烦就是为了保护大人物牺牲无数小人物。,2,十月围城
就是把MJ请来，还是烂片。一块快掉下来的烂墙皮。,2,十月围城
拜托不要抄袭圣斗士星矢..,1,十月围城
低级噱头十足，年度第一烂片,2,十月围城
太烂了。画面质量太次了。简直像看盗版碟,1,十月围城
国产粗制滥造大片。,1,十月围城
嘛玩意儿啊,2,十月围城
"- -  我實在看不出什麽亮點,原諒我悟性低",2,十月围城
真服了那些5星党了,1,十月围城
剧情完全经不起推敲，没想到春哥的戏份还这么多。。。又是一部不敢看完的片子,2,十月围城
春哥的出现也改变不了这其实是烂片一部的事实...,2,十月围城
真不喜欢这种基调的片子，某锋演技还是那么烂,1,十月围城
过了这么多年来看，真的不怎么样。配乐尤其难听。冗长，情感甚至都做到了零分，俗气的要命，尽是男女情事背负，糟糕透顶。不能打着爱国的情怀，就是好电影。,2,十月围城
纯属搞笑片,1,十月围城
拍这么辛苦浪费精力浪费钱！撇开历史且不论，编故事都编不圆。道理总是越简单越深刻，什么都想说就什么都说不好……一亿投资不如拿来救济老百姓！,1,十月围城
陈可辛的确是KING OF 脑残。,2,十月围城
真是没必要看,2,十月围城
小儿科,2,十月围城
如果说这样一部粗制滥造的片都能有这么多人叫好，实在对国民观影的前景堪忧,1,十月围城
靠，愤青领导傻子，天下最后还不是我天朝的。,2,十月围城
无聊的片子,2,十月围城
开会害死人。,2,十月围城
靠，不是吧，三枪看多了吧，给五星的都是该片宣传团队的吧,2,十月围城
假崇高，真煽情，香港导演一学内地导演的主旋律，就什么都玩完了，唉，革命哪能如此简单。,2,十月围城
简直不可思议这篇居然还有8分。,2,十月围城
如此之烂，竟然被迫看了两遍！,1,十月围城
故事挺好，儿子被插死的时候老婆都哭了。看完了就一个劲和老婆分享这个会议开得多么失败了，简直就是气死了。多么光明正大的会议啊，简直就是要这么多人去送死的嘛。编剧应该去看看“风声”，一点保密措施都不做，开个屁的会议啊，简直被气死了,1,十月围城
是我有问题，还是别人有问题？,2,十月围城
不知所云。,2,十月围城
我看的是普通话，粤语混合版，一会粤语一会普通话，而且是一个对话场景里的，直接影响了观影效果。。。。另外，这个片真的非常一般。。。。里面的煽情煽的太假了！,2,十月围城
之前看过 《收获》上过于此片的幕后故事，被感动，所以期盼了很久。在上映之前豆瓣就有很好评，看来有好多是托儿呀。不过演员都是很不错的，除了黎明。,2,十月围城
"没觉得哪里好看,谢霆锋演的真撒比,这个角色换谁演都可以",2,十月围城
"本来想给5颗星.看完后只给得出两颗..一颗给春春,一颗给霆锋..剩下四颗让编剧吃大便去吧!",2,十月围城
只有预告片好看而已。。。,2,十月围城
"毫无感动可言,不是孙中山说什么错了,是导演拍的烂!浪费那么多大牌",2,十月围城
尽管有些武打效果还好，但是故事和情节太白痴了。简直就是个搞笑片。,2,十月围城
王学圻和春春值这颗星，别的没了。煽情煽的太难受了，不是难过是被编剧和导演憋曲了我两个小时。,1,十月围城
很不咋地，而且每个人都演得好做作,2,十月围城
以为是一部带有强烈历史使命的传记型电影，开始的确给我们这种感觉。后来发现原来是狗血剧情片，片尾更是出现了功夫中一挑群的场景，靠着一把扇子。,2,十月围城
没什么大缺陷  编剧脚踏实地 导演也用功 动作设计也算精彩  但是~~~你是拍电影 不是他X人教社写教材   丫们哭了这么多年  还没哭够啊~~ 这套路实在恶心的我哟~~~~哎  不说了,2,十月围城
就看着一堆明星了……,2,十月围城
香港电影的高水准不该仅仅如此,2,十月围城
春哥的存在让这片成了喜剧。火车上看的。,2,十月围城
太他妈的血腥了，都给我整哭了！差评！~,1,十月围城
片子拍的搞笑,1,十月围城
唉，看這類片都沒感覺了。,2,十月围城
真TM有够长的,1,十月围城
什么狗屁电影！,1,十月围城
春哥帅呆了。最开始还以为是演《战无双》的那个女的，看完电影看影评的时候才知道真的是春哥。,1,十月围城
看过,1,十月围城
动作 烂片 ,1,十月围城
冥冥之中自有巴意,2,十月围城
给黎明老师一个星儿，给王学圻一个星儿。好了,2,十月围城
装 继续装,1,十月围城
可怜阎孝国，大炮孙中山。,2,十月围城
"真的像过关打boss一样......烂到不行....李宇春,我操....使得这片更加恶心!!!!!!",2,十月围城
真的觉得不好看。,2,十月围城
太tmd烦心了,2,十月围城
剧情太狗血,1,十月围城
谁让它碰上了我 看不进去电影 的时间段呢。。,2,十月围城
这2星，一颗给甄子丹，一颗给他女儿，只因有人说我像内个小萝莉。空出来的三星送给编剧，你可以自刎以谢天下了。,1,十月围城
能请个专业配音么。什么玩意儿。,2,十月围城
让领导先走,2,十月围城
看了此片，我知道豆瓣已被收买,2,十月围城
比淚王子還糟，快進+睡著,2,十月围城
香港弹丸之地，重大的历史事件固然不多，本故事以小见大，平凡的人物肩负着艰巨的任务，实为不错的主题！但故事的叙事方式以及人物选择均有问题，演员演的也十分的一般，没拍出故事当天极其危险刺激的感觉，唯独春哥的表演成了整部片子的唯一亮点，巴特尔、黎明的角色的表演纯属搞笑扯淡！,1,十月围城
只注重演员阵容，没有内涵，为何会有如此多提名，真是震惊。,1,十月围城
草菅人命,2,十月围城
第一部去电影院看的电影（小学初中学校组织的那些就算了吧），当然，我是个灯泡,2,十月围城
不太喜欢这样过于简单直白，近乎泛滥的情感表达方式，没有思考回味的空间。而且不能接受直接为了一个人死这么多人，很直观的人命不平等，救世主是为人们死的，而不是人们为救世主而死。,2,十月围城
除了人多，小故事多，真没什么优点～,2,十月围城
真是一流的烂作,1,十月围城
很多情节累赘,2,十月围城
搞笑片儿,2,十月围城
也是长途车上看的，除了斗殴砸东西摆pose还有啥...,2,十月围城
我草！这是电影么？扯的太远了吧？意思就是没春哥就没新中国？,2,十月围城
烂片一部，主旋律产物,2,十月围城
给最后孙中山的话,2,十月围城
这哪里是在革命，完全是在造孽。,1,十月围城
我真想给这部片子打个0分 历史上孙中山先生确实认识很多绿林好汉 他们是值得尊敬的 我打心眼里敬佩他们 敬佩那些为国家 为革命 抛头颅 洒热血 不怕牺牲的先辈们 但这片子从头到尾都是流水账 人物内心描写肤浅之极 简直是浪费时间 以后还是默默的尊敬革命先辈吧 别搬到荧幕上来了,2,十月围城
骚瑞，真不喜欢。。。。。,2,十月围城
多烂的片啊~~~,2,十月围城
一点没被感动，实在是太难看了，为啥受到这么多人追捧？让领导先走，牺牲那么多平民百姓的生命？浪费我一通宵。里面周韵和小谢是亮点，在这样的年龄和阅历之后，还能有那么羞涩和腼腆的笑容实在是太意外了。他俩各占一星。,2,十月围城
要面面俱到，但是没有一处痛快，黄包车也向爱森斯坦致敬了,2,十月围城
八名义士们你们统统都是好样的！！！我想说：我们的老百姓才是最可爱的人！！！他们的死赚人热泪，可我们却无法铭记他们！！！不信我问你：巴特尔演的小贩叫什么？别说叫臭豆腐，什么，你连臭豆腐都不记得了？天，人家拼死命也要喊出真名，可却没人记得？双陈你们塑起的不过是座无名英雄纪念碑！！！,1,十月围城
居然烂成这样,1,十月围城
做作的垃圾,1,十月围城
不知道豆瓣为什么会评分这么高？明明情节及演技都幼稚粗糙得狠。也许人是有逆反心理的，特意再减掉一个星，以示抗议,1,十月围城
除了王学圻 谢霆锋演技以外我觉得本片毫无亮点 春哥霸气登场除外,1,十月围城
悲情的线性叠加,2,十月围城
香港人拍的主旋律。。。。。,1,十月围城
|《英雄》再版,2,十月围城
三地烂片拼盘...,2,十月围城
不知道打五分的人为什么这么多。这哪是刺杀，简直就是屠杀，就差直接派军队了。,2,十月围城
妈的我年幼时真是傻逼，竟然曾给过3星！,1,十月围城
这样的片怎么有8.0……,2,十月围城
两颗星，只给伟人孙中山和所有捐躯的革命党人。电影一颗都没有。,2,十月围城
这片子枪手不少,2,十月围城
本来是唱歌的人 结果碰到安全检查。无奈改看电影。。。额。。然后把我看睡着了。。,1,十月围城
制作比较粗糙，为所谓的民主值得这样嘛,2,十月围城
典型的--平庸---中规中矩--作品,2,十月围城
呵呵 为什么看到甄子丹就提不起兴趣了...这片子在故作深沉么...看得我好无语...你说先烈用鲜血染成的中国的明天，可中国人歪曲成这样，会不会气得从坟墓里跳出来？,2,十月围城
太造作、煽情了，甚至到了血腥的地步，几百个人狂插一个人还插了十几秒？只有生化危机才会有这种场面！,2,十月围城
春哥居然没有永生,1,十月围城
看吐血了,2,十月围城
我擦！这个破电影居然可以拿那么高的分，豆瓣没救了。如果革命党人各个那么笨，斗得过老佛爷才怪。国父哪有那么装逼的，带着白帽子到处招摇，嫌自己目标不够大么？！陈少白找一个笑星来演，关键时刻掉链子。整部片子煽情严重煽过头，剧本软得不像话。还不如他妈的建国大业呢。,1,十月围城
烂,1,十月围城
建立在空洞民主之上的武打娱乐片,2,十月围城
中国电影就是不靠谱，那个情煽的,2,十月围城
这剧情和逻辑......我实在说不出好，虽然拍得那么用力那么用 ,2,十月围城
我怎么觉得这片这么二啊！！！！！,2,十月围城
革命的名义下，一切都是炮灰！,2,十月围城
对这种用人海战术，一通乱打的电影没有任何好感可言,1,十月围城
哪好看了？ ,2,十月围城
无任何惊喜,2,十月围城
我怎么就那么恶心影片里弘扬的价值观呐，呸，恶心！,2,十月围城
烂,2,十月围城
价值观不和。我现在觉得，当你认识到自己没能力掌控一切的时候，最好不要被理想主义的口号煽动，因为他们说的和做的大多不一样，被煽动者大多被卖了还替人数钱。,2,十月围城
哼。,2,十月围城
可能题材问题 个人不太感冒,2,十月围城
原来高富帅也能给屌丝喜当爹,2,十月围城
真够雷人的,2,十月围城
其实挺无聊的 黎明好雷好雷好雷 小谢每次都用脸抽筋来煽情 巴特尔只要一站就抢到戏了,2,十月围城
主题还不错其实,2,十月围城
爱国主义妙用无穷，不仅可以制造革命，还可以制造票房。good！&lt;十月&gt;比&lt;风声&gt;高在立意上，后者牺牲小我解救的充其量也是小我(组织)，&lt;十月&gt;解救的是国家。&lt;十月&gt;比&lt;建国&gt;高在选题上，后者只能国内称霸，而&lt;十月&gt;可以两岸通杀，孙中山简直是两边在领袖认同上的最大公约数了。今年恰巧,2,十月围城
不太好看，奇人异士争先恐后去死，铺垫不少，但回到了武侠片小格局，想说政治又没真实感。跟陈可辛上一部《投名状》的气势恢宏无法比。,2,十月围城
全体被打死了,2,十月围城
电影里喜欢巴特尔和黎明~,2,十月围城
我看电影的时候玷污了一个纯洁的人，所以这部电影就没光彩了,2,十月围城
春哥一出现，悲剧变喜剧。,2,十月围城
我无比讨厌陈少白这个角色!假惺惺!比反动派还假!,2,十月围城
春哥你演的好爷们！！！！纯爷们！！！！什么垃圾电影啊完全不懂它存在的意义。全明星阵容也掩饰不了垃圾片的真实身份。我就是从这部电影开始对华语电影绝望的,1,十月围城
有必要拍得这么动作这么血腥么？有必要连跑龙套的都用大牌么？有必要把张涵予的脸弄得跟糊了一层壳子似的扮孙文么？有必要也用白烟慢动作和慢节奏音乐来营造暴力美学么？ 木意思啊木意思,2,十月围城
导演的政治素养让人受不了,2,十月围城
不知道为什么不喜欢,2,十月围城
一般般，有些情节是刻意为之，比如甄子丹的大量打戏，催泪点有煽情，没太多真情。又用群星策略，严重消减了故事本身的力量。,2,十月围城
不符合逻辑的电影。陈可辛败着哒。,2,十月围城
为什么我不喜欢....从头到尾都是打架的和看打架的。国产片就是不入眼....,1,十月围城
电影院里有人在哭，有人在笑,2,十月围城
从本片及阿凡达评价发现本人已脱离豆瓣群众了。,1,十月围城
本来拍得算“大片”里很不错的，就是名角忒多忒集中，彻底把我搞囧了，妈妈的，一个片子里有一两个名角就够了，搞那么多大联欢啊，fuck,2,十月围城
难怪革命会失败,2,十月围城
影片只能说一般，之所以被很多人评为今年贺岁档最好的电影，原因有三：一是上映时间选得好，《阿凡达》之前上映；二是今年贺岁档的电影实在是垃圾得很；三是乃忠义之题材，这个是中国人骨子里的东西，正如鲁迅先生所说：中国人只有两个时代——做奴隶的时代和做奴隶而不得的时代。,2,十月围城
又是一步众星捧月的所谓大作，可整部剧实在没有觉得有什么靓点之处。老套而无悬念的故事情节，假到让人不想再说它很假的敌我面对抗……整体真的比较一般,2,十月围城
硬是想催泪 硬是没催出我一滴泪,2,十月围城
从革命意义上来说，应该打个五星，但从电影欣赏的角度来说，真的很差，打2星都已经侮辱了大家的智商。这个片子有一个很大的特点，群众演员很淡定，闹市中一片混乱，群众们波澜不惊，乱箭射去，屁事没有，有枪不用，活该挂掉，乱刀砍去，强悍不死，情节拖沓，奇烂无比。,2,十月围城
寒假看了三天，才看完的，实在坚持不下去呀,2,十月围城
有点奇怪,2,十月围城
烂片,2,十月围城
演员好，本子不好。,1,十月围城
我不明白为啥超过80%的人认为本片有四星以上水准。在我看来，这完全是个故事SB，表演诡异，桥段恶俗，装B十分的电影。文戏拖沓冗长，武戏莫名其妙。乞丐死的时候，心说，他别看到他女人了，靠，还真一点不意外。NND，你玩一次也就算了，甄子丹挂前也幻视。烦不烦那！！,2,十月围城
不知所以,1,十月围城
几度看不下去，太做作了。,2,十月围城
不是我好的,2,十月围城
要是从武打的场面来讲，好吧，给的4分；要是从历史和表达情感来讲，2分都嫌多。孙要是死，中国说不定还好起来了,2,十月围城
都要起义了，难道都弄不来几只枪吗？最后带着手枪是摆设的？,2,十月围城
