最喜欢海棠和归海一刀了，居然是个悲情结局  orz  另，飘絮也很漂漂~,4,天下第一
归海一刀和上官海棠这对CP至今想起来还是dokidoki,4,天下第一
诶呀一刀和海棠很有爱。,4,天下第一
实在太喜欢上官海棠和归海一刀了，高圆圆又演这种大坏人,5,天下第一
王晶的作品总能找来一堆明星。当年看这部电视剧印象最深的是黄圣依那个角色特别美，可惜戏份很少，那时的高圆圆还没有现在的女神样呢。还有上官海棠和归海一刀这对很喜欢，可惜这对又是be，唯一he的一对就是成是非和郡主了,4,天下第一
最喜欢天涯的两段爱情。尤其是和黄圣依饰演的柳生雪姬的那段。黄圣依太美了，但戏份都是活在回忆杀里。两姐妹都为爱而死，妹妹飘絮也无意中走上了她姐姐的命运，在东瀛的背景音乐真好听。李亚鹏的段天涯充满了男人的风度，也怪不得两个女人先后对他倾心！,5,天下第一
一刀和海棠，心中的执念，很经典的武侠片，剧情不水，可惜现在没有这么厚道的武侠片子了。,4,天下第一
当时被一刀和海棠的感情感动的不要不要的，还有就是从这部剧我还get到了刘松仁老师。当时简直就是狂热了。可以说也是武侠电视剧的经典了。,4,天下第一
叶璇的海棠真的是男装帅气女装漂亮，她和一刀也是执念啊，成是非和云罗郡主，这对很有趣，承包全剧的笑点。其实神侯也是痴情人啊，为了素心真的做了很多，最后的结局也是让人吁叹。很不错的剧，比起现在的剧真的算良心的了,4,天下第一
小时候非常喜欢看的武侠电视剧，喜欢天涯和海棠，还有成是非，结局真没想到神候居然是最后的大boss，朱无视隐藏得太深了😓，为海棠的死感到痛心，没想到朱无视如此心狠手辣，他对素心的爱太可怕了，最后被天涯一刀联手击败，真是可悲又可恨,4,天下第一
特别好看，当时和哥哥姐姐一起追的这剧。真没想到里面很多人都成了大牌,4,天下第一
上官海棠是真的帅，故事也很感人，成是非和郡主负责搞笑，但是他们的故事也有让我想哭的地方,4,天下第一
现在看来这个演员配置也是很厉害了，叶璇的男装真心潇洒风流，高圆圆、黄圣依在里边也是特别美，可惜没一个结局好的也是醉醉哒了。,4,天下第一
就是看了这部电视剧迷上了电视，剧情扑朔迷离：天涯的2段爱情，海棠和一刀的爱情，一刀的身世，郡主的死亡，神侯的黑化……很爱的一部！,4,天下第一
哎呀呀真的好喜欢叶璇的上官海棠，特别英气，男装特别帅，里面成是非跟郡主挺逗的。也有反转，最后发现神候是大反派。,4,天下第一
简直暴露年龄的剧，😂不过真的很好看，就是结局不满意。太悲惨了😔,4,天下第一
叶璇的男装真的惊艳到我了，相比男主那一对，我更爱一刀和海棠,4,天下第一
当时好喜欢归海一刀和海棠的故事啊 我对于每个爱而不得而又苦苦暗恋的人都很同情 虽然最后海棠选择了归海一刀 但是最后她还是死了 唉 太可怜了 ,4,天下第一
哎 这部剧粉了叶璇 霍建华 十年,5,天下第一
这个剧真的是童年的回忆，里面虽然爱情不是那么的完美，但是真的很唯美！,4,天下第一
最喜欢一刀和海棠的故事 海棠太有魅力了 帅气逼人  印象最深的情节就是海棠去世时漫天飞花飘落   虐心  然后就是天涯和柳生雪姬的那段  两段感情都很虐   ,5,天下第一
喜欢霍建华,4,天下第一
我想重新看呜呜呜呜，当时的很多情节都忘了，但是我觉得男主演的好好,4,天下第一
很喜欢的一部剧，那个时候叶璇很美,5,天下第一
经典啊，现在才发现竟然有霍建华，以前特别喜欢陈是非。好讨厌那什么好有钱男的。,4,天下第一
当时觉得很好看，归海一刀很酷！,4,天下第一
上官海棠 连名字都那么苏 这个角色支撑我到今天还没对叶璇转黑  足够证明有多爱这个角色了 里面邓超还客串了皇上 和海棠的cp也莫名带感,5,天下第一
...好喜欢上官海棠..女神如今跟被下了降头一样，真任性,4,天下第一
那时候是真的很喜欢叶璇和只露几面的黄圣依啊。特别是黄圣依，真的是很美很美了。,4,天下第一
当时觉得这部剧真的超级好看！！,5,天下第一
为了叶璇和霍建华。这对搭得真纠结。闷骚男配机智女。喜欢俩人的对手戏。PS：最近iptv上有《名捕震关东》，重温的时候才发现，我的娘啊，原来《天下第一》根本就是升级版，小糊剧太早了，放现在，这部肯定被扒抄袭吧……,4,天下第一
小学时候看的，海棠出场方式简直帅翻，一刀苦恋虐啊。,4,天下第一
喜欢那个时候的叶璇，上官海棠真是翩翩公子，和归海一刀的爱情好虐心。,4,天下第一
觉得是经典，每个人都很有特色，很喜欢一刀和海棠的感情线，就是太虐了！！！最后好心疼一刀啊，明明两个人终于要苦尽甘来修成正果了啊，还有最后大boss还真是挺意外的，原来曹公公那样的都只是小boss啊！,4,天下第一
喜欢海棠女扮男装的英姿飒爽,4,天下第一
无论叶璇现在变成什么样但不得不否认当时真的很好看，我发现那时候就喜欢看这类剧，现在反而看不下去,4,天下第一
挺好看，蛮喜欢的，那时候的叶璇多帅气又好看，怎么前段时间跟被下降头似的,5,天下第一
很经典的一部武侠片，那时候不追星，也不认识这些明星谁是谁，就是觉得很好看，就反复看了好多遍,4,天下第一
当年看的挺过瘾的，就是后期剧情有点惨。,4,天下第一
喜欢成是非。还记得那是小时候在姥姥家看到海棠死的那一集，哭得稀里哗啦的。被我老妈说，怎么那么傻，电视里演的那都是假的。,4,天下第一
童年经典，叶璇的海棠至今让我念念不忘，人设很出彩，云罗郡主也很可爱啊,4,天下第一
童年回忆，神剧系列，里面的女演员都很漂亮,5,天下第一
上官海棠 很喜欢很喜欢的女子 自创世纪的Hellen后,4,天下第一
如果你让我回想天下第一 首先出来的是四个字 天地玄黄😍😍😍,4,天下第一
当时真的超喜欢海棠，最后她死的时候都哭了，结果现在叶璇。。。,4,天下第一
这部剧里面也是男女神一大堆！！！叶璇陈怡蓉！！！霍建华郭晋安邓超！！,5,天下第一
小时最喜欢的武侠剧之一，最喜欢成是非，太搞笑啦，变身的时候最有意思，还有其他演员演技都很棒，剧情跌宕起伏，最开始以为的好人后来又成了最坏的大boss，反差很大,5,天下第一
霍建华和叶璇，我真的觉得他们是这剧的颜值担当！很经典的电视剧！,4,天下第一
很多年过去了还记得神候临死说的素心死了，我要这皇位还有何意义。我最喜欢也是印象最深的反派，或许他只想成为素心心里的第一吧。还有雪姬的惊鸿一瞥，白衣飘飘，清冷又艳丽，当时真是惊艳了时光。,4,天下第一
谢谢你让我对“太监”有了启蒙式的理解。,4,天下第一
叶璇扮男装干净利落，好帅气啊，女装反而没什么感觉。,4,天下第一
没被下降头的叶璇我还是蛮喜欢的，冷酷却深情的一刀也很好，当时恨的飘絮牙痒痒，说明高圆圆演技真不错，成是非、郡主是好像担当，好久没看过这样的武侠片了，拒绝古偶。。。。,4,天下第一
叶璇去世的那里太难受了，全剧最爱的就是上官海棠和归海一刀，可惜不能圆满,4,天下第一
当年的叶璇那么英气那么有气质那么美，归海一刀还很帅，喜欢霍建华，还有那时候的黄圣依，是个小亮点,4,天下第一
叶璇的英气、霍建华的性冷淡，两人默默的情愫，都深得我意啊！郭晋安的鬼马活泼，他爸比是张卫健演得，证明了遗传是多么可信的一件事儿。刘松仁的城府、老谋深算；邓超的反差爆发，都让人过目不忘啊！,4,天下第一
超喜欢上官海棠！！！还有霍建华演的一刀，现在没有这么好的剧了，配乐也很好听啊，邓超在里面串的皇帝也是经典，看了好多次了。,4,天下第一
黄圣依最美的时候就在这部剧了吧，柳生雪姬真是白月光。,4,天下第一
电视剧四颗星，另外一颗给叶璇的，超级喜欢她，她的男装扮相超级帅，唉，女装就很一般了。。。。,5,天下第一
还不错，叶璇那个角色演绎得很好，可惜了。,4,天下第一
叶璇真的穿男装好看，女装反而没有那么惊艳！黄圣依的装扮最好看，看起来气质非常好！郭晋安演什么角色都轻松。整部剧比起近几年流行的阿宝色简直好太多！,4,天下第一
这应该是我童年时期最喜欢的电视剧了，现在应该不会重看怕打破美好。叶璇、黄圣依、高圆圆 一个个都很美，霍建华、李亚鹏的冷酷，郭晋安的恶搞，刘松仁的演技，真是太多美好，小学上学路上谈的都是这部电视剧，太美好了。,5,天下第一
这个电视剧现在再看也觉得好看,5,天下第一
最爱海棠，现在怎么就这样了呢,5,天下第一
以前拍电视剧都走心，现在走肾,5,天下第一
这部霍霍自己说是演过印象最深的之一~特地来看，冷血一刀确实不错，可是为什么一到感情戏就立刻把他打回原型，感觉像在看偶像剧呢...剧情有一些玛丽苏的概念了，叶璇集万千宠爱于一身，还好不太露骨，否则看不下去了。。。演员阵容强大，看着挺舒服的，连李亚鹏黄圣依也没那么讨厌了，真不容易。。。,4,天下第一
归海一刀，小时候的回忆啊,4,天下第一
也是迷过的剧，和郭燕敏讨论剧情，喜欢霍建华，叶璇。。。,4,天下第一
剧情颜值在线，后期反转惊喜，现在看到只有35集的古装剧简直不可思议,4,天下第一
叶璇男装好帅。可惜结局上官海棠悲剧了……,4,天下第一
当年超级爱叶璇的啊。,4,天下第一
那时候的叶璇真是清秀极了好看极了！因为喜欢叶璇的这个角色我当年还特意把QQ网名换成了上官海棠。无奈她现在被下降头了。也是日了狗了～,4,天下第一
只记得里面的人物名字都很酷炫狂拽屌炸天，还有日本人，后来看到王晶编剧就懂了，日本人+看上去很屌的名字大概是王胖子的最爱吧,4,天下第一
当年的霍建华还是小鲜肉，很迷人了。叶璇的上官海棠男装真的太英俊潇洒，感觉可以掰弯一大票女生，可惜被害死了。云罗郡主的男装也不错，挺喜欢,4,天下第一
曾经的海棠是我女神，一刀好帅，飘絮很漂亮，段天涯最爱,4,天下第一
演员阵容强大，剧情也不错,4,天下第一
超级喜欢里面的角色，海棠～名字也好听，总觉得现在的古装剧变了味，这剧还是很棒的！,4,天下第一
上官海棠好美，最后死的时候哭成狗。好喜欢成是非,4,天下第一
这部戏印象深的是归海一刀，命运令人同情，好不容易求的真情又硬生生从眼前消失。多年以后才知道是霍建华演的，和白豆腐的差别较大。叶璇女扮男装潇洒俊秀，黄圣依的扮相令人惊艳。,4,天下第一
那句台词一直忘不了。“你今天真美”“只为你一人”,4,天下第一
竟然把叶璇给弄死了，我勒个去，归海一刀简直是华哥角色里面最心水的一个，那时候颜赞，人设赞，感情戏也不错！,5,天下第一
这部其实如果最后走向没崩，格局还是很大气的，江湖朝堂，大明东瀛，真正的男主其实是成是非，归海一刀和上官海棠的爱情最出彩，尤其是上官海棠，人设现在看也很时髦。,4,天下第一
就喜欢海马的古装，英姿飒爽。,4,天下第一
从四大名捕里扒出来这么一出戏 其娱乐效果甚佳 彼时的演员今日均已成腕 看似正派无私的神侯也躲不开普通人的心障 权与欲 而表面碌碌无为的皇帝则深谙帝王之道 李老师的曹正淳刻画的入木三分 仿佛他就是曹 曹就是他 再说主角们 成是非无疑是天选之子 以为身世悲惨然则光环加身 背景雄厚 更是与君主无处不在秀恩爱 羡煞旁人 段天涯坐享齐人之福 前后有黄圣依高圆圆姐妹为其倾心 上官海棠更像是被大富豪算计了 最可悲的就是归海一刀了 苦情苦情的,4,天下第一
冲着霍霍的颜和袁和平的武指给了四星 不说剧情多少bug  单说武指真的很良心 尤其是看完笑尿基湖那的五毛特效之后再看这种实打实战的武侠 真心觉得现在的武侠剧都弱爆了 再也回不到那种打斗场面可以当舞蹈欣赏一样的年代了 另外这剧里居然那么多大牌 现在随便挑一个都可以一个人撑一部戏了,4,天下第一
为什么海棠最后要死了呢啊？？？？？？？？？？？？？？？万三千应该找个帅哥来演,4,天下第一
唔～当年爱叶璇和霍建华这对简直痴迷了＞＜！！！对于后来王晶导的那么多胡编乱造没有一点意义的武侠电视剧，以及叶璇老掉的颜。。。这部剧简直经典了～ 当年真是一集集追着看完的，其他角色也都很出彩！,5,天下第一
再看这部真是大咖云集，霍建华美的吖,4,天下第一
最喜欢天涯的两段爱情。尤其是和黄圣依饰演的柳生雪姬的那段。黄圣依太美了，但戏份都是活在回忆杀里。两姐妹都为爱而死，妹妹飘絮也无意中走上了她姐姐的命运，在东瀛的背景音乐真好听,4,天下第一
小时候看的剧了，后来慢慢才发现，这部剧汇集了多少大咖啊，刘松仁、李亚鹏、霍建华、张卫健、高圆圆、黄圣依、邓超……叶璇的一袭白衣的翩翩佳公子上官海棠真是来去如风潇洒自如啊，让人印象深刻。最近又重温了一下，已经不记得这是温的第几次了，，，,4,天下第一
超级喜欢上官海棠！！她和归海一刀这对CP至今想来还是遗憾，她死的时候哭的稀里哗啦的！,5,天下第一
海棠是我见过男扮女装最俊俏的女子，无论你被下了多少次降头，我总能记得上官海棠。,4,天下第一
当年的海棠简直了，可喜欢郡主和成是非吵吵闹闹的感情啦！,5,天下第一
这部电视剧当时我还是很喜欢的，尤其喜欢天涯还有海棠，小时候的记忆啊，没想到也是邓衍成拍的，这部还是很不错的嘛，而且现在来看明星也很不少啊。,5,天下第一
喜欢上官海棠，男装英气。归海一刀好帅啊。其实邓超演的皇帝也不错。因为喜欢海棠这个角色，对演员也比较有好感，没想到……,4,天下第一
一刀&amp;海棠...看完这个我再也受不了霍建华和别人搭戏了！！！,5,天下第一
天下第一是我患有心脏病的婆婆最好的消遣  都陪她看三遍了  个人觉得很好  比那些新拍的电视剧好到哪里去了,5,天下第一
就是因为上官海棠，我怎么也不愿意去踩叶璇一脚。现在回头看，发现里面好多大咖～,4,天下第一
这差不多是我想象中江湖的样子了，片头曲都大气凛然，武打动作各种优美，而且整个剧组现在看完全是大咖阵容。人物有气有节，选的路不同，就有不同的结果，大概就是这个感觉吧。大部分悲伤的戏都没太大感觉，但就有身在其中，整个世界真实完整之感，雪战和Boss战放在现在看也很有气势。略慢看了三个月。,4,天下第一
成是非，海棠，一刀....,4,天下第一
当时真的非常非常非常喜欢叶璇，整部电视剧其实都很喜欢。,4,天下第一
当时觉得很差的一部武侠片，回头来看比现在很多飞来飞去的片子质量好多了。故事情节流畅，人物造型很好，演员演技都不错，打斗场景也很好看,4,天下第一
有天下第一的武功又何如？你失去了最爱你的人。有天下第一的权力又怎样？你背弃了所有人成为头号公敌。,4,天下第一
差不多算得上是香港的武侠剧的结尾了（也是一个结尾的标志算的上吧），看过应该有几遍吧，同龄人几乎都看多的，剧情真的挺不错的，以前的香港拍的武侠演技从来都不是问题，整个故事就是我很喜欢的那一类，剧情也很紧凑，精彩。以后肯定没电视看还会翻来看一下的。,5,天下第一
好多熟脸啊，还有些木讷冷脸的华哥、嫩嫩的李亚鹏、还是许多人女神的叶璇……故事不错，情节安排也不错！,4,天下第一
王晶的电视剧难得有我能看的比较完整的囧,4,天下第一
靠霍建华帅爆了这个剧，但是我最喜欢的是刘松仁好么我重口么！,4,天下第一
对成是非和郡主那一对印象最深，海棠的男装是真经典,4,天下第一
这结局我记得还挺虐的。。。,4,天下第一
第一次觉得李亚鹏帅。那个时候我对叶璇，明明就是粉，现在早已经变路人,4,天下第一
"只有霍建華的帥才能抵消郭晉安的蠢=,=...真的不是黑,只是演蠢演得這麼好真的大丈夫麼....",4,天下第一
这一部太多名人啦 啊啊啊 那会基本是看到一个我认识另一个我也认识。段天涯，归海一刀，上官海棠，成是非。包括日本的美女姐姐，公主什么，客串的都是熟脸啊啊啊！！,5,天下第一
给五星我的少女情怀！少女情怀总是诗嘛，当年翻看了好多遍，不过现在看回故事情节，真是王晶feel啊。最记得归海一刀，因为觉得太帅了（误），郭晋安你怎么演都是阿旺啊，真没办法入戏诶；小梅姐说看了天下第一就喜欢叶璇，把她在TVB的影视给看完了，我想说，我看了有叶璇的冲上云霄也是10年后的事了|||,5,天下第一
多年以前看过的一部电视剧 印象很深 给个五星吧,5,天下第一
电视上又在播所以又看了一遍。看原来高中or初中看过的电视剧总是有种特殊的感觉。虽然很多前后不搭逻辑不通的bug虽然海棠和万三千的死有点牵强虽然缺乏群众演员以至于扮五毒蝎子的那位哥死过之后又扮东厂运素心棺材中暑被杀的小喽啰然后是天牢门口守门的最后是张进酒找来的盲眼乐师但是我还是觉得很好,4,天下第一
钟爱的电视剧之一。剧情引人入胜，合情合理，搞笑与严肃情节穿插，节奏非常好。音乐也还可以，镜头运用唯美，截了好多图。演员颜与演技俱佳，非常喜欢，特别叶旋男装太好看。有诚意的剧，称的当今剧尤为脑残，LSS什么的演技都不如高圆圆，更别提美貌。唉，开辟鸿蒙，谁为情种？却只为风月情浓。,5,天下第一
重温，最近真的看了好多老剧。。。以前电视剧的剧本还是不错的。。哪里像现在啊。。。话说，最近几年真的貌似没有什么好的武侠剧原创剧本了。。。全都是翻拍。。。怀念小时候的武侠梦。。一去不复返了。。,4,天下第一
以前每天都守在电视机上看。。,4,天下第一
海棠啊----,5,天下第一
很多角色都塑造的不错，年轻时的李，鲜肉期的霍，彼时还很讨喜的叶璇，惊艳一瞥的黄圣依。,4,天下第一
看过十多次的剧了，百看百爱，节奏轻松有趣，虽然现在看很多bug但还是瑕不掩瑜，刀棠真的是太惨了，百看百虐，还好非罗一直高甜结束。那时候老霍演技虽然稚嫩许多，一刀这人设真是太帅了，这部时的李亚鹏也是高帅啊！海棠的男装简直把一堆姑娘掰弯攻气十足，武打都好帅。忘了现在的叶璇记得曾经的美好,5,天下第一
喜欢霍建华从这部剧开始😂那时候觉得一刀好帅，海棠好美，没想到皇叔是终极大boss😂,5,天下第一
好看啊···当年觉得,4,天下第一
致我那逝去的童年啊……小时候喜欢一刀现在喜欢成是非云罗，果然长大了就是喜欢纯粹的人来着……,4,天下第一
很不错的电视剧，大爱柳生飘絮，雪飘人间。,4,天下第一
这个卡司啊现在看都觉得好牛掰！！,4,天下第一
当时可能不知道是谁，也不知道上官海棠是谁，就是单纯的喜欢角色，叶璇惊艳了我的少年时光，喜欢那个一身白衣女扮男装，武功高强的海棠❤,5,天下第一
我超喜欢陈怡蓉和郭晋安这对璧人,5,天下第一
这个真的全是童年经典神剧了吧，小时候喜欢看是因为里面的人男帅女美，而且出场的人物那么多，多有意思啊。如今回首，我可能是从骨子里喜欢那种快意恩仇的武侠世界，喜欢那种豪爽直率的人物性格，喜欢那种古色古香长袖翩翩的古代世界，太美了，太想生活在那样的年代了！,4,天下第一
记得上官海棠死的时候我都快哭死了...,4,天下第一
很少能感动我的爱情故事，一刀这种外冷内热的孩子真的是太对人胃口了。。。海棠死的时候，别说一刀害怕了，我都害怕了。。。恨不得神猴和飘絮立马都去死 ！！！ 还有最不爽的一个地方是，一刀背海棠出去的时候，说的是“我会带你回家的”，不知道为甚变成了“我会为你报仇的”。。。搞得一刀像复仇工具,4,天下第一
最近又把这部电视剧翻出来看了下，不得不说，看出了很多小时候没发现的……雷点……不过最后的反转还是挺妙的。然后我发现……上官海棠就是全剧最苦逼的角色了好么！T。T叶璇简直是穿男装最帅的女演员，真想把海棠和惊鸿仙子给拉娘配了……,4,天下第一
还别说，挺有意思的！,4,天下第一
又是一部阵容逆天的童年回忆，十分喜欢霍建华的归海一刀,4,天下第一
在b站重温童年，这剧简直良心，虽然bug不少，不影响整体连贯性，大的格局和故事线把握的很好，从曹正淳死后剧情一直在反转，相比于许多烂尾剧，最后5集才是该剧精华，节奏紧凑，把故事推向高潮，现在的导演快来看看大结局到底应该怎么拍。此剧的演员阵容也是豪华，演技派，而非找几个人气偶像凑数。,5,天下第一
在b站重温童年，这剧简直良心，虽然bug不少，不影响整体连贯性，大的格局和故事线把握的很好，从曹正淳死后剧情一直在反转，相比于许多烂尾剧，最后5集才是该剧精华，节奏紧凑，把故事推向高潮，现在的导演快来看看大结局到底应该怎么拍。此剧的演员阵容也是豪华，演技派，而非找几个人气偶像凑数。,5,天下第一
满满的回忆,4,天下第一
深圳卫视经常放==放一遍看一遍。。。。【擦 就是前段才知道的消息就是因为叶璇的档期问题导演才把海棠弄死了。。。。。 当时哭的啊。。。。,4,天下第一
过再久都觉得里面叶璇是真的很美啊,5,天下第一
童年回忆啊，不过小时候一直吧郭晋安和李克勤搞混，黄圣依简直美美美，海棠帅帅帅,4,天下第一
"这么说吧，叶璇作天作地我也不讨厌就是因为上官海棠，男装真的风流俊逸。这是我最喜欢的霍建华的角色，之后角色全部无感。记得最清楚的一幕是面对太监边挡边后退，当时海棠看着一刀的那一幕真是少女心泛滥的名场面。王晶当年也是很6,怎么现在全是烂片。。",4,天下第一
新武侠片的经典，集合了老中青三代实力派演员，港台新大陆4地著名演员阵容，大腕云集，剧情颠覆了以往的武侠片不是报恩就是报仇的框框和模式。值得一提的是，李亚鹏在片中的表演远远超出他以前在武侠片中的表现，被誉为李亚鹏的翻身之作。相当精彩！,4,天下第一
你不是天下第一，却是她心中的第一。,5,天下第一
天下第一是港剧吗，不知道唉，成是非太搞笑了，结局是be😭,4,天下第一
当年就觉得很好看，十年后再重看还是很吸引人,4,天下第一
超喜欢这部剧里叶璇啊！还有最后的死，太美了！！！,4,天下第一
当年的海棠超帅的，怀念当年的璇儿～,4,天下第一
2000年后看过的最好的武侠剧之一 评分7.1太少,5,天下第一
现在来看这部电视剧也算是群星荟萃的。当时可喜欢一刀和海棠这一对了。我是长得之后才知道他是霍建华不是霍华健。。。,4,天下第一
当年很喜欢的一部武侠剧啊。。哈哈,5,天下第一
俊男美女，演技派的集合😍成是非，上官海棠，归海一刀，飘絮,4,天下第一
李亚鹏的戏份全数跳过。。。结局让人怨念到至死方休。。。霍建华+叶璇的组合居然这么有爱。。。除了厉胜男，又一个让人无限心疼的女子。。。,4,天下第一
从这部开始喜欢叶璇。。。,4,天下第一
【补标】童年暑假系列。爱上叶璇。,4,天下第一
我超级喜欢这个电视剧，小时候看了好多遍，直到长大才放心霍建华演了一刀，还有叶璇的海棠也超级美，可惜现在的她一言难尽啊！,5,天下第一
那时候觉得霍建华古装帅呆了  叶璇也美了~  每天一家子一起守在电脑前面看  那时候还在深圳 最有印象的全家一起看完的电视机  ,4,天下第一
太欢乐了，而且俊男美女一箩筐。,4,天下第一
黄圣依在这里面可美可美。而且陈怡蓉最惹人喜欢。叶璇李亚鹏才是一对。,4,天下第一
那时候每天追着看啊...可怜冠希兄一出来就挂了= =最后海棠和一刀还是没能在一起啊...,4,天下第一
成是非你的脚，隔着屏幕都觉得好臭。海棠别死啊啊啊啊,5,天下第一
5🎉 外面冰天雪地风声呼啸，我一个人躲在被窝里看漫漫红尘露水情缘的电视剧。打打闹闹的云罗成是非，全部是真挚又不造作的甜蜜。前几天顺手查查陈怡蓉的近况，挺俗气的。但你就是会因为某些角色而记一个人一辈子，不忍心责备。那个角色，承载了你少年时期的心绪啊，怎么忍心去破坏一个梦呢。,5,天下第一
郭晋安那对看着很开心。想不通，都喜欢李亚鹏,4,天下第一
对海棠，飘絮，毫无抵抗力。神侯，一刀帅气！最不能接受的就是海棠为什么会死。。万三千报仇居然被秒。。海棠死了就不想看了啊。。,5,天下第一
我把所有星都给叶璇,4,天下第一
哎呀呀，超级喜欢看啊！！！,4,天下第一
归海一刀和海棠，绝配。,4,天下第一
那时候叶璇还没有被下降头...一刀海棠这对很有爱,4,天下第一
喜欢郡主和成是非那对！相处特别有爱！,4,天下第一
当时看的时候真觉得不错，里面的演员个个有颜有演技，就连李亚鹏当时看了射雕对他完全没好感，没想到这部剧里像是变了人，特别的有那种武侠剧里的韵味！,4,天下第一
当年一看到段天涯的戏就想快进，无奈指挥不了人家电视台啊。。。,4,天下第一
剧情很多不符合逻辑，而且有着强烈香港武侠电影的夸张，但人物塑造的太好，尤其叶璇饰演的海棠更是成为经典。,4,天下第一
一刀对海棠的痴痴真心终于快要开花的那一天 海棠永远凋零了 心酸啊 还是云罗君主和成是非比较开心幸福,4,天下第一
从归海一刀喜欢上霍建华，叶璇的男装真是英气逼人啊。记住了那首你的第一。,5,天下第一
其实这片卡司阵容超级强大的，叶璇真好看,4,天下第一
小學六年級最喜歡的電視劇誒！看到霍建華還會心跳哦那時！太喜歡一刀和海棠啦！【又刷了一遍還是抵擋不住的真心喜歡這部電視劇，就算bug滿天飛,5,天下第一
看得归海一刀剪辑版，四星可以了，小时候没仔细看，原来着爱情线还蛮好看。,4,天下第一
说不出来的喜欢，高圆圆真的是很美的，哪怕是个坏人！！遗憾叶璇和归海一刀的爱情！！！,4,天下第一
当年笑屎了,4,天下第一
叶璇男装真帅,4,天下第一
哦 当年一刀和海棠多么迷人 还有郡主和那个谁也很搞笑,5,天下第一
喜欢归海一刀和上官海棠啊，叶璇男装是帅的。,4,天下第一
以前的电视剧虽然特效差，服装场景道具一般，可是演员都很敬业在演。现在的电视剧……辣眼睛,5,天下第一
海棠真让人心碎,4,天下第一
没从头看到尾，但是蛮喜欢他里面的扮相！听高说的就很好O(∩_∩)O哈哈~犀利哥O(∩_∩)O哈哈~,5,天下第一
二刷完毕。看到了很多以前没看到的东西，悬疑与动作结合的很好，05年前的王晶加上程小东的武指，听说最后的boss战拍了两周，意犹未尽，很是精彩。霍建华的歌唱的不错哇为什么不出专辑呢～另，我爱郭晋安。9.5/10,5,天下第一
王晶当年居然拍过这么厉害的剧。上官海棠、厉胜男和孟丽君真是叶璇当年最圈粉的三个角色，尤其是最喜欢的上官海棠，所以叶璇再怎么下降头我也还是喜欢。,5,天下第一
那个时候超爱叶璇和霍建华，还有郭晋安陈怡蓉这一对~歌曲也是爆好听，话说王晶之前的片子真的不错，后面的都比较难看= =,4,天下第一
超级喜欢，叶璇演的海棠，但是不知道为什么，后来别人都说他被下了降头，就感觉戏外像个疯子一样，但是还是不影响我喜欢她演的海棠，特别后来和归海一刀在一起了以后，虽然说它的结局很惨，可以说海棠的事就是我对这不剧的结局就是很不满意的一个点吧，他死的太令人不平了，很喜欢海棠这个角色，还有他和归海一刀的练恋情真的让人很感动。成是非和云罗郡主，我也很喜欢。段天涯和柳生雪姬，黄圣依演的雪姬真的太令人惊艳了，感觉就是有一种一眼万年的感觉，那个时候她真的很美，甚至于，后来的，高圆圆演的那个角色，都输给他的感觉。特别喜欢段天涯和雪姬的爱情，可能以后中国的国产剧都有不了这个水平，这部剧真的很牛啊。,4,天下第一
为了最后的峰回路转多给一颗~为了一刀和海棠再多给一颗星,4,天下第一
海棠太亮眼了，其他角色也不错。,4,天下第一
看到两个令狐冲的对决啊，我可以说天后姐夫实在有点面瘫么？归海一刀要不要这么命苦啊，手臂都砍了却连老婆孩子一个没捞到！戏份还特别少，若不是最后终于轮到他跟面瘫兄各插了二分之一刀到神猴那里，这里面所有大boss的戏份都跟他无关了啊！这是主演的待遇么？这就是个超级打酱油的啊！,4,天下第一
王晶的又一部编剧比较不错的戏，嗯霍建华和叶璇大大加分，李亚鹏普普通通没啥亮点。剧情上皇帝用太监和亲王制衡，却给亲王搅局了，太监被击败后，亲王立马变脸的戏让人非常震撼，这就是皇家啊，为了权力，亲王也不会在意皇上的威名。让人深感皇权斗争的残酷。,5,天下第一
想当年小学时看过这个。。印象里好像蛮好看的。。,4,天下第一
十年前的剧集，剧情秒杀现在的大路货电视剧。当年看雪姬和飘絮时真的被美貌所惊艳，也震惊于她们忤逆父亲追逐爱情的决心。每个角色都特色鲜明，毫不脸谱化，铁胆神候是有存在感的血肉鲜活的大反派，海棠是心中无法超越的女公子！剧情跌宕起伏，35集的电视剧，最后10分钟仍有大反转，导演的控场能力可想而知。可以说除了1毛特效外无缺点，希望找原班人马重拍！,5,天下第一
忠，孝，情，义。在传统浓重的杀子文化氛围中，当铁血丹心的儿女们奋起反抗的时候，结局是父与子之间的双重毁灭。即便如此，一代一代仍旧在自觉与不自觉之间遵守重蹈这这一定律。长河漫漫，谁最情深，注定伤痛满怀，泪尽而逝。留下的，剩下的，不知道还有什么。,5,天下第一
在TVB时期就对叶璇的演技感觉不错，这剧里印象最深的还是海棠,4,天下第一
那个晴破我很好你看错了吧这是天下第一不是八大豪侠,4,天下第一
"那时候最喜欢的武侠,特别喜欢这里的演员阵容,都是我喜欢的演员.",4,天下第一
05年，那时候看电视不一定看得到开头和结尾，电视机里放到哪儿看到哪儿,5,天下第一
当时啊，可迷这部剧了,5,天下第一
最爱的古装剧 没有之一😭😭😭😭海棠男装英气女装柔美 是我当时的女神 不过不喜欢结局 特么所有女性角色死的只剩郡主一个了,4,天下第一
喜欢义气担当的天涯大哥，喜欢好玩逗乐的成是非和云罗公主，喜欢冷酷的归海一刀和漂亮的海棠，哎，可惜很多情感线都是悲剧,5,天下第一
海棠没事，一刀便放心了。,5,天下第一
可谓是年少时的古装最爱了，当年不懂卡司强大，也边写作业边追剧，第二天还和同学讨论剧情，日子真是美好，一转眼十年过去了。对神侯的黑化一度还不能接受，还买了霍建华的专辑，青春啊。对了，片头曲超燃。,5,天下第一
个个都是明星耶,5,天下第一
想用唯美来形容那时的黄圣依,5,天下第一
当年一集都没放过- -,5,天下第一
初中时代不能自拔的一部剧啊！！最爱海棠男装的飒爽英姿，后来看她的各种造型再也没顺眼过~初中时代被化妆化得跟胡子拉喳的大叔般的霍建华迷得无可救药，觉得比传说中的钟小刚~痴情男抵抗不能啊~~~,5,天下第一
后面的剧情太狗血了。妹的。。,5,天下第一
现在看来，里面全部是大牌啊，就连露一面的角色都是大牌！虽然不喜欢叶璇本人，但不否认她扮演的上官海棠的确很出彩！,4,天下第一
竟然没有标记？绝对暴露年龄系列。记得是非黄金时段播的，非常感谢那唯一一个播放的某电视台。现在会看真是巨星荟萃啊！考考自己的记忆力！天地人黄？四大杀手？李亚鹏，叶璇，霍建华，郭晋安？！我记得还有穿着和服的黄圣依？,4,天下第一
这个开头主题曲一响就全身热血澎湃了，麦振红的BGM简直契合升华了本剧的武侠热血氛围，阵容方面简直逆天，大牌云集，剧情虽是拼凑起来但也不觉违和，最令人惊喜的还是程小东的武打设计，各个人物的招式极富独立特行，算是武打招式与特效结合的完美模板，加上童年滤镜，多加一颗星，因为这样的武侠剧可能已经成绝响了。。,4,天下第一
看了会微笑的喜欢，呵呵。,4,天下第一
小学最后一年最喜欢的电视剧。没有之一。上官海棠。刀棠。我不会忘记。,5,天下第一
啊啊啊啊啊小时候超级喜欢的一部剧，超级喜欢海棠,5,天下第一
嗯，有些地方不懂，比如结局是啥？叶璇怎么嫁给他了？,5,天下第一
霍建华真是帅啊！！！那眼神真当迷人！还有“你的第一”！,4,天下第一
那时候超级喜欢的剧。心疼华哥，叶璇怎么还不和他在一起。后来的结局也是让人唏嘘。现在看真的好多大咖，很多现在也不怎么演戏了。,4,天下第一
虽然剧情有点扯 不过还是好好看 ,5,天下第一
我真的觉得归海一刀才是霍建华的颜值巅峰，帅一脸血，最喜欢他和海棠了，叶璇变成今天这样真的是唏嘘😤 我童年女神啊,4,天下第一
记得小学元旦三天假为了追这剧都没写作业（明明不是看第一遍），最后还是晚上78点我爸陪我写的作业.......,4,天下第一
重温，这果然是霍建华诠释过的角色中我最喜欢的。还有一刀和海棠的感情线也是看国产古装剧这么多年来最喜欢的cp之一,4,天下第一
这个就更早了，学生时代看的，本来是来看叶璇的，但是让我记住了霍建华，这剧里木头就一直是木头，逗比就一直是逗比，只是可惜了海棠，个人认为这是叶璇所有角色的精华集合，是我最喜欢的叶璇,5,天下第一
回头看，发现这部居然是武侠片最后的高峰了，第一集拍得很有电影的感觉，情节之紧凑在类型片中罕见。另一个重点是鲜有逻辑上的硬伤，这部电视剧在情节上是很过硬的，属于拍给大人看的剧集。阵容上更是爆表，如今当红的邓超、霍建华等加上李亚鹏，高圆圆在片中果然还是被黄圣依碾压了,5,天下第一
如果忽略剧情、陈怡蓉和李亚鹏的话，还算不错,5,天下第一
不过这个有点肉麻，主要是编剧肉麻，所有女人都爱上李亚鹏……,4,天下第一
超级喜欢的一部剧，喜欢郭晋安在里面的表现，印象深刻，也很喜欢海棠，每次电视上放都会再看一遍的,4,天下第一
一刀和海棠是最萌的武侠剧西皮之一！片头曲是神配乐！,4,天下第一
成是非和云萝郡主相爱相杀小冤家好看死了！反正这里的男女搭配我都挺爱的！,5,天下第一
这片子还不错啊，海棠挺好看的，也挺搞笑的。,4,天下第一
成是非很搞笑，上官海堂男装帅女装美，黄圣依和高圆圆也很美啊！,4,天下第一
海棠海棠海棠=3=,4,天下第一
呜呜呜，当时最喜欢归海一刀和上官海棠了，超级帅！可怜最后海棠死了，高圆圆很美啊，虽然她是个反派,5,天下第一
叶璇的上官海棠真的在我心中留下来不可泯灭的印记啊！,5,天下第一
演员稍微有点混搭，但是大家演技都很不错啊。尤其那几个老戏骨，这算不算李亚鹏演的最好的片子啊。调皮的成是非，永远的归海一刀啊。,4,天下第一
没有你我只是废墟……当年看的挺开心的，一直到现在某朋友的网名都是成是非……,4,天下第一
我的天，这部剧我当年看了3遍。,5,天下第一
童年回忆。叶璇当年还没被下降头，多美啊,4,天下第一
群星云集，那时候的叶璇还是很讨人喜欢的,4,天下第一
一刀太帅了！成是非很逗！很久很久后才知道一刀是霍建华演的！,4,天下第一
郭晋安虽然演傻子总是一个样，可是我却坦然接受了（笑哭），还有，里面美女真好看，当时的叶璇也不是现在这样,4,天下第一
补遗的时候发现这一部漏了，小时候太喜欢了，成是非太令人记忆深刻啦，那句台词管你是人还是龙一样把你打成虫，哇哦，还记得当时看特效简直帅哭了,4,天下第一
叶璇太帅了，归海一刀也太帅了，连李亚鹏，黄圣依都这么好看，真难得。,4,天下第一
青春期追忆必备剧，华哥巅峰颜是一刀啊 = =,4,天下第一
实在是太喜欢叶璇在这部剧里的表演了,4,天下第一
叶璇的男装很惊艳，比女装还要好看，很飒，很清爽。小时候看这部剧的时候被如昙花一现的黄圣依惊艳到了。真的很美。,4,天下第一
叶璇确实是一大亮点，上官海棠和一刀多配啊....可惜死了- -,4,天下第一
叶璇最帅了，和霍建华这一对太心碎了，高圆圆那一部分跟反转剧一样。,4,天下第一
永远记得那一句广告词“danianchuyiw，天下第一”哈哈哈。最喜欢霍建华的一个角色，和海棠太惨了，导致我讨厌了高圆圆好久呢,4,天下第一
其实是不错滴,4,天下第一
霍建华深深的迷乱了我的眼，。，。，，,5,天下第一
剧情好看，叶璇男装真好看比女装好看，黄圣依的雪姬很惊艳。,4,天下第一
经典，可以不红。剧情真的好看，特效也吊打现在一众古装剧，小时候最喜欢成是非和海棠,4,天下第一
各种帅哥美女，很喜欢,4,天下第一
单元结构的情节环环紧扣，剧情和节奏都很好。四大密探的形象光彩照人。铁胆神侯真是男神啊~,5,天下第一
郭晋安居然是陈法蓉的儿子。。。,4,天下第一
虽然很多漏洞，但不得不说真的很棒！十分欣赏张进酒！！（ps：其实这部剧的主角是五毒的老大！！！）,5,天下第一
不太喜欢看古装武侠戏的我最喜欢的一部古装武侠戏。这样的阵容恐怕今后很难再有了。,5,天下第一
我当时看得那叫一个happy啊，长长的观后感。,5,天下第一
大爱归海一刀和海棠啊！！!结局太悲剧了，，，,4,天下第一
不愿做谁的天下第一 只要成为你心里永远的唯一,4,天下第一
很喜欢剧里的叶璇 再看却看不懂一刀和海棠的感情了 如何聚如何散 缘来缘去,4,天下第一
小时候的经典啊，绝对属于那些年看过的电视剧系列，bgm很好听，演员也很到位，海棠也算是童年女神之一了。比起现在的古装武侠简直不要好太多，推荐。,4,天下第一
海棠死的時候哭死了好麼！這也是爲什麼這麼多年都討厭高圓圓的原因之一好麼！,4,天下第一
当时看都很过瘾啊，就是男主没其他男配好看,5,天下第一
当年还是挺喜欢这部电视剧得。,4,天下第一
后来才知道飘絮是高圆圆演的，那时候就觉得好漂亮啊，也喜欢海棠，可惜后来死了……,4,天下第一
叶璇的男装真心无话说,4,天下第一
郭晋安要不要那么萌 = =|||,5,天下第一
越长大发觉这种电视剧越好看。,4,天下第一
以前的叶璇😍，现在的叶璇😱,4,天下第一
喜欢成是非的油腔滑调，喜欢云萝对于爱情的勇气，喜欢当时叶璇的清新，喜欢霍建华的深情，也许这是四大名捕的另一个版本，我更加喜欢那个神侯的扮演者刘松仁。如果没有李亚鹏的话，那这个剧一定是最完美的。,4,天下第一
结局太悲了，喜欢叶璇的男装，真英俊，还有她和归海一刀的bad ending，可惜😔,4,天下第一
剧情比较离奇 只记得霍建华很帅~,4,天下第一
说出来我自己都不信，这部剧出来之前，我起草了一部小说，故事背景和人物设定跟这个特别像，这就是我当年心中想要的江湖儿女故事,4,天下第一
小璇子啊。。。。。还有睫毛帝。。。。,5,天下第一
真小人、伪君子的两大派，可爱的曹公公、和积极个人魅力铁胆神侯。天地玄黄，每个人物都那么丰满。仅35，故事紧凑，现在有的剧70集可能都讲不完。这部电视剧才是武侠剧的天下第一。,5,天下第一
四大密探，每一位的故事都非常新颖，现在已经很难找到一部可以汇聚这么多优秀演员的电视剧了吧。,4,天下第一
归海一刀是个变态，但我能理解。神候也是个变态，也能理解......,4,天下第一
喜欢一刀和海棠，叶璇那时候真的美,4,天下第一
其实我不知道为什么这么多人讨厌李亚鹏，我觉得这部戏他演得很好。,4,天下第一
除了想到成是非会觉得有些无厘头，但别的想想都挺好的。人也漂亮，打的也漂亮，剧情也够复杂。,4,天下第一
看评论都没人喜欢天涯吗  我觉得天涯不错  另外美女是真多  人物个性鲜明又各不相同  除了素心都喜欢  另外这部剧的人物名字取的是真好  段天涯  归海一刀  上官海棠  成是非  飘絮  云罗  等等  无不经典,5,天下第一
非常喜欢叶璇饰演的上官海棠这个角色。配乐也很喜欢。私以为在那个时代也算是好剧了。,4,天下第一
李阿碰这个汤姆苏给我麻利滚好嘛,4,天下第一
很多年前看过吧 当时一个也不认识 现在看觉得都是大牌 喜欢归海一刀和海棠 ,4,天下第一
我不知道被人怎么看这部剧 但我知道小时候的我自从看过这部剧就想要成为上官海棠,4,天下第一
好看 天地玄黄四大密探 当初的霍建华归海一刀很帅呢,4,天下第一
我只想做你的天下第一 哟哟 唱到心都软了,4,天下第一
神候大boss啊，和古三通对决时素心闯入古三通收手神候依然出掌，可见也没有那么爱素心，都是执念。刀棠线巨虐，黄圣依全剧最美，片子前面一段模仿英雄的打戏好看，片尾曲好听。想想古三通才是全剧最强，神候一辈子都被耍。,4,天下第一
那时候看了老多遍了，很有质量的武侠片，阵容也够强大...现在基本没了,5,天下第一
童年挚爱的电视剧之一，之后好像没什么电视剧能有这样的演员阵容了。,5,天下第一
当时恨不得自己冲进电视把叶璇给抢出来，太尼玛喜欢她了啊。。突然发现霍建华这么老的片都演过他多大了啊。。。,4,天下第一
霍建华果然啊！！！ 以前剧的每首bgm都精品 可能悲哀的是日后可能都不会看到这些类似的剧了,5,天下第一
震惊，居然只有35集，感觉看了好多好多啊，超喜欢成是非和一刀啊，被黄圣依惊艳到了，为什么最后海棠狗带了，超哥的皇帝好苏啊,4,天下第一
叶璇！！！！！,5,天下第一
有这么一个爹开挂当然天下第一了~张卫健,4,天下第一
太喜欢叶璇的海棠了，然后最后下线了,4,天下第一
那时候还觉得女扮男装的叶璇还是挺帅的，可是现在，，，,4,天下第一
叶璇霍建华黄圣依邓超高圆圆郭晋安陈法蓉张卫健刘松仁，这阵容现在凑齐比登天还难！,4,天下第一
人在江湖 身不由己 这剧实在太好看了吧 名字也都取得心神荡漾 天地玄黄 就已经很磅礴的感觉了 几场配乐太棒 幸亏最后最喜欢的一对还活着 否则真要跟编剧拼了 ～～～美好啊～～～只想做你心里的第一,5,天下第一
很好看的古装剧，叶璇的白衣公子扮相特别有感觉，剧情也是跌宕起伏,4,天下第一
当年还挺喜欢的。。╮(╯▽╰)╭,4,天下第一
好吧。。。我竟然也看过这个。。。是冲叶璇去的。。。因为叶璇+1星,4,天下第一
满分致经典！天下第一庄好帅！叶璇扮相好赞！邓超演皇帝哈哈哈哈！还有把笔记写全身。那个不死之身只能用三次？,5,天下第一
为了叶璇又回顾了一遍，个人觉得叶璇的男装比女装更好看😊打戏很精彩，那一身飘逸的白衣，一举手一投足，简直帅死了！！！让我一女生都对着她发花痴😂😂😂,5,天下第一
当年超喜欢，演员也是当时最火的一拔啊,5,天下第一
小时候没看完整的电视剧大学毕业一年了才看完~为了叶璇多给一星,4,天下第一
看微博上“最喜欢的古装剧”，想起了这部剧，天地玄黄四大弟子各有个性，这种群戏我好想一直很喜欢~,4,天下第一
哎呀!!!!!!我的爱啊!!!看完之后第一个想法就是觉得霍建华好像梦幻西游里面剑侠客的人设!太帅了好不好!!!海棠配不上他..不过客观的分析来看 本片似乎存有不少抄袭的感觉 比如那些药的名字啊..之类的 不过还是喜欢！,5,天下第一
还记得海棠死的时候哭了好久！,4,天下第一
小时候觉得最燃的一部电视剧啊哈哈哈哈,5,天下第一
重温童年系列，喜欢段天涯成是非云罗还有可爱的曹公公，刘松仁曹公公还有郭晋安演技好赞，陈怡蓉好美。配合b站弹幕认龙套环节食用更佳，蝎子真主角哈哈哈,5,天下第一
就是这部剧知道了霍建华，看这部剧也只为了一刀和海棠。海棠死的时候好伤心；你的第一很好听·,4,天下第一
大爱！大爱！大爱！当时对海棠毫无抵抗力啊~还因为一刀跟海棠的爱而伤心难过！大爱~,4,天下第一
一部让我记住并开始关注邓超的连续剧，他扮演的皇帝有气场，有智慧也有调皮古灵精怪，惊喜的收获。,5,天下第一
当年被霍建华和叶璇秒得渣都不剩……,4,天下第一
叶璇的古装剧都好喜欢。女扮男装，英气。,5,天下第一
当时还蛮喜欢看的 后来电视台一再重播也有跟着看 因为成是非和郡主真的太可爱的一对了,5,天下第一
今天聊起来至今在我心目中还有崇高的地位！！！,4,天下第一
童年的回忆～～英姿飒爽的上官海棠  惊鸿一瞥的柳生雪姬，，十年过去了，还是能鲜明地浮现在脑海。。。,5,天下第一
补完了以往没看到结局的几集。当初看这部电视剧给我的印象是全片无尿点的武侠剧，,4,天下第一
天下第一，古三通追求武功上的天下第一、朱无视追求政治上的天下第一，可是天下第一的结局到底是什么？从来都是成者为王败者为寇，赢了便是天下，输了便是死亡，他们一生都在追求天下第一，可是“天下第一”带给他们的都是死亡。在真正天下第一面前他们都输给了“情”，因为“情”而成事，也因“情”而败事，正所谓“成也情，败也情也”。“天、地、玄、黄”四位神探也都逃不过一个情字，段天涯逃不出那个雪天下为他承受了一刀柳生雪姬、归海一刀逃不出血海深仇，自己最终入魔、上官海棠逃不出青梅竹马的“情”、成是非逃不出云罗郡主的“刁蛮任性”。成也“情”也，败也“情也”，说到底追求的天下第一抵不过情人眼里的唯一。,4,天下第一
原来挺晚出的，初中之后看的了。在当时剧情设定算不错超前的了。,5,天下第一
叶璇，喜欢有英气的女子，出场被她惊艳到了，上官海棠这么女气的名字，还能女扮男装，绝对是个bug,4,天下第一
当年看了之后，好想也像叶璇那样成为一个女侠啊！说起来这部戏里的有名的明星好多！,4,天下第一
一直都觉得它好好看，天地玄黄都是我的菜~ 迷了它好长一段时间。就是我心中的的天下第一,5,天下第一
海棠是女神啊，也喜欢雪姬。。。可惜死太早，讨厌飘絮那对，超级讨厌ヽ(≧Д≦)ノ,5,天下第一
叶璇的男装美极了，可惜现在依然不红，当时风头无两，现在也难复制。,4,天下第一
脑残粉，喜欢铁胆神侯~,4,天下第一
找不到高清的视频是我最头疼的事情。。一直都找不到，算了。,4,天下第一
小时候觉得超级好看！！尤其喜欢海棠和归海一刀 ,5,天下第一
我觉得目前为止很好的古装片了，,5,天下第一
小时候不懂，只知道有个帅哥。现在看觉得剧本写的真好，还知道有个帅哥&gt;3&lt;。不过还是很喜欢男装的上官海棠，真有无痕公子的感觉。如果她是真公子，我会更爱他和一刀的情戏…,5,天下第一
好早以前看的了，当时特别喜欢上官海棠，人设太好了，刚出场时英姿飒爽一点不输男子！剧中还穿插好多搞笑桥段！归海一刀是霍建华角色中最喜欢的一个，刀棠cp好虐！最后海棠竟然死了！！啊啊啊,4,天下第一
当时的叶璇很惊艳，剧也好看。,4,天下第一
当当当当当~与《仙剑奇侠传》并列我十岁时最爱的电视剧……,4,天下第一
喜欢一刀和海棠。有被柳生雪姬惊艳到，飘絮就是造型不好看,4,天下第一
初中时候看觉得霍建华好帅啊,4,天下第一
小学的时候几个小朋友一起演这部戏2333333333,4,天下第一
海棠的死是我这么多年来心里的梗。。悲剧才能打动人心吗,4,天下第一
童年回忆，最近又拿出来看了，就是海棠不是当年的海棠了,5,天下第一
我记得成是非和郡主这对很欢乐，上官海棠很英气，归海一刀很帅，曹公公死的时候我以为要大结局了，没想到铁胆神侯才是最终BOSS,4,天下第一
虽然前后bug太多，编剧简直随心所欲。但好看啊，一刀实在是太太太帅了，海棠的男装绝对在我心中前几。演员选的都太好了。,4,天下第一
上官海棠…为什么要死了，当时看到这好伤心…喜欢那时候的叶璇,4,天下第一
小时候的记忆啊，那时候为了追这个剧真是冒着作业写不完的风险，最近重温，三天追完了，还是觉得挺不错。,5,天下第一
当年为了霍建华和叶璇看的,4,天下第一
昨天下午过了一遍。三十六天罡说：我们三十六天罡可是千里挑一，从三千六百人里挑选出来的。我算了算，好像不对....,4,天下第一
段天涯是外表看似冷酷，内心其实很温暖。,4,天下第一
小时候很喜欢的一部剧，演员卡司强大，且演技都在线，时隔多年，重新拾起这部剧，还是觉得很精彩，可能现在粗制滥造的剧太多了吧,5,天下第一
明星阵容真强大呀，很早看的一部剧了，海棠和一刀太虐了😭,4,天下第一
好想让一刀和海棠在一起啊！还喜欢郭晋安！还有刘松仁！电视剧里的大制作了！不过李亚鹏在扶桑的那段不好看！不喜欢黄圣依,4,天下第一
最喜欢成是非和云萝郡主，是最完美的结局了，最心疼一刀和海棠，好不容易在一起却又永久分开，当年的黄圣依很美，演得也很好，没想到搭上扬子的船，想想神候大boss若不是因为飘雪喜欢上天涯引发后面许多事，搞不好神候真的成了，大咖云集啊，王晶现在只会拍烂片了，和于妈一样,4,天下第一
“我只要做你心里的第一~为甚么你眼里却还是犹疑~”这就是一刀对海棠唱的啊！当年爱死了好么！一刀苦恋海棠最后几集了才修成正果，尼玛最后海棠居然死了啊！！,4,天下第一
卡司强，剧情雷，武戏佳，把王晶换成任意一位香港导演估计都能提升不少,4,天下第一
除了少量剧情上的BUG，剧情、武术、音乐、分镜都相当优质了。剧集中最喜欢的部分竟然是天涯在东瀛的那一段，拍得太美。最喜欢的CP则是成是非和云罗，嬉笑欢闹却用情至深。,4,天下第一
不得不说最后的剧情反转真的是太6666666了，当年看的时候可讨厌柳生了，我的海棠一刀啊(╥╯﹏╰╥)然后就是……华哥真好看！,4,天下第一
好好坏坏，到底什么是好什么是坏？心疼几个徒弟……,5,天下第一
就是情节很多，然后七七八八的有点多，哎，还是以前的电视剧好看呀！！现在的电视剧都是什么鬼！！霍建华那时候真年轻！！,4,天下第一
最爱上官海棠，唯一分不清男女主的剧，感觉都是主角,4,天下第一
把郭晋安替换掉就完美了，表演风格太夸张。李亚鹏和黄圣依在湖面上交叉掠过的那场戏很唯美啊，根本就是模仿李连杰和梁朝伟在“英雄”中九寨沟湖面上的那场对打戏。高圆圆的古装扮相让人惊艳。,4,天下第一
虽然剧情有些狗血，但是霍霍和叶璇都好喜欢啊～一刀和海棠都好帅，好配啊～～,4,天下第一
超爱公主和成是非。,4,天下第一
霍建华好帅~\(≧▽≦)/~,4,天下第一
当年冲着王晶和刘松仁去看的，却爱上了孤傲忧郁痴情的归海一刀，海棠死的时候心为一刀而碎！,5,天下第一
那时候的海棠的，真是又帅又美~~,4,天下第一
高中时代的记忆……,5,天下第一
当初每个演员都好喜欢啊,4,天下第一
这么多年，一刀和海棠的爱情一直让我耿耿于怀。,4,天下第一
哇当年真是疯狂的喜欢，海棠让我至今对叶璇都抱有好感_(:з」∠)_,4,天下第一
小时候还挺喜欢。。。。,4,天下第一
那个时候就觉得皇上身边的大内高手很屌，不光武艺高强，而且有皇上给的金牌畅通无阻。后来知道这群人叫“锦衣卫”的时候，就感叹，连名字都这么酷，肯定很会玩，真的感叹他们很会玩！！！！,5,天下第一
那些年看过的电视剧之叶璇当年好帅，华哥也是真绝色^_^,5,天下第一
华哥演的一刀好帅，海棠也很美，成是非好搞笑.,5,天下第一
好喜欢海棠和一刀这对，其次郡主和成是非。都挺可爱的。海棠人设很招苏，一刀忠犬痴情。这对BE一直是我心里的痛TAT不过也肯定是因为BE了才能让我即使过去十年了还记得……台词都会背了hhh要是发糖的时间再多一点就好了。打戏很精彩。,5,天下第一
初中还是高中的时候看的，喜欢霍建华和叶璇，为了这个还特意买了整套正版vcd！,4,天下第一
somehow我记忆最深的是皇上和海棠…那一句“鸳鸯戏水”可以说被我幻想了很久(小时候),4,天下第一
童年经典，叶璇的海棠至今让我念念不忘，人设很出彩，云罗郡主也很可爱啊,4,天下第一
霍建华帅帅的好吗，叶璇死得太早了,4,天下第一
绝对是颜值的盛宴！很好看！很喜欢！看了好多遍,4,天下第一
真的觉得海棠的男装是独一无二的，喜欢海棠和一刀这对苦命人。一刀真的美死了。,4,天下第一
看的时候，觉得霍berber好帅啊，。却是他很帅，还有叶璇，也好帅啊。可惜她离开TVB了，可惜了可惜了。,4,天下第一
最爱这种德高望重师父是大反派设定。,4,天下第一
我居然最爱海棠和沈万三，飘絮和天涯。他们分别在一起不就啥事都没了吗😊,4,天下第一
剧情不错，挺虐的。霍建华很帅啊。,4,天下第一
童年时期的内地连续剧多妙啊……永远无法忘记的上官海棠和归海一刀……以及霍建华的主题曲。,5,天下第一
主要明星很多~~当时里面很喜欢霍建华的！,4,天下第一
很喜欢叶璇在里面的感觉……帅……不喜欢李亚鹏，败,4,天下第一
好看，很经典，里面的各位演员颜值不错。成是非搞笑担当,4,天下第一
霍GG，璇MM，这是一部偶像武侠有木有！,4,天下第一
小时候看过的超精彩的武侠剧，那时候被霍建华演的归海一刀迷的不要不要的，海棠的风流倜傥，男装扮相超帅，只可惜这对CP最后没在一起。,4,天下第一
对上官海棠这类角色真是毫无抵抗力,5,天下第一
上官海棠这种带有英气的女子让人难以忘怀，剧情很不错。爱过,4,天下第一
哈哈哈搜张卫健看到的 可是我都不记得有张卫健诶？小时候好宣叶璇,4,天下第一
叶璇是我至今见过女扮男装最自然，最英俊的女演员。所以一直对她黑不起来。印象最深刻的还是云萝和成是非这一对，斗嘴太有爱。最让我没想到的是神侯居然是大boss，太意外,4,天下第一
那个时候大爱霍建华，只想他跟叶璇在一起，但是海棠最后居然就那么没了。,4,天下第一
我会说我第一眼真的以为上官海棠就是男的么,4,天下第一
喔，霍建华的天下第一。,4,天下第一
小时候看的时候好爱叶璇跟霍建华这对CP~对男装的叶璇毫无抵抗力，上官海棠是这样，孟丽君也是这样~,4,天下第一
站的cp是悲剧😔😔😔,4,天下第一
段天涯超级大渣男；成是非废话太多；归海一刀腹黑傲娇，唯一正常的只有海棠，还死了！,4,天下第一
叶璇在里面是真的又美又帅！,4,天下第一
我真的觉得也还好看（殴,4,天下第一
当年看美女还是很兴奋的，如果现在看估计是三星。,4,天下第一
那时真不懂，原来霍建华这么帅！！！！,5,天下第一
“天下第一，原以为这是中国原创武侠的开始、却没想到是巅峰。”,5,天下第一
叶璇饰演英气女子真棒！,4,天下第一
首先喜欢的是成是非和云萝，这对可人儿是唯一的一对幸福结局的。接着是叶璇，海棠给她演的格外出彩。再然后是归海一刀，果然帅啊帅啊~,4,天下第一
叶旋很漂亮。。。,4,天下第一
因为这部剧我看人民的名义的时候总有点恍惚hhh这里的海棠美好的不行，死的时候超级心酸，心疼归海一刀和海棠。,4,天下第一
爱看武侠的人都不会错过 现在回头看 大咖云集啊,4,天下第一
大众口味，演员不错。,4,天下第一
在无金庸古龙武侠原著的基础上，这是最好的一部剧。,5,天下第一
这五分给霍建华和他唱的你的第一，我爱帅哥爱帅哥爱帅哥,5,天下第一
海棠身死的那一刻，真的恨透了飘絮,4,天下第一
自从看了这部剧，我觉得霍建华后来所有的古装扮相都不如这个，以前挺喜欢叶璇的女装的，后来变成觉得她的女装都没这里面的男装帅,5,天下第一
一开始好嫌弃男主的颜值哦！后面就。。。越看越好看了，上官海棠和归海一刀的故事真的哭死我！还有大反派师傅吗？我忘记名字了，为了心爱的女人做尽坏事，但是她自杀了（还是整个头割下来那种）哇哇哇给我留下了好深的印象啊！,4,天下第一
就是在这里发现女性帅起来就没有男性什么事儿了，终于知道了什么叫陌上人如玉，公子世无双，上官公子你真的好酷啊,4,天下第一
阵容超级强大的片子啊，记得最后结局挺惨的,4,天下第一
"才发现编剧有王晶这么亮瞎眼的名字，当年难得的好剧~~才发现00到05的好多古装剧我都看过,小学时代啊,童年的回忆",4,天下第一
归海一刀啊 迷死人啦 还在家读中学的回忆呢 ,5,天下第一
我记得我看过 很爱主题曲,4,天下第一
喜欢叶璇，多加一颗星星,4,天下第一
这部剧几乎集合了各种可能的对武侠的遐想。大杂烩什么的看着也挺热闹。现在看着荧幕上三代令狐冲同屏对戏，莫名喜感。里面甚至还出过一句神预言：“今后和女孩子交往可要小心，人家可能是男人啊！”~~,4,天下第一
还ok 但是莫名其妙的看了好几遍....,4,天下第一
真的好看！王晶北上的诚意之作。已经看过三四遍了吧。印象深刻的其实是DK客串的，扎双马尾的不败顽童古三通，可爱～,4,天下第一
只要是主要是喜欢演员,4,天下第一
成是非很好玩啊，海棠死的时候我真的一脸懵逼啊。小时候可喜欢看了。,4,天下第一
霍建华好帅，叶璇最后的女装很惊艳,4,天下第一
海棠很帅，归海一刀也很冷漠无情，高圆圆的日本人很漂亮，虽然李亚鹏不够帅，但还是很喜欢看他演戏，演技很棒。,4,天下第一
这辈子看过的最超神级片头，没有“之一”。,5,天下第一
这部的华哥多帅，叶璇多美啊,4,天下第一
剧本是硬伤,4,天下第一
回头看依然很喜欢海棠和一刀。,5,天下第一
喜欢前五分之四的剧情，也就是朱无视原型毕露前的剧情。因为节奏得当，人物演绎到位，发展脉络耐人可寻。最后五分之一的剧情发展太快，所有一切都翻盘，感觉被坑了。,4,天下第一
喜欢张卫健霍建华,5,天下第一
小时候很喜欢，天字第一号，地字第一号，什么的，海棠是女神,5,天下第一
印象里特别好看，叶璇真是惊艳啊,4,天下第一
是好剧，不过有几点很奇怪，段天涯是男一，但剧中明显弱化，成是非和归海一刀的存在感和重要性明显比段天涯要强，上官海棠应该算是女主但半途领了盒饭？这仅仅是为了打破以往武侠剧的套路吗,4,天下第一
叶璇的这个角色是我最喜欢的(≧▽≦)一刀里面也是很帅(≧▽≦),4,天下第一
叶璇在这里面真美,4,天下第一
从此爱上了一刀= =,4,天下第一
小时候很喜欢这部剧。不得不说大家的演技都特别好，尤其是刘松仁的神侯。因为曹公公的坏是坏在表面，所以我就一直以为他是一直坏下去的。一刀的官配一定是海棠，成是非的官配一定是云罗，神侯喜欢素心，只是不知道素心喜不喜欢他；唯一不知道的就是天涯喜欢雪姬多一点还是飘絮多一点。,4,天下第一
绝逼好看！剧情好！每个演员演技大赏！,4,天下第一
明星还能再多点吗，叶璇你还能再美点嘛,5,天下第一
霍霍好帅,4,天下第一
超级华丽丽~,4,天下第一
童年的回忆啊。。。,4,天下第一
一堆画风不一的明星云集了，叶璇霍建华的刀棠恋很感人，邓超演的小皇帝也蛮个性，高圆圆很冷艳，郭靖安搞笑，居然还有张卫健，一点印象都没了。当时对李亚鹏演男主有点不满。,4,天下第一
喜欢上官海棠，叶璇男装真俊。里面帅哥美女真多。,4,天下第一
当年觉得可高端了！,4,天下第一
那时候很萌叶璇呐。,4,天下第一
我对这部剧的所有好感全停留在了海棠死的那一刻T.T，之后几集就弃剧了,4,天下第一
很多年看的了 就记得叶璇,4,天下第一
当年超爱啊....被霍建华叶璇迷死了,5,天下第一
超喜欢！当然作为武侠剧是有点超出人类认知，但是真的很好看！情节紧凑，人物性格鲜明，服化也不错！,5,天下第一
良心之作！！尼玛卡司阵容强大就不必说，开头BGM秒心碎~~我的男神女神们~~~,5,天下第一
对叶璇越来越无感了,4,天下第一
紧看都觉得好看。就浓王晶这种豪华阵容乱演乱演神垮垮的。一刀和海棠确实是一对不可多得的银幕形象啊。喜欢片头的音乐，当当当当当~当当当当~当当当当当当~~就是这样的,4,天下第一
剧情脑残，衍生剧情美,4,天下第一
两岸三地大咖特多 随便一个现在都是主角 以前的武侠剧情都很好看,5,天下第一
过去电视上一集一集半夜追完的剧集 现在回想，印象里还是相当不错~①喜欢上华哥的戏 ②喜欢里面高圆圆的角色 ③那会儿的叶璇还没残,4,天下第一
虽然叶璇近几年的感情生活颇为人诟病，不过每个人都有自己的生活方式，在没有违背道德底线的情况下，他人的任何行为活动都只是人家的选择自由而已。我们是不是也可以更包容一些呢？是不是可以把关注点放在她的演戏事业上呢？说了这么多，我就想表达我挺喜欢这个演员，也喜欢海棠这个角色。,5,天下第一
反反复复看过很多遍，直到最近的一次才深深的有所体会，其实侯爷对素珍根本谈不上爱，只是为了感动自己而一直在坚持况且他自己也说：“她就是我的一个梦”，但是也能看的出神候也是动了感情，不然最后不会被打败，不过最喜欢的还是里面的曹正淳，演的真的蛮好的！！,4,天下第一
小时候的武侠真好看，演员阵容好强大。,5,天下第一
那时候没有那么多特技，看起来却格外舒服。,4,天下第一
天下第一庄，一直觉得上官海棠与段天涯最配,5,天下第一
小时候特迷一刀海棠这对！！而且叶璇的上官海棠太英俊了～,4,天下第一
赞，叶璇和霍建华这对的结局哭死我了,5,天下第一
有空还是得去找粤语的碟来看...,4,天下第一
没有好好追过⋯⋯但经常播到就看了⋯⋯,4,天下第一
当时并没发现有这么多明星，只觉得归海一刀很帅，只能说霍建华这个人物塑造的不错。郭晋安的傻子形象说实话并不讨喜。,4,天下第一
看过很多遍，天地玄黄，天下第一！背景音乐非常好听，跟剧情很配；最喜欢成是非和云罗这对couple，搞笑幽默；叶璇的男装太帅了，女装也太美了，最喜欢的角色，叶璇那时的演技怎么那么好，再看看现在；曹正淳的演技第一，毫无疑问！,5,天下第一
歌词“能不能有这种荣幸，抱紧你”,4,天下第一
当时爱惨了霍建华。。。。。,4,天下第一
当年看的时候蛮欢乐，一刀海棠是追剧点啊，邓超亮了,4,天下第一
海棠没事，一刀便放心了,4,天下第一
也算是童年最爱了   虽然现在不太能记得具体剧情了   但记的天涯   一刀   海棠   飘絮    成是非   郡主啊    踩个印记录一下   ,4,天下第一
重新看了一遍天下第一，这是太太很喜欢的连续剧，因为里面的霍建华很帅。除了剧情上有硬伤外，不可否认是部不错的连续剧啊，看的挺开心的，可是看完了，会想她。,4,天下第一
远烟一般的往事了。,5,天下第一
以前看过还不错额。。。,4,天下第一
那么多星都给霍建华,4,天下第一
喜欢叶璇霍建华这一对,4,天下第一
又是一部超虐的电视剧，要是都像成是非和云罗郡主一样就好了！,4,天下第一
哇，可好看了，喜欢黄圣依的柳絮,5,天下第一
前天听到客厅放出主题曲就被触动了妈的 于是和我爸看了整整两天 还是很喜欢啊,5,天下第一
记得那时候大家都是为了看陈冠希......结果刚出来就死了==,3,天下第一
喜欢叶璇和霍建华,3,天下第一
原本以为阴谋就此结束的四人此时却发现，原来皇帝的痴傻实为伪装，而身边最大的阴谋家正是养育他们长大，却窥探皇位二十多年的神侯！,3,天下第一
所以说中国的编剧总是缺乏想象力，朱无视霸气逼人，屌的尿骚，人又帅，又有事业心，武功还这么牛掰，从任何层面看都是做皇帝的最佳人选，为了剧情需要就把他写死了，太不符合常理了,3,天下第一
喜欢叶璇，挺好看的，可惜是悲剧！,3,天下第一
有一阵子挺迷叶璇，后来不知怎么的就走偏了,3,天下第一
上官海棠和归海一刀，结局只有他俩是悲剧,3,天下第一
当年被虐的死去活来的一刀跟海棠。,3,天下第一
武侠片，好看的。霍建华，帅的。,3,天下第一
特地从某人消失之后才开始看，看到中间就把前面补齐了。看这片都不讨厌李亚鹏了真神奇。,3,天下第一
天地玄黄，各有所长。上官公子！叶璇男装秒女装。归海一刀是白豆腐的角色里最喜欢的一个了。,3,天下第一
搞笑诙谐，郭晋安的金身厉害啊！整部剧只记得这个金身！,3,天下第一
最近老在讲东方菇凉。。所以。。就来瞅瞅霍先森了。（有关系吗=- =）小时候看过的呢。那时候还不觉得大牌多。。。现在一看全是大牌啊。不过我还是要吐槽一下。。神一样的编剧啊。说谋反就谋反，竟然一点征兆都没有。。太假了。前后完全不连贯。,3,天下第一
电视剧里面最喜欢的大概是陈法蓉和张卫健这一对了，不知道为什么会不喜欢，故事发展也看的纠结。,3,天下第一
其实，那个时候的璇，真的很海市。只是，我已经找不到那个鉴明了。,3,天下第一
没想到霍建华和李亚鹏还一起演过戏。,3,天下第一
有两个女子办男装惊艳到我，一个是叶璇，一个是黎姿。。,3,天下第一
这个电视剧感觉好长啊，喜欢海棠和归海一刀这条线，其他的感觉没什么意思，那时演这剧的演员现在都是大咖啦,3,天下第一
拍得很俗啦，但是看这种武侠剧就像打一部早期国产武侠RPG或者看一本热血漫画一样，合格的消磨时光好陪伴,3,天下第一
怎么不记得见到高圆圆了？？她演得谁啊,3,天下第一
当时觉得霍建华好帅，和男装的叶璇太萌了，可惜两个都不是主角，主线剧情又很雷，实在坚持不下去，反正也被OP剧透了知道这对最后BE╮(╯▽╰)╭,3,天下第一
记忆中这是一个很多大牌剧情很囧的剧,3,天下第一
总算有一部可以给三星的古装片了……,3,天下第一
换掉李亚鹏就多给一星。成是非云罗很可爱，但比起海棠一刀他俩也太幸福了吧！后一对那么迟才对上眼，一场甜蜜恋爱戏都没有，海棠就挂了。《你的第一》好听，但敢不敢多给霍建华几个镜头啊！比起海棠甚至更喜欢一刀啊……黄圣依剧中蛮美的,3,天下第一
虽然剧情现在看挺假，不过叶璇作为女主居然死了 实在是给我很大的震撼！！,3,天下第一
霍建华不错，更爱陈法蓉。。。更可怕的是我居然喜欢里面黄圣依所演的那个角色，哦，想起来了，叫柳生雪姬。她的这部分剧情我喜欢。,3,天下第一
哦哦突然想起来小时候看过这片，小时候怎么都看这种现在想来蠢爆了但是当时又觉得很好看的片子,3,天下第一
大牌云集 我貌似看过一、两集 没什么印象了~ ,3,天下第一
当年还小，可喜欢了。现在这样的剧迷不到我了,3,天下第一
很经典，很好看，颜值高演技也还行。推荐推荐,3,天下第一
此剧播出的时候，我们村正流行安装卫星锅盖，我最早在星空卫视看过它。原来是王晶手笔，集齐两岸三地明星。此剧是我对叶璇唯一的印象；对太监总管印象深刻，后来知道饰演者是李建义；记住了皇帝和饰演者邓超，可能这个名字太好记，后来竟然这么火。,3,天下第一
海棠是我的初代男神啊，小学那会简直是痴迷了，最后死的时候哭惨了。,3,天下第一
其实我觉得剧情一般哈，有些讲不通得地方，而且延伸了很多跟剧情无关的细枝末节，大家辛辛苦苦学来的绝世神功，除了成是非，都没怎么用到。。。不过演员阵容太强大了，估计是有史以来明星最多的一部武侠剧了。李亚鹏的表演很到位，最传神的还是张卫健的表演，虽然只有短短几出戏，但是表演得出神入化，把一个顽童刻画得不要太深。,3,天下第一
冲着霍建华的归海一刀看的，跟叶璇挺配的，看完很喜欢成是非和邓超演的皇帝，刘松仁演技超级赞。,3,天下第一
不喜欢李亚鹏,3,天下第一
只有我一个人觉得天下第一和名捕震关东有点像么？海棠蛮不错的。,3,天下第一
阵容真心不错哈哈 郭晋安太欢乐了 不过摄像太糟糕了 DOP在想什么哇。。。,3,天下第一
看这部电视剧的时候我还在上高一吧 当时被霍建华迷到不行 虽然也很喜欢叶璇饰演的上官海棠吧 不过 我总觉得她不如高圆圆好看捏。。。而且最后上官海棠不应该那么死啊 太假了 现在再看 觉得剧情有点七拼八凑的 但是为了霍璇 我忍。。。,3,天下第一
看剧的时候好喜欢海棠和归海一刀,3,天下第一
貌似看了很多遍……不是因为好看，是因为寂寞……,3,天下第一
程小东是挂名的吧，里面东瀛部分倒是有点程小东的风格，但是道具服装都很山寨，日本人佩刀刃朝下,3,天下第一
反正加了个李亚鹏就绝望了。。。,3,天下第一
剧中主角，现在看，个个都是话题人物。结局忘记了，记得高圆圆又演了个周芷若。黄圣依的扮相很美，可惜早死了，郡主貌似也死了，成是非跟个傻子似的。别的忘了。“不稀罕做谁的天下第一，只想永远做你心中的唯一”,3,天下第一
有点2还可以吧,3,天下第一
在高圆圆成为小清新的女神时，她在我心里早就被这部和倚天屠龙的两个角儿定型了——不要脸的小三女奸人。,3,天下第一
其实就是部数星星作品  女生造型真是一言难尽啊,3,天下第一
好多牌牌啊 哈哈 霍建华,3,天下第一
很多年前了吧。。,3,天下第一
啧啧，当时迷得哟、、、,3,天下第一
只能说角色塑造太成功了！！！剧情其实挺一般的！！！,3,天下第一
影评.txt 2014.2.10,3,天下第一
当年是下载到电脑里看的，为了海棠和归海一刀，我一直拉进度条，而现在一刀已经结果，海棠也不是原来的海棠了……哎物是人非,3,天下第一
那个时候觉得黄圣依很美啊。。。那部剧也注定让高圆圆在我眼里不太美得起来。。。。。。。霍建华演冷面人还是比较合适。。。陈仪容也很美。。。。。,3,天下第一
每到假期就会播啊 也算是经典了 只记得高圆圆和黄圣依的和服装扮很美~,3,天下第一
酷哥酷姐的，面瘫什么在这里就特别合适。。。各自的爱情和人生，都搅卷在江湖和朝堂的局势纷争之中。天涯和东瀛两姐妹，海棠和一刀，神侯和素心古三通，这几对略悲情，相爱的同时背负了太多东西，所以纯粹欢乐的郡主和黄黄才能在最后获得幸福吧···看这部我成了便当控，妹子死得心碎又凄美,3,天下第一
以后不能了.......,3,天下第一
当时挺爱看，就是李亚鹏不待见,3,天下第一
当时还很迷霍建华的说~,3,天下第一
古偶中的较早作品，制作不太好，演员颜都还可以，三星吧,3,天下第一
印象最深的是海棠被杀的时候，对叶璇演这种英气的女子抵抗无能，又帅又美的。,3,天下第一
看过 没看出什么东西来。。三星给里面所有的大牌分一分吧,3,天下第一
就记得素心素心的烦死了，海棠英气帅死了。无他。,3,天下第一
感觉没啥意思，不太爱看。但是高圆圆很美，叶璇在里头那角色也喜欢,3,天下第一
挺好的，霍建华的造型不错，比现在的好看。,3,天下第一
那会儿很喜欢看一刀的那段  叶璇那时候也还算正常,3,天下第一
阵容挺华丽的，拍得也挺无聊的。,3,天下第一
剧情BUG多，但是人设真的不多...小时候就好喜欢海棠和一刀的CP……打戏很好，比现在的国产剧强很多,3,天下第一
海棠好美 更喜欢天涯，可是天涯为什么喜欢的都是日本人，不喜欢海棠呢 纠结。。。。,3,天下第一
演员很强大，剧情有点狗血= =,3,天下第一
按我当年的欣赏水平，应该会觉得拍的还不错。只可惜那些年我天天加班，应该无缘看到此剧！演员阵容8错，剧情就有些差强人意了，最爱刘大叔得表演啊！,3,天下第一
最讨厌李亚鹏演的段天涯……毁掉了,3,天下第一
首先感觉，台词、特效都特别差，一看原来是2005年的，十年，中国电视剧还是进步不小的，制作精良许多。其次其实演的都还好，一刀很清冷，成是非很搞笑，只是剪接方式还不成熟。,3,天下第一
。。。。。。。。。。。。。。,3,天下第一
霍建华和东洋刀,3,天下第一
一堆男主女主。狗屁神功。。。,3,天下第一
就为了看叶璇男装看完了整个电视剧。。。不知道叶璇知道大家认为她男装比女装好看时会有什么感想。。。,3,天下第一
好久以前的片子了，那时候居然不怎么喜欢男女主的故事线喜欢男配的。,3,天下第一
那个时候看得还蛮开心,3,天下第一
三颗星献给最酷的霍建华,3,天下第一
好像在富阳的时候经常看这个,3,天下第一
我只是来看霍建华的！！,3,天下第一
明星众多啊...,3,天下第一
10年的特效现在看也是醉了。本剧是非观扭曲，一刀杀孽重但受保护太多，虽然后面揭晓他是被飘絮陷害的。,3,天下第一
英气的上官海棠，张卫健塑造的古三通仅两集就把我征服了。这部戏前面太冗长了，后面的黑化太过集中在后半段了。记得邓超在里面演的小皇帝和叶璇还有对手戏呢。,3,天下第一
宿舍人看的,3,天下第一
雷点多的数不胜数，我决定写个短评，娓娓道来~哈哈哈哈哈哈哈,3,天下第一
#论bilibili总弹幕过万国产电视剧索引是怎样一个神奇的豆列# 记忆点：想想上官海棠再想想叶璇,3,天下第一
在六班的教室里全班一起看的,3,天下第一
披着武侠外衣的虐恋偶像剧，今天才发现剧中好多熟悉的明星，两岸三地大荟萃呐,3,天下第一
点视觉都差不多三星吧。。。。,3,天下第一
最喜欢海棠，英气十足，为毛最后给弄死了！想当年还是很喜欢叶璇的，现在直接作死啊！,3,天下第一
这 算是合拍片吧 配音真不习惯,3,天下第一
对整个故事无爱，剧情很乱，叶璇扮男装真心英姿飒爽。,3,天下第一
虽然是雷剧但还蛮好笑的...,3,天下第一
很喜欢成是非那一段故事，也很喜欢上官海棠，还有柳生雪姬和飘絮两姐妹都好漂亮,3,天下第一
冲明星阵容去的。喜欢黄圣依那一段。,3,天下第一
其实我还是挺喜欢的。。。为什么你们都不喜欢李亚鹏。。。我真的很喜欢他啊。。。。。,3,天下第一
萌点在霍建华啊霍建华...,3,天下第一
懷舊重看 看到大概二十集就棄了_(:з」∠)_ 直到現在還是很喜歡葉璇的古裝 然而邏輯漏洞太多 劇情人設也雷人 編劇還把海棠寫死了簡直人幹事....,3,天下第一
什么都不想说。,3,天下第一
偶是冲着这么多明星去看的~,3,天下第一
很有玩网游的欲望,3,天下第一
一星因为bug太多，两星加给叶璇，郭晋安和良心武打戏。还有一件事，我真心觉得李亚鹏在剧中不帅，霍建华也就那些，相比郭晋安的演技，真的差太多。,3,天下第一
大牌倒是不少，叶璇蛮好的,3,天下第一
像这样的古装片，统统3星,3,天下第一
李亚鹏真是不忍直视,3,天下第一
天下第一抄，耍帅不错。,3,天下第一
凭什么女人都喜欢李亚鹏,3,天下第一
发现合拍剧大多不怎么样。如果不是因为我们家璇，我是不会去看的。当然，璇在剧中的演技是一流的，男装帅气，女装漂亮。可惜没看到粤语原声版本。,3,天下第一
柳生飘絮，身不由己，真真应验她的名字啊。,3,天下第一
为什么这里面几乎所有的女的都喜欢李亚鹏。。,4,天下第一
这剧情现在看真的有点不忍直视了。可是太爱叶璇的古男装扮相，所以翻出来跳着看完。,3,天下第一
比一般好一些。,3,天下第一
喜欢海棠和归海一刀。,3,天下第一
原来我小时候看了这么多的电视剧啊,3,天下第一
很多年前看的，郭晋安很搞笑，霍建华很冷酷,3,天下第一
这货太让我纠结了，叶璇你居然就那么挂了，我可是爱你才看的呀~~~,3,天下第一
虽然这么多出名的明星在，却仍然阻止不了我换台的欲望,3,天下第一
十年前非常火的一部剧看过的人不在少数，而十几年后，那么多实力派演员我却只记得三大老戏骨，印象深刻从弱到强是张卫健的古三通、刘松仁的铁胆神侯、以及曹督主的李建义。曹督主凭此剧直逼华语电影史上最经典的太监角色毫不夸张，你能想象他是季昌明吗？多说一句你能想象老三国王朗徐庶配音也是他吗？,3,天下第一
小霍啊~~,3,天下第一
小时候我家地方台总喜欢播断断续续看了好多遍依稀记得每个人都是大内什么天地什么的。。嗯海棠以前是我的偶像。。,3,天下第一
这剧我完全忽略了李亚鹏- -叶璇男装很出彩，霍建华还是帅，郭晋安和陈怡蓉可爱极了，高圆圆婚嫁妆很漂亮，回忆里的黄圣依很惊艳。。。等等，但是剧情？我忘了。。。,3,天下第一
霍建华那首片尾曲好好听，最后海棠死了艹,3,天下第一
嗷，可以说是我原来最喜欢的国产电视剧，感觉编得还不错。不过那会儿还小，不知道现在会觉得肿么样。【小时候看的时候觉得最帅的其实是古三通0 0】果然还是不太该重看的，感觉很多地方现在看来就没那么好了= =,3,天下第一
断断续续看过,3,天下第一
海棠死的时候那叫一个虐心啊,3,天下第一
还行吧，剧情大致忘了，只记得后来女二要切腹求原谅,3,天下第一
阵容帅气啊！！,3,天下第一
这里面我竟然有get到黄圣依的颜,3,天下第一
万万没想到叶璇今天能变成这个样子,3,天下第一
这个剧本有种说不出的大杂烩的感觉，但是很武侠……好奇怪,3,天下第一
【看过结局就当成看过了是咱的优良传统】【==。。,3,天下第一
小时候特别喜欢看...尼玛,3,天下第一
说实话，看不进去。无论怎么样都看不进去。印象里，霍建华蛮帅的。,3,天下第一
看到最后好人突然变坏人把当时还小的我给吓了···,3,天下第一
脑洞很大，bug很多，搞笑不错，可以一看,3,天下第一
叶璇是这一代女星里面男装最英气的没有之一。圆圆真的好美啊～其实主角应该是成是非吧,3,天下第一
呵呵呵呵呵，原谅我当年觉得卡司很豪华,3,天下第一
小學3年級還是4年級的時候看的- -,3,天下第一
这部戏里的李亚鹏一点也不讨人厌。感觉他没招谁惹谁却被很多人讨厌，很冤。,3,天下第一
那时候的叶璇真好看,3,天下第一
还有李亚鹏和高圆圆诶 但是→ →郭晋安一人可毁全片 加上叶璇= =,3,天下第一
这种多年前看过的剧还真是。。。,3,天下第一
海棠死在飘落的红枫中我又哭成傻逼了。。。= = 当时还因为苏州三套有奖问答赢了一个手表囧,3,天下第一
初中迷霍建华。。。,3,天下第一
才知道导演是王晶，不管了，郭晋安真是到哪里都可以装傻，三星给几个大牌分一分吧。,3,天下第一
现在看看这些主角，觉得真有意思。,3,天下第一
当初看时完全不像金庸武侠剧一般，看的还不习惯，如今重温，感觉人世沧桑，心机名誉金钱就像是魔鬼，可以让好人变坏，可以让坏人发疯，守住正义往往靠的是人心，一颗赤胆红心。,3,天下第一
当年爱S归海一刀和上官海棠了,3,天下第一
从小真的看了好多电视剧,3,天下第一
现在看，很狗血很雷啊。。。台词也很智障。。。。。小时候都看的什么。。。,3,天下第一
我只想做你心里的第一~为什么你眼里却还是犹疑~能不能有这种荣幸~喔~喔~,3,天下第一
现在看起来蛮多幼齿的地方。作为影视剧已经算不错了，海棠一刀的感情线太弱，本来挺萌这对的。李亚鹏的发型好失败,3,天下第一
那时候这个阵容相当豪华了吧！,3,天下第一
海棠死的时候我都哭了,3,天下第一
童年回忆哟，现在才知道原来一刀是霍建华，小时候原先觉得一刀好粗犷的  ←_←,3,天下第一
当年要不是为了海马才不会去看……神侯的反派也早就猜到了，情节实在不咋嘀。,3,天下第一
看过成是非的剪辑版，没想到里面还是避免不了会傻傻一回的命运。不过是很喜欢这条线。原来他年近不惑演少年也没什么违和感。,3,天下第一
卡司还是挺咔咔闪，郭晋安老演脑部结构异常的角色图什么许的,3,天下第一
起点爽文影视化的正确打开方式。,3,天下第一
第一次觉得李亚鹏还是将就可以的。,3,天下第一
补了个上官海棠的cut，原来她死是因为叶璇档期hhh,3,天下第一
叶璇的男装比女装好看诶~~霍建华笑起来好可爱~~如果万三千由何润东来演多好~~,3,天下第一
为了霍建华追的，果然是花痴。,3,天下第一
         小时候觉得叶璇霍建华太配了,3,天下第一
一直搞不懂男女主是谁呀！当时真的被归海一刀和海棠吃得死死的。其实我神烦成是非，觉得他是里头最丑的。,3,天下第一
感情戏拖拖拉拉受不了了。。。,3,天下第一
叶璇的男装真好看啊。人多了，很热闹的剧。,3,天下第一
剧情都忘得差不多了，到还记得霍建华唱的那首《你的第一》。 ,3,天下第一
叶璇不是我眼中的美女类型，不过上官海棠这个角色表现得超有气质,3,天下第一
为了霍建华，加到的3颗星,3,天下第一
才觉得那时的这部剧是多么豪华的阵容。,3,天下第一
纯粹为了看霍建华···,3,天下第一
香港和台湾和大陆三地连拍拍出来一部好奇怪的剧,3,天下第一
还行吧，为什么老是希望叶璇和某个女的在一起,3,天下第一
反正我就觉得叶璇女扮男装好英气啊，剧情倒真是各种扯啊！,3,天下第一
好看的,3,天下第一
不太喜欢里面的高圆圆,3,天下第一
小时候为什么很喜欢郭晋安呢，感觉就喜欢傻傻的样子。,3,天下第一
当时就冲着叶璇去看的，话说你啥时候打算come out啊~我看好你啊~,3,天下第一
上官海棠，归海一刀～,3,天下第一
bug这么多，颜值又不高，演技又没有可圈可点之处，还不如小鱼儿与花无缺，评分这么高也是醉了,3,天下第一
喜欢成是非的豁达，那种没心没肺却对朋友有义气，与郡主那种吵吵闹闹欢喜冤家也是我喜欢的。,3,天下第一
干嘛把人都搞死嘛（┬＿┬）,3,天下第一
那时的叶璇，美爆了,3,天下第一
当年的叶璇看天下第一时很喜欢现在就呵呵哒,3,天下第一
在然然家看的,3,天下第一
陈怡蓉有胡子！！！,3,天下第一
张同学戏份太少了,3,天下第一
多线不同人物。叶璇饰演的海棠最夺目，霍建华那时演技比较青涩。,3,天下第一
当时看的时候觉得阵容挺强大，剧情有点模糊了…,3,天下第一
好多熟悉的演员,3,天下第一
看来我只有小时候才会看这种大陆剧。那时的记忆里 就觉得霍建华很帅气 然后很喜欢很喜欢叶璇。不管她演什么角色都很喜欢。剧情什么的基本不记得了恩。,3,天下第一
归海一刀啊！！！！！！！！！！,3,天下第一
高中时候看的,3,天下第一
小时候的回忆了，记得海棠最后是死了吧，为此还难过了好久。,3,天下第一
好喜欢海棠和归海一刀～在这部剧里第一次知道霍建华哈哈哈哈哈 2018.8.24 熬到凌晨两点重新刷完这部剧，重点全放在海棠和一刀这对CP，真的很甜很爱又很虐…,3,天下第一
充满着小时候的感觉，段天涯、上官海棠、成是非、归海一刀，还有剧情环环相扣一直到后来的大boss，侠客的这种感觉不知道国产剧还会不会有这样的意境。另外李亚鹏那个时候真好看哈哈,3,天下第一
叶璇和霍建华的部分还可以看一下,3,天下第一
从此喜欢陈怡蓉,3,天下第一
这部剧里我最喜欢的是海棠，真的很喜欢当年的叶璇啊,3,天下第一
还行吧，bug不少。现在看来卡司真是强大啊= =,3,天下第一
非常多的明星。剧情也很大气。但是生不逢时。,3,天下第一
开始是为了张卫健，但是居然只是客串！不过有个意外收获，那就是归海一刀，虐啊虐~~,3,天下第一
补标。成是非和郡主是真的有趣，当年莫名喜欢飘絮和海棠。,3,天下第一
秉着童年时对海棠的爱重温了一遍，个人觉得海棠并非是真的喜欢归海一刀，里面的侠士个个都情根深种，铁胆神侯的爱太偏执霸道，归海一刀的爱偏沉默无言，个人偏好万千金，最初靠近海棠的理由虽然荒诞，最后却变成了单方面的真爱，与神候反目成敌对峙那段令人泪目。,3,天下第一
阵容很强大，喜剧郭晋安陈怡蓉，悲剧叶璇霍建华~,3,天下第一
制作粗糙点，其他还行，明星够多。,3,天下第一
叶璇的男装惊艳，女装反而一般，可惜了聪明可爱英姿飒爽的海棠最后要是没揭穿飘絮就好了,3,天下第一
阵容上也算是大制作了，但略有点金玉其外。,3,天下第一
小时候张卫健很红，冲着他看的，结果是客串。郭晋安陈怡蓉那对真好玩，最喜欢的是归海一刀和上官海棠😁,3,天下第一
那时候，王晶还是会出好东西的,3,天下第一
已成经典的男装叶璇第一次给我留下了深刻的印象，海棠和一刀是我看这部剧的动力，大爱这对cp。,3,天下第一
唯一的记忆就是叶璇的男装上官海棠真帅！,3,天下第一
当年看，叶璇还是小姑娘、李亚鹏还是帅小伙呢、😂时光啊,3,天下第一
这个是初中看的了吧,3,天下第一
黄圣依在里面很惊艳,3,天下第一
不错的情节。,3,天下第一
我喜欢的武侠风，剧本很好,4,天下第一
叶璇还是适合演古装，李亚鹏真是演啥都傻乎乎的～,3,天下第一
mark,3,天下第一
重温。十几岁的时候看个热闹，现在回头看其实天地玄黄基本不同框情节松散并不算什么好故事，可还是一如既往的喜欢归海一刀和海棠。三星给情怀，华哥出场辣么少真是可惜。,3,天下第一
素心无疑是全剧中最聪明的女子,3,天下第一
叶璇真的很帅,3,天下第一
王晶老了。不复当年了。,3,天下第一
演员阵容很强大~~~,3,天下第一
就一直耿耿于怀海棠为什么就死了呢，真希望海棠不要死啊，跟一刀有情人终成眷属多好，可惜我不是编剧😄,3,天下第一
永远的上官海棠啊,3,天下第一
所有打星标准都是小时候看的时候的标准。,3,天下第一
记得到了大学之后还讨论过此剧，皆认为叶璇的海棠很不错！,3,天下第一
叶璇很有英气啊，当年的各位主演还是风华正茂的,3,天下第一
爱就是可以为之生为之死~~,3,天下第一
中学时期看过几遍，补上,3,天下第一
喜欢陈怡蓉俏皮的感觉,3,天下第一
当时超爱叶璇,3,天下第一
葉璇看著倒是英姿颯爽。但郭晉安貌似真的一直在演弱智兒童啊。,3,天下第一
最近又回顾了一遍，才发现里面大牌可真多,3,天下第一
最喜欢郭晋安的成是非了！吊儿郎当混混儿模样，但很重情重义！,3,天下第一
当年认认真真看完了的,3,天下第一
霍建华颜值高峰，叶璇最讨喜的一个角色，真是喜欢《你的第一》这首歌。,3,天下第一
我曾经也迷恋过一刀我会告诉你么。,3,天下第一
红颜祸水，英雄难过美人关，原谅我不喜欢郭晋安浮夸的演技。,3,天下第一
归海一刀的刀绝怜绝爱绝亲绝友，他有一颗孤独的心，没有人理解他。包括海棠，她对一刀最初的感情仅仅是怜惜，然而她没有想到，一刀对她的感情是爱。就算海棠心目中第一位总是段天涯，他的爱也不变不移。一刀不会说，一切都只是默默地，默默地守在她的身边，因为她是他的世界， 他的一切。终于，在历经多次生死波折后，他们以一吻奠基了永恒之爱的象征。终于，他们可以在天涯海角两相随，永不分离。只可惜两情相属不是错，却是错在天不许。,3,天下第一
只记得霍建华的一刀了……,3,天下第一
刚开始挺讨厌云萝的，后来居然觉得他可爱。。霍建华好酷,3,天下第一
没咋看……,3,天下第一
在电视上看了一点，觉得蛮有趣味的，喜欢成是非的喜剧因子，于是在电脑上看完了全部。,3,天下第一
黄圣依只演好过两部戏——《功夫》《天下第一》雪姬简直美绝[爱心],3,天下第一
郭晋安貌似又演了个神神经的角色？,3,天下第一
当时觉得有创意……,3,天下第一
上！官！海！棠！归！海！一！刀！,3,天下第一
哎呀 海棠这个角色真是喜欢~~~就是这个李亚鹏 咳咳~,3,天下第一
现在想想这是不是第一次看霍建华的片子？,3,天下第一
喜欢霍建华 TT,3,天下第一
小时候简直不要太喜欢霍建华和叶璇这一对 居然还杯具,3,天下第一
当时是冲着霍建华去的,3,天下第一
其实霍建华可以是个好演员，但是为什么总是挑些烂剧本。当然天下第一算好的了,3,天下第一
又是我的童年！原来演上官海棠的是叶璇，当时还挺喜欢上官海棠的。,3,天下第一
很不错，当时追剧的时候很爱看，很喜欢的电视剧，挺好看的。,3,天下第一
当年觉得是烂片，可现在看来倒还可以,3,天下第一
小时候的经典 虽然我还没看完,3,天下第一
冲着叶璇去的。她女扮男装真有说不出的英气～,3,天下第一
上学那会儿看得如痴如醉的 好羞耻 .....那时候觉得高圆圆挺美的 叶璇的男儿装也算是经典款,3,天下第一
Parts..,3,天下第一
为了看归海一刀的戏拖完整个剧，看来我很早就是白豆腐的粉了。,3,天下第一
叶璇叶璇好可爱。,3,天下第一
囧。。。,3,天下第一
成是非，好搞笑！,3,天下第一
当年感动的点真是奇怪。,3,天下第一
不明白编剧是怎么写的，忒脑残了,3,天下第一
曾经的叶璇啊  男装英气逼人,3,天下第一
当时一直怨念高圆圆戏份太少。,3,天下第一
黄圣依，高圆圆，叶璇这剧女主的颜值真高。,3,天下第一
纯粹是为了叶璇才看下去的~~~,3,天下第一
前面不错，后面我就提不起兴致了。,3,天下第一
喜欢海棠，高圆圆很漂亮,3,天下第一
上官海棠真乃女中豪杰！男装扮相风流倜傥！,3,天下第一
最后的大决战，一直在敲不锈钢脸盆。。。笑死我了,3,天下第一
叶璇把海棠的英气真的完全显现出来了，特别喜欢上官海棠。,3,天下第一
这几天重看了一遍小时候看的这部剧。不得不说剧情吐槽的地方还是很多的，不过笑点和感人的地方也是不少的。柳生雪姬美翻了，海棠死的时候都要哭出来了，神候的演技太好了。可以说，这部剧放现在肯定也会被吐槽的，而这时候的我肯定不会看的，但是——以前的剧的配乐真的是太棒了。剧看完，听歌去了。,3,天下第一
关于叶璇的美好记忆。,3,天下第一
好像以前还挺稀饭看的。,3,天下第一
和风云差不多，成大事类如雄霸，铁胆神候之流皆为隐忍，韬光养晦之辈，做事情考虑全面，三星半全给神候,3,天下第一
当年的海棠英姿飒爽，现在的叶璇。。。。。,3,天下第一
海棠。,3,天下第一
其实这部并没有很出彩……但是苏的桥段很多,3,天下第一
现在回忆郭晋安的演技，真是令人吃惊,3,天下第一
上学的时候看过的，那个时候好希望海棠和一刀在一起。7分,3,天下第一
看完了，剧情还不错吧，郭晋安挺有意思的,3,天下第一
大爱霍建华~,3,天下第一
为了霍璇，加一星,3,天下第一
三星减,3,天下第一
一部人物关系复杂的、剧情恢宏的、演员全明星的、狗血、爱情，奇幻、武侠剧，小时候挺喜欢看的，剧情拖沓应该是不能成为经典的主要原因；每个人都有自己的乱七八糟的故事，就显得整部戏不知在为谁做嫁衣，明明段天涯是主角，可处处在为成是非铺路，搞不懂啊搞不懂…,3,天下第一
归海一刀帅飞 我只要做你心里的第一,3,天下第一
小时候看觉得扯，现在看只觉得这武侠味久违了……,3,天下第一
满满的回忆。作品整体简单中不乏起伏，再看时感受到很多苏心的情节。人物性格特点鲜明。BGM不错，有利于气氛的渲染。没有一定的深化感悟，适合消遣。,3,天下第一
不得不说神候虽然机关算尽，但他对素心确实是真爱啊,3,天下第一
很爽剧，很王晶。巨喜欢上官海棠（男装真的是白月光）、归海一刀、曹正淳啊，隔壁刘喜怎么就不能这么可爱呢，还有古三通和邓超的皇帝也挺好。柳生飘絮即使有高圆圆的颜加持也这么不讨喜...,3,天下第一
一刀和海棠,3,天下第一
很特别的一个古装电视剧，从拍摄手法到讲述的方式，但是其实并没有特别大的国民度吧，没有多少人看过这个剧。,3,天下第一
陪，陪外婆看的~~~~,3,天下第一
武侠嘛。。。。唉。。。剧情怎么就这么无聊＝＝,3,天下第一
郭晋安咋那么丑= =,3,天下第一
很傻的,3,天下第一
这戏第一次看见霍建华，觉得挺帅啊。,3,天下第一
喜欢海棠，云罗越来越美了,3,天下第一
阵容强大啊,3,天下第一
叶璇不错，喜欢陈怡蓉。,3,天下第一
初中第一次看的时候真的觉得好好看哦!!!喜欢里面的海棠和一刀.,3,天下第一
归海一刀,3,天下第一
叶璇也曾那样美,3,天下第一
尝试N次观赏失败......叶璇演的好,3,天下第一
很有武侠气，演员演技都不错。当年的叶璇还没被下降头，华哥的颜巅峰时期，黄圣依高圆圆一众女星的颜也都水灵灵的。,3,天下第一
那个时候喜欢的是大哥李亚鹏,3,天下第一
当年喜欢归海一刀,3,天下第一
陪姐姐看的  霍建华真心帅  可惜这么多年没有遇上多少好机会,3,天下第一
对神猴这样的角色比较无语。,3,天下第一
忘记讲什么了，不过可以给霍建华三星~,3,天下第一
当年真的是好喜欢。,3,天下第一
王晶剧里，这部的意境比较好，黄圣依段落，也有幼稚病。,3,天下第一
当年最喜欢归海一刀和上官海棠，其实如果让霍建华演傅红雪或许会更有味道些。高圆圆演的反派也很不错,3,天下第一
如果现在集齐这部电视剧中的演员，不知道要花多少钱哦！,3,天下第一
归海一刀啊啊啊  ,3,天下第一
叶璇是那种有气场有英气的妹子,3,天下第一
当时只喜欢剧里的霍建华和郭晋安这两个角色,3,天下第一
其实我挺喜欢霍建华、叶璇的 所以看完了,3,天下第一
很一般，收视率高，但没啥深度,3,天下第一
1099  演员配置很强大,3,天下第一
回忆加成 又重温了一遍   还是留在回忆里好了 ,3,天下第一
才发现这片子有霍建华...小时候看着成是非和郡主咯咯咯笑。以前get不到黄圣依，现在觉得可真好看呀。,3,天下第一
补评：主要角色这个颜值是真高。,3,天下第一
那时，还没有微博，叶璇也没有被下降头。,3,天下第一
那时候可喜欢海棠了，现在Mark的时候叶璇却已经被下了降头。,3,天下第一
一刀和海棠be掉了，太虐了这部剧后面的剧情，高圆圆在里面真女神。,3,天下第一
没有对比就没有伤害，和现在的武侠剧比自然是神剧，其实槽点颇多。,3,天下第一
虽然打斗很漂亮，景色也很美，但是剧情略显幼稚。,3,天下第一
这个也喜欢，，，,3,天下第一
很多人觉得这里面的黄圣依很雷。其实觉得还好啦。,3,天下第一
当年的天香豆蔻,3,天下第一
霍建华古装真实帅！,3,天下第一
事后想起来不可思议，诸葛神侯居然是反派,3,天下第一
那时被霍建华迷得七荤八素的,3,天下第一
也是小时候看的剧，怎么讲，个人觉得一般般。但是放到现在来说应该算是很良心了～喜欢成是非和郡主～,3,天下第一
小时候觉得很二,3,天下第一
看了两集，不算差,3,天下第一
暑假一大回忆。。。坑爹的在于最帅的一刀没和海棠在一起！,3,天下第一
当年只觉得高冷的霍建华演的那个觉得蛮帅的~~,3,天下第一
剧情什么的都很凑活，打戏还行。,3,天下第一
"狗血,太狗血",3,天下第一
没那么差吧至少有养眼的霍建华,3,天下第一
做人呢，最重要的是开心呢,3,天下第一
日本风…,3,天下第一
霍建华脸长的实在不算精致啊，郭晋安是演傻子演太多了，黄圣依还算惊艳,3,天下第一
很多同学喜欢的剧，我爸也很喜欢，可是我觉得一般般。,3,天下第一
海棠死了好遗憾。,3,天下第一
叶璇和霍建华那条线啊 心头痛啊,3,天下第一
當時很喜歡叶璇，裝扮給人的感覺很舒服！,3,天下第一
海棠和一刀。。,3,天下第一
以前为什么会喜欢这种无脑的东西呢？年少无知，瞧不起以前的自己……,3,天下第一
卡司很强大。。。,3,天下第一
被下降头以前的叶璇真美,3,天下第一
只记得那首片尾曲 “我只想做你的天下第一”,3,天下第一
邓超演皇帝真符合，气质很好，叶璇一直挺喜欢，郭晋安演技不错的,3,天下第一
真的很喜欢海棠……,3,天下第一
原来阵容那么强大,3,天下第一
大爱海棠……,3,天下第一
海棠同志好傻,3,天下第一
要是不是李亚鹏演的就好了,3,天下第一
当初那么喜欢那么喜欢上官海棠,3,天下第一
怎么会有这种简陋拙劣但又引人入胜的沙雕剧……,3,天下第一
海棠，么么哒。,3,天下第一
因为上官海棠，永远也讨厌不了叶璇,3,天下第一
海棠，么么哒。,3,天下第一
小时候迷得不行，长大后再看觉得每一集都好多好多bug，很多剧情也很无脑。不得不说王晶挑演员的眼光真的没得说，叶璇现在糊得让人没眼看，但是她在这部剧确实是白月光。霍建华非常适合归海一刀这种深情话少的角色。,3,天下第一
挺不错的一部剧,3,天下第一
矮油。= =~我觉得黄圣依白雪中的造型不错啊。高圆圆后期造型亦然。,3,天下第一
以前看的时候没觉得多经典，但却觉得很好看。,3,天下第一
当时觉得海棠好帅,3,天下第一
记得当年超喜欢霍建华然后看了这部剧 现在已经完全忘记了。。,3,天下第一
这天下到底有几个第一。,3,天下第一
还是喜欢大团员没有人死的结局TUT ,3,天下第一
成是非承包所有尬点，大多数演员面瘫派呀，仅供娱乐,3,天下第一
最喜欢海棠，居然让她死，扣一星！,3,天下第一
=-=-,3,天下第一
黄圣依在这里很美诶，哈哈哈哈不过我再也不要重温小时候看过的电视剧了，感觉自己是个傻逼,3,天下第一
成是非最好命，不用练功武功也那么高，结局唯一一对情侣,3,天下第一
被男装的叶璇迷得,3,天下第一
好喜欢海棠阿,3,天下第一
喜欢成是非，还有他老婆云罗郡主，超甜的,3,天下第一
霍建华！,3,天下第一
当时好喜欢啊，就是渐渐的不知道后面要演什么,3,天下第一
不是特别来电,3,天下第一
很少有叶璇这样英气的女子,3,天下第一
这个= =很雷啊……,3,天下第一
叶璇 高圆圆,3,天下第一
归海一刀,3,天下第一
当年小看到后来感觉完全不是同一部电视剧，但好喜欢全身有武功秘籍，觉得金刚不坏神功只能用一次好可惜。,3,天下第一
暑假没事瞎看看,3,天下第一
傻逼，叫你们骗我说曹正淳是霍建华演的，叫你们说我是鲁真蠢！！！,3,天下第一
郭晋安的戏份都压过了李亚鹏，谁是男一号。,3,天下第一
把以前看过的电视剧都打一遍卡，咔嚓。,3,天下第一
好爱上官海棠和归海一刀啊，这是我看的第一部领导者是反派的剧，当时还挺震惊的，高圆圆真的很适合演坏人哈哈，虽然长得好人脸,3,天下第一
那时少年各种剧~~~ ,3,天下第一
。。。。。。。,3,天下第一
短路你不要逼我  啊哈哈哈哈哈哈看了三遍,3,天下第一
对郭晋安和黄圣依印象深刻,3,天下第一
小时候喜欢那个可以变金身的，剧情忘一大堆。,3,天下第一
最喜欢海棠～,3,天下第一
重拉一遍，当年很喜欢海棠来着，至今仍如是。,3,天下第一
多年后对那些从各类小说中借的梗都无感了，却忘不了高圆圆刀削出般的轮廓。黄圣依在这里也很美。,3,天下第一
海棠和一刀虐哭!,3,天下第一
重看一遍，仍然为归海一刀还有上官海棠心动啊！演员演技和颜值在线，但是这个剪辑有问题啊。剧本的有点和缺点都很突出，有点是群像，比现在的偶像剧好；缺点是不合常理，成是非是一个巨大无比的bug！,3,天下第一
还算可以,3,天下第一
单纯讨厌叶璇，只有我这里面都讨厌？,3,天下第一
归海一刀。,3,天下第一
我爱一刀！！,3,天下第一
我挺喜欢那个白发太监,3,天下第一
这是我听过最多，但是却没看完的剧,3,天下第一
在路上每天晚上缩在青旅的吧台看，现在才终于看完了。叶璇一袭白衣好帅,3,天下第一
算是不错的原创武侠剧了,3,天下第一
里面的男人都很有味道~~,3,天下第一
那时候叶璇多么让人喜欢啊，黄圣依也艳压群芳,3,天下第一
叶璇是亮点,3,天下第一
"成是非, 云罗郡主....有背景, 活的才快活啊....",3,天下第一
台词槽点太多，一点也不严谨；龙套演员重复频繁；唯一好看的地方就只有成是非和郡主那里,3,天下第一
看完了，不过也忘完了..,3,天下第一
还行,3,天下第一
高圆圆造型不错。,3,天下第一
感觉内容还不错 不过看不进去啊 有点墨迹 而且李亚鹏情节太多了。。。。。,3,天下第一
哈哈 那时候觉得霍建华好帅的,3,天下第一
当年的一众演员还是小鲜肉啊，演员阵容就现在来说也是豪华。,3,天下第一
剧情不咋地，三星是给霍霍和璇璇,3,天下第一
演员颜都还行 武功名称挺中二的,3,天下第一
海棠 海棠 上官海棠,3,天下第一
有点无厘头，小学看的，里面最喜欢的竟然是古三通,3,天下第一
我只想说还蛮喜欢万三千的2333,3,天下第一
其实跟现在的玄幻武侠差不多，只不过明星整容确实强大。,3,天下第一
云鹰鸡蛋，皇帝泡澡，埋怨起了小时候的电视台,3,天下第一
冲着叶璇看了 ,3,天下第一
还有印象的就是叶璇的男装，还有最后都be了,3,天下第一
当时觉得很闷。成是非的金刚不坏之身。李亚鹏。还有曹正淳曹公公的那俩酒窝！,3,天下第一
最后一集“巅峰对决”好像使用了很多特技…,3,天下第一
还阵子电视还在播~,3,天下第一
最喜欢海棠,3,天下第一
挺好看，霍建华唱的主题曲么片尾曲也挺好听的,3,天下第一
结局make me unhappy,3,天下第一
世界够宏大,3,天下第一
阵容还是强大的。。。,3,天下第一
四大名捕？,3,天下第一
emm 小学看完这部剧才知道江南首富沈万三⊙∀⊙！,3,天下第一
铁板神猴       ,3,天下第一
也是很牛逼啦，霍建华，李亚鹏，郭晋安，女的黄圣依高圆圆，叶璇。,4,天下第一
这时候的叶璇还没下降头，海棠很好看；霍建华还有些演技，李亚鹏还不是油腻商人嘴里,3,天下第一
只為看海棠來。,3,天下第一
内地与港台的合作剧，有种骨子里的违和。,3,天下第一
小李子换副嗓子就是不一样~,3,天下第一
当年的配角如今都是大腕儿。,3,天下第一
虽然有点扯 但是霍建华很帅,3,天下第一
#补mark#,3,天下第一
我居然看过这个！对霍建华全无印象也是厉害了，就记得郭晋安演的成是非~！话说霍建华真是这么多年毫无起色，啧啧啧,3,天下第一
不知道講的什麼。,3,天下第一
想法和设定很好，就是有些粗糙，现在再看有点雷人,3,天下第一
还行，前期很欢乐，后期比较悲情,3,天下第一
长相俊俏的演员云集，尤其是郭晋安演的成是非，还是挺好玩的,3,天下第一
霍建华的配角时期就能看出他的表演存在套路。,3,天下第一
也就明星多是个亮点，至于其他的夜就一般了。,3,天下第一
！！！！我的童年回忆！！！！！那时候觉得黄圣依最美,3,天下第一
霍建华最帅的一个角色，可惜最后be了,3,天下第一
都疯了···,3,天下第一
三星半  小时候看的  当年很喜欢海棠,3,天下第一
古装悬疑搞笑武侠剧,3,天下第一
读书时候很喜欢的一部，虽然现在都不太记得内容了。,3,天下第一
黄圣依以前演戏挺好的呀，老和尚劝归海一刀，定下约定最打动我。,3,天下第一
其实还挺好看的，就是演着演着感觉都是来客串演的..,3,天下第一
小时候觉得黄圣依在里面美爆了，吊打剧中的妹妹，后来才知道归海一刀是霍建华演的。,3,天下第一
上官海棠,3,天下第一
老婆黄圣依和小姨子高圆圆都这么漂亮真是难办呀🐶,3,天下第一
乱七八糟的元素胡乱拼在一起的剧，但小时候看的津津有味，喜欢海棠,3,天下第一
叶璇的女扮男装还是很俊俏滴。,3,天下第一
对剧情已经倒背如流,3,天下第一
天下武功唯快不破,3,天下第一
阵容强大，但是也就那样，没有吹的那么好,3,天下第一
没什么好说的，暑假打发时间还不错,3,天下第一
还是归海一刀的记忆。,3,天下第一
第一次觉得霍建华确实挺帅的~！,3,天下第一
以前的霍建华真帅,3,天下第一
除了叶璇的海棠外，最待见的是黄圣依。卿本佳人，后来俗成那样……,3,天下第一
印象最深居然是叶璇拜堂逃亲的时候……,3,天下第一
其实还是挺好看的,3,天下第一
皇帝无能，大内太监身怀绝技谋朝篡位，结果被螳螂捕蝉黄雀在后。。。王晶的古装连续剧都是这个剧情。。。,1,天下第一
以前看过的，觉得叶璇还好，后来就。。。。。。,2,天下第一
犹记得当年被某网站还是报刊评为年度第一烂片,2,天下第一
为什么豆瓣不可以给零颗星？,1,天下第一
高考的那个暑假看的，太久没看电视了，一上来觉得还可以，后来就不行了，本来挺喜欢叶璇，在里面太做作，线太散太长，没意思！~总的来说刘松仁演的不错，但是剧本太烂!~,2,天下第一
是不是长大之后再从新看小时候喜欢的电视 都会觉得小时候的自己是有多么的脑残啊。,2,天下第一
快进了所有没有霍建华的部分..所以，讲的什么来着= =,2,天下第一
通过此剧认识了李亚鹏。https://www.bilibili.com/video/av16655890,1,天下第一
看不下去了有木有//这么多人“强强联手==弱爆了！”竟然，这不得不让人好不犹豫地边吐槽边看到底。,1,天下第一
这部很乱,1,天下第一
实在是找不到词语描述我的印象,1,天下第一
懒得说了,2,天下第一
汤镇业算是演绎界的老戏骨了，演技肯定没话说，毕竟当初看剧的时候觉得这个角色很牛逼，蛮期待的，汤大叔的外形确实是符合一个富翁的形象，然而没有那种给人很神秘的气质。,2,天下第一
我真的有看！但是真的太烂了，我小时候真的看过。。。,2,天下第一
除了叶璇长得好看点，我看不出有什么出彩的地方,2,天下第一
叶璇男装好看……但是也就剩下这了，和霍建华的感情戏虽然唯美，却让人感觉幻肢疼……都怪情节渣，慎入。,2,天下第一
星数是给霍建华和叶璇 的！原来拍的时候霍建华还伸舌头了！色胚,2,天下第一
郭晋安又傻了~~~,1,天下第一
王晶登陆后的圈钱片总是宣传天花乱坠，看起来拖沓无趣，货不对板。,2,天下第一
一堆美女帅哥可我就是看不到最后,1,天下第一
小时候看完跟没看一样,2,天下第一
叶璇真尼玛丑,1,天下第一
如果不是实在无聊，就别看了,1,天下第一
“天字第一号”“地字第一号”“玄字第一号”“黄字第一号”,2,天下第一
完全是奔着霍哥去的~,2,天下第一
好多明星的大雷剧。,1,天下第一
看到第五集，不愿意再浪费时间啦。情节脑残。尤其是看过瑯琊榜之后，再看这样的情节是无法接受的。,2,天下第一
我竟然看过....,2,天下第一
不爱看，郭晋安造型邋遢人设聒噪，叶璇不管男装女装都从未觉得漂亮过，剧情雷人,2,天下第一
好无聊……,2,天下第一
小时候喜欢得不行的电视剧现在再看真的好无聊…剧情跟金庸武侠改编的电视剧真是差远了。一个副本完了强接另一个副本，连贯性略差。漏洞也数不胜数，埋下了很多坑到最后也不填。最近追的老电视剧中第一部看不下去的,2,天下第一
只喜欢里面的叶璇和霍建华。。,2,天下第一
印象中高手很多的样子。。,2,天下第一
什么鬼，一星给归海一刀，一星给五毛特效……,2,天下第一
小时候生生被成是非那对璧人的疯癫吓走了。现在简单过过，其实还好，恩怨情仇死去活来勾心斗角灵药秘籍各种反转，再扯扯朝廷，再来几个杂碎逗乐，武侠片这样也就挺好的。演技在线，略尴尬的台词（配音演员）也念得顺溜水滑的。居然还有霍建华，小时候错过的帅哥启蒙。,2,天下第一
很典型的港台班底加塞了几个内地演员，乱七八糟的,2,天下第一
颜值还行，不太喜欢这剧的演绎风格,2,天下第一
我绝对脑袋被门挤了，看了这部电视剧。。。,2,天下第一
可惜了叶璇。老干部还是一如既往的帅。成是非和格格好喜欢。,2,天下第一
只记得某颜。,2,天下第一
奔着璇MM去,2,天下第一
纯为叶璇和郭晋安给两星。,2,天下第一
纯因为戏份不多的高圆圆,2,天下第一
这里面演员我没几个特别喜欢的，但我为什么会在05年还看这么土的武侠剧，我是谁，我在哪,2,天下第一
黄圣依和陈法蓉两个女配的回忆戏份起码占了这剧一半时长 足以说明中国电视剧靠闪回注水源远流长,2,天下第一
坑爹,2,天下第一
王晶导演 必属烂片,2,天下第一
逻辑死，剪辑烂,2,天下第一
实在是乱七八糟,2,天下第一
叶璇男装好帅。,2,天下第一
其实我想说一句王晶拍的东西都很傻逼,1,天下第一
冲着霍建华去看的,2,天下第一
剧情不知所谓，编得好雷人,2,天下第一
好剧本拍得稀巴烂,2,天下第一
天下谁的第一又如何。止干戈，我辈尚武德。,1,天下第一
两星给叶璇,2,天下第一
弱智电视剧,2,天下第一
当时冲着郭晋安，叶璇，霍建华来看的，看过后很失望，不知道剧情在播什么，为什么这部剧叫天下第一？,2,天下第一
很多人回忆童年都说这个女主是美的……抱歉我真的不觉得哦……好几个男主还有那个女主等等一干人全都很丑吧……,2,天下第一
童年重温打卡。,2,天下第一
我这才想起来我是看过霍建华演戏的╮(￣⊿￣)╭。,2,天下第一
记得里面有龙套张静初,2,天下第一
那个太监演的太好了，两星都给他,2,天下第一
丫的为什么拍出来是李亚鹏男一啊！为什么归海一刀和海棠没有大团圆啊！圆圆干嘛要演这么BUG的角色啊！,2,天下第一
儿时记忆。,1,天下第一
傻逼电视剧系列,1,天下第一
不晓得为什么老妈爱看这货,2,天下第一
也许，质量好的不是电视剧，而是我们可以无忧无虑看电视的时光,2,天下第一
小时候感觉不好看，现在也不喜欢,1,天下第一
我竟然还看过这个,2,天下第一
一點都不好看,2,天下第一
普通话减分,2,天下第一
无感,2,天下第一
中规中矩，不中我意,2,天下第一
嗯，怎么说，看完了,2,天下第一
看过，觉得一般，我不喜欢。,2,天下第一
自从叶某被下降头以后都不敢碰她的剧了…蠢是一种病怕被传染…两星给小时候的回忆和对一刀的心疼…,2,天下第一
不喜欢郭晋安,2,天下第一
乱七八糟,2,天下第一
太扯了，不过圆圆的东瀛装扮很美,2,天下第一
简直乱炖,1,天下第一
剧情太弱智,1,天下第一
一般,1,天下第一
剧情有点神奇，最喜欢高圆圆那个角色,1,天下第一
剧情好扯啊。。,2,天下第一
圆圆真美,2,天下第一
神逻辑......来人，快把那个装疯卖傻的那谁谁拖出去砍了！,2,天下第一
弱智,2,天下第一
全傻逼,1,天下第一
傻逼,1,天下第一
好讨厌郭晋安。。。像个傻逼一样。。,2,天下第一
叶璇超酷的,2,天下第一
难得一见的烂片,1,天下第一
一般,2,天下第一
剧情太烂，拖沓无趣，也就演员还能看。,2,天下第一
0,1,天下第一
太悲了,2,天下第一
就是有点受不了郭晋安，演活了阿旺之后好像每个角色都要这样，装疯卖傻的，跳着看跳着看就弃了,2,天下第一
可惜了上官海棠和归海一刀,2,天下第一
不知道为什么那么多人喜欢，没看完,2,天下第一
哎……可惜了叶璇和陈仪容,2,天下第一
能雷死我么......,1,天下第一
只有霍建华还能看,2,天下第一
好傻的片子。。,1,天下第一
天下第一,2,天下第一
这部剧其实一般，演员没一个喜欢的。,2,天下第一
霍建华的成名作?,1,天下第一
编剧真是够扯淡的，剧的前后根本不像是一个人编出来的。,2,天下第一
就是个大杂烩,2,天下第一
李亚鹏啊李亚鹏。你的摧毁能力挺大。,1,天下第一
神功盖世吗？柳生雪姬，，，，，,2,天下第一
不好看,2,天下第一
不是我的菜,2,天下第一
刚看完海豚湾恋人然后看的，就为了看霍建华，已经把剧情忘得一干二净，没印象了,2,天下第一
每次出来个江湖高手都会说“你就是传说中的XXXX与谁谁谁起名的XXXX” 在一串的渲染之后，就被主角KO了,1,天下第一
"名导,名编,名演怎么弄出来这么一个垃圾东西,看了让人倒胃口",1,天下第一
童年回忆。“只想做你的第一。”,2,天下第一
神经病,1,天下第一
不太喜欢郭晋安,2,天下第一
星星给叶璇,2,天下第一
