李安拍完这个，你拍英雄；李安拍色戒，你拍金陵十三叉；李安现在拍完少年Pi啦，过几年你打算整个什么东西出来？,5,卧虎藏龙
低调闷骚对于一个导演来说真是巨大的美德,5,卧虎藏龙
爱看电影而不喜欢这部的真是太遗憾。,5,卧虎藏龙
近年最棒的武侠片，当之无愧。|| 十年之后再重看，在意的竟然不是那些眼花缭乱的对打，而是片中略带生硬的对白。人至中年的苍凉心境，已经能慢慢体悟。雨夜，走心，留念。（2015.5.6）,5,卧虎藏龙
张艺谋发现了章子怡，而李安史她脱胎换骨。始终觉得张震是个二逼,5,卧虎藏龙
姜大卫说得好：：“武侠世界不一样的，除了李安那个《卧虎藏龙》还有武侠片的感觉，拍得蛮武侠片的，后边张导演也好，陈导演也好，冯导演也好，他们那个我不觉得是武侠片，只能是古装片。但是他们绝对有他们的才华。”奥斯卡最佳，当之无愧！,5,卧虎藏龙
真正有文化的动作电影，希望其他各位中国的大师级导演们能够放下架子好好学习,5,卧虎藏龙
这次才算仔细地看了。这句印象最深：压抑只会使感情更加强烈。青春与成熟就这么不可调和？没有成熟，这个世界不会稳定，没有青春这个世界失去活力,4,卧虎藏龙
多少人梦想着做肆意的玉娇龙，结果一不小心做了忍了一辈子的俞秀莲。到死的时候像李慕白一样叹一句“这一辈子都浪费了”。当然还有一部分人像罗小虎，即使拿掉，也不影响别人的故事。,5,卧虎藏龙
为什么中国人反而会不喜欢？ 整部电影的节奏控制非常出色 配乐和摄影也绝对称得上经典 从很多角度来说都是一部不可多得的佳作 遗憾是周润发和杨紫琼的国语很吃力 在台词上容易让人产生不适应甚至反感 但觉得从很多方面来说都是一部很棒很棒的影片,5,卧虎藏龙
“我们能触摸的东西没有永远……把手握紧，里面什么也没有；把手松开，你拥有的是一切。”、“就算坠入最黑暗的地方，我的爱，也不会让我成为永远的孤魂。”一直以来最爱的10部电影之一，也是最爱的华语电影、最爱的武侠电影，没有之一。（2001奥斯卡最佳外语片、配乐、摄影、艺术指导/布景）,5,卧虎藏龙
好久没有看完一部电影起这么一身鸡皮疙瘩了。其实台词已很现代，或是说文艺，但契合镜头和人物的气场，竟然那么合适。江湖真不是一句话可以说清楚的，不仅仅是功夫，也不仅仅是那个年代，因为人心才是江湖，哪里都有江湖。我说不出这个和断背山哪个才是李安最棒的片子了，好纠结。。一切都很完美的电影,5,卧虎藏龙
第一次看觉得跟90年代的港产武打片简直没得比，钢索痕迹又重。十几年下来那些港产片都湮没了，唯有卧虎藏龙就像一帖隽永的书法、一缻醇厚的佳酿，举手投足都让人感受到中国文化的幽然情怀。这是李安以文人身份拍出的武侠片。,5,卧虎藏龙
江湖容不下玉娇龙，武林容不下宫二。李慕白说：你的心性需要约束，武艺需要导正，如果不成恐怕成为一条毒龙。碧眼狐狸说：人生一世，不就图个痛快。俞秀莲说：无论你对此生的决定为何，一定要真诚地对待自己。罗小虎说：心诚则灵。玉娇龙痛快一死，没有残生，不像宫二把遗憾全留给自己。,5,卧虎藏龙
又看了一次，感觉还是那么好。而且随着年纪的增长，越发能理解李安想表达的意思。不管是李慕白对俞秀莲隐忍的爱，还是罗小虎对玉娇龙张扬的爱，都深深的打动我。章子怡只有在这部片子里最会演戏，张震简直帅呆了！,5,卧虎藏龙
可以挖掘很深层次的一个片子,5,卧虎藏龙
最后玉娇龙纵身跳下那一幕，眼泪哗啦啦的流个不停。李慕白玉娇龙之间是有些暧昧情愫，在我看来却是情欲多过爱情。所以最后玉娇龙一跃而下，也并不是我小时候所认为的赎罪。她只是终于明白了，自己所追求的所谓“江湖梦”，所谓“自由自在的生活”，根本就不存在。,5,卧虎藏龙
打斗场面实在是百看不厌。,5,卧虎藏龙
喜欢李安对武侠的新诠释（如今再看，懂得更多  2013.12）（我就要嫁人了，却还没有过过自己想过的日子 2015.11）,5,卧虎藏龙
一片竹海已经值回票值,4,卧虎藏龙
你给了我一个江湖梦，但当我发现我能打败你的时候，你知道我有多恐惧,5,卧虎藏龙
看了三遍。九年前，我看过这个片子，看个热闹。后来又看，没有看懂。今天看了第三遍。和李慕白一样，我没有得道的喜悦，却发觉李安的意境很远，这是我从未到达过的地方。那一片云蒸霞蔚之中，卧虎藏龙……,5,卧虎藏龙
李安就是有本事把任何类型片——不管多大的制作，不管是武侠还是美式漫画英雄——都拍成文艺片，而且都闷骚得一逼。十年前我还小的时候看这个只觉得闷得要睡，现在回头看真觉得出些不一样的意味。张震章子怡的线实在奇怪得紧，四星是给竹海、武场对打、马友友跟袁和平、和李安的闷骚情欲叙事的综合分。,5,卧虎藏龙
无眠重温。极讨厌李慕白（武艺强却无决断、伪善的卫道者）；特爱玉娇龙（敢爱敢恨，品质如金，视死如诗）；最让人动心的，是礼教和专制之中，仍然有足够的空间让人去想象和维系美好诗意的人生。纵然拥抱的并非上主，神啊，请允许我沉溺在唯美的世界中并与之生死与共，我不总是能在意灵魂不朽！,4,卧虎藏龙
是李安的这部电影让中国武侠被认可吧,5,卧虎藏龙
多看几遍下来，会觉得一遍比一遍更好，而且至今还不曾到顶。,5,卧虎藏龙
章娘娘那个时候还有些稚气，但又有玉娇龙这个角色骄傲、逞强、自作聪明的特点，人物内心真的是演出来了。这是看的第一部李安的片子，知道有这么个有才华的导演。,5,卧虎藏龙
卧虎就是李慕白，他心里藏着一条娇龙。,4,卧虎藏龙
高中第一次看就被震撼到，武侠的氛围，文化的底蕴，跌宕的剧情，扎实的演技，成熟的运镜手法，靠谱的武打设计，恰如其分的大提琴伴奏，如同书中走出来的人物，无不让人感觉到中国文化和武侠的魅力！章子怡塑造的玉娇龙成为我心目中最经典的荧幕形象之一，最后飘下去真是美得无法言语！,5,卧虎藏龙
作为一个在美国生活的华人，从《推手》、《喜宴》到《卧虎藏龙》，李安始终能够非常好的理解中国文化的韵味和本质，这样的武侠片不仅仅是功夫，里面的东方韵味非常浓烈：周润发的李慕白的道家思想的自然飘逸，还有余秀莲和慕白的爱恋，玉娇龙的不屈，如此侠情，如斯动容。8.5,5,卧虎藏龙
好别致好文艺的武侠片。。整部片就像水墨画一样写意，打斗场面也是十分好看，国际章在里面当真美的脱俗，不过一群港台演员普通话说的太出戏了，以及中间那段乡村爱情会不会稍多了点儿啊，四星半。,5,卧虎藏龙
章子怡好美喔,5,卧虎藏龙
因为玉娇龙，喜欢章子怡一辈子。,5,卧虎藏龙
每多看一次这片子就愈发品味出自己曾经的浅薄：同样的&#34;人在江湖身不由己&#34;，别的武侠片把这八字画在表面写入台词，李安则把这八字刻在肌理注入骨髓；某种意义上，《卧虎藏龙》之于中国传统体例武侠片就如同《黑暗骑士》之于后&#34;新好莱坞&#34;时代商业片一般，属于从根本上改变了游戏规则的存在。,5,卧虎藏龙
读了白睿文的访谈，徐浩峰的影评，张靓蓓的传记，了解更多幕后故事和背景知识，十五年之后再度重温，感受不同，但仍然五星！确实把武侠片提升到了人文的新高度，不止是打打杀杀飞天遁地你有科学我有神功，其他跟风之作至多只能叫古装片动作片武打片，绝不可同日而语“侠”这个字可不是随便可以玷污的,5,卧虎藏龙
非常文艺的武侠片，当年的章子怡虽然还带着稚气但已经非常惊艳了，那片竹海印象深刻。,5,卧虎藏龙
获奥斯卡奖的李安导演又一部力作，蛮有意思的电影，身轻如燕，飘若浮云，矫若惊龙的玉娇龙，玉娇龙的叛逆，任性，倔强和悔悟，李慕白和俞秀莲的沉稳大气，包容，小虎的自由不羁洒脱，碧眼狐狸的阴险毒辣，竹林那场拍得很美，还有最后娇龙的纵身一跃。,4,卧虎藏龙
重看修复版。这部影片的出色之处在于真正让人体会到&#34;人心才是江湖&#34;，无论在哪个年代都一样。李安的片子总能做到让人眼眶微湿但绝不过分煽情。这份克制是学不来的。真正让所有华人值得骄傲的一部武侠电影。,4,卧虎藏龙
当年的我还看不懂，而到了现在也不敢说看懂了。,4,卧虎藏龙
其实想传达的内容并不多，但因为写得太好拍得太好，让人感觉非常深奥。,5,卧虎藏龙
“无论你对此生的决定为何，一定要真诚的对待自己”。,4,卧虎藏龙
李安把归隐、夺宝、追逃、复仇、群雄会等武侠片中能见的主题都玩了个遍，跨越武侠片常见京城、江南、西域、山林幽谷四大场景，西域开场是西部片的拍法，屋檐追逃打得是戏剧张力，客栈不似胡金铨拍全景，而以人为前景做局部，各色门内人等依次上来切口、递门坎，寥寥几镜就去了架空杜撰的俗气。,5,卧虎藏龙
玉蛟龙的境界，实乃牟宗三先生所说「当下即是」之妩媚境界，是为禅宗真谛。,5,卧虎藏龙
近些年看过的最有质感的动作片，没有商业味道，没有炫目的特技，朴实的一招一式，对劲儿的配乐，这样的武侠片也只有李安拍的出来。,5,卧虎藏龙
重看卧虎藏龙，有了新的感悟，当俞秀莲把簪子插到玉娇龙发间的时候，再一次忍不住为这个可怜人流下泪来，真正的寂静和归隐，谈何容易,5,卧虎藏龙
这是一部可以看了再看再看的影片，越看越有内容，每次看都能看到新鲜的东西，这就是一个好片子的魅力。,5,卧虎藏龙
把武侠电影演绎得如此优美、柔和，唯有李安的卧虎藏龙。,4,卧虎藏龙
这片光打戏就能看一万遍，分居然这么低,5,卧虎藏龙
章子怡的玉娇龙简直可以和张曼玉的金镶玉相媲美，竹林之战恐怕是很多外国人对中国武侠的印象吧,5,卧虎藏龙
整部电影看下来 真的好美 李安的电影好像一直就是这种隽永的调性 不疾不徐讲完一个故事 李慕白武学太过精进克制 一直有外力鞭策让他无法自如 玉娇龙就锋芒太露 章子怡眼角眉梢的狠劲真是独一无二了,5,卧虎藏龙
很厉害的一部电影，成就了不少人值得二刷,4,卧虎藏龙
李安真不愧是李安，可以作为经典武侠片的收藏。,5,卧虎藏龙
以前真没觉得这么好看，多少隐忍，多少慈悲，多少爱,5,卧虎藏龙
这部剧的成就，或许远比想象中大。东西方文化的微妙共赏，那段竹林中的打戏，真心堪称经典！也于2000年后，再也想不出一部能与其比肩的于国际有如此影响之大的作品。不过未来期待,4,卧虎藏龙
很文艺很文艺的武侠片。非常中国，且十分符合好莱坞的审美。,4,卧虎藏龙
重看卧虎藏龙，有很多新感悟。这该是华语电影界最好的武侠片之一，却被很多缺乏敏感的观众低估了。在漂亮的武打和景观背后隐含了诸多深层次质问。代际冲突的无可调和，女性对男权社会的反抗，世俗快乐于保守主义道德的困境等等。本该是最无虑的人反而最受束缚。如同所有的伟大悲剧，最后没人能实现欲望,5,卧虎藏龙
重看 完全不同 才感觉到李安拍出了宁静 （除了最后那个跳崖太丑）而且里面综合了各种武打 剪辑也精彩 还是觉得李慕白的死是因为玉娇龙回去还换了一件衣服的缘故- -,5,卧虎藏龙
非西方，实东方。也许观众不满意的是电影没有一般武侠片那种笑傲江湖的豪气吧，李安以“江湖人”来审视中国人的文化内核，深沉而含蓄。就像电影中的台词“江湖里卧虎藏龙，人心里何尝不是？刀剑里藏凶，人情里何尝不是”。所谓“眼里饮食男女，心中卧虎藏龙”，或许就能代表古往今来的中国人吧。,5,卧虎藏龙
今天在电影资料馆再刷了一次，电影真牛逼，中国传统美学意境在李安镜头下完美还原。以前羡慕李慕白的冲虚自然的人生境界，现在喜欢玉娇龙敢作敢为的担当，喜欢的事情就要去做，两次纵身一跃都感动到要哭，她的人生境界甚至要高于李慕白，当代人有几个人能像她一样呢？,5,卧虎藏龙
"杰作. 几年前第一次看这部电影, 看得是武戏, 现在重温, 看得是文戏. 一文一武, 一刚一柔. 武戏不过火, 文戏不造作, 刚柔并济, 尽显李安的武侠观. 武戏考验摄影剪辑, 效果行云流水荡气回肠; 文戏考验台词剧本, 江湖恩怨手到擒来. 不过选角有些刻意讨好西方观众, 这样的口音和疆人外型想过国人这关, 难.",5,卧虎藏龙
低调的闷骚，李安是个聪明人。张震帅得让人窒息。,5,卧虎藏龙
意外地让我喜欢,4,卧虎藏龙
武侠动作拍得很唯美，演员棒，背景棒，整体电影也不错，当年还到他们打斗的那片竹海去留影了，😊,4,卧虎藏龙
依然是李安的脑残粉；罗小虎很温柔；章的妆容和夜宴时很像；不喜欢任性自私的人，美女也不行；竟然很喜欢他们极不标准的普通话，似乎隔了一层才觉得感情这种东西，不愿意看到别人说得太顺畅。,5,卧虎藏龙
[卧虎藏龙]的唯一问题是剧本中的台词，这是一种尚未进化完全的、有缺憾的现代汉语，导致人物塑造有些不足。但指责它中国符号向西方兜售则毫无根由，这是一个纯粹中国的类型和故事，但&#34;理智与情感&#34;式的主题确是东西贯通的。真正的亮点显然在武打场面上，这是些诗意的、富有想象力的、充满个性的舞蹈。,4,卧虎藏龙
	画面很唯美精致，有着浓浓的中国武侠风。,4,卧虎藏龙
“你要剑还是要我？”玉娇龙是李慕白禁锢一生的解药啊，所以还有最后一丝真气的时候，他要把他的全部爱意对俞秀莲说出来。看似修真养气波澜不惊的人生里，心中一直住着一头猛虎啊，赢得天下又如何呢，你才是那朵能让人静下来的蔷薇啊。,4,卧虎藏龙
这才是李安最好的作品啊 比饮食男女更多了份深邃 没有一贯的家庭元素 却呈现出更为宏大的母题 镜头的调度 谭盾的配乐 丰满的人物塑造和关系网络 都精妙至极 有许多可以挖掘的层次 故事却不显得散乱 而是深沉内敛 最大的败笔就是口音问题,5,卧虎藏龙
这部电影真的很好看，演技个个在线，喜欢，杨紫琼好美啊章子怡好嫩啊。,4,卧虎藏龙
集合了华语圈最顶级的制作，能把这么中国的故事，东方式的情感用电影语言让世界接受，并且拿到那么多奥斯卡提名和奖项唯有李安。各个元素都做到了极致，可以用任何描写江湖武侠的词语来形容它。资料馆大银幕重温，法国文化胶片。,5,卧虎藏龙
周润发的李慕白！！！,4,卧虎藏龙
重新看感觉完全不同，小时候觉得难看死了，其实是好片子= =||| 美术和八爷的武指都棒死了，就是那个拼命捣腾腿的轻功太雷人orz；发哥和琼姐吃了国语的亏，张震太嗲。玉娇龙非常有气场，性格像条小毒蛇，打起来身姿也好看。但就像王家卫拍了东邪西毒也是爱情片，李安拍得再好也还是哲学片。,4,卧虎藏龙
重看。能取得这么大的成功，很难只归因于中国元素或者武打场面，更多地应该是影片对东方故事的价值观普世化，所有人的行事动机不再专属东方，而能够引起共情共鸣，这是卧虎藏龙最大的亮点，也只有李安这样兼顾中西的导演才能达成。影片的遗憾不在超前的台词或是其他，而在于武侠理念的不实在。,4,卧虎藏龙
在看完《色戒》《冰风暴》后深知李安作品不可小视。今终看完《卧虎藏龙》，果然精彩玄妙，列中国武侠片之首列。武打之飘逸，场景之华美，于中国武侠片之少见。//20150406资料馆大银幕。时隔4年再看，郎雄出场我竟忍不住想哭。因为知道他拍完此片后不久于人世，心生悲戚。依旧是21世纪最好的武侠片//20190914资料馆章子怡展再刷。感受摄影之意境，台词之禅意，音乐之悠扬。当然，还有大量使用替身、威亚的夸张武打场面。回家后翻出蓝光碟一口气看完全部花絮及删减片段。李安成功营造出清代武侠江湖世道的氛围，探究了身心真爱的自由。玉娇龙与俞秀莲的性格命运形成镜面对照。《十面埋伏》对比之下如东施效颦相形见绌,5,卧虎藏龙
一个执拗的女子的江湖梦，但是她的这个梦也是非常向往的，就是有些时候感觉小龙太过执拗。可能是我还不够懂她,4,卧虎藏龙
很羡慕李安，他几乎拍了各种导演能够拍的电影类型，即使是让诸多中国导演折戟的武侠题材也能做得很好。今天重温其实觉得也只是还好，但这就是大家心中的武侠。我宁愿游荡在你身边，做七天的野鬼，跟随你，就算落进最黑暗的地方，我的爱，也不会让我成为永远的孤魂。,4,卧虎藏龙
而玉蛟龙欲以青冥剑来斩断阻碍罗小虎（张震饰）的枷锁，他们私定终身。关系变得错综复杂，俞秀莲和李慕白爱惜玉蛟龙人才难得，苦心引导，但玉蛟龙却使性任气不听劝阻……,5,卧虎藏龙
很文艺的武侠片，画面唯美尤其那片竹海。李安导演的片似乎偏向于内心的表达，看完之后会有许多的回味。章子怡的演技可圈可点，好片！,4,卧虎藏龙
很有代表性的一部中国风电影，章子怡在这里面确实不错,4,卧虎藏龙
李安整个人都是嗲的，笑死了。拍得真是好。,5,卧虎藏龙
大概只有李安能够将中国文化拍得如此透彻,5,卧虎藏龙
竹林打戏印象深刻，五星是因为这部电影让华语武侠片被更多人看到了，总觉得没完全看懂有机会想再看一遍,5,卧虎藏龙
才发现跟我小时候看过的不是一回事了。李安长得风神秀朗一身仙气的，电影里各种情欲啊。倒是王家卫大大一张每周大保健的脸，总是出乎意料地纯爱……,5,卧虎藏龙
李安期望呈现的是古朴、空灵且已远去的武侠世界，整个电影的画面质感便是老式武侠电影的风格。以前，我嫌李安过于温婉、含蓄，现在我开始喜欢这种隐忍的哀愁，心中千百遍回味，滋味久久不去。生涩的对白和港式口音亦毫无违和感，反而增添不少韵味。,4,卧虎藏龙
小时候看只记得“武”，重看，李安确实厉害，风度气质都属圆韵虚谦，张弛有度。抛开武戏，文戏闷而浪漫，李慕白弃剑远江湖开始，一句引言：”揣而锐之，不可长保“开始，道的思想浸润其中，李慕白愿知足不求却至终压制不了欲，玉娇龙或亏欠或心定或看破跳入那一片云霞蒸蔚里，山气日夕佳，欲辩已忘言,5,卧虎藏龙
啊我已经无颜面对我五年前给的评价了。。那时候的心智真是看不懂这片儿。如今重看，觉得太好看了，不愿意错过每一幕，动作设计实在太棒。玉娇龙太有吸引力了，玉娇龙和李慕白的竹林戏就是变相的情爱戏嘛，龙和李都经历了超越师父高处不胜寒的空茫，他俩才是真CP啊。中年迷思从头展开到尾。,5,卧虎藏龙
几近完美的精致，禅意、道家、情欲、自我…人生种种都深埋其中，轰轰烈烈，却轻灵飘逸。,5,卧虎藏龙
太早看过但没印象，后来被徐浩峰的影评惊艳到，一直想重看一下，但重看之后，又觉得那影评和电影比起来算不了什么，电影厉害就厉害在提供了多重解读，解着解着就陷进去了。李安呢，照例继续闷骚他那五千年来的性压抑，龙虎指情欲，这可是他自己说的。,4,卧虎藏龙
它在奥斯卡大包大揽的时候，我在上小学。12年后读完《十年一觉电影梦》再看电影，觉得这才是江湖道义的武侠世界，不同于徐克的刀光剑影。李安的刀剑之下，是儒与道，禅与悟，动静起落，虚实相生。无论是一袭白衣长袍的李慕白还是竹林，无不有胡金铨的之影。只可惜为了中西兼顾，反而易有尴尬瑕疵,5,卧虎藏龙
画面取景太美 几段实打实的武打戏份加上配乐也是看的过瘾  玉娇龙这个名字一听就不一般,4,卧虎藏龙
不同于传统武侠片中的刀光剑影，李安的江湖，用人心情欲将武侠命题得以最为独具匠心的契合，这使《卧虎藏龙》不仅有以对中国文化的深谙，更犹如一篇深沉含蓄的诗篇，将中国武侠的魅力精髓行云流水般的跃然于光影之中。,5,卧虎藏龙
李慕白和于秀莲这对主角是为西方的知识分子准备的，柏拉图式的爱情、莎士比亚式的对白、崇高的人文境界都恰中要害。,5,卧虎藏龙
抓住某些東西了。但劇情仍顯薄弱。,4,卧虎藏龙
人在江湖，快意恩仇；人在江湖，身不由己；人在江湖，卧虎藏龙。,4,卧虎藏龙
片中除了精彩的武打场面和武侠剧情外，你是渴望李慕白和于秀莲含蓄的爱情，还是罗小虎和玉娇龙这种敢恨敢爱的爱情呢？,4,卧虎藏龙
《卧虎藏龙》真的触碰到了我内心某个地方，否则我不会泪流不止。只是我不知道原因，因为我还不懂我的内心。,4,卧虎藏龙
许个愿吧   一起回新疆  💔她是去追随李慕白了💔,4,卧虎藏龙
可细观多遍，越看越有味道的武侠经典，然而武侠只是外壳，内核在于欲望，年少轻狂的娇龙搅乱平静的江湖与欲静却未静的人心，章子怡和郑佩佩演得相当好。台词金句很多，尤其喜欢那句“剑要人用才能活，所谓剑法即人法”。但京腔、港台腔、马来西亚腔混搭，听着太别扭，得相当投入才不出戏。8.3/10,4,卧虎藏龙
拍武侠，写人心，绝了，看一次赞叹一次。,5,卧虎藏龙
电影的漂亮是全方位的，音乐、摄影、故事、表演以及导演，可以说代表着李安电影性格的最主要特质，内敛、微闷、欲言又止，但却有着需要生活积淀来领悟的心境和感受。观众能够看到东方哲学式的为人处事法则，而里面人物的命运，都是这种哲学思考和人性需求激烈碰撞后的悲剧产物。,5,卧虎藏龙
东方的内敛又透着西方的奔放，李安的电影总是给我这种感觉。每一个中国导演心里都有一部武侠片。李安的《卧虎藏龙》，王家卫的《东邪西毒》，侯孝贤的《聂隐娘》，杨德昌的《追风》，姜文的《侠隐》,5,卧虎藏龙
最近爱上武侠电影。过去的电影拍的真好看。现在被资本绑架的影视行业，还能拍出这样的片子吗？现在电视机里收追捧的都是杨幂，唐嫣，天使宝贝这样的明星们，什么时候才能再出现一个章子怡这样的女演员。杨紫琼真的很耐看啊。,5,卧虎藏龙
很少有人能对“江湖”有这样深刻的理解。打斗场面极其精致，百看不厌。到底是本子好，再加上李安的场面调度能力和出色的摄影，当真是独领风骚,5,卧虎藏龙
特地又看了一遍，找找木坑。,5,卧虎藏龙
十几年后重看，这是看过最正的武侠片。玉府夜逐、酒楼镖局、竹林之巅的几场动作戏都非常赏心悦目，那个律动节奏足以让英雄的张艺谋、夜宴的冯小刚、龙门飞甲的徐克之流跪下。只有李安让“武侠”的“武”如此灵动飘逸。,5,卧虎藏龙
总感觉是文艺的武侠！,5,卧虎藏龙
“无论你此生的决定如何，都要真诚的对待自己”二刷后必须加星，觉得自己过去太浅薄了，再次印证了好电影必须二刷，第一次看对剧情总是有过分的苛求而忽略了太多其他的东西。,4,卧虎藏龙
啊好牛逼啊。章子怡第一次出场的旗头背影，碧眼狐狸的狠辣和人性，俞秀莲低垂的眉和藏而不露是中国古代女性化身，李慕白站在竹林上随竹而动融为一体玉娇龙狠心压制对比两者境界分明。武打场面膜拜。李慕白禁欲最后玉娇龙和小虎却直接在武当山里大行男女之事的讽刺。李安吃透了江湖武侠，太牛逼了。看哭,4,卧虎藏龙
我觉得这部片子之后就没有真正意义的武侠片了，某种程度上是奥斯卡害了中国武侠片。,5,卧虎藏龙
竹林很美，也有情结，别扭的普通话，部讨喜的人设，还好是个好故事。,4,卧虎藏龙
卧虎藏龙给我提供了第一个也是最后一个视觉上的理想的武侠世界，在这里侠义情份与刀光剑影结合在一起，没有刻意，没有炫耀，沉着冷静却不失潇洒写意，李安自由地在神与形之间穿梭，总是能选择最恰当的方式完成表达。第一次看是在中学时的小电视上站着扫完，现终有机会在影院一饱眼福。,4,卧虎藏龙
我决定所有我看哭的片都给五星-_-我的感想很浅薄，单纯特别爱娘娘为了一把梳子追着张震跑了半个地球那里的情节和画面，一种挣脱束缚回归自由的美好，太温暖了T-T,5,卧虎藏龙
李安真是个闷骚到死的导演！周润发最后的告白词多么的动人啊，硬生生被周润发的咬字给逗笑了。。。婉约和狂放的交响曲，有人，有情，就有江湖！,5,卧虎藏龙
徐浩峰剖析了道，儒和释谁来解读一下？这片子几次在大半夜吓得我冒冷汗，以为尊者讳的方式隐约掀开了那层“以弘法的名义诲淫诲盗”的锦绣外衣,5,卧虎藏龙
很奇怪当年只给了三星，重看一遍，绝对是5星啊。玉娇龙这个角色的光芒，照彻整部电影，主题的高度决定了人物塑造的高度，也就是电影能达到的高度。,5,卧虎藏龙
10年后翻出来再看，细细品味觉得太精彩！诗情画意，爱恨情仇，一招一式，行云流水，藏而不露。配乐恰到好处，连激烈的打戏配的都是缓缓的鼓点，喜欢！章子怡美！她很适合这类倔强的角色！张震帅帅帅帅帅帅帅帅帅！,5,卧虎藏龙
谭盾的音乐声里，玉娇龙投向山崖底时，千情万绪堵得很……八年后重看，才真正读懂了故事的美丽与哀伤。,5,卧虎藏龙
第二遍。拍摄方面：细活儿典范；剧情方面：野小子必看。武侠的整个系统值得激素过剩的人群好好细嚼，道。,5,卧虎藏龙
讲述一代大侠李慕白有退出江湖之意，托付红颜知己俞秀莲将自己的青冥剑带到京城，作为礼物送给贝勒爷收藏。李慕白隐退江湖的举动实际却是惹来更多的江湖恩怨。,4,卧虎藏龙
之前在电视上看过无数次，从未耐着性子看完整过。十多年后再看这部片，终于明白了好在哪，虽然台词有种英式风格，意境却深得武侠文化的精髓，不愧是李安。,5,卧虎藏龙
得了很多奖的电影现在都没有什么好的武侠片了,4,卧虎藏龙
爱到天翻地覆！,5,卧虎藏龙
《卧虎藏龙》是以李安惯常的中西合璧的思想拍摄的纯中国式武侠片。本片在策划初期，就已定下冲击奥斯卡的目标，台词都是先用英文完成，然后才翻译成中文。在李安看来，“卧虎藏龙”系隐喻，只要有伦常礼教处，就有人心的卧虎藏龙。本片的影像和叙述互为表里，铺成含蓄压抑的李慕白与俞秀莲，少年放恣任性的玉娇龙与罗小虎。视觉聚焦在玉娇龙和李慕白，牵动了两组平行关系里卧藏的潜意识错位：清朝女侠俞秀莲和玉娇龙，徘徊在正邪之间。《卧虎藏龙》的艺术独特之处在于：一是角色情感含蓄、造型非常出色，角色之间的内心朦胧和自我冲突十分深刻。二是音画美完美结合，和优美的韵律、武德、情感及信仰冶于一炉。影片从动作设计，服装到摆设，山水到建筑，书法到剑道、音乐，都呈现了意气运行上的聚散与蓄放，达到虚实相生、刚柔并济的难得意境。,4,卧虎藏龙
9/10.不愧是李安，虽然电影不完美，但是意义之重大大家都知道.一个李安心里的江湖，华人最骄傲的武侠动作片在濒临绝种之时，给李安救了一命，还加入了更多的人文、内心世界等元素，对于情感的把握已经不能只用细腻来形容了.四位主演都上乘发挥，大家一直诟病的港式普通话在我看来没有形成对观影的阻碍,5,卧虎藏龙
十几年后重看，有三点感触。第一，小时候不觉得，现在觉得你们这样意淫新疆还找张震来演，实在是太让人出戏了。第二，章子怡当时确实不行，完全演不出贵小姐的气质，只有蛮没有刁，村姑气啊。第三，周润发杨紫琼的中文，一部分需要看法文字幕才能理解哈哈哈哈,4,卧虎藏龙
以前家里一直有张封套残旧的VCD，却一直没看。如今看完直呼“ 绝 ”。缺陷是片名、海报以及周润发和杨紫琼的普通话发音。,5,卧虎藏龙
第一次知道，武侠可以这么美……,5,卧虎藏龙
剥离蹩脚港普台腔与纠结缠绵情爱，就武打动作戏的镜头设计调度、剪辑节奏、音效配乐而言，《卧虎藏龙》实乃极品！李安团队诠释了打戏不只咿咿呀呀兢兢框框，那是刺激罢，真高手以静制动，如李慕白所述达“静中之动的境界”。在静（氛围环境）中阅动（武打动作），在动（飞檐走壁）中品静（人融于景）。,5,卧虎藏龙
小时候看那段竹林飘斗戏，感觉特别假，明显是绳子在吊着嘛。。。但是长大后再看，才知道那叫唯美，那时的章子怡真是美啊。。。玉娇龙的性格，我真不能接受，不知现实有没有这样的人，结局也是那么的婉伤迷离。。,4,卧虎藏龙
真是爱死李安，什么电影都能拍出味道。全世界教育不良少女记。不得不说港普听着实在别扭。动作真的如诗。bgm好棒。发哥死前的台词好尴尬啊……,5,卧虎藏龙
女打星喜欢杨紫琼,5,卧虎藏龙
叙事是遗憾的艺术，动作展现人物的内心。对白隐没处蕴含无限含义，一个眼神比一句台词更有分量。打戏轻灵飘逸又纠缠深厚，极显东方武术之美。真实的武林世界，与想象中全然不同。爱恨情仇，一言难尽。纵有高强武艺，也未能潇洒称意。退不出江湖，看不透人心。玉娇龙唯有纵身一跃，才能将罪孽赎清。,4,卧虎藏龙
看过真的很棒。。李安把中国武侠电影带入Oscar舞台。。剧本也好许多经典的镜头。。那时发哥还没发福。。杨&amp;章+竹林的对剑都拍的很好。。四位主角真是龙飞凤舞藏龙卧虎。。谭盾的配乐也是亮点。。CoCo的月光爱人嗲~~,5,卧虎藏龙
外国友人说超迷玉娇龙我表示不屑，看完以后觉得这种 young and dangerous 确实是很多白人对中国人的印象啊。。,4,卧虎藏龙
都忘了第一次看是在几岁，只有俞秀莲和玉娇龙几场打戏还有点印象。如今再看一遍，处处有意境。“江湖里卧虎藏龙，人心里何尝不是？刀剑里藏凶，人情里何尝不是？”,5,卧虎藏龙
玉娇龙确有通情达理的另一面，加之对俞姐姐的天然亲近，决定趁夜色还剑贝勒府。可就在一身夜行衣刚要踏进书房的当口，被人搅局。此人正是李慕白！李慕白因何要在这个节骨眼上现身？恰如送剑北上的动机，再次不得而知。但客观效果上，此举非但无助于抑制，反而激起玉娇龙的叛逆本性，“别进了庙，就说和尚话！”不过还是强调：李慕白式的毁人误事，始终掩护在善意初衷，儒雅气质，迷人风度，以及相当部分观众对于九门提督千金小姐刁蛮性格的排斥心理的多重作用之下。https://www.douban.com/note/731628866/,4,卧虎藏龙
这才是真真正正好看的武侠片。儒侠，美人，江湖……李安的世界观尽溶于此。,5,卧虎藏龙
中了李安的毒，重新看了一遍卧虎藏龙。上次看已经是10年前了。上次看到的是人脸、刀剑和翠竹青山，这次看到的是挣扎在欲望之下的李慕白和在恣欲妄为中修炼成仙的玉娇龙。李安到底经历过什么？他讲故事怎么总是这么狠毒？,5,卧虎藏龙
以前看的时候不耐烦对白太多、威亚吊得太明显。现在重看，才发现这是一部多么精致、细腻、大气、完美的武侠片，奥斯卡眼光还真是不错。音乐实在是完美，章子仪小脸很倔强，难怪西方人喜欢她。瘦小的身体下那种不甘平淡的心，那种不服输的劲儿，这才是真正的东方女性美。,5,卧虎藏龙
初看没感觉，沉下心来，听到了鼓点，见到了竹林，便好看起来,4,卧虎藏龙
青山绿水，松林翠竹，就好像纸笔晕染开来，一个空灵的武侠世界。爱恨情仇，难舍难分，玉娇龙的敢爱敢恨，衬出俞秀莲的隐忍克制，而翩翩儒雅的李慕白，在生命的最后一刻，对秀莲说出，我这一世都已浪费在你身上，更是令人动容。,5,卧虎藏龙
竹海 李安 江湖梦,4,卧虎藏龙
现在看来，吊威亚的方式果然是最适合的。李安处处以实带虚，最大程度保住武侠世界的厚重感和可信度（难能可贵地对立于当代中国观众熟悉的徐克程小东式浪漫武侠）。幕后精英精诚合作，保证了剧本和调度的质量，东方独特的建筑美学，旖旎风光，儿女情怀，处世哲学都有所涉及。善恶对立，名利追逐，隐退渴,4,卧虎藏龙
我并没有得道的喜悦，相反地，却被一种寂灭的悲哀环绕。[重看了一遍，这次李慕白对玉娇龙的欲望看得很清晰，闷骚李太戳我心了；碧眼狐狸和玉娇龙之间的百合也很萌；最后，小龙不愧是淫生淫家，得到了李大侠、余姐姐、师娘、小虎和剑……],5,卧虎藏龙
这不是一个好的武侠故事，但却是个好的故事。台词有太多暗示的成分，所以不太像一个武侠剧甚至不像古装剧。武侠江湖只是外衣，故事想讲述的也许只是少年人青春的伤痛 ，被迫成长，成年人在社会的规则里沉浮和内心欲望纠葛，希望坦诚面对自我却又不知何去何从的故事。江湖卧虎藏龙人心何尝不是卧虎藏龙,4,卧虎藏龙
打戏非常精致，不想一般武侠戏打打杀杀图个热闹毫无美感。比如俞秀莲惯使双刀，所以双手握剑横砍直劈，这样的小细节都照顾到了。但是除打戏部分，其余都不怎样。好在整部戏大气与秀气兼具，应了剑走轻灵，游刃有余的剑气。要是金庸戏能被人拍成这样就好了，省的老是被人拿来做男欢女爱的借口。,4,卧虎藏龙
李安镜头下的女性都有种“硬颈”之美。章在这里真的太好看了。里面的打斗戏明明威亚明显但就是有武侠的神韵啊，发哥单手甩剑好看。张震这个人物有点莫名其妙。。,5,卧虎藏龙
内化的江湖，诗意的武侠。,4,卧虎藏龙
其实里面各种复杂的恩怨可能不太需要观众去深究，它们只是为我们提供了一个江湖，一个世界，李安之所以横贯中西，就是不同的人们都能在其中得到自己能看到并且感悟的东西，但也有一些永恒的主题，却是不同文化背景下的共同之处，却是自始至终的，比如，心诚则灵。,5,卧虎藏龙
安叔所有片子中最无可言说的一部，没有必要去揣摩与分析，符号也不再重要。现代人的武侠梦，爱恨情仇，都抵不过内心的卧虎藏龙。飞身而下追一梦，奈何心中毒不破。迟来梦醒魂归去，才知错过究错过。,5,卧虎藏龙
特别喜欢在竹林里地那一段，美哭,5,卧虎藏龙
一招一式，山水间，我们所追寻的那个江湖，终归是一场梦。水墨画般的风景，配合大气的配乐，浑厚的文化积淀缓慢的舒卷开来，远离了快意恩仇，刀光剑影背后都是隐忍厚重。多年从未开口的爱，纵身一跃到底是一个人。越是不争越是身不由己，哀过于此。,4,卧虎藏龙
武打场面各种吊威亚，高来高去，其实并非我喜欢的那一种风格，场景也并没有那么夸张的优美，但是时至今日，到了我已经开始转向到电影语言，镜头语言的这个时刻，这部电影的剧情仍然把我深深打动，故事好是玄关一窍。,5,卧虎藏龙
&lt;喜宴&gt;里有一句吐槽&#34;那是中国人五千年的性压抑&#34; 这片子就是那句台词的具体诠释 李安的隐忍用在武侠的世界味道真特别 蛮喜欢这种特别的 就是台词写的过于书面 不是太适应 张震无论是说话还是表情动作 都怎么看怎么和大漠汉子不搭 ,4,卧虎藏龙
2019238 可以理解为何李安要花不小的篇幅着墨边疆，那种苍茫与自由才真正反衬出中原，轻功越是飘逸，武侠越是恣意，江湖就越是压抑。周润发所诠释的儒雅与杨紫琼所表现的隐忍是李慕白与俞秀莲这两个角色身上最具有中国气息的特质。,5,卧虎藏龙
竟没标过？20160515重看感觉很不一样，之前除了武打不记得太多，总算看懂玉娇龙。当时女人可以抛头露面？有些转镜很生硬，台词有时突然脱离口语，大家好像都棒读，轻功好似放屁233其实挺高兴我没看出李慕白的“情欲”和他俩的暧昧……罗小虎绅士中的绅士，男人中的男人，谁能不爱上他？可惜碰上玉娇龙,5,卧虎藏龙
麻痹年幼无知时候无比的嫌弃国际章，现在重看这部简直不能更爱！发哥紫琼张震国际章郑佩佩一个个都好棒！画面和原声都太棒了QAQ我愿意游荡在你身边，做七天的野鬼，跟随你。就算落进最黑暗的地方，我的爱，也不会让我成为永久的孤魂(┳＿┳)...,5,卧虎藏龙
好电影的捷径：好好讲故事。坏电影的捷径：故弄玄虚。中国式武侠+好莱坞式幽默，正常的叙事+不错的演员，都是很朴素的元素打造好东西,5,卧虎藏龙
意蕴悠长，但其实这个故事是中西文化、传统和新潮文化的碰撞，还是少了点骨子里头的侠气。这部影片成就了玉娇龙这个角色，虽然我实在不喜欢这个角色……,4,卧虎藏龙
很多电影是越成长越能体会到它的精彩，年少无知时的审美直接却浅薄，如此漂亮静谧的美曾经完全看不到，李安镜头下的中国文化与情感太潇洒，即便成长至此也无法体会完全～片中的那些美景去一步步亲眼看到才渐渐懂得,5,卧虎藏龙
2000年的时候14岁，只记得这是一部平静的武侠电影，还记住了谭盾。时隔12年，看出的竟是无奈。那日喝酒，有人说人生如这杯酒，你知道总要喝完，所以就不急不躁用心体会这举杯小酌的每个动作，带着慈悲之心。,5,卧虎藏龙
动作戏很漂亮，几位演员威亚吊得很辛苦吧；美景也很漂亮，后面部门简直就是江南地区的旅游宣传片么。。。剧情很老套，但故事讲得很好，这是李安的本事，当然几位演员也功不可没。（10）,4,卧虎藏龙
挺不错的经典武侠电影，导演也算是树立了武侠的里程碑。,4,卧虎藏龙
十多年前因为超爱电视剧版所以抗拒电影版，十多年后没有偏见了才看真心觉得好。既有蛊惑老外的武打场面，又有李安一贯对人情世事的思考，色彩、配乐都大赞，武戏都很灵，尤其是两位女性的过招，充满了美感。武侠尽可以潇洒，这么美倒是第一次见。,5,卧虎藏龙
1，李安拍中国人的性真是第一人，从这部的”隐“，到色戒的”放“，始终游刃在冷静与热情之间，把持的住含蓄。2，竹林那场， 其实是床第戏，好嘛。3，娄烨只会脱光，浪费一对好胸，呸。,5,卧虎藏龙
台灣人拍電影愛文藝，武俠文藝 黑幫文藝 都市文藝，文藝就更文藝了。全片上下就張震是在接受不了，操著天下無雙裡吐槽而認真的口音，整個故事的情感一下背帶跑了。你瞧說的是一把劍，其實是在說這滿是規矩定律的世界上，炙熱的感情如何燃燒。,5,卧虎藏龙
看到在婺源的取景好熟悉，小虎好可爱啊。。。 小龙一直追求的潇洒和自由可能最后终于实现了吧【但这也不能解释为什么我震老演备胎（摔）】,4,卧虎藏龙
在李慕白心中，玉娇龙到底是什么？玉娇龙的那一跳，内心里经历着怎样的变化？江湖里卧虎藏龙，人心里又何尝不是呢？,4,卧虎藏龙
十年一觉电影梦，李安大概是班上那种很勤奋很努力的好学生，有远大志向和抱负，有时不得不为时事所拘束，但他自己说和《卧虎》的杨紫琼很像，是那种若有规则一定会遵循的人，但如果李慕白敢丢下青冥剑，他就敢随他一起浪迹天涯。青冥剑大概是责任、是江湖中人人都背负的规则吧 。最大的亮点是章子怡，是演技、台词、武打、妆容。倔强的小脸，稚嫩又凌厉的眼神。竹林一战，最为经典，丹霞地貌景观真的很美，港台腔出戏。李安当时好像不怎么地看好章子怡，拍《卧》难度大，经费紧张，拍得李安快要发疯。但是他成功了，改编的很好。只是我还看不太懂，可能是我的经历不足吧，经历越多业障也越多，但是另一方面可以放下的东西少了，也少了那一份沧桑与沉定。李安说人人心中都有一个玉娇龙。,5,卧虎藏龙
三点五分。小时候看卧虎藏龙只看打打杀杀不能解读其中人心的欲念和狰狞。于是这么多年以后在一个朋友的疑问下为了寻找答案重新翻看。个人觉得李慕白死前的几句话才是电影的升华吧。想必这电影也是让人放下爱的欲念与生命的掠取，只有放下才是真正的拥有吧。,5,卧虎藏龙
小时候读不懂李安，这些年仔细翻看以前匆匆看过的影片，才渐渐理解些皮毛。他对武侠的了解，已不只是江湖恩怨刀光剑影，而是人心的欲望交织与卧虎藏龙。p.s.也许媒体总是对章子怡有些恶意，其实演的真心不错。,4,卧虎藏龙
摄影和节奏都无敌，真是一部舍不得加速播放的好电影！,5,卧虎藏龙
在这当上看卧虎藏龙简直就像是在雾霾天找到一片净土，难怪当年外国人看的如痴如醉,5,卧虎藏龙
【A】终于明白为什么当年那么多国人不喜欢这部电影了:众多演员生硬的台词腔调，过于西方的台词设计和滥用的威亚。但这些缺点更多时候反而只是个人主观的看法，仅此来评论整部电影实在是过于不妥。李安真正出色的地方，是他没有把人物设计的过于脸谱化，相反，片中的每一句台词，每一个动作，每一个表情，每一场打斗，都在向观众展示着人物内心下欲望的冲突和挣扎。这种欲望不断积压，感情愈发强烈，直至最后一刻，玉娇龙跳下山崖，所有的情感和力量都在这一刻迸发而出，了解了这内心所有的挣扎与不甘。,5,卧虎藏龙
1.十多年前觀影：可挖掘的部分甚多卻又語焉不詳，對此片持保留意見。2.玉嬌龍的性格真像極了骨子裏的我。“武當山是酒館娼寮。我不稀罕！”“朋友本來就是假的”此些話催我淚下。,4,卧虎藏龙
章在这里演绝了！那种富贵人家小姐的傲娇桀骜和年轻的叛逆无谓活灵活现。服装和色调各种素淡清雅（不至于甄缳那么华丽俗艳），灰常衬中国。卧虎藏龙就像隽永的书法，醇厚的佳酿，举手投足都让人感叹中国文化的博大和情怀的幽然,5,卧虎藏龙
武打场面的调度，剪辑，配乐，固然是惊人的。但这片最让我印象深刻的，还是对主要女性角色的刻画。江湖世界中的纷扰，和儿女情长间的柔和，形成一种对比，却又彼此和谐互补。这三个的主要女性角色，跨越三个年龄段，却各自都夹在属于她们的痛苦之中。抛开背景和主题来说，其实内核上，还是一个略有些当代和西方视角的故事，特别是关于自我内心的发掘。,5,卧虎藏龙
五年前我看过的个电影，当时太浮躁和粗心大意，今次细看来，不管是导演在掌控功力，还是细节把握，入木三分的人物血肉塑造，文化积淀与呈现，甚至是音乐等等，你就知道奥斯卡为什么要颁发给这个感情细腻一丝不苟的李安，而不是缘木求鱼的张艺谋，陈凯歌之类的要搞大片的导演,4,卧虎藏龙
超级好看！子怡太美啦！！！！！打卡打卡！,5,卧虎藏龙
倘若《断背山》是李安的返璞归真，那么隐而不显的《卧虎藏龙》就是点他跃入“天人合一”的开始。在这部名扬四海的杰作中他于中国传统武侠片里看到了自身“炼精化气、炼气化神”的不宁，所谓年轻气盛刚刚得以平息奈何又过不了情字这一关。所幸青出于蓝而胜于蓝，这把气接《饮食》神通《喜宴》的青冥剑可以物归原主了。,5,卧虎藏龙
影片上映那年，我读小学，害了场大病，住院治疗。邻床大叔在读原著，有时我借来看看打发时间。当时，我觉得这个偷剑的故事比起金庸而言不太有趣。出院后，因别扭的口音，电影刚看开头便打住了。今日再看，一切都有趣了，有趣的摄影、剪辑、配乐，有趣的人心纠葛。可能这就是成长，成长到懂得欣赏。,5,卧虎藏龙
有侠气的武侠片而非简单的古装片，当然其中渗透者李安一直以来的文艺气。晚了十多年看这部片子，却一下子想不到之后有什么武侠片能比这部好看，有点儿悲哀。就是几位的国语说的实在有点儿煞风景，当然这本来就是一部给老外看的武侠片，也就难怪有那么多古怪的台词了。,4,卧虎藏龙
李安能用这电影拿奥斯卡，而且既不是天马行空的徐克，也不是硬桥硬马的刘家良，难能可贵,5,卧虎藏龙
重看，章子怡的念白功力不俗，华语女演员中很难得，确实是好演员。周润发的一双眼真适合李慕白！全片一气呵成，台词稍有造作。“每个人心中都有一柄青冥剑”，每个中国人心中都有一个李慕白，卧虎藏龙，青山绿水间藏着大漠风沙。,4,卧虎藏龙
说是颠覆了武侠的片子，也许是因为李安吧，多了人文的东西，所以李慕白和秀莲的感情也是那么憋屈。最深的印象大概就是竹林了。,4,卧虎藏龙
李安的电影是好，很艺术又能把故事讲的清清楚楚。本片总的来说不错，轻功很令人神往，但章子怡的武打确实有些花拳绣腿，体质怎么看也不想习武之人。//二刷感觉场景美术、对白都很考究，很用心。,4,卧虎藏龙
小时看过，不到十岁，早已淡忘。电影的配乐和选景都很棒。情节是原著王度庐的鹤铁五部曲中的一部。李慕白一直在用理智压抑自己的情感，玉娇龙则相反。表面是武侠，实则是理智与情感，而李安的江湖不热血，很悲凉。李安到底还是做美国电影的，最后也不给个明了的结局，这也难怪国内不成熟的观众不买账,4,卧虎藏龙
重看突然觉得杨紫琼刚硬的好美= = 相爱不能爱的这种CP啊，啧啧,5,卧虎藏龙
不是特别符合心里面对武侠的定义，总觉得武林中人要么纵情声色要么敛心收性，夹在这中间就比较尴尬，可能一代宗师和双旗镇刀客更符合？不过有几段动作和摄影的确好，喜欢李玟的片尾曲，把尾声拉到无限长。,5,卧虎藏龙
李安太厉害了！李慕白爱玉娇龙，她也是，所以她去许愿了。更正一下：细想后真相是，李对俞的深爱转成了深情，而且是要实现的那种，对玉是喜欢，不至于到为她丧命，所以其实他是觉得自己死的不值的。玉一直向往江湖，更崇敬李俞，见到后是实践，她看出了他的心，她的心一直被他牵着，所以她没有选择小龙,5,卧虎藏龙
尽管这是一部拍給西方人看的武侠片，尽管里面人物的念白口音都那么奇怪，但我还是挺喜欢的。剧情没什么太大的看点，玉娇龙到底想干什么也很令人费解，不过可圈可点的地方就是那份若有若无的意境吧。人心卧虎藏龙这句话在今年的少年派上得到了另一种解读。,4,卧虎藏龙
“我会一再问自己，在李慕白心中，玉娇龙到底是什么？这些纠结是否就是“藏龙”？是一种“自我毁灭”的力量在背后驱策着他？！看到这个女孩，他就知道将有不祥的事情发生，就像“青冥剑”的“冥”字，看着就令人发毛。人就是有一种“自我毁灭”的倾向，这与“浪漫”是非常类似的力量，亦即“感性”。”,4,卧虎藏龙
李安先生對武俠的詮釋…李安先生真是個大器晚成的才子～想起一個節目，李安先生說累了，父親問他【你還不到五十歲，你想教書嗎？】他說不想就回來繼續做電影了…貪安逸不是個男人該有的昂，一路往前衝才是…所以自我的角力贏了，李安先生靠這部作品拿了奧斯卡…,4,卧虎藏龙
真正让华人电影在西方主流影评上占据重要位置的一部作品。中国武学的侠义，中国武人的情怀，中国山水的意境都在这部片子里体现了，很棒。,4,卧虎藏龙
2000.卧虎藏龙.Crouching.Tiger.Hidden.Dragon.2000.BD.2Audio.MiniHD-TLF[tt0190332] 卧虎藏龙  Crouching.Tiger.Hidden.Dragon.2000.Repack.BluRay.1080p.3Audio.TrueHD.5.1.x264-beAst.mkv10.9 评论字幕,4,卧虎藏龙
打斗场面超神了没见过这么牛逼的……其他的倒感觉不出来有什么特别好的地方……体会不到……,4,卧虎藏龙
虽然都是华人演的，导演也是台湾人，但我仍觉得应该标为美国电影。当年大红大紫时完全看不进去，如今在读过谭盾讲李安的故事后，才明白种种表象，只是对于内心的投射罢了。为什么李安的东西好看，在于他的境界，其次才是技巧。境界来源于传统，技巧来自西方，融会贯通，必是佳作。,4,卧虎藏龙
李安算是台湾导演里很独特的一位，拍的没有一点台湾味道，不是淳朴的中国气息就是浓重的西洋味道。卧虎藏龙绝对算的上是李安的代表作了。13年后看这部电影觉得还不错，但当时的特技这样已经是很厉害的了。只是我有点不解，为何用周润发和杨紫琼两个香港呛浓重的演员。开场白两人的对话真是...好不舒服,4,卧虎藏龙
月光愛人的旋律穿插在整部電影當中，順著情節的發展人物心境的變化，聽著一陣陣悸動。這是劍的江湖更是慾望的江湖，江湖有涯人心無常。真心喜歡玉嬌龍這個女子，像是一頭桀驁不遜的野獸，讓人有去征服的慾望，不然李慕白怎會那麼執著的想要收她為徒。最後秀蓮對她講，一定要真誠的對待自己。講給所有人,4,卧虎藏龙
李安是超前的。要是放到现在，估计周润发的台词每句都会引起笑场，太雷人了。,5,卧虎藏龙
有一类人他会潜移默化的让你佩服他 v,5,卧虎藏龙
就说李安是文人，他对于武功的了解比对武器的差远了，最精彩的一段是镖局的打戏，不同冷兵器的不同招式还有点意思，飞飞飞的时候就很让人头疼…谭盾的打击乐很使片子很有节奏感也加强了所谓江湖的恢弘又悲伤的气氛…结尾说不出是不是好，但是看了几部李安终于有感了，李俞的结局令人唏嘘,4,卧虎藏龙
玉姣龙这个角色蛮复杂的，李慕白若是早杀了就好了。,4,卧虎藏龙
竹林之战，飘逸啊。整个是唯美的说。2009.8.7重看了。首先会在两个女主角里找到些什么。其实很多事情都很无奈的，但只要活着，真实的活过就好，我这个人没李慕白的盛名和盖世武功，可却也蛮含蓄蛮不会表达的。向往着安静生活，却也是向而不往啊。,4,卧虎藏龙
记得还是小学的暑假，电影频道播的。看到章子怡和张震的激情戏的时候`我妈还叫我不要看~呵呵~,4,卧虎藏龙
哪里含蓄了，很直白啊。。。。。（我真特讨厌玉娇龙，叛逆和为所欲为不是一回事好吧，有点能力就目空一切，为自己一时痛快把别人的感情和生活搅得一团糟还反过来怪别人没给你为虎作伥，对真爱自己的人所做的牺牲也不以为意。剑本来是你偷的，哪里来的理直气壮啊？,4,卧虎藏龙
这个故事很久以来都没看懂，但是真的很喜欢那种飘逸的感觉。摄影配乐没的说，那时的国际章真年轻，OST比电影好，剪辑不甚理想，港台腔不是槽点，人家大牌起码都来亲自配音了好么P.S.李安导演真的与虎有缘，不只是心中有虎,4,卧虎藏龙
太经典了都是··重看了一遍 台词略有生硬 港普口硬有点难受 章的演技并不是很好但是眼神和气质太真实了 这是演技不来的 而期间的江湖气和年轻气盛的自由追求让人动容 玉娇龙想要的自由非常现代 情欲说也是有迹可循 竹林那场戏实在是非常美 比起精神仿佛是美学有更多话可以说,4,卧虎藏龙
打斗很精彩，情节也不错，总得来说是部经典国产武侠片,4,卧虎藏龙
"行云流水,形意绵长.张小姐唯一不让我嫌弃的角色,眉宇之间的英气和嘴角不经意的委屈,足以加分.杨紫琼是所有人里表现最好的.OST赞.但可能是受小时候看武侠的影响,真的不能接受完全蔑视万有引力把轻功拍成飞行.",4,卧虎藏龙
经典的电影,4,卧虎藏龙
实在是太棒了，打斗戏的一分不差的展现出功力。发哥的道气不止有赌王的风范还有大侠风范，彰显的淋淋尽致。章子怡年轻的时候嫩出水灵，好一个“一剑仙”，杨紫琼年轻的时候也是个温情女武侠，特别喜欢里面她跟章子怡打斗那段，实在“妙，妙，妙”。张震的峡土风情无法抗拒，野味柔情，专一从心，真好的爱情恪守。不过我真的对结局不太满意，李慕白用救了玉娇龙，为何玉娇龙还要跳桥？是为了让李慕白复活，可毕竟的是传说，李慕白教她救她都希望玉娇龙能成为个善良的武才，我还是觉得玉娇龙带着李慕白和俞秀莲的期望好好活着在武当山慢慢修炼，出来好继承他们的理念整顿江湖。玉娇龙是个好苗子，死了可惜，也枉了小虎的一片痴心。但不得不说，李安导演拍的实在是津津有味并且具有侠国风气，竹子上的戏码是我最喜欢的，轻功飞天，卧虎藏龙。,4,卧虎藏龙
竹海打斗那场记忆深刻 就是我想象中大侠比试,4,卧虎藏龙
"有人对此片中周的国语发音做过嘲笑,以及其他挑剔.但我觉得它好在,它保留住了精神内核.这片子有精神.",4,卧虎藏龙
李安的电影差不多都看了，人家就是量少却全是精华，每部基本都得到赞誉和认可。。看看我们这些大艺谋，大小刚，大凯歌，真是该羞愧致死了啊,4,卧虎藏龙
俞秀莲押镖进城之后，电影给了观众一个“一览全城”的大全景，这个镜头是指电影真正的开始，也是泛指“江湖”重现。但随着剧情进展会发现，电影的片名“卧虎藏龙”，是“江湖之外另有江湖”，是电影所盛不下的。李慕白说江湖是“缘分”，碧眼狐狸口中的“麻烦进家”也是江湖，站在各自探得到底的边界，江湖自然有了不同的理解。青冥宝剑是引子，釜底抽薪人间的天真和凶险，也试探善恶之隔。娇龙和小虎的感情是“自由自在”，可是天地之外仍有边际，生在其中便做不到自由自在。俞秀莲和李慕白的感情中间隔着生死的关隘，也是隐忍的毫发未伤，都是深陷无法自拔的身不由己。李安给世界一个武侠梦，但这个梦是探不到边境的，它可以分昼夜不同，是房梁上轻飘掠过，不见踪迹，来去无影；也是竹林悬空，你处抽底，他方坠落，是水过无痕，不知深浅的畏惧皆神秘。,5,卧虎藏龙
发哥的李慕白，章子怡的玉娇龙都是杠杠的，好有电影感觉,4,卧虎藏龙
长大了重看才看出些名堂。很有早期武侠片的味道，只不过胡金铨讲禅，李安讲道。难以克制的情欲是江湖永恒的主题，以身殉道的结局让人觉得玉娇龙就是现实中的你我，只是我们没有李慕白的点拨和保护，又怎么来悟到这一点…另外，不看续集。,5,卧虎藏龙
四星半。这更像是李安在导演道路上的一次非典型性技术胜利。屋檐、城墙、大漠、酒楼、镖局、竹海，大量的近景械斗，调度上极难，但李安、鲍德熹、谭盾心手合一，创造出完全中国化的节奏式美感，不疾不徐。当然这样的重心投放，也使得李安少见的在故事细节处理上略显粗糙。尽管影片的落脚点让江湖的侠义之气变得尤为凛然，脱离了儿女情长的难舍难离，但这也让那些局部的放松格外显眼。张震饰演的小虎作为玉娇龙情窦的触角足够赤热，但大漠盗寇的狂野，对彼时的张震来讲还是有些太难了。,4,卧虎藏龙
资料馆大银幕重看，视听更上层楼。补标...这我都没标,4,卧虎藏龙
对我而言节奏把握的很好。几年前不觉得这片子好，因为看不懂那些欲言又止感性理性，现在才体会到那些细节的魅力。,5,卧虎藏龙
谁说完整的故事会毁掉诗意？“意”也要附着在“形”上面才行吧。章子怡十年前就是一副紧绷样，缺少一点体现自由和野性的舒展。一代宗师有扣子，卧虎藏龙有梳子。青冥剑就是少年派中的老虎。另外，这片中的台词真是中西合璧得可以，古装片的台词处理真是老大难问题。,5,卧虎藏龙
如果没有看《李安传》 我就不能说看懂了这个片儿 每次都是在说 “人”,4,卧虎藏龙
打不赢怪兵器不好。其实第一次就掐头去尾基本看完了，但一直心理预期有更多，续完爱在新疆爱在武当，而不是毒窝断崖咔擦死别。按旅游动作片看无可挑剔，两岸三地简直最佳外语，如果还有兴致下次得听听英配,4,卧虎藏龙
李大叔的片子真是值得多看几遍，几个人物的性格丰满，尖锐的扎人见血，内敛的饱满深邃，深情的隐忍温婉，执着的浓烈霸道。无不让你喜欢。,4,卧虎藏龙
这四星只是打给镜头和配乐的。剧情完全经不起推敲。第一次觉得对白是如此重要，周润发、杨紫琼、张震就不能找个配音？港台腔装新疆人，听了就想吐。快，把舌头捋直，好好说话。违和感，强烈。,4,卧虎藏龙
谭盾的音乐不错。感觉现在的武侠片曲高和寡，演的都是心理剧；喜欢的喜欢，憎恨的憎恨,4,卧虎藏龙
很棒的武侠片，比起精彩的武打戏，李安所表现的人的情感和欲望才是真正的江湖，但本片主角飞檐走壁的轻功太假了，玉蛟龙这个角色很吸引人,4,卧虎藏龙
史上最好的华语电影，没有之一。每个月都会情不自禁的翻出来看一遍，UHD4K的胶片画面美得无与伦比！,5,卧虎藏龙
NY 181. BAM重看。其实第一次也是在大银幕看的，12岁，当时只是觉得打戏非常精彩，然后带我去看的大人说很无聊。这次重看，发现李安对中国文化的把握毕竟不如胡金铨，很模糊，但是成品依然自成一派融合中西。这次什么都理解了，最后虐得肝肠寸断。,5,卧虎藏龙
三个人之间的情感纠缠微妙至极:青莲不杀玉娇龙，是否从她身上看到了年轻的自己，和不曾拥有却渴望的胆量，敢爱敢恨的性格，我行我素的任性，那股冲劲和现在为了维护地位和事业养成的圆滑性格形成的对比，是否勾起了她的回忆？玉娇龙飞身下山，是否是竹林会剑心生情愫？李慕白口中的“道”是否只是他的伪装，心中有仇恨就意味着难以放下进入至高境界，他的缺点正是他有血有肉的部分？反观张震，心机最浅，但结尾少年的痛哭，是否他受伤最深？大开大合，纵横驰骋，动静反差强烈，袁和平的动作设计将力量感和中式武侠意境完美结合，同时摄影充分展现环境，整体构成一段热烈而纠缠的爱恨史。究竟什么是卧虎藏龙？李安的电影时常让我看到文化对于人天性的压制和欲望的挣扎，这种斗争充满悲剧性的推动力。,5,卧虎藏龙
有点神神叨叨的。杨紫琼和发哥都自己配音的，好囧。那时章子怡好美。最美的是她和张震马背上调情以及后面各种调情各种美。小章才是主角吧，这戏份比重~,4,卧虎藏龙
大师级的艺术品！写意的李安式武侠 很仙 很有味道 意境登峰造极！,5,卧虎藏龙
这片非要挑毛病的话就是钢丝吊太多。。。李安果然牛逼啊，章子怡身上我不喜欢的东西居然都被他调教没了（当然演别的片子时又回来了。。。）。,4,卧虎藏龙
国际章演得是真好，可惜了其他人蹩脚的国语，杨紫琼都还好点，发哥感觉整个注意力都放在发音上了而忽略了演技。还有那些无比诡异的轻功，假得简直可以看到吊的威亚。还好除此以外音乐美故事美画面更是美，整个就如诗一般潇洒。,4,卧虎藏龙
李安懂得用中国人的武侠精神去吸引外国人的目光~因为在他们眼里中国这片土地始终是神秘的~这里有归隐 有预言 有柔情 有欲望 还有信仰~当玉娇龙从桥下飞下 我相信她朝着自己的梦飞去~这就是作为电影本身美好的地方~它美的同时还能让我们想到一切与美有关的事物。。,5,卧虎藏龙
看了这么多正剧不正剧，文艺不文艺的古装片，卧虎藏龙还真是让人舒心，老派手法，风景幽美,4,卧虎藏龙
一头一尾，屋顶与竹林间的两组动作戏展现出李安令人刮目相看的导演功力，演员的动作、摄影机的运动以及镜头的剪辑与配乐都跟随着优雅的韵律，新疆的段落以及与之联系紧密的结尾是十分好莱坞式的，李安用带有好莱坞色彩的人文关怀使得这个东方电影类别变得与观众更加亲密，也为其注入了新的生机。,4,卧虎藏龙
虽然 发哥跟众星口语不太像古代人  但风景 打斗 关键是竹林和青冥剑、黑衣、轻功、安兄用一种很中国的画面都拍了出来，都给人一种江湖的感觉....,4,卧虎藏龙
可能是国人看武侠看多了吧，李安对武侠新的定义大家都还不能接受。个人不是很喜欢王小虎新疆的那段。潇洒，不羁，信义。,4,卧虎藏龙
明明就是相爱的两个人，由于各种考虑却不能在一起。李慕白与俞秀莲相见于贝勒府的时候，俞问他为什么来京城，李慕白稍显惊讶：我以为……我们都说好的，不其然被管家打断。再到最后的告白，“我已经浪费了这一生……我一直很爱你……”第二次看它，印象最深的却是李俞的爱慕牵挂，时隔三年，都变了,5,卧虎藏龙
重温的时候，李慕白死的时候还是掉眼泪了。俞秀莲的确是儒家，但是李慕白的道家形象都有那么点...玉蛟龙这个，是禅宗？！不会吧...这样要怎么写道家分析啊...,4,卧虎藏龙
自从香港徐克为代表的新派武侠电影衰落之后，再次拍出深度，又拍出新视野的作品，也是目前为止唯一的一部，堪称经典。唯一的弱点在于略显国际化的台词，有部分在国人看起来会显得过于直白。另外演员本色的念白自此流行起来，南强北调好不热闹。,4,卧虎藏龙
现在看看 全篇几乎都是靠杨紫琼和章子怡的打斗戏份撑起来的 不容易啊，年少得志各种撒泼蛮横 章子怡也算是诠释的很典型了,4,卧虎藏龙
武侠的外壳，讲述的还是理智与情感、礼教与人性、顺从与叛逆，李安不会照着传统来的，这也是为什么后面张艺谋再想走这条路也无济于事，你们可能场面更大，但内核上差别明显。服化道方面可以说是清代时装戏的巅峰了，可惜除了子怡，其他演员痕迹有点重，尤其港、台口音颇为出戏，威亚的放纵使用既好也坏，至少是把仙气表现出来了。,5,卧虎藏龙
隔了那么多年再看一遍，清楚了一些，但还不是太明白。李慕白有太多东西不敢冲越，相比俞秀莲单纯的道德阻碍会更痛苦。最后玉娇龙跳了崖，小虎的心愿是一起回新疆，可也许玉娇龙是想让李慕白复活吧？片中四个人活灵活现，但我想他们的共同点都是放不下。我更喜欢玉娇龙和罗小虎。,5,卧虎藏龙
总之 奇奇怪怪的赶脚 99年的章子怡真的是爆。发哥没话说张震也是亮点虽然跟他没啥关系 配乐构图美如画 但是少了的一颗星给不够理解我感觉不够完美吧 略微还是平淡了些 但懂了很多道理 最重要的是真诚待自己吧 还有握拳是空松开是拥有一切 慕白几段表白真的有点怪 最后 看过江湖终究是变了,4,卧虎藏龙
不得不承认李安的电影太美了，这是我看过的最美的武侠片。秀莲是个十分大气的女人。而玉娇龙太狂妄了，李慕白所追求的放下是不是有点过了呢？小虎是个很痴心的人。结局很悲很唯美。有点没太懂。,4,卧虎藏龙
"李安是大家, 他拍的电影果然温文尔雅, 透着一股不温不火的宛如天成的&#34;儒&#34;, 实在是大气~~~我要看断背山~~~~~! p.s.张震呦....帅死算了~",5,卧虎藏龙
卧虎藏龙挑战了传统武侠动作，也挑战了传统文化中的礼教。对于李安来说，断背山挑战了当时的同性恋是一个道理。不过中国的礼教传统更加深厚且更隐性，更加融于中国人的价值观。李安塑造的李慕白是个百毒不侵的形象，而章子怡真的是男性审美中完美的女性形象。最后中的毒也有所隐喻，而玉娇龙最后一跳我更倾向于她更向往的自由，不在成为男性眼中的定义，女性独立成为人的个体。也许这是她的愿望。也许存在其他的隐形文本，李安水准还是高的，各种人看到不一样的境界。,5,卧虎藏龙
虽然威亚做得很假，各种都很假，但是这是很国际化的武打片，很能吸引老外的眼球。,5,卧虎藏龙
李安作品风格中的隐忍克制理性，但又在感性的危险边缘克制在这部里面体现的淋漓尽致，李慕白的克制，俞姐的克制，周边人明明就明白这两个人暧昧的感觉却也选择了克制，这些克制来源于礼教道德人语，只有玉娇龙和罗小虎一直在片中拼命的寻找自己，不被所有事情束缚，可片子的最后小龙也不得不背上心灵的枷锁，所以才会有纵身一跃，活着对于她来说太痛苦了，因为她也在无意间被迫的背上了师娘的死李慕白的死这样的枷锁。李慕白的练神还虚，道家理论在影片中贯穿全片，再次感叹李安这个人真是能把玄妙高深的道理讲的清楚明白的文化人典范了＃剧中配乐很有意思，玉娇龙在跟每个人对打的时候音乐都会随着对打者的身份变化，只有跟俞姐打斗的时候是最干净的鼓声，说明只有这个时候她才是真心享受，心无旁骛吧。,4,卧虎藏龙
玉娇龙形象太反差太丰满了，格格与侠女，克制与张扬，正道与江湖，叛逆与共情，娇纵与温柔…😍故事和画面也很美，李慕白和俞秀莲心里都住着严以律己宽以待人的包容江湖令人仰慕，罗小虎和玉娇龙大漠欲拒还迎你来我往彼此尊重心心相惜的感情戏如七彩丹霞一般绚烂；优雅的刀光剑影，自如的凌波微步，禁闭的京城屋顶高墙，荒辽的大漠孤烟矮丘，云淡风轻的画面构图，蜻蜓点水的竹林意境，还有恰到好处层层推进的配乐，情绪气氛一气呵成。“江湖里卧虎藏龙，人心里又何尝不是呢？”,5,卧虎藏龙
握紧手，里边什么都没有；松开手，你就拥有了整个世界。这话我要牢牢记着。,5,卧虎藏龙
型格上极美的，最后转为凄美，还是有点遗憾，也能接受。人物性格鲜明、形象，打斗设计真是应了“娇若游龙，翩若惊鸿”。,4,卧虎藏龙
"最喜欢的她 跳下了山崖(有人写道:那场景如同夏加尔甜美的画)~ &#34;任性傲气的玉蛟龙心中凄苦无处发泄，在江湖上使性任气，俨然是个小魔星&#34; 凄苦,这个词已经很近了。自私冷漠霸道，好胜倔强，怒气腾腾灵魂骄傲，野性不驯叛逆放肆，迷茫，聪明而无助的孩子。对自己狠心，渴望自由，但是欲望很难找到出口，跳下去不代表死，而是完成的意思，谁也没有征服过他的心灵，她永远只愿意做她自己,超度。影片太用情，太软？完全没有看懂人物内心的激烈。诉说着每个人内心的憧憬、梦想和压抑的欲望。挣扎。秩序与自由。",5,卧虎藏龙
本片最杰出的是技术方面，尤以配乐和动作设计最为出神入化。,4,卧虎藏龙
剑法只是招式，心法却是即便看了字也不懂其中的意思；曾经只嫌玉娇龙婊，现在更疼李慕白之殇，但到底还是都喜欢李安的才气，吊威亚都吊的有格调,5,卧虎藏龙
缺憾是有，但是李安拍出了一种无限的空，从中涌出了东方无尽的悲哀,4,卧虎藏龙
江湖里卧虎藏龙，人心里何尝不是，刀剑里藏凶，人情里何尝不是。江湖就在我们身边，我们的心中何尝不是个江湖呢。周润发对章子怡的爱恋没看出来，李安，公认的拍情感电影的大师。,4,卧虎藏龙
看章子怡和张震帐篷那一段～～  我会勃起～～,4,卧虎藏龙
"发哥往那儿一站, 长衫微动,一股侠义正气扑面而来。还没看太懂。",4,卧虎藏龙
“把手握紧，你什么都没有。把手松开，你拥有的是一切。”玉娇龙这个角色真适合章子怡这种刚烈的个性来演，但不感恩与小姐脾气的任性真是让人喜欢不来。可怜了俞秀莲，引狼入室还把要走完余生的挚爱（李慕白）的性命和情欲给赔上去了。,4,卧虎藏龙
李安这个儒雅的男人用这部套着武侠片壳子的人生哲理片俘获了当年的奥斯卡评委。14年后重新看过，和当年的视角与感受完全不同，玉娇龙的死真的是必然的。,4,卧虎藏龙
算是将中国武侠之美展现的淋漓尽致 配乐功不可没！ 对于人物爱情的悲剧 难免让人感叹 都是传统惹得祸 让人永远深信隐忍的爱才是最伟大的！bullshit！,4,卧虎藏龙
一直以为卧虎藏龙是个武侠片。。。看了才发现。。。好吧。。。原来是叛逆期少女的成长故事。。。,4,卧虎藏龙
如果按中国传统功夫片来看，这片拍得并不算好，但李安就没打算把这片拍成一部真正的功夫片，李安是个“狡黠”的导演，嘿嘿……,4,卧虎藏龙
台詞寫的不喜歡。看了好多次才看進去。但一旦看進去，就懂了。苦悶，壓抑，青春，自由。,4,卧虎藏龙
两个女人的打斗戏真叫人喜欢，还有幸好没有配音啊。,4,卧虎藏龙
诗意禅意掩藏的欲望什么的我不懂 只是真心喜欢小龙小虎在新疆初遇时执着执拗单纯热烈的感情 小虎说那个心诚则灵的故事的时候我都泪了（。那不一定是爱 但那一定是青春是生命 小龙最后的纵身一跳 是告别小虎 告别自己的青春和生命,4,卧虎藏龙
不得不说打斗场面确实不一般 百看不厌 真巧对了老外的胃口不过剧情就谈不上丰盈 章子怡那时还稍显稚嫩 中迷香后湿身露点简直就还是小女孩的身材 确定成年了吗 张震是怎么回事我愿意相信是后期配音了他的声音 因为实在是虚假的做作,4,卧虎藏龙
这部在李安的作品里不算拔萃 但演员的演技和打斗场面着实赏心悦目 最喜欢杨紫琼的表演 不动声色却很打动人,4,卧虎藏龙
很好看，国内的一些影评人眼光有问题，没得奥斯卡时，天天骂，得了奥斯卡，嘴脸就完全变了,4,卧虎藏龙
第一次看卧虎藏龙，不明白为什么最后玉娇龙跟小虎好不容易能在一起了却要跳下去。这次因为考试又看了一遍，虽然还是说不清，但是能感觉到那种其实自由可能比活着还要重要。,4,卧虎藏龙
大导演之作 每个角色都是人杰 尽管性格不同 四个主角都非常纯粹 要与这个污秽的世界撇清关系 浪费一世的李慕白 追逐星星的半天云 心怀慈悲的俞姐和敢爱敢恨的娇龙 活得清醒不失为一种负累 娇龙最后纵身一跳 是追寻天地的边际去了吗？ 但愿你扛得住这种负累 继续活下去,5,卧虎藏龙
无一不是经典，这个要细细品味，从音乐，到画面，到剧情，再到失落的文化；这不是简单一部武侠动作片；是一种人文情怀！,5,卧虎藏龙
剧本本来很平庸，李安却手段高超，将其拍得美轮美奂，荡气回肠。可喜的是这部片将中国武侠带向了世界，是个不错的开局，遗憾的是至今看不到延续。,4,卧虎藏龙
李安的电影太烧脑了，都过了十多年，还是只看懂个大概。。。,4,卧虎藏龙
明白安叔想说什么，但那股子属于江湖的荡气回肠和儿女情痴全委身于一个小姑娘，实在是有点大材小用——意图虽然浓厚但质地还是欠打磨。有趣的是这其实是章子怡的写照——用尽华语电影最好的料，成色怎么都不会差，质感上还要再修炼。开篇重逻辑，后段开始写意，安叔说故事的能力有时还是会失手。,5,卧虎藏龙
可以说是武侠风电影的经典了，后人无人可以触及其高度。打斗戏给力，每一帧的构图都很中国风。还有年少轻狂，傲视一切的玉娇龙，应该是每个人青春的倒影吧！,4,卧虎藏龙
第一遍看：这样的烂片怎么能拿奥斯卡？！再看：李大师我错了，我终于明白您为什么能拿奥斯卡了,5,卧虎藏龙
竹林听风，非常喜欢里面的武术设计。,5,卧虎藏龙
那时的玉娇龙真的势如破竹。73rd最佳外语片。第二十届最佳电影,4,卧虎藏龙
中国文化里“武侠”二字意旨丰富，终于明白为何近年来大制作们连连惨败，打之无物则场景再美动作再好看也只能称得上动作片武打片古装片。李安深厚，玉娇龙的心理变化、李俞的老江湖态度，只销数句对白便清清楚楚，侠义江湖全见于眼底，干净利落，动作戏更是精彩之极。千古文人侠客梦，李安啊李安！,4,卧虎藏龙
9.发哥的国语很蛋疼啊，不知道是配的还是原声,5,卧虎藏龙
怅然若失~~~20140407 1998年抗洪抢险1999年还珠格格热播 2000年还没来例假却已经开始思考爱情，它被描述得如此如此危险如此美好如此必不可少，少年时只知道好的东西也要~~我们看电影是在看什么~~这部电影的配乐太赞，因为配乐才一直内心催促把这十几年前的电影捡起来看，它竟然十几年了，少年不在。,4,卧虎藏龙
一个向往自由，尝过自由，回转平淡的故事。——这是第一次看完写的短评，完全忘了当时作过这样的评价。2012年左右看过第二遍，2017年3月1日看第三遍。,5,卧虎藏龙
"唉,就我那段生活不知怎么那么混乱,和不同的人在电影院里至少看到三次.李安在电影里表现了自己的哲学观念.",5,卧虎藏龙
看似风轻云淡的，却总有股情和欲纠缠在里面。周润发演的很差。不少对白现代得有些格格不入。取景和音乐一级棒。口音是硬伤。玉娇龙的角色本应是富家小姐憋着口江湖梦，但最后却只演出了凶狠强势，没能演出表面的那层顾全的皮。可惜,4,卧虎藏龙
有些电影需要很多年不断回味，才会发觉是朱砂痣，是白月光,4,卧虎藏龙
玉娇龙这种类型的女人果然不适合在一起。李慕白死得真冤，俞秀莲注定孤苦，罗小虎真汉子。,5,卧虎藏龙
没觉得有什么特别的 就演员名气大些,4,卧虎藏龙
“江湖里卧虎藏龙，人心里何尝不是？刀剑里藏凶，人情里何尝不是？”打斗戏配上谭盾的配乐很加分，操蛋的普通话逼着我1.5倍速播放。,4,卧虎藏龙
李安传阅后重看，感觉很不同，还是自己太浅薄。李安其实很懂很内涵，什么拍给外国人看只是种无知的无稽之谈。可以觉得不好，自信点还可以有理有据说出不好在哪，甚至可以“就是不喜欢”，但“我就不明白好在哪”之类是很可笑的，更多时候只是简单粗暴的说明你傻，以此为戒吧。,5,卧虎藏龙
我是挺喜欢，因为只想要意境，懒得去研究为什么，于是刚好。,4,卧虎藏龙
纠结了很久不知道制片国家应该选哪些。刘护院真是大傻x！笑死我了。电影没在国内上映过吗？避暑山庄，黄山，苍岩山，宏村，安吉。演员的妆容不喜欢。玉娇龙还是喜欢李慕白的吗。还是说唯有一死以示她不愿被束缚的心境。结尾的特效做的不好，还不如不做。电影捧红了摄影，武指，配乐，艺指。。。,4,卧虎藏龙
最后结尾处章子怡为了剑纵身一跳，成就了经典，也预示着章子怡内心对名利的追求，果然，演员要塑造的经典还是要和本身的性格有关系。,4,卧虎藏龙
在这部电影之前对章子怡没什么感觉，看完这部之后有很大改观。李安说故事真的挺好的，他的思考也体现在作品中，什么是侠什么是江湖什么是爱，他都有自己的见解。别看他一介书生的样子，真是心有丘壑。,4,卧虎藏龙
因为宏村。打斗场面丝毫不华丽，甚至有点搞笑，但就是特别抓人眼球。光从这一点说，比起今天看的TDKR就高下立见了。,4,卧虎藏龙
多年之后仿佛才明白，玉娇龙最后的“飞升”其实就如同《霸王别姬》最后程蝶衣的拔剑自刎，“心诚则灵”也正如同师父所说的，“人，得自个儿成全自个儿”,5,卧虎藏龙
李安确实会讲故事，同是武侠，想想后来的艺谋，还有差在核儿上~ 喜欢本片质朴的真实感，不是炫目，是质朴。,4,卧虎藏龙
影片画面及声音开始三分钟之后，我就意识到“嗯，对路！！”杨紫琼那一口不标准的普通话在我眼里怎么可以那么美~俞秀莲这个角色就是我心中最初始最扎根的江湖女人形象！太完美！李安总是能够挖掘出演员最佳的潜力和积极性，包括某子怡~一种感情外方内圆，最终终止于回归；另一种外圆内方，终止于解脱~,5,卧虎藏龙
我的华语第一 章子怡郎艳独绝世无其二 是无为是道是庄子是逍遥是水是云是万物 精准的戳中我每个点 玉娇龙片尾纵身一跃的时候 我感觉自己仿佛也跳了下去 如梦如幻 谢谢章子怡谢谢李安,4,卧虎藏龙
I  need a happy ending.,5,卧虎藏龙
我喜欢章子怡眼睛里的倔强，不服输。,4,卧虎藏龙
压抑只会使感情更加强烈。当年的奥斯卡给奖不知主要是为了武打部分，影画面，还是故事本身，或许他们看懂玉娇龙的自由冲动无所顾忌，但不太确定他们懂不懂俞秀莲的隐忍和克制。一种悲怆无力的中国人有爱不言说的感情劣根性。#其实我最喜欢的是另外一句：你去啊，随便选。#,4,卧虎藏龙
今天重看，突然被触动到了，完全领会到了其中的精、气、神，极佳。17.11.09,4,卧虎藏龙
虽然有一些部分没看懂，但是不要欺骗自己的中心还是看懂了,5,卧虎藏龙
小时候哪看得懂，只以为李慕白的剑好厉害，江湖的打斗好精彩，玉娇龙和罗小虎的肌肤相贴就是爱情。现在才知道，卧的藏的都是情是欲，是李慕白和俞秀莲一辈子的悲剧，是束缚玉娇龙罗小虎追求至情至性的枷锁。,4,卧虎藏龙
各路英雄普通话都说的极其不准。。。不过这个就体现了本片的主旨了。。。,4,卧虎藏龙
虽然不太是我理解的江湖 但也不是对符号的堆积 有时候我觉得看遍旁才能认清本 但是这个过程不容易  ,4,卧虎藏龙
李慕白夫妇拯救失足少女玉娇龙的故事，结果李慕白还不小心把命给搭进去了。哦哟。我发现章子怡基本上也只能演演这种傲娇大小姐的角色是为哪般？～anyway感觉爱情的线铺得略奇怪……但是因为张震真的帅得我快失禁了所以给了4星！,4,卧虎藏龙
话说音乐真是不错……玉娇龙和李慕白演对手戏的部分基本上都很喜欢，但是结尾啊结尾，也许是想拍出飘渺的意境，但是，在我看来，失败了……总之看起来多少有点虎头蛇尾……不过话说回来，这电影之所以在国内名声不高还是处于国人的嫉妒心吧……,4,卧虎藏龙
无论你对此生的决定为何，一定要真诚地对待自己。,4,卧虎藏龙
此片说的到底是什么？看到玉娇龙飞钉时，才想起曾看过。卧虎藏龙，是说江湖中高手在民间？还是人心深不可测？还是性本善呢？印象最深的两个地方是沙漠追逐，与竹林（九寨沟）对决，画面十分唯美。住宅写实。李安导演的电影总是以小见大，专注于完整说故事，而不是宏大叙事。虽然，结果我还是没太明白。,4,卧虎藏龙
武打、音乐、画面赞……剧情额……李慕白就这么奇怪地挂掉了？,4,卧虎藏龙
其实剧情不太记得，对我来说这片最重要的是让我家COCO在奥斯卡献唱并且让我认识张震这枚帅哥！,4,卧虎藏龙
很庆幸在注定看不懂的那几年只支离破碎地看了个大概。李安简直太会挑演员也太会教演员了，可是为什么不请个好一点的武指不要把所有飞起来的镜头都拍得那么像被吊着甩。对了片尾曲真好听，那时候的李玟也是女神般的存在。,4,卧虎藏龙
这个十年无法超越，等下个十年吧。。。,4,卧虎藏龙
李安的电影大概就是从这部开始，变得越来越失去《喜宴》《推手》的儒性。,5,卧虎藏龙
蛮喜欢玉娇龙这个叫角色，而且章子怡也演得不错……本来只是给了三星，但是重看了一遍之后给四，整部片的节奏非常好，润泽佑韵味，像是古琴上的弦，感觉声音晃晃在耳边实际耐琴身之共鸣，很难表达那种宛如玉色的美感，只能说李安确实是个在意细节之余又重视形态之人宛如写毛笔字，气势如虹却分外细腻。,4,卧虎藏龙
李安拍武侠，没有选择耳熟能详的金古梁，而选择了北派武侠的王度庐。最厉害的是，各种口音，台湾、香港、内地，居然不出戏。看完后理解了有些人为何将玉娇龙视为自我个性主义者，而李俞那对则是克制，理智与情感。完全不是金古那派的武侠，有自己的魂，再加上西方的部分思想。另镜头极美，竹林戏太美。,4,卧虎藏龙
人在江湖，身不由己。极具艺术的布景与精彩的打斗场面。,4,卧虎藏龙
又看了一遍 真的太舒服了 这不是武侠片而是一种人文情怀 李安把每个画面及每个演员都做得非常成功 太精致了 看来当时选择了章子怡是正确的 李安和王家卫都会把演员拍美 导演和摄影师太重要了,4,卧虎藏龙
201809自由是什么？得道修仙还是闯荡江湖，那么李慕白放不下俞秀莲最终羁绊于尘世，玉娇龙放下了快意恩仇的武侠梦最终坠入悬崖，空。201102武侠人生，隐忍与叛逆,4,卧虎藏龙
A rare kung-fu epic which is everything that melodramatic is not. Ta Dun and Ma Yo Yo&#39;s music has a special place in my heart,4,卧虎藏龙
其实回头又来看这部片子，我期待的武侠，希望可以更进一步，单说演员的口音，不能新疆北京都是一口香港腔吧，转而言之，江湖心，人情深，走江湖最重要的就是一个信字。动作上以慢制动，可以创造的武道痕迹比较明显。希望有更好的。,5,卧虎藏龙
终于完整地看了一遍，还是同多年前一样不太喜欢，略意外。也不再爱玉娇龙这般的肆无忌惮，反倒更欣赏秀莲的隐忍与克制。反正我愚钝，竹林戏没看出情欲，也没觉得慕白爱过娇龙，只是他对另一种天性的向往与欣赏吧。,4,卧虎藏龙
潇洒人间一剑仙，青冥宝剑胜龙泉，任凭李俞江南鹤，都要低头求我怜。沙漠飞来一条龙，是神无影鬼无综，今朝踏破峨嵋顶，明日拔去武当峰！,4,卧虎藏龙
杨紫琼和章子怡对打的戏码比较吸引我,4,卧虎藏龙
李安之所以能拿到奥斯卡，是因为《卧虎藏龙》不仅仅是一部武侠片，里面蕴含的人文情怀是别的电影所体现不出来的。相比之下，张艺谋就是个匠人，《英雄》哪怕预算再多腕儿再大，也不过是东施效颦，博奥斯卡评委一哂而已，上不得大台面。,5,卧虎藏龙
武侠美学电影，李安信手掂来的一个简单平凡故事却成就了章痣怡演绎生涯中一段最光彩耀目的时光，5星全给章子怡。,4,卧虎藏龙
在东方文化里长大，我习惯了协调，但接触了西方艺术后，又产生了对冲突，抗争和梦境的渴望。李安说，在生活中，他是隐忍的余秀莲，但在内心里，他是率性的玉娇龙。在电影的结尾，他让玉娇龙一跃而下，引入不知处的云深。李安说，他是我梦中，那份让人心惊的浪漫情怀。,4,卧虎藏龙
现在有点明白什么叫做时机，此片如果现在上映，估计好评会多那么点点,4,卧虎藏龙
只在那刀光剑影中才能看到的情感与欲望...江湖不在于刀剑..却在人心......,4,卧虎藏龙
飘逸 洒脱，这才是中国真正武侠电影的感觉~配乐和布景真是很牛！,4,卧虎藏龙
2001年第73届奥斯卡最佳外语片，最佳美术指导，最佳配乐，最佳摄影,5,卧虎藏龙
多年后再看，竟然有了更深层次的理解：1.李安对武侠世界充满幻想，“一心向往的是儒侠、美人的侠义世界，一个中国人曾经寄托情感及梦想的世界。” 2.他通过这部武侠片，使得真实情感和文化产生了关联，完成了他的“布尔乔亚味道”的探讨，同时也折射出在欲望和心灵两难选择的情况下中国传统文化的现代性特征。3.从心理学的角度来看，刻画了四类女人：玉娇龙—具有叛逆精神、敢于突破重围、追求自由的青年女性；俞秀莲—中规中矩、不逾矩半步的儒家典范中年女性；碧眼狐狸—追求极端自由、最终导致毁灭的老年女性；玉夫人—中规中矩到僵死、完全没有自我的女性。四类女人概况了中国女人对自由、秩序的不同态度和追求。4. 表现的是刀剑江湖，实质上其内在的张力却不是来自于立身江湖的功夫，而是每个人内心情感和欲望世界—这或许才是李安所要表现的江湖。,5,卧虎藏龙
这个翻译好寒。。Crouching Tiger Hidden Dragon,4,卧虎藏龙
不想看或听到对于这部电影的其他评价 这部电影绝对是中国武侠电影的回归之作！！！,5,卧虎藏龙
8.3 曾经的评论：不介意他们夹生的普通话，不介意装逼的台词，但我介意他们夹生的普通话讲出装逼的台词。意境很美，就是威亚吊太明显有些影响观影情绪。,4,卧虎藏龙
当年获得奥斯卡正火的时候看没啥感觉。只是觉得大家的普通话都怪怪的……依然觉得张震好帅~这才是男人啊！,4,卧虎藏龙
不觉得轻功是亮点 武打片多得是 难道卧虎藏龙的轻功特别点？,4,卧虎藏龙
对于当时整个环境的描写真是让人叹服，极真实。动作场面是所有武侠片里最好的，配音不好，听着难受。,5,卧虎藏龙
武打部分可以，故事情节也还可以，就是搞不太懂他们直接的爱情,4,卧虎藏龙
子怡真的不愧是走出国门的刀马旦，确实厉害，不仅演技好，打戏还超级漂亮，这么久的作品了，现在看还是超级美的,4,卧虎藏龙
前两天又看了一遍《卧虎藏龙》，终于体会到电影的主线其实很简单： 玉娇龙就是武侠版的包法利夫人！福楼拜小说中的漂漂包法利夫人在持续膨胀的爱情、性爱和物质欲望中破产并最终走向自我毁灭，她的形象和故事之所以成为文学史上的经典，就是因为它跨越时代跨越空间跨越人类想象力的普适性！！！,5,卧虎藏龙
当年看的时候除了觉得画面很美，也没什么觉得有其他太多可说头的东西，纵然是它得了奥斯卡……后来看到诸如《英雄》《无极》那么一大堆跟风片，现在再回头看看，才觉得这在华语武侠片里算是不错的了，虽然主题很虚幻甚至有些玄虚，但至少没有后来那些烂片为深刻而做作深刻的那么可笑,4,卧虎藏龙
张艺谋发现了章子怡，而李安史她脱胎换骨。,4,卧虎藏龙
印象最深的还是那场竹林戏。20180708重看了一遍，章子怡在李安调教下确实有质的飞越。,5,卧虎藏龙
剧情不错~谭盾的音乐也可圈可点~打斗时掉威亚太明显了。。。,4,卧虎藏龙
归根结底，武侠还是唯心的，是个人主义的，所谓道义所谓江湖所谓儿女情愁恩怨哪一个不是人的想像和欲望，李安真是细腻啊，从每个主角身上都能看到自己的影子，说他融汇贯通东西方文化一点都不为过，只是华语片拍得比西语好看太多，当然也不排除自己有文化归属感这种事实...,4,卧虎藏龙
西方的个人化和东方的隐喻完美交融 每个人的爱恨情仇 都被李安处理得安静绵长 却又动人难忘 这份对情节和气度的控制 赞 和英雄是两个极端 一个为国 一个为己 拍摄剧本演员不分伯仲 但显然这个更对奥斯卡口味,5,卧虎藏龙
这可能是我看过的最为细腻的武侠电影，中国人对武侠梦的理解，几乎都在这里了。,5,卧虎藏龙
年少时不经世事，不懂得李安的好，13年8月再看，若胡未死，看过卧虎藏龙，或许会欣慰后继有人，把自己没拍出来的东西拍成了，一脉相承已不易，无法苛求更多，李安虽不是武侠导演，却无心插柳，铸成高峰，其后效仿者数不胜数都是怪力乱神，难以企及。,5,卧虎藏龙
鲍德熹+叶锦添+袁和平+李安+谭盾……无比豪华的配置啊……难怪外国人相当满意这部电影了，是符合他们口味呀……话说最后国际章一身白衣飘飘然飞下武当上的唯美场面，我的脑子里全是她落地以后应该是怎样一副“啪！”的一声肝脑涂地血浆四溅的惨象- -……,4,卧虎藏龙
秒杀前后无数武侠片，这明明就是在说家国、男女、长幼、规矩等等多重的对位，江南竹林的含蓄婉柔，西北大漠的自由不羁，朝堂有家国的规矩，江湖有野望的坚持，大家都有羁绊，都受到这样那样的约束，都有这样那样的欲望，环环相扣，起承转合，安叔当年赶上老一辈演员最后的精华，赶上大陆电影行业还没有完全走向物质深渊的关口，西方观众除了李小龙，还没有接受过一整套东方美学的熏陶，发哥还没去演烂片，琼姐颜值犹存，国际章和小虎还没有脱胎换骨去被墨镜王虐，郎雄仍在世....,5,卧虎藏龙
关于自由、爱、得道和感化。再看终于理解了李慕白和俞秀莲。,5,卧虎藏龙
知名国际导演让武侠走进了国外观众的视野，意义重大。虽然是李安的武侠世界，不够纯正。,4,卧虎藏龙
章子怡真的好，张震就还似牯岭街中那般少年。2000以为距今18年了，哦不对，19年了。,5,卧虎藏龙
总是断断续续的看，总算是补全了，原本未算太喜欢，但是金悦轩里吃着茶看粤语配音版的时候突然就觉得有些毛管动,5,卧虎藏龙
潛伏的慾望，堪比虎龍，總覺得選擇張震是個錯誤。,4,卧虎藏龙
这部电影很深，十年前完全没看懂，雪藏了十年啊，才发现好多的人生感悟，李安在十年前就替我说尽了。,5,卧虎藏龙
卧虎藏龙的真正意义是由外而内的.决不在其表面儿女情长式的肤浅.李安在一定程度上的确是重新定义了武侠电影.使其摆脱了以动作戏为内核衔接剧情的传统模式.而是着墨于深刻挖掘人物的内心和人性的矛盾.一如无间道对警匪片的重新诠释.压抑只会使感情更加强烈.江湖里卧虎藏龙.人心里何尝不是.台本真是经典!,4,卧虎藏龙
1.口碑上推崇备至，但离我心中的武侠世界相去甚远，感觉是专门拍给外国人看的“中国文化武侠宣传片”。2.壮哉我发哥琼姐说得一口好国语，为什么悲哉的我没下个配音版的来看。,4,卧虎藏龙
The best martial arts movies have nothing to do with fighting and everything to do with personal excellence. ,4,卧虎藏龙
卧虎能拿下奥斯卡实在不是偶然，不论剧本、摄像、演技、剪辑都堪称一流。故事很精彩，有欲隐退的侠客，跑江湖的镖师，浪迹天涯的匪，深藏不露的高人小姐，四个人纠缠在一起本来就足够吸引人了，还都是大牌。那种放荡不羁的态度也是国际所推崇的，所以在国际上拿奖也不足为奇了。继续支持李安！,5,卧虎藏龙
很好但不是我心中的武侠，看过英雄、十面埋伏、无极和夜宴以后觉得还是李安水平高呀,4,卧虎藏龙
这个可以作为中国经典武侠片的收藏。我收藏了。,5,卧虎藏龙
玉娇龙为什么跳山？因为她不想再辜负任何人，包括她自己。“一起回新疆”，心回不去了。,5,卧虎藏龙
偏意识流的武侠片，更符合西方人的口味。在那个时代的武侠，女性角色的存在甚至比男性英雄更为重要甚至画龙点睛。,4,卧虎藏龙
小龙追着小虎，为了一把梳子，在马上打斗的样子很有情趣。隐藏的暧昧。还有小龙在酒馆子里一路穿梭，打斗的场景很爽快。音乐隐隐约约，悠悠荡荡，很配合情境。,4,卧虎藏龙
本片表达思想类似于古龙的“人在江湖，身不由己”。李慕白和俞秀莲就是被江湖约束住的例子，而玉娇龙是反例，她出身名门，受缚于男权世界，当她发现青冥宝剑能帮自己摆脱人生束缚时，她开始如救命稻草一般死攥着宝剑。但没想到她被李慕白所约束，而李慕白刚刚闭关修行得道，正处于尝试摆脱前半生的江湖束缚的心境阶段，见玉娇龙天资较好，依旧维持前半生的武当派责任感想收她为徒，发扬武当剑法。正可谓两个都想摆脱束缚的人对撞，必有一场好戏。但当李慕白因为救她而死时，她或许发现即使有青冥宝剑在手，逃出了原来的环境，却依然有这么多自己不愿见到的事情发生，而李慕白又何尝不是同样的境遇？虽然将武当传世宝剑送礼出去，却依旧被宝剑牵连的事件所束缚。李慕白死了，玉娇龙最后也选择新疆传说中那种跳崖许愿方式寻求人生的超脱。,4,卧虎藏龙
李安的片子都看……,4,卧虎藏龙
这么多年来都没有看这部电影，一直误以为这片子很没意思，我错了，这是十几二十年以来最好看的武侠片儿我是这么觉得的。章子怡真棒，一口儿北京腔儿听着舒服。,5,卧虎藏龙
这才是真正的武侠片。“江湖里卧虎藏龙，人心里何尝不是？刀剑里藏凶，人情里何尝不是？”李慕白内心的卧虎藏龙就是他压抑的欲望。俞秀莲说：压抑只会让感情更强烈。李慕白回：我也阻止不了我的欲望，我想跟你在一起。可这个“你”不是你。无论你最后的决定是什么，请真诚地对待自己。,4,卧虎藏龙
景色很美，打斗场面好看，背景音乐很应景,5,卧虎藏龙
配乐可听，美景可观，章子怡本色，李安人心。,4,卧虎藏龙
配乐大气，武打场面也出彩，结局不落俗套。美中不足的就是众演员的港台腔。,4,卧虎藏龙
我！爱！李！安！我已经多久多久多久没有看一部讲得出好故事拍得出好人物做得出好武打的武侠片了啊！它带回了我所有对武侠曾经的敬重与激情。PS这里面所有李安选的角是如此完美～张震带着超高的泡妞技术仍做着迷人浪子，章子怡在里面水灵的倔强的多讨人喜欢～杨紫琼周润发的大老气质多么细致入微啊！！,5,卧虎藏龙
至今羡慕江湖，那种飘渺朴素的意境，那种身不由己的无奈。李安的功力之深，不是浅薄之人所能去体味的，也不是张艺谋那种华丽外表下架不住的空洞所能比拟的。对于这部最富有江湖气质的武侠片，可以说是中国武侠片的巅峰，实至名归，之后的几部“大作”均未能超越。每次，都能看出不一样的东西,5,卧虎藏龙
我真的很喜欢这部电影，后来长大了再看就没有了那种感觉了,4,卧虎藏龙
我愿意游荡在你身边，做七天的野鬼，跟随你。就算落近最黑暗的地方，我的爱也不会让我成为永久的孤魂。,4,卧虎藏龙
我是先看完《色戒》再看的《喜宴》再看的《卧虎藏龙》。实在喜欢里面的音乐，谭盾绝对为这部片子增光不少。我想外国人还是对这种纯粹的中国范的东西比较感冒，这也就是为什么像《卧虎》和《霸王别姬》这样的电影评价很好。片中三个除了章子怡的主角都是咬着夹生普通话说的对白哦，听起来很有意思。,5,卧虎藏龙
章子怡的好完全取决于看导演怎么调教，见人拍人片，见鬼拍鬼片，还是很不错的。,4,卧虎藏龙
城墙夜斗。,5,卧虎藏龙
此片摄影说 导演功力不够 哈哈哈,4,卧虎藏龙
普通话可以再傻掰一点。十余年后再看，除却语言，确实是华语电影中的一部好武侠片。,4,卧虎藏龙
不爱一个人是因为还没看见他的美。爱极了玉娇龙那一种叫傲娇倔强不服输的劲儿。,4,卧虎藏龙
我想也许每个中国人骨子里都有一种释放内心侠骨柔情的欲望，如此李安才会想挑战武侠这样的题材，因为他说对电影不像婚姻，不需要忠诚。那种欲说还休的表达更像是在表达一些传统的本质的被压抑着的东西，可惜我看不全懂，就像我不懂那个在中国土生土长的宗教。,5,卧虎藏龙
李安的影像风格，常常介于自然和造型，艺术和现实的平衡点，无论是人物原声对白的粗粝感，还是武打细节放大的细腻，或是恰到好处自然又艺术的音效鼓点，都彰显着中西文化的圆融和舒适。若要挖掘，恐须先读道德经。,5,卧虎藏龙
最近在研究“剑”，于是找来看了。还算把中华剑文化的一些精髓和细节表现出来了，李安电影最让我觉得好的地方在于很多细节及文化的还原，而不是失真。当然轻功这点保留意见。,4,卧虎藏龙
卧虎藏龙 虽然这么晚才看 但是我觉得卧虎藏龙独一无二 再无如此细腻而得其精髓的武侠片了 李慕白最后的坦然让我又压抑又咆哮 又哭又笑 以为自己一直在追求的境界原来就是个虚无 最想要的不过是有人相伴安乐一生 人真的要对自己坦诚 凡事红尘 勇敢去面对才是得道之方,5,卧虎藏龙
第900部看过的电影。李安的电影总是充满了各种打动人心的情。,5,卧虎藏龙
选角的时候似乎特意挑了中（内地）·港·台三地的演员。拿这样的片子进军美国市场、争夺奥斯卡，象征人民大团结，很好很和谐！！！,5,卧虎藏龙
影片是对中国传统山水美学意境的一次还原，它体现在清翠悠远的竹林、云雾缭绕的山岳中，也表现在李慕白冲虚淡然的人生态度中。,5,卧虎藏龙
在看过《英雄》，《十面埋伏》，《无极》之后，我真的很怀念《卧虎藏龙》了。,5,卧虎藏龙
在看着普片子的时候，我感觉我是整部剧中的每一个人。。。实际上在社会中我们扮演着不同的角色，既是孩子又是长辈，但最后怎么和谐的活下去，不知道——我的歪想,5,卧虎藏龙
把自己最美的岁月镌刻在最好的电影中多么惬意美好。好像一直没有完整地看过，只记得很喜欢玉娇龙和罗小虎这一对。打戏与鼓点的配合真是妙哉,4,卧虎藏龙
几个人物，几条故事线。在我看来其他都略显次要，导演旨在表现不同等级功夫高手的不同思想哲学。从帮倒忙的入门级别大老粗，再到报母仇捕快父女，三到毒狐狸，四到娇龙，五到大姐，最后到顿悟级李慕白。他们的功夫和人生哲学思想境界成正比。,5,卧虎藏龙
为什么我如此喜欢这个片，浓浓的中国味。,5,卧虎藏龙
画面美轮美奂，中国古代风味浓郁，打斗运镜动感十足，就是很多对白与时代不搭调，特别是开场发哥那一段，典型的当代闷骚小青年歪歪，从清朝人嘴里说出来太搞笑了！,5,卧虎藏龙
本年度我最喜欢的电影！我这才深深体会到发哥演技的功力，也喜欢上杨紫琼了，更佩服李安了。至于一直不感冒的章子怡，我也对她改观了，，大漠，竹林，水乡，武当山。。。我要上武当山！！！,5,卧虎藏龙
時隔十四年重溫，必須五星。剛在楊紫瓊的Facebook主頁上看到今年在新西蘭開拍續集的消息。只要有她就會去看。,5,卧虎藏龙
这片为啥评分那么低~~~~豆瓣的品位,5,卧虎藏龙
镜头、音乐都绝美，只是不能接受那个结局。这该是一个关于成长的故事，但是如果以死亡结局，就太没有意义了。,5,卧虎藏龙
我愛上的是一個玩江湖的人 可我從來都沒想到 他愛上了浮雲——改自&lt;陈升 青鸟日记&gt;,4,卧虎藏龙
初次标记：2008-04-11 / 十年后终于又认真看了一遍，这是一部非常神奇的电影，它骨子里即是东方（道义与武侠）的也是西方（好莱坞式）的。视觉表达方面太过完美，以至于对演员的港普、台普感到极度可惜！一件完美的艺术品，如果没有这些发音上的瑕疵该多好。,4,卧虎藏龙
十几年后再看卧虎藏龙，突然觉得这部片子是拍的那么那么的好，摄影、配乐、台词都很赞，拍得最好的是情感，李慕白和俞秀莲一辈子苦苦地压抑，玉娇龙和小虎正好相反，祈望着自由地相爱！十几年前大概只觉得飞檐走壁很厉害。。。,5,卧虎藏龙
圆融齐整，很精细也很厚实，可就是打不了满分。好似平安的歌声“太完美，没人味儿”,4,卧虎藏龙
玉娇龙这个叛逆者，诘问个人的挣扎以及和群体的冲突，在传统脸谱化的武侠片根本不会考虑，所以也只能是出自现代思想洗礼的现代人,5,卧虎藏龙
江湖里卧虎藏龙，人心何尝不是。回头看，于秀莲对玉娇龙的那句忠告：无论你对此生的决定如何，一定要真诚的对待自己。仿佛一语成谶，子怡无论外界如何，安然自得，不讨好，不低头的过自己想要的生活。电影中的玉娇龙淡然飞升武当山，现实中的章子怡却傲然立于人世间。愿我的人生也能有子怡那样洒脱。,4,卧虎藏龙
当年让我眼前一亮的片子，玉娇龙的潇洒任性狠辣，那么不顾一切，那么肆意，和发哥的打戏竹子很喜欢那段，唯美有意境。,4,卧虎藏龙
最是那沙沙的竹林，郁郁葱葱的绿色保存于脑海中。,4,卧虎藏龙
去年3月专程跑去河北的苍岩山，看那个玉娇龙跳下的山崖。初三看的时候真的超级喜欢啊……,5,卧虎藏龙
什么叫毒，8岁的孩子就有如此心计，就是最大的毒~,4,卧虎藏龙
炼神还虚 漫漫人生 几人悟道，未能“真诚对待自己”也是李俞二人最大的遗憾,5,卧虎藏龙
俄国初看。２０１６.３因为续集太烂而重温。李安初拍武侠还有手生之感，尤其是人物对话太赶没有空间，节奏也太赶。但明显是有质感的作品，一洗武侠只娱乐＋励志的旧貌。几场打斗还是很精彩的，虽是比架子但是很真实很过瘾，不像现在全是慢镜头假得要死。另外李安对旧京城的还原很赞。值得反复看,4,卧虎藏龙
摄影、布景一级棒~~还有武指感觉半仙半俗的。。。,4,卧虎藏龙
經典囉，必看，不用多說,4,卧虎藏龙
18年前的李安作品，画面剪辑配乐都是大师级，章子怡的玉娇龙灵气十足，和李慕白的竹林打斗戏是武侠电影里的经典。真正的江湖不是打打杀杀，而在人心里的风起云涌。缺点是杨紫琼的声音太让人出戏了。台词精炼，句句戳心，“你们这些老江湖，怎么见得到本心”,4,卧虎藏龙
习惯了徐克快意恩仇的武侠片，我们不习惯温吞水似的《卧虎藏龙》。《卧虎藏龙》所展现的江湖是一种侠骨柔情，他们有自己向往的状态，却在江湖中身不由己。古装片不等于武侠片，每个人心中都有一个自己的江湖，而《卧虎藏龙》最接近我心中的江湖。,5,卧虎藏龙
李慕白的剑指向小龙的眉心时，我顿悟了！秀莲对小龙说‘请面对自己的心’，小龙就与初恋情郎打了个分手PAO，然后离开青春，投奔江湖。我又顿悟了一次。PS:虽然剧情有时狗血，偶尔青涩，演员口音略显西洋，但‘写实’是几个世纪前的作风，当代艺术可以更注重表达， 好吧！,5,卧虎藏龙
在旅游的车上看的。。。以前也看过一丁点 其实国际章在这里面演的挺凑合,4,卧虎藏龙
音乐真的很美。尤其是竹林顶端打斗。,4,卧虎藏龙
"虽然得了奥斯卡,但是感觉不那么完美.",4,卧虎藏龙
取景 音乐 服装 武侠文学内涵的表达 舞蹈似的武打动作… 均为上乘 anyway我还是蛮喜欢这部的,4,卧虎藏龙
玉娇龙想求的“绝对的自由”表面上是对自我的绝对守护，却恰好是一种缺乏自我追求的应激反应。她自己也不知道自己所求的是什么，一切指引她的只有“拒绝他人的一切安排”，可她拒绝得越强烈彻底，越在另一种意义上被他人的安排彻底支配。俞秀莲最后对她说的话更催化了她的绝望，因为当她真的尝试诚实对待自己的心后才发现，心中空无一物，失去了外界的枷锁和束缚，不再需要反抗，她居然不知道去往何处，只剩下无尽的虚无。她在新疆时爱罗小虎，爱的不是罗小虎，只是从被安排好的命运中逃出的快感，现在罗小虎成了她唯一的命运，也就不再为她所爱。她在这种幻灭中甚至找不到人来指引路途，曾经的老师碧眼狐狸死了，驯服她使她认可的李慕白也死了。她的跳崖在绝望的同时，又何尝不是最后一次尝试，如果她还有心，还有诚，那或许至少在此时会给她指明方向。,4,卧虎藏龙
漂亮的打斗，每一场都很有看点，丰满的人物，每个人都很有特点，有韵味。看过徐浩峰的影评再看这部电影，很多小细节就更有感觉，而李慕白对玉娇龙的情感也更能理解，李慕白不死这片还没法继续，玉娇龙的纵身一跃算是残酷青春吗？真是一部好片，也只有美国导演拍得出来了。,4,卧虎藏龙
李安导演是华人的骄傲，卧虎藏龙把武侠与文艺揉合在一起，那么美。,5,卧虎藏龙
真的是武侠片没有在开玩笑，我怎么到现在才看。玉娇龙的身段实在太美了，最侠情、最柔骨。音乐和武打节奏让我想起小时候看港台武侠粤语残片，不知李安是否也是这个用意。最佳外语片，我好奇怪没文化的鬼佬懂中国江湖武林个毛线啊。,4,卧虎藏龙
李安把这个世界看得太明白了，李慕白是卧虎，而俞秀莲才是蛟龙，可惜两人都不敢再迈出一步，隐忍了一辈子；而玉娇龙更像是两人的镜子，敢爱敢恨，肆意张扬，只有到生离死别才照出两人的心意。其实台词也还好，就是周杨的普通话太差太出戏，张震太没必要。看完才发现真正主角其实是当年颇有灵气的章子怡。8.5/10,4,卧虎藏龙
"2011，11，02第一次看这部片子，没有太深的感触。2016,3,30时隔五年，再次去看时候，李慕白的死，玉娇龙的纵身一跃却都让我泪流满面。",4,卧虎藏龙
18年前的电影现在才看，打戏还是很惊艳吊打现在的武侠片，电影看到一半便察觉李慕白对玉娇龙不同的感情心中还感慨果然竹马不敌天降戏，然而结局慕白对玉莲的告白还让我自我怀疑了下，看到豆油们的评论这才肯定自己的想法，不过最后娇龙跳涯还是微微惊讶，因为我心里只想她该在武当出家的。,5,卧虎藏龙
才7.9分？那我必须打五颗星了。如果不是玉蛟龙说翻脸就翻脸那句“姐妹都是假的”，我不会觉得这个人物这么彻底、鲜活、灵性，是人间至美好的存在。整部电影对白多好啊，章子怡多美啊，结局多李安。崇拜。,5,卧虎藏龙
重看，女性对自由的向往装入了一部武侠电影，柔情似水，感情细腻，两组恋人的感情形成对比，突出了自由的美好。,5,卧虎藏龙
海外华导的片子，质量跟内地的就是不一样啊，动作戏看着也很享受。上半段是一个很中国风的故事，后半段变成了既不算是一个中国故事，也不算是一个美式故事的故事,4,卧虎藏龙
毋念我朝朝暮暮 须臾之间 爱恨已隔天涯 终于完整的看完了卧虎藏龙,4,卧虎藏龙
不甚理解的结局却看得无尽苍凉 再反观之前觉得矫情和傻逼之处好像也都自然了起来。竹海拍得很美 配乐相当加分  PS 妈蛋罗小虎太可爱啦 章子怡你放开他!!,4,卧虎藏龙
李安牛逼，中间小龙大闹饭馆那段也忒搞笑了吧，还有枪梳子那段是不是有些太长了？,4,卧虎藏龙
相当好的中国武侠电影……李安还是厉害……,4,卧虎藏龙
江湖上卧虎藏龙，而人心又何尝不是？李安所理解的江湖，是对体制的抗衡、对家规的挣脱、对命运的斗争、对自由的向往，但这一切，都将被认为“无理取闹”，不为世俗所容。除了死亡，还有什么算是走向自由的路径？,4,卧虎藏龙
何必活得那么大仁大义，你看，连自己的真情实感都只能留在最后一口气的时候才表露了，真可怜~ps，章子怡也就这个样子了，所有片子表情都差不多，演技难有突破撒,4,卧虎藏龙
虽然得了奥斯卡，但是那时我却没看出特别好的地方。,4,卧虎藏龙
1.嘻嘻 好文艺的江湖~画面配乐美的没的说~2.听着周润发和杨紫琼憋足的普通话一脸黑线...3.飞檐走壁那段好假了阿灰来灰去灰来灰去~4.哎呀，张震那个二X青年坏了整部戏阿!!!,4,卧虎藏龙
李安是个细心人儿，最佳表演是章子怡。,5,卧虎藏龙
宏村回来已多日，今天才补完这部。李安的伟大不是一句两句就能说清楚的。生命已经到了尽头，我只有一息尚存。我宁愿游荡在你身边，做7天的野鬼。跟随你，就算落进最黑暗的地方，我的爱，也不会让我成为永远的孤魂。,5,卧虎藏龙
功夫片也可以拍得这么飘逸美丽，配乐实在经典。,5,卧虎藏龙
一招一式间展现的那种女性的柔弱美和武术的硬朗美结合的恰到好处，该片以后轻功便成了当代武侠片的家常便饭，胡金铨张彻等人的武侠世界彻底成了过去式。但李安心中的侠骨柔情，在竹林的那场戏真的是表现得淋漓尽致！,5,卧虎藏龙
如此禪意綿綿，王家衛的《一代宗師》相較起來就顯得有些矯情了。大俠李慕白欲隱退江湖交出青冥劍。而江湖臥虎藏龍，有人歸隱山林有人欲露鋒芒，人心叵測。即將出嫁的小姐玉嬌龍私底下一手好功夫。她竊取青冥劍，江湖又亂。慕白被毒死與秀蓮情意未了，嬌龍丟棄羅小虎跳崖自盡。刀光劍影，人心胸懷。,5,卧虎藏龙
再回看，那时候的章子怡水灵灵，实在惹人爱！李慕白对玉娇龙是动了情欲的吧…… ,5,卧虎藏龙
1，李安又是在最后几秒钟给观众致命一击：“星星”能用来许愿的代价就是陨落。2，章子怡的脸很神奇，怎么打光任意角度的镜头都是好看，没有死角。3，小时候做梦都在飞，轻功真的不只是吊吊钢丝...,5,卧虎藏龙
其实剧本很一般，不过李安对中华文化的表达着实精彩。一直觉得武侠是中国人近代最浪漫的想象了。港片曾经佳作不少，不过可能是限于成本而只能从气概、侠义上做文章。李安确呈现了被我们忽视已久的唯美，优雅和包容，被红色洗礼过的人们很难再拾起这些了吧。ps一堆京片子中听到港腔想不笑场难度比较大,4,卧虎藏龙
以前哪里看得懂，如今再看真是喜欢到不行。文戏武戏都是韵味，完美。被一袭红衣给玉娇龙放好洗澡水然后唱歌跳舞的新疆汉子迷倒，哈哈，罗小虎就是个心里没长大的清纯大男孩。觉得杨紫琼在这片里怪美的呢,5,卧虎藏龙
第一次看没看懂，这次二刷，似乎懂了一点。袁和平的动作设计的固然好，最留人心的是引而不发和不引而发的感情。“压抑只会让感情更强烈”“江湖里卧虎藏龙，人心何尝不是？刀剑里藏凶，人情又何尝不是” 这一点可以说是和王家卫很像了,5,卧虎藏龙
这才值得转制3D啊！打斗场面太好看了！,4,卧虎藏龙
那时候李安还没有成为一个标杆，如果是现在，这部电影评价会好很多......你来，我就等你！一约既定，万山难阻！守住气，给我一点希望......希望只有一点，给了你我就没了......,5,卧虎藏龙
驿马古道，屠龙宝刀，剑行天下，心系一家。,4,卧虎藏龙
“我们能触摸的东西没有永远……把手握紧，里面什么也没有；把手松开，你拥有的是一切。”、“就算坠入最黑暗的地方，我的爱，也不会让我成为永远的孤魂。”,4,卧虎藏龙
以前看第一遍时不懂，现在似乎懂一些了，很精深的一部影片。,5,卧虎藏龙
当年看的马虎，重看，确实不错。章子怡抢眼。,5,卧虎藏龙
小时候在19寸黑白电视机上看这个片子，印象说不上深刻，打斗时的音乐几乎被忽略掉，只记得违反重力原则的飞檐走壁(轻功的表现形式很独特)。电影资料馆的大银幕重看，才算得上真正看过这个片子。配乐和声效非常完美，少了这两点，影片会失色一半。茶馆戏以及动作戏节拍，可以明显看出胡金铨的影响。,5,卧虎藏龙
“我愿意游荡在你身边，做七天的野鬼，跟随你。就算落进最黑暗的地方……我的爱，也不会让我成为永久的孤魂。 ”,4,卧虎藏龙
终于有一天，我懂了，玉娇龙：”你们这些老江湖，如何见得了本心“，李安是神人，能拍出如此的电影。,5,卧虎藏龙
就你这部带坏了张艺谋，更带坏了后面那一群跟风的人.....,4,卧虎藏龙
表里都精彩 真的希望李安能多拍几部武侠 不同朝代,5,卧虎藏龙
2001年奥斯卡(美国电影学院奖) 最佳外语片。,4,卧虎藏龙
2018.2改为5星 天赋这种东西 知之者人人怜惜【越来越喜欢张震 给谭盾点赞 林间飞武大概只有台湾这种流亡的中国人才能想得出的神韵吧,5,卧虎藏龙
借着Amazon Prime重新看了一遍这部电影，当年我只在意到了周润发和杨紫琼之间的感情。现在感到这其中更多的层次和回味。,4,卧虎藏龙
太精彩了，百看不厌，只是我觉得，后来玉娇龙好像有些喜欢李慕白....,5,卧虎藏龙
李慕白带她去武当规诫心性，俞秀莲带她回北京冰释前嫌，碧眼狐狸带她去宫外潇洒放纵，罗小虎带她回新疆天涯浪荡。玉娇龙没跟任何人走，她心里装着一块玉簪、一把宝剑、一抹情仇的血和一缕自由的风。恩怨尽，情事了。浪费这真气又何妨，为这恩义他已浪费一生；跳下这山谷又怎样，为这自由她早遁入江湖。,3,卧虎藏龙
西方人看得懂的中国片 我就看不懂,3,卧虎藏龙
3.5。见微博。→18.8.29二刷，好感有上升，但依然觉得非本土选角和坚持不配音带来的表演矛盾没有得到调和，对质量和观感的损害是肯定的。讲一个求道者以“破虚”和“还俗”曲线得道的过程，真正得到成长的依次是李慕白、俞秀莲，再其次才是不懂“规矩”却教慕白重拾/正视爱（对秀莲）憎（对弑师仇人）、破江湖之花哨的玉娇龙。所以既可以从李慕白的角度理解为一个中年危机的故事，也可以从玉娇龙的角度理解为一个反传统的闯职场故事（见微博）。而最可遇不可求的一点，是打造了一个有所解构的、符合西方人想象的、可知的、又绝缘于东方主义的江湖，这点我相信胡金铨和侯孝贤无论有意与否，都没有做到。但必须承认在文化输出的维度上看是一种“降格”（并非之于李安），首当其冲即阐释性对白对声画意韵的消解。论意境二字，《侠女》依然是爸爸,3,卧虎藏龙
翻译腔台词配港台普通话实在太尴尬了，张震的“我要你做我的女人”直接笑到吐,3,卧虎藏龙
真是每人心中有杆秤，这影片我觉得真的一般啊，这些高分都是给这些大腕的吗？,3,卧虎藏龙
名导、巨星凑出来的一部电影，多年以前看过的，我已经不记得太多情节，只是我一直记得杨紫琼和章子怡第一次交手时的场景，杨紫琼打了虎虎生威，非常好看，可画面切到章子怡那里就变成往左挡一剑、往右挡一剑，然后……没了。,3,卧虎藏龙
很质朴的武侠片，既没有很“武”，也没有很“侠”，只有“中式江湖气”。很有李安早年那些讲中西文化冲突的风格，文化是中式的表现形式是西式的，尤其是玉蛟龙这种极具叛逆精神的少女一定是对西方观众口味的。相对于本片来说，我还是更喜欢徐老怪的“武侠”，徐克的武侠片才更符合中华文化对武林江湖的,3,卧虎藏龙
“最后一口气，我想对你说：我一直深爱着你。”,3,卧虎藏龙
本来对这部电影的印象就不是很好，今天完全抛弃成见第一次完整的看，感觉还是不过如此。楊紫瓊和ZiyiZhang飞檐走壁那一段堪称武侠电影的经典场景，还有就是谭盾和Yo-Yo Ma的音乐很出色，仅此而已。大约是从这部电影开始，ZiyiZhang同学义无反顾的走上了露肉之路。很惭愧的一点是，没认出郎雄先生来……,3,卧虎藏龙
章子怡有时很惊艳的。,3,卧虎藏龙
迎合老外的中国武侠，就算是李安拍的也不好看。,3,卧虎藏龙
玉面鼠章子怡竹子大战半光头周润发. 李安想拍出玄而又玄的东方武侠味道，但其实和《英雄》一样不方便人去想清楚为什么行事如此缺乏逻辑.只讲浪漫和侠道去了 其实算是除《英雄》之外第二让外国人印象深刻的中国片子,3,卧虎藏龙
因为看过书，又因为有发哥，所以看了   还是喜欢发哥  哈哈,3,卧虎藏龙
只有我觉得台词和演技傻到不能忍么，这是李安怕外国人看不懂么。,3,卧虎藏龙
情感有八十八种，但男女之间，总归用吸引来概括是最最方便的，不然就是和本性打了。现在再看，多一份恶心。总觉得李大师那时候在出轨。还有，看的时候把章子怡的脸想成舒淇，就什么都说得通了。我理解舒淇的脸是看了就什么都做得出来的。自己也不知道该拿自己怎么办的艳丽和天赋。还有，做人真脏,3,卧虎藏龙
终于不觉得口音别扭，台词像是从英文翻译过来的、毫无中文的美感，武打浮夸冗长。试图去理解所有人的爱与恨，但都各种莫名其妙无法理解。北京城进城的全景很震撼。片尾字幕好莱坞片子一般放原声的时候放的是李玟唱的主题曲，忽然想通了：这片子是拍给外国人看的。想看王度庐的原著。,3,卧虎藏龙
新年第一天，看完了一个中二引发的血案。,3,卧虎藏龙
习惯了徐克的武侠片，我发现别的导演拍武侠我都适应不了了。,3,卧虎藏龙
那时候的张震还显得好年轻，他的身上总有一股野劲。这两年越来越觉得李安是一个非常有才的导演，同时他还是一个非常有个性的导演，他可以不管不顾，随着自己的性子按照自己的想法拍出自己心目中、自己所理解的武侠、战争、爱情，他每一次的尝试，总是能让人眼前一亮。,3,卧虎藏龙
李安兄，原谅我，本来以这部电影的幕前幕后以及影响力口碑，怎么都应该四颗星，可是我进影院看下来的感受就是，武打跟跳舞一样，说话跟念对白一样，李慕白和他女朋友的口音实在是太让我无法入戏了。,3,卧虎藏龙
又看一遍，当年被忽略的问题完完全全地显现出来。画面亮度为什么就那么暗？杨紫琼郑佩佩的国语为什么听起来难么难受？没有字幕的情况下好多台词基本靠猜，再加上宛若盗版翻录一般的亮度，让原本致敬一般的观影变得很难堪。原著王度庐是校友，但是更佩服李安的指导能力能把一本中游的武侠拍成另一个江湖,3,卧虎藏龙
皮相是武侠的皮相，语感却是西方文学，可是内核却一如既往的道可道。这就是处在中年危机时精分的李安拍的电影。三位主角，三位一体，都是他不同的性格分身。即便如此，始终被父权压抑的叛逆少女玉娇龙依然是最特别的。在故事的最后，她像致敬另一位传统叛逆偶像哪吒的削肉剔骨，纵身跃入白云苍狗。,3,卧虎藏龙
我觉得普通话尽管看得出来下过苦工来学，但还是说得很糟糕，尤其在说快的时候，至于想表达的东西，貌似这东西太大了些，我感觉总是不够深刻吧？,3,卧虎藏龙
景是好景，可惜台本设计的太刻意，念出来让人一直感觉这就是戏。不是说吊了威亚的戏就都叫飞檐走壁，脚下没有着力点，可劲儿的飞，稍微练过几下的人，看着这样的飞檐走壁都可笑。半个小时的时候莫名其妙的在武戏里加一个搞笑的人物，实在很违和。,3,卧虎藏龙
没觉得有多好看,3,卧虎藏龙
第二次看了，如果说第一次看是年幼无知不明事理的话，这次则是带着为它正名的心情看的，但是里面的对话的粗糙和跳脱感还真的洗白不了啊。,3,卧虎藏龙
觉得只是部普通的武侠片，不知道怎么拿的最佳外语片。,3,卧虎藏龙
"“花雕蒸厥鱼, 干炸头号里脊. 溜丸子, 丸子小一点, 芡粉少一点. 再来一个翅子白菜汤, 二两玫瑰露, 温过.” 蛟龙阿姨啊, 我还没吃饭呢...",3,卧虎藏龙
这估计是为数不多进过IMDB 250的华语电影了，李安算是给中国电影长脸了，不过貌似中国观众反而不那么买账,3,卧虎藏龙
觉得就诠释武侠精神而言台词显得有点啰嗦，江湖和武侠都应该留点空间让观众来感受不是么= =+  另外演员的魅力果然都是角色赋予的，喜欢玉娇龙桀骜不驯，尽管始终觉得章子怡很土鳖~也喜欢李慕白是真正的大侠，尽管发哥国语经常脱线~~,3,卧虎藏龙
原来这是个众家长调教小媳妇的故事。画面很美，打斗很飘逸，故事也不错，叙述也挺好，不给五星是因为我觉得里面有些对白它不符合汉语习惯啊，有些情节也是怪怪的……,3,卧虎藏龙
画面是真的好，纯粹的中国意，但剧情不算好，不太喜欢，章子怡是真的，玉娇龙那股子傲气，太美太美了,3,卧虎藏龙
对武侠片一直不痛不痒，这部所谓大片倒也不坏。但是为什么我会觉得剧情有些地方显得有一些莫名其妙？,3,卧虎藏龙
zhang ziyi is the kind of gal i like. good music,3,卧虎藏龙
20100705@dorm，真是大烂片啊，李安的武侠最多骗骗无知的老美，你以为飞来飞去就是武侠啊，一点剧情都没有，台词更是做作又白痴...一颗星给章周的演技，一颗星给谭盾20190526@home，重温，别有一番滋味,3,卧虎藏龙
玉娇龙和罗小虎的故事肿么能搞成这样 武侠故事干嘛玩深刻 小龙挂了 春雪瓶要谁生出来啊？--- 我是来吐槽的 如果要拍自己的片 就不要改别人家的本。多给一星为了李安表现的情欲 以及最佳外语片。,3,卧虎藏龙
重看《卧虎藏龙》，觉得李慕白真他妈是个伪君子，咋以前就没发现呢,3,卧虎藏龙
玉娇龙这个角色是个西方化的人物，反叛的个性加上当时刚出道的章子怡初生牛犊的张力使这个角色还比较可爱。李慕白和俞秀莲一对是东方传统型的，但同时也肯定了突破内敛，表达真爱的可能性；玉娇龙和罗小虎则体现了西方的自由态度。电影的美工，摄影和配乐都不错。还行+,3,卧虎藏龙
张先生的片再烂也要捡起来！！！（但是这部奥斯卡经典除了我男人究竟好在哪啊==,3,卧虎藏龙
音乐真好，我还是觉得这是拍给外国人看的，虽然做的不错，让后来的导演都望尘莫及。,3,卧虎藏龙
中国唯一一部获得奥斯卡最佳外语片的电影。在场景和配乐上都得到了很高的评价，江南是绿的，塞外是黄的，加上打斗时阵震人的鼓声，尽显了东方之美。李安是在美国学的电影，固然在抓住一些国内导演抓不到的东西同时也丢弃了一些，发哥和杨姐港味十足的普通话实在别扭，对娇龙的刻画太拖沓，困意十足。,3,卧虎藏龙
感觉跟那啥片儿挺像的，一点点情节，打一架，再来点情节，打一架，再来5分钟情节，再打.......,3,卧虎藏龙
李安这部片让中国武侠自李小龙时代后又上了一个国际高度，不过我总不喜欢，我喜欢的还是过去香港片里的武侠。这片里太多东西都国际化了，已经不是传统的江湖。就像李安本人就很国际一样，所以得到的一切奖项，也都跟中国是有距离的。,3,卧虎藏龙
作家式电影是很尴尬的事情，故事十分刻意，勉强为之，要证实自己所讲述的那些简单而真挚的道理。故事看完，一点感动都没有，只是犹如听取语录般听完了那些哲理，这样的文字式手法，即使放到写作里也太过浅薄了，有点意淫自high的味道，没办法，不够好就是不够好，这是非常残酷的事实。,3,卧虎藏龙
拍的挺写意美感，飘来飘去的武侠片。跟一代宗师一个毛病，章子怡的角色是唯一出彩的人物。技术一流，可这个中国武侠故事拍的一点也不中国，距离感很强，代入感还不如一代宗师，但这倒有一种奇怪的清新洒脱之气。3.5,3,卧虎藏龙
中国人不会这么讲话。打斗一股花拳绣腿的味道，特别像只用动捕做的3D动画片。当然经典镜头好看是好看。还有就是剧情……我，感到一阵莫名其妙。隔了那么久来看，我还是不喜欢。,3,卧虎藏龙
中国人拍的片子里，又能够统计出全球票房的，它到目前为止是最高的一部了。,3,卧虎藏龙
人物顾此失彼，不清晰，故事这么拍有点张力不足，矛盾的设置存在问题，彼此间的纠葛显得单薄，到高潮根本没什么力度。另，中间那个关于新疆的插叙也显得仓促。不过换一个角度，片中其实有蛮多笑点的，比如口音，比如时而出现的文艺腔，比如会跳艺术体操的闭眼狐狸，比如最后玉娇龙感天动地纵身一跃。,3,卧虎藏龙
与金大侠、古浪子的武侠小说没有可比性；连黄易的比不过，不过算了，人家是电影好不好？,3,卧虎藏龙
看完了，有些失望，原以为能有四星的。轻功很不错，武打也还可以，可惜竹海那点之前在电视上被影视博览之类的栏目剧透了，不然还可以惊艳一点。剧本比英雄靠谱一点，不过也就是一点……张震的部分很是觉得多余，李安连这个也拍得那么文艺，难怪绿巨人没人看了……,3,卧虎藏龙
不知道为啥就进奥斯卡了～～不知道竹林打斗和锦衣夜行的片段咋那么多抄袭，连功夫熊猫里也有～演员的普通话实在太烂，谭盾的音乐不错,3,卧虎藏龙
……老李你真的没钱找几个配音么……还有结局是毛意思，ZY妹子变成蝴蝶飞走了。。。？,3,卧虎藏龙
两位女星都很不错。发哥老了。另一个从来没get 到。,3,卧虎藏龙
国外买的蓝光没有字幕看得很是难受。最好看的是周润发和章子怡在树林里打斗那一段,3,卧虎藏龙
小时候在家里翻到《今古传奇》聂云岚的《玉娇龙》，侠骨柔情感慨万千，看电影实在大相径庭不明其理，原来是聂先生改编了,3,卧虎藏龙
确实。。不知道看点在哪里。。风格清淡从容是好事，但是你的威亚也吊得太假了吧拜托！,3,卧虎藏龙
看过了英雄无极十面埋伏菊花台，才终于发现卧虎藏龙的好。,3,卧虎藏龙
这么多狗血的桥段，我还以为是我原来看不懂给三星呢....,3,卧虎藏龙
发哥的动作戏实在是无力吐槽，略搞笑啊。。。另外，没人觉得那个护院像陈佩斯的么。。。,3,卧虎藏龙
当年名声大噪的一部作品，李安也将中国武侠正式带入了好莱坞。但此武侠非彼武侠，李安个人的风格比较突出，有些向老式港片武侠电影致敬的气质，与徐克90年代的武侠格格不入完全不是一个路数，个人认为这样的片子更适合欧美人的口味，对于国人来讲可能不太感冒，章子怡挺惊艳，周杨台词是硬伤，故事太弱,3,卧虎藏龙
我会告诉你们我一直没看过《卧虎藏龙》吗,3,卧虎藏龙
好的演员好的导演好的画面 所以不看后悔看了也后悔,3,卧虎藏龙
我不覺得這片子有多好啊~張震的表現是亮點~,3,卧虎藏龙
竹枝上比武，印象深刻。哈哈哈哈。,3,卧虎藏龙
李安导演的电影，总是让我喜欢不起来。并不觉得是我的赏片功力不够。大概是新一代人不能接受老一代人的处世哲学，总觉得那是虚伪。生活可以有真实的面貌，而不是各种由冠冕堂皇逼入的死局。,3,卧虎藏龙
李安确实擅长把东方故事讲给西方人听。意境是有，玉娇龙形象的塑造缺点火候。国语版听起来太蹩脚，让我产生错位感……郑佩佩宝刀未老，张震当了回花瓶。,3,卧虎藏龙
歪果仁最爱的中国电影，我心中云里雾里的电影,3,卧虎藏龙
我愿意游荡在你身边，做七天的野鬼，跟随你。就算落进最黑暗的地方……我的爱，也不会让我成为永久的孤魂,3,卧虎藏龙
张震的表演永远都这么不给力。这片子武有了，但跟侠完全沾不上边，平淡谦冲的李慕白也没有心怀家国天下，整部电影的儿女私情太多作为武侠片不够大气。台词也经常会听起来很做作，平常生活中哪有人那么说话的呀ORZ,3,卧虎藏龙
"仅仅是侠义和浪漫情怀实在让人疑惑是如何拿奖,声画结合技巧也很差。杂技",3,卧虎藏龙
演员们的普通话真是捉急，威亚掉的这么夸张更捉急，台词故意装逼的成分好高,3,卧虎藏龙
打得很好，钢丝掉得很好，风景很好，没了,3,卧虎藏龙
看不懂。觉得李慕白想上玉娇龙就直说，两个都想要就协商。玉娇龙年轻想闯不想跟老江湖隐居山林就算了吧，勉强什么玩意儿,3,卧虎藏龙
总觉得这样的对白很可笑。镜头真的很棒。中华武魂是什么？,3,卧虎藏龙
应该不止我第一遍看到的那么简单吧 有空再看一遍------忘了什么时候重看了 有点理解爱人心 深似海了 三星改四星,3,卧虎藏龙
真尼玛满满的槽点，一把梳子引发的恋情，斯德哥尔摩综合症的女二号，一口港台腔的新疆淫=。=这片子真的好看么……可惜小龙是直的QAQ,3,卧虎藏龙
在外国人眼中这部中国电影可能算是经典中的经典了吧，不过我看来很一般，故事性不强，就是靠武术和画面撑场面。,3,卧虎藏龙
把手握紧里边什么都没有 把手张开你得到的一切,3,卧虎藏龙
很小時候看過。只記得最後章子怡跳下去的畫面很美,3,卧虎藏龙
电影下面内涵性的部分很重要，章子怡演的不错,3,卧虎藏龙
什么情况！我明明记得我这个标记过看过的啊！小时候家里买的还是vcd 不过小时侯看不懂。。。。。电影的质感真棒 演技也到位 小时侯get不到张震 直到他的蒋介石-。-,3,卧虎藏龙
如果张子怡不在这部电影中或许我会很喜欢,3,卧虎藏龙
飞机上又看了一遍，竹林打斗是很厉害啊，章子怡角色和两老年人的价值观冲突也是拍得不错。小时候很讨厌章子怡觉得她害人啊，但现在老了反而有点理解她。,3,卧虎藏龙
2.12青冥剑 竹林 毒针 ,3,卧虎藏龙
你们的国语真好啊……飞行场面做得不错。章子怡过于中二了，尤其是在酒馆打架那段。最后的自杀大概可以理解李安的想法，但不能接受,3,卧虎藏龙
没有特别的感觉 但是比想象中的要好些~,3,卧虎藏龙
如果没有周润fat的拿腔拿调这部片子还真不错。音乐很棒。,3,卧虎藏龙
Crouching Tiger Hidden Dragon,3,卧虎藏龙
我喜欢发哥 否则我会看不懂,3,卧虎藏龙
完整看一遍后，终于明白为什么老外会喜欢了；也许自己多年之后重看会加星，但此刻的确没有感受到太多东西,3,卧虎藏龙
导演功力没的说，但故事弱了，并且杨紫琼的角色塑造的太差了,3,卧虎藏龙
竹林打斗戏应该是经典。章子怡好美。最后一跃好美。玉娇龙这汉子性格我喜欢。但是...这么一个渣片子评分这么高？貌似是IMDB TOP250里唯一的华语片啊。,3,卧虎藏龙
终于完整地看了一遍，一直在想如果当年李连杰接了这部戏会怎样。也许李慕白只会被塑造成另一个黄飞鸿，又或许和李安碰撞出不一样的火花会有一个更像功夫片男主角的李慕白。//PS.深深怀疑老美为之疯狂的原因其实只有四个字——“不明觉厉”。,3,卧虎藏龙
这好像是我看的第一部大片儿，印象中有点失望。大片儿？。。。,3,卧虎藏龙
奇怪的是这样的影片竟然能拿奥斯卡，可喜的是这部影片让李安成了世界级的导演，没有《卧虎藏龙》，也许就没有《断背山》、《色戒》以及《少年派的奇幻漂流》这样的经典。,3,卧虎藏龙
最引人的是武打设计，最精彩的是对白，而最感人的则是音乐。,3,卧虎藏龙
看了一遍电影，觉得情节狗血淋头，又看了些七七八八的影评，疑惑李安真的玄乎至此？其实我本来是喜欢玉娇龙这样的，爱就爱了，情到深处一吻就能抛却天下，恨死李慕白这样又是道义又是无为黏黏糊糊拖了一世，可结尾却是李表了白，玉抛了身，留下俞和罗，各自世间孤独。何苦，何苦。,3,卧虎藏龙
也不知道是忘记了结局还是压根没看过结局...印象深刻的还是竹林那段,3,卧虎藏龙
除了罗嗦的李幕白，其他都挺好,3,卧虎藏龙
跟电视剧不一样的剧情，玉娇龙最后一夜风流后投崖，小时候觉得挺奇葩的。张震的造型也很奇葩,3,卧虎藏龙
据说原来准备找李连杰演男主。。。,3,卧虎藏龙
虽然这部戏获奖无数、口碑极好，但是......不太像传统意义上的武侠电影。,3,卧虎藏龙
重看了开头，李大侠那段关于“境界”的体悟独白和俞姑娘与玉姑娘兔起鹘落的追逐，精彩自然精彩，内涵确实内涵。但我十分伤感，因为王度庐笔下的李大侠，恐怕是太难在银幕上见到了。那活生生的市井生活气息，那属于德啸峰和史健的独一无二的“侠气”，恐怕是李翰祥再生，也无法达到一二。,3,卧虎藏龙
不好意思不懂这片子！！首先片名的翻译真的大丈夫？外国人看得懂？还有小姐翻成princess是什么意思？发哥台词念错一个字。剧情好茫然，哪有什么深层意思跟片名有什么关系？郑佩佩的坏人形象太不丰富！杨紫琼后来演艺妓的时候比这边好看啊！配音不能更烂！,3,卧虎藏龙
上大学时就看过，当时没觉得什么；昨天（2013.8.28）又重温了一遍，还是不错的。,3,卧虎藏龙
周润发的确演绎出一代大侠的气度和风范,3,卧虎藏龙
打戏还可以看 风景可以 其他的根本就没有拍出那种江湖的感觉 额 ,3,卧虎藏龙
压抑只会使感情更加强烈。青春与成熟就这么不可调和？没有成熟，这个世界不会稳定，没有青春这个世界失去活力。,3,卧虎藏龙
"第一遍看的时候蛮喜欢的,不宜多看",3,卧虎藏龙
有人为这部片子没有得到奥斯卡惋惜，要我说，武侠片已经没有市场了。,3,卧虎藏龙
可能是我期望值太高了 整部片看下来略显失望 人物太单薄 剧情又不流畅 而且闭眼狐狸老是让我出戏 神烦！,3,卧虎藏龙
电脑制作的北京城和杨紫琼的武打动作，是影片的所有亮点，我小时候看的第一部武侠小说，不应是这样的。发哥的表演很搞笑。,3,卧虎藏龙
貌似在数字电视 点播频道看到  不怎么感兴趣 ,3,卧虎藏龙
恍惚间我觉得跳下去就是解脱···午夜飞翔,3,卧虎藏龙
觉得不怎么样。。。不知所云。。。李安还是家庭伦理剧拍的好,3,卧虎藏龙
讲真这混杂的口音听着太尴尬了。打斗场面太多太长，说教和人物性格也很别扭。李慕白和俞秀莲的感情，到最后也不会是以一吻告终的，这太罗密欧与茱丽叶了，纯粹是幻想。玉娇龙就更是一种架空的想象。说没有韵味不过分。,3,卧虎藏龙
太不好意思了李大爷，但这片子就是很让我失望。音乐、摄影、演员各一颗星了事。,3,卧虎藏龙
"不喜欢配音, 不喜欢章子怡, 不喜欢武打设计, 背景音乐还不错, 有句台词还不错, ",3,卧虎藏龙
其实我知道，即使是玉娇龙也是逃不出去的，就算是她也不行。,3,卧虎藏龙
"周润发真的老了,也不喜欢章紫怡,倒是那片竹海还挺漂亮",3,卧虎藏龙
细节是硬伤。章国际果然大胆，演的角色也贱。玉娇龙和罗小虎就没爱过好么，这种女子不值得别人去爱，也爱不得别人。,3,卧虎藏龙
我觉得自己可能没看出他的精髓,3,卧虎藏龙
看到的是一个“情大于武”的世界，不论是李慕白还是玉娇龙，都有很多东西可挖，被压抑的人性在封建时代如何左冲右突。遗憾的是看的版本没有字幕，再加上那普通话，一定程度上影响了观影效果。,3,卧虎藏龙
怎么好，不知道。反正看不懂好的武侠片。,3,卧虎藏龙
打戏很精致，文戏很蛋疼，杨和周乃至张震郑佩佩的国语发言实在无法正视，整部片子由始至终的文艺氛围和武侠题材充满违和，想起了李安拍的绿巨人，同一代宗师。在武打上大费周章，剧情上就显得分外捉襟见肘让人吐槽无力，除了刘护院莫名的喜感之外看完片子几乎留不下半点印象，哦还有章子怡的露点。3星,3,卧虎藏龙
多少寂寞的姑娘 渴望着有个小虎 夜间翻进窗户啊！,3,卧虎藏龙
确实是拍给老外看的 除几场耳目一新的打斗戏 没任何一点能提起兴趣的,3,卧虎藏龙
很有名气的烂片。原来外国人和中国人的审美观差在这里！,3,卧虎藏龙
大片必然是有大片的效应的，卧虎藏龙的效应便是使随后的几年中国电影落入一个大片怪圈，抱着拿奥斯卡大奖的白日梦不放。,3,卧虎藏龙
美国唐人街的宫爆鸡丁,3,卧虎藏龙
额。其实我挺不喜欢的，唯一震撼我的是那个北京前门。,3,卧虎藏龙
不管是哪个主角，即使他身形到位但一张口说话就毁了整个意境。倒是张震，尼玛还能再调皮一点伐！（你来追我呀你来追我呀你来打我呀你来打我呀~~~）欠揍！另外，是李安让所有女同胞知道，当一个男人千辛万苦为你背来洗澡水，他不是体贴，只是为了等会儿他扒光你亲嘴的时候你身上没有异味!,3,卧虎藏龙
这片是拍个老外看的。深懂。,3,卧虎藏龙
十多年前的片子了 今天才看到 剧情还是很简单的 但是人物的刻画很好 古朴不张扬 内敛 好吧 其实就这么多,3,卧虎藏龙
熟悉的风景，宏村、九龙瀑、翡翠谷，又想再去一次了。画面好看，音乐也好听，故事没看懂，据说这里有三角恋，愚钝如我实在不能领会。,3,卧虎藏龙
熟悉的风景，宏村、九龙瀑、翡翠谷，又想再去一次了。画面好看，音乐也好听，故事没看懂，据说这里有三角恋，愚钝如我实在不能领会。,3,卧虎藏龙
一把宝剑和一个坏女孩的故事。没想象中那么好，那些文艺现代得不行的台词让我觉得略作略拧巴。台湾香港各种普通话太奇怪了，那时候章子怡看着还不错，张震好像永远都是演这种二兮兮的角色。风景很漂亮。绿色的江南，黄色的大漠，黑色的山洞。,3,卧虎藏龙
那时候看觉得竹子上飞来飞去好扯哦，之后再也没看，不晓得到底是在说什么,3,卧虎藏龙
实在讲，剧情也无甚出奇之处，道具、布景更是看起来假到不行。若不是李安拍的——其实我从来也没觉得李安有哪里好了——或者说即便是李安，也就一部普通的香港武侠片。就这样，7点几还有人嫌少了。少吗？不少了。,3,卧虎藏龙
看片名似乎是子怡和张震主演，但两人实在太菜了，以至于李大侠要死的那一刹那我就断言故事结束了。果然！最后小龙一定是对慕白有感情的，不然那个小女人会抛下爱情不顾只为良知（或许我该说她对哪个才是爱情哪个只是激情吧）,3,卧虎藏龙
比卧虎藏龙好的片子有很多很多 但奥斯卡偏偏选了它····,3,卧虎藏龙
节奏有些慢，故事讲的还不错，但不是我心目中的武侠,3,卧虎藏龙
画面感强，将中国功夫拍得诗情画意,3,卧虎藏龙
果然还是不能理解动作片里的动作该怎么欣赏，动作很花哨，但打着的人挺有真实感，打急了会紧张会害怕。小孩子脾气在酒楼里念诗那段在小说里一定会掠过去，但看电影就很新鲜。,3,卧虎藏龙
剧情囧，普通话囧，表演囧，台词囧，感觉是七八十年代的舞台剧电影，时代的烙印貌似非常强烈呢。仅有的亮点便是配乐和里面的风景……3分貌似都多了。,3,卧虎藏龙
真空 配乐 还是最爱竹林,3,卧虎藏龙
除了那段竹林打戏的难度之高令人佩服外，就是一部普普通通的武侠片，没觉得有多好，这绝对不是李安的最高水准，却拿到了最高奖，看来奥斯卡也深知咱们“肥水不流外人田”的道理,3,卧虎藏龙
有章子怡的地方就少不了野战啊重口味什么的,3,卧虎藏龙
那时候的导演都玩情怀吧，但是李安好像还是华人导演第一位出来拍武侠情怀的，放在那个年代是牛逼，现在看看，也不错，不过，呵呵。,3,卧虎藏龙
看的时候我一直以为李慕白和玉娇龙是2代人。。。囧。,3,卧虎藏龙
大概是没怎么看过江湖小说吧~看到最后也没有什么感觉~加上港台演员蹩脚的国语  一直感觉有点别扭~玉娇龙的性情起伏和来由没有任何交代，让人无法感同身受 最后高手也死了~总之 无感。。。,3,卧虎藏龙
从这片开始，所有会说中文的导演都开始拍武侠大片了，哎。,3,卧虎藏龙
剧情不和我口味- -演得好,3,卧虎藏龙
"好渣的剧情,好不直白的表现啊.但是还挺好看的",3,卧虎藏龙
很不喜欢那种飞来飞去的感觉。一个词概括之：操蛋！,3,卧虎藏龙
很明显看出詹姆斯改编的痕迹 武侠片嘛就不要那么西化了,3,卧虎藏龙
不知道为啥突然想重温呢。想起小时候在家属院老图书馆借了本《玉娇龙》看，角色很不一样。再重温发现还蛮简单的叙事。当时的审美还挺奇特的。,3,卧虎藏龙
画面很漂亮，蛮精彩，不过真的算不上什么好的武侠片诶,3,卧虎藏龙
章子怡是怎么选上女主的，，，,3,卧虎藏龙
记得很多年前看过这个片子，看了一点看不下去了，可能是年龄大了，能静下心了才把这个看完。蹩脚的普通话就不说了，平淡的像水一样的剧情，各种无视地心引力，逻辑性全无，这个片子除了摄影外无一称道之处。,3,卧虎藏龙
这部片开启中国古装大片时代？这钢丝吊的，好假，封闭四合院极简的 布景冷兵器武打才能看出导演水平，故事很一般，画面也很一般。「生生相克，怎么可能一物不能救一物。」「我的爱也不会让我成为永远的孤魂。」,3,卧虎藏龙
hard to understand  not just the script but also winning oscar,3,卧虎藏龙
比起表面的刀光剑影，人心的情感和欲望才是李安真正想要表达的卧虎藏龙。行云流水，圆融清寂，江湖人生，殊途同归。当你紧握双手，里面什么也没有。当你打开双手，世界都在你手中。很多时候我们都应该懂得舍弃。我们能触摸的东西没有永远。,3,卧虎藏龙
满眼都是章子怡被威亚吊得站不稳，乱晃悠的场面，影响我观看。,3,卧虎藏龙
我说你们行不行啊，有必要为了一个死去的人，相爱的人互相折磨？什么破大侠，敢爱敢恨不顾一切才是大侠。好吧，我想说的是我欣赏狂侠。挺喜欢骑马打架内段儿的，这个妞儿，辣。,3,卧虎藏龙
170823，李安之六。前几次看都觉得是我的问题，版不好心不静等等，这一次终于确定，不是我的问题，这tm就不是个好电影！每次看完卧虎藏龙，都要再看一遍东方不败和东邪西毒……,3,卧虎藏龙
李安就是很牛，虽然这片没什么特别感觉。喜宴拍的真好，再次感叹下,3,卧虎藏龙
你来，我就等你。 这江湖我不懂。 李安电影里也有股安静的韵味,3,卧虎藏龙
这种水平也能拿金像奖，太假太无聊了，苍白无力的故事。还有那些验出来跟领导似的演的大侠。毫无传统的武侠气质。,3,卧虎藏龙
有李安的风格，我也喜欢“紧握手，什么都没有，松开手，一切都有了”的台词，但是，这飞檐走壁缺乏可信度，李慕白人生最后的表白破坏了全片营造的隐忍爱情气氛。是不是从李安的电影和观众对它的反映上，最能看到东西方审美的差别。,3,卧虎藏龙
9.29重看，觉得没以前那么差,3,卧虎藏龙
"看的时候,没想到它会获得最佳外语片奖",3,卧虎藏龙
难怪当年就不喜欢，如今也觉得，看看如诗如画的场景便好，不用想情节，更不用听台词。PS，章子怡真是美艳不可方物。,3,卧虎藏龙
原声大赞 发哥的普通话口音弄得我总笑场,3,卧虎藏龙
因为期末要考的缘故又看了一遍，还是觉得这不是我心目中的江湖。配乐和风景真的给电影添了非常多分。,3,卧虎藏龙
王家卫的江湖是一板一眼的，侯孝贤的江湖犹抱琵琶半遮半露，李安的江湖讲的是意境。每个男孩在小时候都想成为“李慕白”，但到最后都会长成梁朝伟扮演的“叶问”。,3,卧虎藏龙
好像各个方面都不错，又好像合起来就觉得不太对。,3,卧虎藏龙
看了两遍，还是觉得很一般啊。。。,3,卧虎藏龙
真没觉得有多好，敢情是我太反动了吧,3,卧虎藏龙
气度与修为才是武术的上乘,3,卧虎藏龙
拿着美国的东西忽悠中国人，拿着中国人的东西忽悠美国人，这就是李安，一个美国国籍台湾出生的中国人,3,卧虎藏龙
不管怎么说，向好莱坞展示了我国武侠之美。,3,卧虎藏龙
美国人喜欢的片子,3,卧虎藏龙
那位陕甘总捕头，您手上拿的那把刀是香奈儿的么？,3,卧虎藏龙
玉龙娇一身武功一听去新疆 吓得跳了崖 罗小虎就是专业干炮的角色 一个以包办婚姻为开端的武侠片都能扯出人性话题了 那我看喜洋洋还感觉到宿命论了,3,卧虎藏龙
以前一直看得断断续续。景色漂亮。如果一切唯心造，说和尚话，也就没这个事儿了。心有猛虎，细嗅蔷薇，就挣扎纠结吧。玉娇龙凭什么？胚子？这么宽容大度的前辈，哪里找？没觉得年轻人私自狂妄的欲念就怎么着了，老一辈不是乐意传棒子，不过是拿不住了。看来，闭眼狐狸跟他师傅还是可以拍前传的？,3,卧虎藏龙
今天才想起来。。。。。,3,卧虎藏龙
画面和音乐是真好。可是是真看不出个意思来。唯一有道理的一句台词是吴妈说的，这种疯丫头杀了算了。。。,3,卧虎藏龙
13年前的作品。一直没看，其实现在看起来，当时拍出这样的电影已实属不错。人在江湖，诚心待人是根本，但是人心隔面墙，谁也不知道谁的真正想法，就像自己有时候都猜不透自己，只能是借着感化的力量去修饰人性隐藏的罪恶，或许是生命也或许只需几滴眼泪,3,卧虎藏龙
获奖无数，算是李安封神的片了，现在看，只是觉得吊着威亚到处飞的主角们好喜感，郑佩佩在打群架的时候一句：原来你们还有埋伏啊！直接笑喷，章子怡的角色根本就是喜怒无常，替身上马的时候还扑了个空，整得跟喜剧似的,3,卧虎藏龙
小时候觉得挺好看的,3,卧虎藏龙
其实并不是很出彩，但是让外国人领略了中国的武侠所以得奖了吧。,3,卧虎藏龙
还可以,3,卧虎藏龙
打斗场面较多，吸引我的只有竹林一战,3,卧虎藏龙
大师们的古装戏很少有能让人满意的,3,卧虎藏龙
对于我来说是及格的武侠电影，可也许对于老外来说这电影是个入门电影,3,卧虎藏龙
十六年之后再来看这电影，觉得每个人一颦一笑一言都是戏。虽然我不喜欢章子怡，但不得不说她演得好，世上只有这一个玉娇龙。而慕白大侠，你为什么十六年后要来演澳门风云123？,3,卧虎藏龙
飞来飞去是当年最爱 但是今天仔细看 觉得台词太不考究了 原来这么多年过去了我改变了,3,卧虎藏龙
张震和章子怡沙漠里的激情戏让我久久不能忘，至于周润发、杨紫琼，人设不太喜欢，整体来说，电影什么都好，就是故事，我很不喜欢！很不喜欢！画面很古典，很写实。,3,卧虎藏龙
其实我觉得很没什么内容，只是画面好！,3,卧虎藏龙
讲着台湾话的西域小狼狗和操着粤普的武当派大侠顿时把片子变成了喜剧。李安的画面很美，但片子是拍给外国人看的，虽简单全面地展示了武侠小说中的江湖恩怨，大侠气概和武打功夫，却更像文化片多于电影。影片缺乏了强烈的矛盾冲突，高潮不过瘾，总觉得还有还有，便到了结尾。还可以更好。,3,卧虎藏龙
好无趣。。。就说我对李安无感嘛～,3,卧虎藏龙
#LFF3# 杨紫琼说话已让我跳戏，张震说话我一直很难憋住，电影终究还是不错的（仔细回想张震口音和他莽撞形象符合，杨则体现出她的保守）,3,卧虎藏龙
"被稱之為經典影片的典範.故事尚且不甚特別.場景卻富有詩意.李安不改的放進去罵人的情節因素,一帶而過的仿佛不被人發現.",3,卧虎藏龙
知道得了奥斯卡奖特地看的，但也没真看出什么来,3,卧虎藏龙
风景、建筑、服装、器物、配乐都很考究，但这一切带来的历史美感被与荒腔走板充斥着西方幻想与趣味的剧情台词强行捏合，简直像吃奶酪馅的月饼……【章子怡真美啊！！！！！,3,卧虎藏龙
为了塑造人物性格而不留余地,3,卧虎藏龙
有些对白十分矫情，不过因为整部电影就很矫情倒也并不是太显得生硬。和小虎的感情线纯属多余。,3,卧虎藏龙
周润发死前跟杨紫琼的诀别很罗密欧与朱丽叶。,3,卧虎藏龙
开创了“中国风”武侠，让西方了解了所谓的“中国风“电影。画面是美的，但是满满违和的口音，一点不像官家小姐or武学奇才的倔强章，出戏的张震，玛丽苏满满、网络小说一般的价值观与情节...这是一部有着很高地位的电影，却也是一部个人认为李安最无聊且不知所谓的电影....,3,卧虎藏龙
台词、布景和特效都乏善可陈，“就算落进最黑暗的地方，我的爱，也不会让我成为永远的孤魂。”这样的话也太矫情了吧。,3,卧虎藏龙
章子怡很清秀很漂亮，张震演那种玩世不恭夹杂野蛮的罗小虎差点火候，还有主演自己的声音里面周润发杨紫琼的国语太蹩脚，没有色戒里梁朝伟的出彩。,3,卧虎藏龙
这电影都十二年了,3,卧虎藏龙
章子怡用力过猛，威压吊的很搞笑。。。,3,卧虎藏龙
给外国人看看还可以,3,卧虎藏龙
我接触的第一步武侠小说是小学时在《今古传奇》上刊登的连载《玉娇龙》，应该算是《卧虎藏龙》原型了吧？总觉得电影编剧编得有点乱。我很喜欢章子怡的，但觉得电影里没有表现出小说里玉娇龙美丽，聪明，孤傲，叛逆，孝顺，坚强，敏感，坚忍，小说里的玉娇龙是令我怜惜疼爱的，经历那么多不幸，在矛盾中,3,卧虎藏龙
是我记错了吗 我记得这片是在西方比中国更受欢迎的啊 记得很多国人都吐槽过这片的啊 怎么这里也都是一片好评。。。（好吧 我把它和英雄记混了）,3,卧虎藏龙
只记得主要的剧情了，因为看的时候太小了，只记得当时这部电影貌似拿到了好莱坞神马的~~~,3,卧虎藏龙
"李安导演,周润发,杨紫琼,章子怡主演",3,卧虎藏龙
最亮眼的始终是章子怡，周润发扮相还不错，一开口就出戏，杨紫琼就算了吧，看到就想快进，张震……这孩子是走错片场了吧？动作场面现在看也依然很精彩，这一点值得点赞。,3,卧虎藏龙
谁跟我说这个电影好的…,3,卧虎藏龙
彼时尚不会欣赏，现在回想记忆也已模糊，总感觉它想说些什么，但我并没有看得明白，先给个3分，那天如果我有时间重看，懂了，再回来打分。,3,卧虎藏龙
为什么是北京而不是北平？三星加个半，就那样。满满的我没有看懂和发现自己不是究级喜欢李安的观影感。,3,卧虎藏龙
老的这对都喜欢，小的那对都不喜欢。,3,卧虎藏龙
就。。。那样吧。武打很漂亮，主旨很武侠。但是我从倒叙处就开始出戏——实在不喜欢这种大篇幅的人物背景交代（一代宗师也这样），或者就是不太喜欢章子怡（一代宗师的倒叙也是关于章子怡哈哈）。,3,卧虎藏龙
更符合西方人眼中的中国武侠，也不错,3,卧虎藏龙
为什么不用配音，好不容易培养起来的情绪一下就笑场了=。=,3,卧虎藏龙
我最不喜欢的李安的一部电影。这些所谓名角能演的更假一点嘛。章子怡可以不那么做作又突兀。找名角演李安的细腻情感完全让人失望透顶。和断背山的浑然天成差到不知道哪里去了。,3,卧虎藏龙
这部电影，我就记得了那片竹林，和靠这部电影上位又黑又瘦时期的章子怡。,3,卧虎藏龙
不难看出东方外皮下的西方内核，在武侠片里应当是另类的？却是一个典型的李安电影。,3,卧虎藏龙
每个人的心中都卧虎藏龙,3,卧虎藏龙
玉娇龙真的太任性了，非要搞出人命才肯罢手，八岁就这么有心机，真可怕。当时的章子怡还是比较好看的，杨紫琼的普通话好烂啊啊啊,3,卧虎藏龙
劇情一般，動作也一般，景色倒是可以。,3,卧虎藏龙
低调闷骚对于一个导演来说真是巨大的美德。,3,卧虎藏龙
被嫌弃的熊孩子的一生。摄影两星，发哥半星，苦心孤诣造给洋人看的“东方哲学”半星。,3,卧虎藏龙
和原著出入较大- -,3,卧虎藏龙
作为一个看港式武侠长大的人来说 不讨厌这部小清新武侠 但感觉玉娇龙变卦的剧情很突兀,3,卧虎藏龙
即便在10年后看也没什么特别的感触，这只不过是一部比较精心的武侠片，从小看这样的片子到大的好嘛；章子怡演什么都像盲人这是为啥！,3,卧虎藏龙
三星给剧情，五星给武打设计。真心觉得周润发和杨紫琼的普通话对白太出戏了，非常生硬。章子怡的面瘫脸一点也感觉不到美啊，可能个人审美问题，有个男性朋友就迷妹到不行。这就是一部李安拿去获奖的电影，拍出了中国武侠片的感觉。,3,卧虎藏龙
隔了10年，回头再看，感觉居然好了一些。,3,卧虎藏龙
据说这片子很深邃，但我只喜欢它表面所展现的单纯：放纵的玉娇龙和隐忍的俞秀莲，两种个性，两种爱情，一种命运，殊途同归。,3,卧虎藏龙
画面真的很假很漂亮 我不知道他是不是故意的  因为在很久以前 吊钢丝这东西就做的很真实了   他是在想什么么,3,卧虎藏龙
说老实话，当时没太看得懂，感觉有点别扭，或许是不喜欢章。,3,卧虎藏龙
没觉得多厉害啊。。。外国人怎么这么喜欢啊。。。,3,卧虎藏龙
我真的没有看懂,3,卧虎藏龙
老外可喜欢这个了。。。为什么啊。。。,3,卧虎藏龙
为什么这样的电影会得小金人,3,卧虎藏龙
其实对于章子怡，我就保留了我的爸爸妈妈还有这部戏里的印象,3,卧虎藏龙
20131108：晓松说的推荐，据说当年大票房；很慢的节奏；超出我理解。,3,卧虎藏龙
子怡章总是一副苦大仇深的样子~~~,3,卧虎藏龙
为什么章子怡演什么都像盲女一样？！罗小虎还可以，没有大家说的那么差。喜欢李安武侠的调调，有种沉静的气质在。PS章子怡演的玉娇龙不像个有城府武功又高的大家闺秀，倒像个十足的野丫头。,3,卧虎藏龙
小马哥和那个杨紫琼的普通话让这部电影失色好多,3,卧虎藏龙
看了评论，我发现果然我还停留在看故事的阶段，而且有些地方真没搞懂，总觉得中不中洋不洋的,3,卧虎藏龙
古希腊式叙事，抱歉玉娇龙的行事作风我不敢苟同,3,卧虎藏龙
对白台词和口音腔调都怪怪的，故事节奏也嫌散而乱，吊威亚的轻功也不那么自然。看到后半我真的看笑了，这放到现在恐怕也是雷片一部了。PS.袁和平+叶锦添+谭盾=中国古装大片标配的组合，也就是从此时开始的吧。,3,卧虎藏龙
无关片子好坏，只是很无感。,3,卧虎藏龙
当台湾腔，香港腔和北京腔混杂在一起，尤其是发哥把“主子”生硬地拆开念成“竹~籽”的时候，真想45°抬头仰望天际迎风牛内地说，李安导演麻烦您请配音好么！所以章子怡就在里面饰演个莫名其妙的角色吗，常干些匪夷所思的事情，加之打斗镜头真多到有点烦人了。唯一让我眼前一亮的是，张震很有味道啊！,3,卧虎藏龙
背景乐总让我想起三国杀呦。。。,3,卧虎藏龙
飛機上大概只適合看這種片,3,卧虎藏龙
很烦章子怡，拍给外国人看的,3,卧虎藏龙
其实我没明白它为什么可以获奥斯卡奖,3,卧虎藏龙
张震啊 Chang chen,3,卧虎藏龙
第73届奥斯卡最佳外语片 | 第20届香港电影金像奖最佳电影,3,卧虎藏龙
打得太飘，说实话我喜欢看这玩意是因为有章子怡的激情戏,3,卧虎藏龙
可能十几年前的周润发和杨紫琼的地位可以让人忽略他们蹩脚的港普吧 始终觉得周润发饰演的是唐僧,3,卧虎藏龙
我不知道这个算台湾的还是香港地又或是内地的？,3,卧虎藏龙
色戒是李安最好的电影之一，豆瓣却把它抛弃了！,3,卧虎藏龙
拍给外国人看的,3,卧虎藏龙
还可以吧，风景很美,3,卧虎藏龙
额 结尾曲还不错。。。。。,3,卧虎藏龙
没看懂 也没觉得好看 也不喜欢里面的章子怡,3,卧虎藏龙
我，木有觉得很好看。,3,卧虎藏龙
做人不能太玉娇龙。,3,卧虎藏龙
武侠片看多了的中国人民早就不觉得这有多么稀罕。,3,卧虎藏龙
从你开始将中国电影带入古装大片系列,3,卧虎藏龙
"发哥的电影就是好看,好像在奥斯卡还获奖了,不过是音乐奖.外国人都说很精彩,国人都说不怎么样.记得看节目一个外国人说来中国后非常失望,因为他认为中国人都像是卧虎藏龙上面似的,在大街上飞来飞去.结果连汽车都不如人家多!呵呵.电影误导人啊",3,卧虎藏龙
被逼着写论文才看的这些。对武侠片真的无爱啊。,3,卧虎藏龙
我很肤浅的，不懂这部电影为什么评价这么高。,3,卧虎藏龙
不错！小章果然适合演这种不达目的决不罢休的杀气腾腾的女人，本色出演。还有，竹子好绿呀！,3,卧虎藏龙
没看之前听一边人说媚外，一边人说悲情武侠，但咋都想不到情节竟然这么屎，飞的这么山炮。老妈都说差劲。,3,卧虎藏龙
周润发的香港普通话挺好听的。,3,卧虎藏龙
特技做的很飘逸，其他的没太多感觉...,3,卧虎藏龙
觉得没那么好，大概是讲述方式和台词都不太对我胃口。从头到尾，刻意的味道过浓了，如果这就是中国山水画，大概是拿油画颜料画的。,3,卧虎藏龙
西式内涵的台词，港台腔调的侠客，虽是华语电影的奖项与票房荣耀，但终究也只是局限于西方眼中的东方武侠。,3,卧虎藏龙
你要我还是要剑？（记得这里面的章子怡很美）,3,卧虎藏龙
我又没认出张震  我的盲脸症无可救药,3,卧虎藏龙
各种各样的片看了这么多，也毕竟到了一定的年龄，又在这片大红大紫之后17年后再来看……依然还是：不太喜欢……看了两篇著名的分析这片的学术文章，只能说：还是不喜欢……,3,卧虎藏龙
故事有武侠小说支持，李安的视角选得很有趣。节奏掌握得很好。不喜欢章子怡的演绎，感觉做作。玉娇龙像神经病。除去普通话的因素，润发和紫琼演得都不错，紫琼更胜一筹。张震还是那个楞样。之所以赢奥斯卡，一靠包装，二是故事老外更喜欢。我其实没觉得一定比《英雄》好多少。有点被捧过头。,3,卧虎藏龙
老的一对儿太老，年轻的一对儿又太不懂事，不喜欢呀，只是武打挺热闹的，我也就看个热闹了。,3,卧虎藏龙
实在很少看武侠片…虽然是多项奥斯卡虽然是李安…如果不是跨文化传播的课…,3,卧虎藏龙
意境和胡金銓比起來還差了截。,3,卧虎藏龙
人心、情感、欲望的卧虎藏龙.,3,卧虎藏龙
我觉得整部片子就一搞笑片，蹩脚的普通话、恶俗的台词、飞檐走壁的追赶我就不说了。最精彩的地方是杨紫琼和章子怡在镖局的打斗以及周润发与章子怡之后在竹林的打斗。最后吐槽一句，结局真莫名其妙。,3,卧虎藏龙
那个谁跳下去的地方最好！,3,卧虎藏龙
一般般，老外的欣赏是中了蛊惑了，对武侠的,3,卧虎藏龙
张震有这样落魄的浪子气质。,3,卧虎藏龙
重看卧虎藏龙  玉娇龙 绝对是双子,3,卧虎藏龙
转眼卧虎藏龙都是12年前的老片子了 我却到现在才把他看掉 只觉得演员的普通话太烂 貌似有意境 但是我还是不懂 李安好像挺含蓄 但又把色戒拍的不含蓄 我不懂不懂。。。,3,卧虎藏龙
你说这片子好在哪了呀，我怎么看不出来呢,3,卧虎藏龙
虽然说张震你帅爆了，可是你那一口台湾腔装什么新疆汉子咯~~~,3,卧虎藏龙
场面布置很唯美，导演也属高手，只是对武侠故事一般兴趣不大。,3,卧虎藏龙
为什么美国人这么喜欢啊？是里面极度个性化的轻飘飘的轻功表现、是国际章的激情戏、还是武戏？？？,3,卧虎藏龙
都说再等等看会不一样，这里也等着呢•,3,卧虎藏龙
不可能没看过··,3,卧虎藏龙
她21岁年华。人心即江湖。从今心里烈女子又添一人——玉娇龙。纵身一跃，无佛无情爱无梦，欲望一并放下。,3,卧虎藏龙
打戏一流，演员二流，故事三流。挺失望的，极不喜欢这个故事。倒是打戏，刚柔并济，灵动活泼。三星半。,3,卧虎藏龙
确实是李安的风格！轻功追打那段确实过瘾！可能是江湖之事，还是查良镛来的更透彻更深刻吧，看惯了他的，其他人的古装似乎都退了点颜色,3,卧虎藏龙
无缘由的打斗太多，剧情少的可怜，自始自终都未说清玉娇龙从何而来的玄牝剑法和心法。和剑雨一个德行！,3,卧虎藏龙
典型的高分，但不好看、高深，但懒得细细琢磨的片子。,3,卧虎藏龙
剧情什么乱七八糟。轻功倒是拍得还不错,3,卧虎藏龙
18年前没太看懂的片子，现在觉得挺有意思。撇去周、杨港普台词让人出戏，以及轻飘有余而气韵不足的威亚式武打场面以外，李安的江湖故事是感人和诗意的。李与俞同为名号卓著的江湖侠士，可在感情上却固步自封，缺乏追求真爱勇气，最终痛失爱人，活得伟大却失真。玉娇龙的性格层次很丰富，影片通过剧情演绎出她的人生蜕变。出身名门，聪慧，任性，豪放不羁，向往江湖自由，身手不凡，有野心挑战武林至尊，背弃父母之命，为了自由人生，行事皆以自己的好恶优先而定。而当面对李为了保护自己而死，以及李俞的爱情悲剧的双重压力叠加，让她明白侠义真爱缺失后一切皆空。最后玉娇龙从武当悬崖跳下祈福，一切的欲望纠结挣扎通过自由落体运动中得以释放和净化。那道优美的运动轨迹也是情绪的导入，形式飘逸婉转却有直戳泪点的力道，这才是全片最有气韵的功夫。,3,卧虎藏龙
般般  竹林那段不错。。  然后尽玩形而上    小章,3,卧虎藏龙
"对江湖规矩的蔑视狂妄,当年的章子怡小头小脑地打斗 很不成体统，床戏更贱，一张小瓜脸，给人感觉很不成比例，本片结构混乱，散乱不成线索，李 渝爱情，捕快和狐狸的仇 ，李渝和狐狸的仇，龙和李 与狐狸的纠葛，李慕白怎么先牵手再表白，有意义吗",3,卧虎藏龙
我受不了他们的国语对白。。。,3,卧虎藏龙
片子很棒，但我不喜欢。武侠就是古代版本的黑社会+政治斗争，但是又掺杂着儿女情长和浪漫想象。文艺人士拍不出黑社会的血腥杀戮和政斗的阴狠狡诈，武侠还是香港人拍得好看。,3,卧虎藏龙
章子怡的脸大概就是中国女人美丽的极致。,3,卧虎藏龙
翻看李安这部作品……其实并非传说中拍得好，拍得太浪漫了……,3,卧虎藏龙
文戏的叙事和台词弱，武戏的意境打斗配音强。以前没完整看，因为温吞的台词和阴戾的章子怡。再看，娇蛮好胜的玉娇龙挺带感，就是有些打斗太柔，摸剑的眼神也不帅气性感。捣蛋的玉娇龙作主要矛盾不足以撑起一步武侠大戏，作为成长片还行。老外们抱着看小众电影的心理，意外看到了主流的叛逆和酣畅淋漓吧,3,卧虎藏龙
没什么感觉，章子怡和张震在一起的戏份太拖沓，好的也只有打斗的场面，印象最深的是杨紫琼和章子怡打的那场，毕竟是关于江湖的古装戏，我的期望太高了，少了一丝让我热血沸腾的感觉。,3,卧虎藏龙
这不是武侠片，这是一部爱情片,3,卧虎藏龙
那时候的玉娇龙真是条鲜嫩的小龙，又嫩又猛，喜欢,3,卧虎藏龙
动作很不错 不过分不至于高,3,卧虎藏龙
是我太笨吗，没有看得很透彻，都对这电影赞赏有加不是吗。结局就是小龙无法接受害死了李慕白而选择自杀，还是她爱上了李慕白呢，李慕白对那个女人的一直平淡如水，一点都不火热，倒是小虎又帅又专一执着。,3,卧虎藏龙
发哥死的好冤！！！,3,卧虎藏龙
给老外看的，我不喜欢，乱七八糟。,3,卧虎藏龙
披着中式剧情的外皮讲西式的爱情故事，果然很符合奥斯卡那帮老头老太的口味。风景不错。,3,卧虎藏龙
我是有多讨厌听这帮人念台词=皿=#。画面音乐武打场面都极具美感，营造的氛围和韵味都绝赞。但剧情抽搐，角色抽搐，东西混杂的台词风格也抽搐。即便文艺又富有哲思，但超不对味！整个故事就是不点屁事酿成无可挽回的恶果。玉娇龙客栈战众废和俞秀莲各种兵器挑战玉娇龙青冥剑的打戏深得我心=v=,3,卧虎藏龙
最后一段国际脏有中迷药的激凸。传说张震拍什么就学什么？这次学会的是骑马还是床战？后来一代宗师，这两个不能演对手戏,3,卧虎藏龙
这应该是拍给外国人看的古装片。都是外国人喜欢的元素：景美、人美、技高。但，就故事本身来讲，线索不够清楚干净。尽管如此，它还是好看的。以己读影呢，片面中看得到教育观。李俞二人赋予了龙新的生命，让龙懂得除了自己以外还有其他人存在，需要在意。我现在教的孩子，也有这一课要去学习。20130306,3,卧虎藏龙
这电影真蛋疼,3,卧虎藏龙
突然想看，居然下了个英文版，看着好别扭，像我等肤浅之人，怎么能看懂大师的意境……PS：如果有下部，希望能讲讲春雪瓶的故事。。。,3,卧虎藏龙
口音要出戏。,3,卧虎藏龙
对于失重感的轻功接受不能，国际章个小贱人，贱得无与伦比。。还有各种港腔台湾腔也很无力。。,3,卧虎藏龙
时隔这么多年，我才真正体会了那首片尾曲《月光爱人》。真的写的不错，完全诠释了电影里的情欲世界。,3,卧虎藏龙
虽然获得奥斯卡最佳外语片，但我并不喜欢，包括台词，包括选角，但可以看出掌镜者的功力~~如果不是因为《玉娇龙》的童年记忆，恐怕连三颗星都打不上。,3,卧虎藏龙
就像流沙，握紧双手，手中什么也没有，放开手，却拥有了全部。,3,卧虎藏龙
木有看懂，莫拍砖,3,卧虎藏龙
2012-1-25第一次看打了三星，2016-2-20第二次看，我还是只会打三星。,3,卧虎藏龙
口音硬伤扣星。章子怡台词肢体都好，就一双眼睛极其出戏。李慕白太渣，倘若江湖武功青冥剑都是虚名，又何必纠缠新旧恩怨？放不下，也就只能以死作结。整个故事都太闷了，有些对白连贯性感觉有问题。,3,卧虎藏龙
虽然还不错，但是就是伊带出了中国这些好笑的大制作片,3,卧虎藏龙
+2x2我愿意游荡在你身边，做七天的野鬼，跟随你。就算落进最黑暗的地方……我的爱，也不会让我成为永久的孤魂。玉府的戏份没剑雨好，新疆的支线莫名其妙，在客栈的群打很精彩，竹林的转折有点牵强，八岁孩子有这种心机。,3,卧虎藏龙
我其实并不喜欢这个剧情. 只是古装片还是这个能比较靠谱.,3,卧虎藏龙
好话大家都说了，我来吐槽。上半段老江湖杨大姐犯贱示宝剑于生人，争夺宝剑引来血案。中场（画蛇添足）是争夺玉梳强盗张震抠B圣手章子贻爽到斯德哥尔摩症大爆发，大小姐成失足妇女。PS：张震完全多余。大漠之上，哪来那么多鸡？张震烤的应该是羊而不是鸡。恕我猥琐：章子贻吃鸡的镜头也太那个了。,3,卧虎藏龙
以一个中国人的观点来看，真是不觉得这个电影有多好。如果不是有奥斯卡最佳外语片加持，估计现在也不会有太多人吹捧这部片。以一个美国人的视角来拍中国的武侠故事，想来也不是为了得到中国观众的认可。,3,卧虎藏龙
唉 好歹也是个国际大片,3,卧虎藏龙
真没觉得好 台词奇怪的要命 威亚太明显了吧,3,卧虎藏龙
在西安的慈恩客栈里看的=。= 打4分，章子怡扣一分，张震加一分，章子怡和张震好了扣1分，总分3分。。。。,3,卧虎藏龙
太早了，不记得……,3,卧虎藏龙
风景真舒服。渔翁撒网的那个镜头很好看。,3,卧虎藏龙
老外还真是好骗啊,3,卧虎藏龙
李安心中的武侠世界，充满情怀,3,卧虎藏龙
纯粹为了看月沼，子仪真不错,3,卧虎藏龙
那会迷那个张震~,3,卧虎藏龙
没有老外觉得这么好，但也不能算太差。,3,卧虎藏龙
江湖里卧虎藏龙，人心里何尝不是？刀剑里藏凶，人情里何尝不是？,3,卧虎藏龙
一直在思考为什么这么喜欢李安这么喜欢武侠的我却一直无法喜欢这部作品。也许是接受不了玉娇龙的人设--我年轻我脑残我叛逆我追求自由我不是故意的.......这些都不是理直气壮闯祸闹事的理由,3,卧虎藏龙
李安导演之所以被好莱坞认可这一部已经很好的说明了问题：国际视角！他拍出来的东西脱离了现代东方的框架，同时用属于武侠剧的本初的手法加上一个符合西方价值观念的故事，共同成就了这部《卧虎藏龙》！,3,卧虎藏龙
爱死章子怡饰演的玉娇龙了！喜欢她将宝剑拍在桌子上后小得意的微笑，酒楼一边吟诗一边应战的狂傲，“你管不着”“高兴还就还，不高兴就不还”的任性，喜欢她倔强的表情和声音，这种野蛮生长的气质。太有灵气了！,3,卧虎藏龙
"似乎又是一部被神化了的电影，可能是一直没看期望值过高。当然在武侠片里算好的，意境很“武侠”，打戏也真是好看。起初口音听得很难受，气质却很贴合。2019.10二刷。然后看豆瓣才发现之前竟然看过hhhh，这就是本片的神奇之处了。",3,卧虎藏龙
我至今不明白为什么小学要组织小盆友们看这个...好多好多床戏啊...,3,卧虎藏龙
这个还行的~,3,卧虎藏龙
这片子有宣传的那么好么,3,卧虎藏龙
李安了解老外的口味，但不是张艺谋那口子的。总觉得国际章是本色演出。记住了谭盾,3,卧虎藏龙
真的没有看出这个武侠电影的真正内在到底是在哪里。。。不得不说是果然看不进去这种题材的电影,3,卧虎藏龙
就记得他们在屋顶飞来飞去的,3,卧虎藏龙
说实话我很讨厌玉娇龙这样的姑娘，但却十分喜欢罗小虎这样的汉子 = = 莫非这是套马杆的汉子你威武雄壮噢耶 \(^o^)/,3,卧虎藏龙
用民乐的鼓点来配武术的招式真是大赞！！,3,卧虎藏龙
儒者李安的武侠之道。,3,卧虎藏龙
给老外看的中国功夫片,3,卧虎藏龙
也就是哄哄外国人,3,卧虎藏龙
中国人民走出去了,3,卧虎藏龙
还好。竹林那段不错。当年的杨紫琼转眼已成大妈。,3,卧虎藏龙
他们的普通话...,3,卧虎藏龙
說實話，不怎麼懂。。。,3,卧虎藏龙
老外喜欢，我感觉一般般啦,3,卧虎藏龙
以我的这种智商，真心没看懂。。。虽然电视剧版也没看多少，但还是更偏爱那个版本的选角。杨紫琼说台词完全不带感情啊，贝勒爷说“你别害羞”时，妈妈忍不住吐槽“还真不觉得她是个会害羞的人”……笑。章子怡当年的青春娇俏，如今是怎样都扮不来了,3,卧虎藏龙
李安的武侠没有王家卫的有诗意，当然最主要的还是台词、演员的咬字，杨紫琼和周润发的声音让人时不时出戏。,3,卧虎藏龙
章子怡起步了，这部戏她演得还真不错，韧劲、寸劲、脆劲,3,卧虎藏龙
画面挺好的，配乐也非常不错，但是不在第一人称的视角讲武侠世界，很难入戏啊。,3,卧虎藏龙
2013-01-13 galaxia,3,卧虎藏龙
假啊假啊……,3,卧虎藏龙
明明一堆奖，我个人不喜欢。合格产品，离合格作品都差了点意思。总觉着电影要表达的主题什么的略有些浮。李安的电影，除了最近的比利林恩都有类似的感觉，这部特别严重。感觉是给洋人做科普，而不是真正想要表达内心的情感。,3,卧虎藏龙
反思了下，为嘛一把年纪了也看不懂，或者说似懂非懂，一方面部分赞同lss的观点，印象中的侠客太超凡了，也因为小学初中看金庸，只看到了酷的一面，没注意到人情世故，拧巴纠结；另一方面真的是离中国传统文化太远了？很多深意难以理解，包括觉得那些内心的对话太过煽情，太过直白，很突兀；为嘛能看懂,3,卧虎藏龙
2000年奥斯卡最佳外语片,3,卧虎藏龙
一直到现在 都不明白好在哪里,3,卧虎藏龙
看完剑雨跑来看的，分明没有剑雨好看啊！章子怡是个煞笔么！！第一次看电影想骂主角！！！还有张震一口台湾腔太出戏了好么！！！李慕白管那么屁事干嘛！！！回去好好跟慧莲在一起啊！！剧情哪哪都是嘈点八分神经病啊！！！,3,卧虎藏龙
该片为某地旅游业作出巨大贡献,3,卧虎藏龙
总觉得节奏快了，略显仓促。武打在那个时候来说算是处理的不错，竹林那段有爱。港腔+台湾腔的普通话杂糅实在有点诡异，不习惯,3,卧虎藏龙
这电影为什么得奖？,3,卧虎藏龙
景很美，但是台词实在是生硬看得人时时跳戏，串了两对主线一堆支线的故事但是每一个都太单薄,3,卧虎藏龙
很简单的叙述主线，只是大概李安在剧情设计上也采取了“卧虎藏龙”的表达方式。很多地方隐晦道家的思想，不甚了解所以没有看懂。仔细揣摩。,3,卧虎藏龙
终于看了这部，美则美矣，感觉想说的太多，能说明白的太少。章子怡是被这片定性了的吗？,3,卧虎藏龙
电视台老放，看都看烦了,3,卧虎藏龙
章子怡无论干什么（做爱，打斗，拧毛巾......）声音都是一样的。,3,卧虎藏龙
李安的电影大抵都是一个主题：既然责任不堪重负，不如我换个身份造作一番。然后分裂的人格相互为难，相互妒忌。张艺谋的《英雄》虽然妄自尊大，但至少鲜活。,3,卧虎藏龙
当年看不下去，现在还是一样，最不喜欢的一部李安作品。作为一个讲不标准普通话的南方人都受不了浓浓的港台腔普通话。,3,卧虎藏龙
并不觉得有什么特别啊……咋就丰碑了呢！,3,卧虎藏龙
自小就对中国的武侠啊古装啊不感兴趣，无非就是江湖恩怨和儿女情仇，不过应该是我功力不够，无法理解那种高深。,3,卧虎藏龙
好看的武侠片，最后竹林决斗真是经典。  李安强..... 我伸金手指,3,卧虎藏龙
头回看完整的，地面动作戏不错,3,卧虎藏龙
我是真的不大喜欢周润发。。总觉得他长了张伪君子的脸。。。。,3,卧虎藏龙
好歹也是部上了奥斯卡的，这海报真让人伤心。,3,卧虎藏龙
一般般，不明白爲什麽好評那麼多,3,卧虎藏龙
怎么没有一般的评价？两星半？反正不觉得是佳作，也许是写实派的武斗作风影响了我？前缓后急，衔接稍显突兀。事大量多，内心力度尤欠，情节稍涩，风评大多数人都靠猜，没谱。开篇就看透了章的人格，还有紫琼姐半捞白的囧脸。可怜了张震这小白脸，性格乖张的人的确有那么点不靠谱。,3,卧虎藏龙
章子怡那个僵尸脸~~,3,卧虎藏龙
只看了有张震的戏份。。其他极为大侠的普通话 很难过。。另外罗小虎去了武当山就没戏份了。。这什么啊,3,卧虎藏龙
真心看不懂,3,卧虎藏龙
小时候进电影院看的第一部电影....顿时觉得好高级= =,3,卧虎藏龙
刀剑里有卧虎藏龙，人心里也有卧虎藏龙。但凡是人，总有七情六欲，得道需大雅，幸福本大俗。中国能称得上武侠片的电影不多，《卧虎藏龙》算是一部。,3,卧虎藏龙
全剧的亮点难道不是一朵莲花嘛！,3,卧虎藏龙
尴尬...这么久了才看这部电影...12年...,3,卧虎藏龙
当时没看懂，觉得是文艺片,3,卧虎藏龙
竹林上打斗的场面还不错，但水上飞 林中飘的画面也快被用臭了,3,卧虎藏龙
可以 竹林的那一场 很帅很中国风,3,卧虎藏龙
不明白为什么这片子那么多人喜欢……,3,卧虎藏龙
噗，这绝对是娘娘本色出演,3,卧虎藏龙
初中学校组织去影协看的，放到张震跟章子怡XXOO那段，放映员就用手把放映机挡住了,3,卧虎藏龙
飞来飞去什么的真是太讨厌了，章子怡才是普通话讲得最奇怪的一个。,3,卧虎藏龙
李慕白 真诗意啊...,3,卧虎藏龙
那段时间出产的动作片中，唯一可以叫武侠片的。,3,卧虎藏龙
飞得很科幻，台词很装逼，摄影很意境，武打挺好~~,3,卧虎藏龙
三星半。港台演员普通话太出戏。竹林打戏和龙虎策马奔腾打斗两场戏放在任何时候都是经典之最。李安对美有很偏执的审度。玉娇龙美的荡气回肠。罗小虎是我江湖大漠草原梦的理想型。,3,卧虎藏龙
在我心中，这不是奥斯卡获奖电影。很一般吧。,3,卧虎藏龙
看了一篇影评，把此电影如传教人解读圣经一般，各种解读剖析，但更像是影评人自己的编造的一个故事。,3,卧虎藏龙
还是喜欢电视剧版,3,卧虎藏龙
好一个傲娇的姑娘,3,卧虎藏龙
多年前看过，除了几个画面，大部分都已经忘却。重看却没有惊喜，西化台词令人出戏与尴尬，吊威亚未免过于明显，脚不沾地，飞来飞去，不像武侠像神话。 当年还稚嫩的章子怡演活了一个倔强却又温柔，任性却又克制的女性形象。,3,卧虎藏龙
审美差异？看不明白。配乐是好的，看片尾字幕才发现，原来是谭盾和马友友。,3,卧虎藏龙
章子怡的确适合这个角色，青春无惧，活在当下，无所畏也无所谓，那种迸发洋溢的朝气与任性，很难想象在舒淇身上看到。张震也是年轻清澈的时候。李安讨论的永远是一种挣扎与纠结的矛盾，恪守传统与忠于自我，压抑与表达，即使全片偏好玉娇龙也不能说这就会是现实生活的选择，也许只是一种理想化。,3,卧虎藏龙
以我现在的阅历还是不能完全看懂。玉娇龙跟玉面狐狸说的一段话觉得印象很深：师娘，徒弟十岁起就随你秘密练功，你给了我一个江湖的梦。可是有一天，我发现我可以击败你，你不知道我心里有多害怕，我看不到天地的边，不知道该往哪里去，我又能跟随谁?,3,卧虎藏龙
剧本其实很烂 但是这种充斥着浓郁的武侠气息的电影倒是很合老外的口味,3,卧虎藏龙
其实我一直没觉得这部片子有我们后来所赞扬得那么好，有一些怪异的感觉，混得不伦不类，“武”的精神没看出来，我觉得这是李安向Ang Lee转变的一种迎合,3,卧虎藏龙
完完全全捧红了小章同鞋。其他人都是小章的配角,3,卧虎藏龙
倒是很喜欢张震的那一段表演~,3,卧虎藏龙
这电影有那么神乎其神吗？,3,卧虎藏龙
竹林还是挺美,3,卧虎藏龙
记忆已经不深了,3,卧虎藏龙
竹林打斗堪称经典,3,卧虎藏龙
向外国人口味靠拢的武侠电影，而且成功了,3,卧虎藏龙
如果张国荣演了罗小虎，这个电影的张力会更强吧。。从3人的拉扯，变成4个人的。这个卧虎藏龙的名字也才真正实至名归。现在的电影只看到了龙，虎的感觉太弱了。哥哥为啥当初不是罗这个角色很感兴趣么，为啥最后没接呢。,3,卧虎藏龙
因为实在没仔细看,3,卧虎藏龙
现在上映的无人区万有引力扫毒，苦于没钱没时间没有伴天又冷所以……看起了经典。不太喜欢罗里吧嗦的，杨紫琼发哥那国语简直没法听。一星给子怡演技，真棒，一星给绿林和江南景致，柔美，一星给紫琼吧，大气。,3,卧虎藏龙
中国文化的感觉 但是跟 霸王别姬差远了,3,卧虎藏龙
土鳖青年表示我看不粗来底下评论里面的那些个东西啊！！都是什么东西啊！！画面是还可以。。。,3,卧虎藏龙
”一个男人寻欢的故事“  ，几场打戏真绝,3,卧虎藏龙
2009.07.08,3,卧虎藏龙
其实这部片子的武打真的不咋的，我至今看过最真实最细致的武打就是无影剑了，那部片子没有一丁点花哨，话说卧虎藏龙最后还是没怎么看懂,3,卧虎藏龙
其实这部片子的武打真的不咋的，我至今看过最真实最细致的武打就是无影剑了，那部片子没有一丁点花哨，话说卧虎藏龙最后还是没怎么看懂,3,卧虎藏龙
李安的电影风格还是浪漫中夹杂一丝惆怅，其中的艺术可以让人绞尽脑汁想出不尽的解读，有人解读出江湖底下掩藏着的欲望，有人解读出道德解脱与自我束缚，而我却只能看出章子怡真是美得不可方物。,3,卧虎藏龙
给了三颗星可能是我没好好看这部电影,3,卧虎藏龙
这也可以奥斯卡。。。,3,卧虎藏龙
披着武侠皮的文艺片，李安导演始终不忘的人文关怀，精通欧美人心理让他如鱼得水。,3,卧虎藏龙
这就奥斯卡提名了？？？偶买噶。。。当年的章子怡真嫩啊,3,卧虎藏龙
把手握紧 里面什么也没有 把手放开 你拥有的是一切/ 对自己真实,3,卧虎藏龙
我不知道这部片在武侠片中的原创性和地位如何，至少我对其印象并不算好。主要是剧情上令人不太满意，“欲望”的表达在我看来并不到位，完全被炫目的打斗场面掩盖了，整体剧情显得空洞且不知所云。电影出众之处在于武打场面非常棒，很酷而且有一种武侠江湖的禅意，不是那种生硬的武打，令人心旷神怡,3,卧虎藏龙
竹林深处那个美啊,3,卧虎藏龙
这种女主形象完全不可爱，配角各个都比主角丰满的戏。。。看着真是不知是该叹息还是该享受,3,卧虎藏龙
原谅我真的没明白它为什么得了奥斯卡,3,卧虎藏龙
痴情男罗小虎，不羁女玉娇龙，此之谓卧虎藏龙,3,卧虎藏龙
搞什么飞机啊。。。,3,卧虎藏龙
不觉得有多好看,3,卧虎藏龙
章子怡真适合演这种欠揍的角色,3,卧虎藏龙
道理都是空话，只有感觉是实的-06/09/14 at BAM Rose Cinemas,3,卧虎藏龙
章子怡演的确实不好,3,卧虎藏龙
依然不知道玉娇龙为什么要一跃而下,3,卧虎藏龙
后来看到影评，说玉娇龙的角色设置就是“自由”，突破一切要规范化她的努力，不管是爱情、亲情、侠义，自由既然是目的，最后只好无依无凭地跳崖。这样一想，片子还是有点意思的。但李安真的是个美国人,3,卧虎藏龙
现在看，觉得选章子怡演玉娇龙真是太贴切了,3,卧虎藏龙
矫情的对白，还有李安的片子，一贯看的稀里糊涂。,3,卧虎藏龙
哎 不知道这个片怎么就在国外那么火~ 观影日期：010718（2）,3,卧虎藏龙
当年就是那么帅那么洒啊,3,卧虎藏龙
那么多人都在解读里面的哲学，关于东西防碰撞，我忽然感到莫大的恐慌，nm我没看懂它想说个啥（武侠只看徐克），三星为了张震的颜。。。。。,3,卧虎藏龙
该片有一暗线，其实是主线，就是李慕白和玉娇龙都爱上了对方。这就是为什么李在给玉疗伤的时候只注意到了飞向玉的暗器，却一点没留意飞向自己的。这也是为什么玉最后在可以海阔天空和小虎双宿双飞的时候投崖。至于最后的表白/最后的缠绵，只是出于对各自原先情人的内疚。片尾曲干脆挑明了这一暗线。,3,卧虎藏龙
完全没有想象中的好看嘛。对我来说，还没有李安的其他几部作品好。,3,卧虎藏龙
李安也能算是深谙武侠江湖精髓啊，一个字，“冷”。冷情冷义，无爱则刚强。杨紫琼美得刚毅，“玉娇龙”玩遍世间却逃不过自己的情劫。竹林论剑，意境清幽。除此之外，演员演技青涩、台词功底差、剧情平淡，还是不能忽视的。,3,卧虎藏龙
单纯就一部武侠片来说，很好，武打设计不错，情节老套，不想看第二次。,3,卧虎藏龙
某些当年错过了就错过了很多年的电影补完计划之三……,3,卧虎藏龙
我去过那片竹林,3,卧虎藏龙
摄影已经足够,3,卧虎藏龙
这必须不是中国电影啊！连杀人的暗器都是香奈儿的标,3,卧虎藏龙
境，外国人懂个毛,3,卧虎藏龙
16年之后看，总觉得没有徐浩峰的顺喉。好镜头真是好，好打戏也真是好，但是参差之感也特别强烈，就好像吃一个美味然而加工不细的食物一样，愉快和遗憾并存。,3,卧虎藏龙
对白的翻译腔很难受啊&gt; &lt;周润发就是一男颜祸水啊。,3,卧虎藏龙
要是能够自由自在的生活，选择自己心爱的人，用自己的方式去爱他，那才算得上是真正的幸福。,3,卧虎藏龙
看不出得獎原因,3,卧虎藏龙
看评价的都很玄乎，可能道行不高，从电影里真看不出什么，小虎和碧眼狐狸两个角色都不知道到底是干嘛的，12年前的电影也没有我喜欢的特效，两个小时看了好几天，不懂武侠之人果然看不懂这电影，只能这么说,3,卧虎藏龙
也许我没看懂,3,卧虎藏龙
章子怡在这部电影里算是不错，瞧那小脸和身手，扮个样似个样。听着老周和老杨撇着腔的说那普通话真是别扭的要死，还有玉娇龙和小虎算是什么，一把梳子引发的斯德哥尔摩综合症么？,2,卧虎藏龙
我就没觉得哪好，飞檐走壁的时候能把威亚藏得好一点么,2,卧虎藏龙
徐皓峰写过篇影评，大意说李慕白是闭关修仙不成想下山找俞秀莲练人元丹法行男女之事，却遇见了更年轻漂亮的玉娇龙，本想借着收徒传艺泡姑娘，没想到自己把命搭上了。再看了遍感觉他说的挺对，只是所谓的竹林大战分明是竹床大战，上上下下的肢体动作加上眼神挑逗，道貌岸然中透着欲火难压。这个奇淫故事扔给李力持刘镇伟得拍的多趣味横生市井通透，在李安这儿变成了沉闷装x的知识分子床前礼数表演，明明想脱裤子还先得来一大套正词儿辩证自己的纯情兼高大上。它哪有什么境界，通篇口吻伪善的矫饰做作，一副大汉儒士逛窑子欲罢还休的没出息样儿。,2,卧虎藏龙
我讨厌这么漂啊飘的,2,卧虎藏龙
真心不喜欢，动作太假了。,1,卧虎藏龙
杨紫琼有一句“你不是一个忘恩负义的人”，我跟ling在没有字幕的情况下反复听了四五遍才听懂了~,2,卧虎藏龙
玉娇龙何等美貌坚强。。。这个女主，切！,2,卧虎藏龙
看不懂哪里好。一个中二女主角，莫名其妙迸发出来的爱情和一段狗血的奇缘...台词，情节既矫情又说教。面对豆瓣上如潮的好评，我感到既失败又迷茫。连“爱看电影而不喜欢这部的真是悲哀。”这种最高票的短评都出来了，啧啧，自己的伪影迷生涯实在是没救了。,2,卧虎藏龙
说实话，虽然此片获得奥斯卡，但我实在是觉得的来不公正，奥斯卡最佳外语片奖的评奖标准是影片一定要用参赛国母语吗？可这些演员我怎么感觉他们都不是在用自己的母语说话呢？实在是美国人听不懂中文，于是就认可了这部影片吧。如果换成一部英文片，我想这个水平一定不会得奥斯卡的。,2,卧虎藏龙
李安已撞墙而死。并且口中念念有词“为什么是这部……为什么是这部”X10086,2,卧虎藏龙
第一次看完只记得章子怡跳了，可是没懂，于是又拿来看看，还是没懂，也没明白这片子要说啥。文艺青年的心思果然是无法琢磨的，智商不够用啊那个心酸。,2,卧虎藏龙
不知道为虾米老外喜欢这样的武侠片，俺还是喜欢徐克和程小东,2,卧虎藏龙
章子怡在这部戏毫无演技，还能拿影后？不能说长相像巩俐就说他演技好吧。,2,卧虎藏龙
台词太糟糕，替身身板太硬...发哥很帅，杨紫琼也很漂亮...想说武打和音乐的确不错，但是这 个最没受过苦的人，最没经历的人，竟然跳楼了。。。。。。。。章子仪和张震存在的意义是什么？？？？？？,2,卧虎藏龙
我说俞和李这俩老帮菜哪来的让人淡淡的噁心感呢，原来是《新龙门客栈》里淋青霞和凉家辉一对老帮菜的即视感啊。不可说的角色虽然也傻逼，但有几场真是漂亮。,2,卧虎藏龙
虽然个人非常不喜欢这部电影，但不得不承认这部电影对于华语电影来说意义非凡。,2,卧虎藏龙
中二症偏執少女引發的血案。這部電影拍攝於2000年，武術設計及效果居然被TVB 90s的古裝武俠劇集甩幾十條街，劇情一般，不及李安自己的喜宴、斷背山。楊紫瓊演技不俗，CoCo的月光愛人餘音繞梁，譚盾作曲驚豔。,2,卧虎藏龙
其实我一点都不觉得好~~站在竹子上？太假了吧~,2,卧虎藏龙
润发和紫琼用着我都快没听懂的国语一本正经地说着之后被无数次同类主题模仿而泛滥乃至恶俗的书面语对白，平静如水之下也未见着涟漪，更谈不上波澜了，它陷入了那些‘里程碑’电影在时间的蹂躏下无法历久弥新的梦靥，如今看来，这部电影更像是给崇拜东方神秘主义的傻老外们普及中国文化的通识课而已。,2,卧虎藏龙
这算个屁的江湖。杀与被杀才是江湖。,2,卧虎藏龙
烂。。。。。。。。。用英文演算了，看着心悬胃下垂；还想表达所谓的禅意，这就是演给傻冒外国人看的，全然东方迷思！,2,卧虎藏龙
不知所云，看过的最差的李安电影。,2,卧虎藏龙
真的尚可。。。很讨厌玉娇龙。。。。,2,卧虎藏龙
拿这个到国际上去是会引起误会的，拜托表老是飞呀。,2,卧虎藏龙
作为我最喜欢的导演（没有之一），李安最有名的片子确实我非常讨厌的，噗。。。,2,卧虎藏龙
只记得大家在竹林上跳来跳去,1,卧虎藏龙
故弄玄虚 虚张声势 好看的就剩下意境和几位演员要愁死我的口音了,2,卧虎藏龙
唬唬外国银还行，这种信念追求的东西在中国实际上早是扯蛋（没有侮辱的意思）,2,卧虎藏龙
第一次看到电影里激情戏，那时国际章腰很细啊，现在一圈肚腩，没感觉有啥好，骗老外的吧,2,卧虎藏龙
各种奇怪的口音 奇怪的剧情 奇怪的人物 总之是相当的难看 都不知道当年是怎么忍着看完的。。。,2,卧虎藏龙
厌恶死章子怡了……故事情节很无趣……,2,卧虎藏龙
我是有多没眼光么，这片子真心让人看的不舒坦,2,卧虎藏龙
在中国 这样的武侠片只能算的上三流 拿到外国去当然就不一样了 外国人刚看过几部中国的武侠片 所以他们看的很来劲 对于一个从小看武侠片长大的中国人来说 我觉得这片子没什么出彩的地方,2,卧虎藏龙
李安是出色的中国文化商人，但我喜欢章子怡干净利落的表演,2,卧虎藏龙
哪儿好看了？理解无能 几度看不下去啊,2,卧虎藏龙
章子怡你又跑跑跑跑跑跑……累吗？歇会儿……,2,卧虎藏龙
画面很美，可惜那种不符合物理规则的打斗场面实在没有说服力。,2,卧虎藏龙
史密斯家居然专门为我租了它的录像带。。。,2,卧虎藏龙
国际章首秀就本色出演，实属可贵。故事和李安其他电影简直没法比。至于某些评论提的所谓暗线，简直就明显得一塌糊涂好么，完全像李安故意使坏引人往“啊是不是又更深隐喻呀”方向想。,2,卧虎藏龙
Shit..I&#39;ve watched this piece of shit 4 times..just for class though. ,2,卧虎藏龙
20多年前的《玉娇龙》,2,卧虎藏龙
章子怡脸上至少有一百个黑痣，泥马还狂给特写！！！摄像白痴吧！！！周润发您老都一百多岁了就别在装嫩扮演少女杀手了，行不行啊？动不动就飞来飞去的，一点意思都没有，还自以为拍得很文艺。李安你除了gay片其他真拍不出什么好东西来，认命吧,1,卧虎藏龙
很久很久以前还看国产片（不能算国产片？）&amp;不太排斥李安的时候看的。印象就是一个台词念得很折磨人的演员（章子怡）可以抹杀一切优点,1,卧虎藏龙
其中一星是给竹林的。虽然故事情节还行，但对某演员完全无感。,2,卧虎藏龙
一部拍给老外看的电影，中国人看这片子总觉得哪里怪怪的,2,卧虎藏龙
精装版快餐也还是流水线产品。,2,卧虎藏龙
不中不洋的典型，中国人和老外看着都有新鲜感，但我看别扭的感觉占了上风。真想把手伸到屏幕里面，把周大哥和杨大姐的舌头捋直了。剧情安排也充满了西方对东方的臆想。节奏、情节、人物设置也有不少硬伤，第2遍才勉强看完。,2,卧虎藏龙
很久之前看得，看的时候总是分神，不能投入，而且也没看懂，有机会再看看吧,2,卧虎藏龙
李安的大烂片，不要跟我说什么要拍武术的禅学，拍人的感情，结果他拍出来的是个P，这种水准的片子蒙蒙老外算了，他拍武术人的水平还差很远呢，不要再拍这种四不像的东西了,2,卧虎藏龙
私以为此乃武侠电影之耻，李安还是把古典美学，把武侠世界想得太简单了。徐克的《刀》，胡金铨的《侠女》，比这好太多~～～/待重看(ー_ー)!!,1,卧虎藏龙
不看字幕根本听不懂周润发和杨紫琼讲了些什么。,2,卧虎藏龙
说什么很牛逼。。被骗了这么久。。一群毒鬼,2,卧虎藏龙
两颗星给音乐，故事太单薄，真心搞不懂讲什么，不懂为何是好电影,2,卧虎藏龙
只有画面，没有故事,2,卧虎藏龙
平平常常，颜色灿烂动作片。 中国什么时候才会拍个没有武打的历史片呢？有点真实性历史。,2,卧虎藏龙
什么东西啊这个是。,1,卧虎藏龙
不是给中国人看的!,1,卧虎藏龙
这剧情太囧了……李玟演唱的主题曲是亮点 ==,2,卧虎藏龙
但凡是大师，就算弄出一坨狗屎来，也总会有人倾情欣赏。,2,卧虎藏龙
其实它是《夺宝奇兵》续集，应该叫《夺剑奇侠》,2,卧虎藏龙
开玩笑呢吧 这就是个言情片 还不是好的那种,2,卧虎藏龙
结局竟然自杀！竟！然！自！杀！,2,卧虎藏龙
飘来荡去的木偶剧，吊木偶的绳儿还不时抢戏，奥斯卡？老外看中啥啦？是有中华文化还是有中国功夫？是有精彩故事还是有精湛演技？只图个新鲜吧？,1,卧虎藏龙
因为章子怡，烂片,2,卧虎藏龙
垃圾电影，浪费老子时间,1,卧虎藏龙
小弱智一下，不喜欢，没看懂,2,卧虎藏龙
轻功好假 普通话太差 剧情安排看不到逻辑性。本来为了张震我都可以给到三颗星。。。但是看了评论里一片叫好声我感觉实在太无语了。。这片子绝对是李安之最差，，连饮食男女的十分之一都不到，为毛那么多人喜欢？？？无语。出一份小小的力量拖低一下分数你们会理解吧？,1,卧虎藏龙
个人情感讨厌章子怡的台词。。啊。啊。。额。。额。。,2,卧虎藏龙
欣赏不鸟的片子之一...貌似很久很久之前看过的,2,卧虎藏龙
得了吧，名气大于内容。始终看不到章子怡的演技。情节拖沓懒散，武打远差于徐克，意境不如王家卫，搞什么？什么武侠？李安拍电影永远是一个气质，套到武侠套民国，再套美国大草原。配乐好，多给一星。,2,卧虎藏龙
比想象的还差，好粗糙的电影。,2,卧虎藏龙
感觉张震演得不行啊，没有大漠男人的感觉，他跟章子怡的那段回忆占片长也太多了吧，整部电影结构感觉无轻无重,2,卧虎藏龙
没啥好看的~~打来打去~~打不死的,1,卧虎藏龙
果然到了这个时候看武侠类有点不合适，很无厘头的江湖恩怨。就是一个杀师之仇加一段莫名的爱情，这玉娇龙的一切行为难以理解。,2,卧虎藏龙
1 香港普通话的傻叉台词，2配合着 章子怡那张故作天真的老脸 3无比脑残的明显是威压的轻功。 真不知道 洋人喜欢个毛,1,卧虎藏龙
至今觉得虚高的影片，当年三部曲还是很感人的去了好莱坞已经说不好中国故事了，如果这部有八分那冯小刚夜宴也足以七分了,1,卧虎藏龙
反正我觉得没啥好看。,2,卧虎藏龙
这片怎么就被捧成了胡金铨徐克之后武侠片的又一“巅峰”？故事支离，主旨说教，表演生硬。要论武戏和意境，墨镜王的东邪西毒也高过它。,2,卧虎藏龙
远不如看小说好玩，而且我对章子怡真是无爱，连累玉娇龙形象都被毁，李安你真是莫名其妙呢,2,卧虎藏龙
飞来飞去~~~只能这么说,2,卧虎藏龙
开玩笑呢吧 这就是个言情片 还不是好的那种,2,卧虎藏龙
结局竟然自杀！竟！然！自！杀！,2,卧虎藏龙
飘来荡去的木偶剧，吊木偶的绳儿还不时抢戏，奥斯卡？老外看中啥啦？是有中华文化还是有中国功夫？是有精彩故事还是有精湛演技？只图个新鲜吧？,1,卧虎藏龙
因为章子怡，烂片,2,卧虎藏龙
垃圾电影，浪费老子时间,1,卧虎藏龙
小弱智一下，不喜欢，没看懂,2,卧虎藏龙
轻功好假 普通话太差 剧情安排看不到逻辑性。本来为了张震我都可以给到三颗星。。。但是看了评论里一片叫好声我感觉实在太无语了。。这片子绝对是李安之最差，，连饮食男女的十分之一都不到，为毛那么多人喜欢？？？无语。出一份小小的力量拖低一下分数你们会理解吧？,1,卧虎藏龙
个人情感讨厌章子怡的台词。。啊。啊。。额。。额。。,2,卧虎藏龙
欣赏不鸟的片子之一...貌似很久很久之前看过的,2,卧虎藏龙
得了吧，名气大于内容。始终看不到章子怡的演技。情节拖沓懒散，武打远差于徐克，意境不如王家卫，搞什么？什么武侠？李安拍电影永远是一个气质，套到武侠套民国，再套美国大草原。配乐好，多给一星。,2,卧虎藏龙
比想象的还差，好粗糙的电影。,2,卧虎藏龙
感觉张震演得不行啊，没有大漠男人的感觉，他跟章子怡的那段回忆占片长也太多了吧，整部电影结构感觉无轻无重,2,卧虎藏龙
没啥好看的~~打来打去~~打不死的,1,卧虎藏龙
果然到了这个时候看武侠类有点不合适，很无厘头的江湖恩怨。就是一个杀师之仇加一段莫名的爱情，这玉娇龙的一切行为难以理解。,2,卧虎藏龙
1 香港普通话的傻叉台词，2配合着 章子怡那张故作天真的老脸 3无比脑残的明显是威压的轻功。 真不知道 洋人喜欢个毛,1,卧虎藏龙
至今觉得虚高的影片，当年三部曲还是很感人的去了好莱坞已经说不好中国故事了，如果这部有八分那冯小刚夜宴也足以七分了,1,卧虎藏龙
反正我觉得没啥好看。,2,卧虎藏龙
这片怎么就被捧成了胡金铨徐克之后武侠片的又一“巅峰”？故事支离，主旨说教，表演生硬。要论武戏和意境，墨镜王的东邪西毒也高过它。,2,卧虎藏龙
远不如看小说好玩，而且我对章子怡真是无爱，连累玉娇龙形象都被毁，李安你真是莫名其妙呢,2,卧虎藏龙
飞来飞去~~~只能这么说,2,卧虎藏龙
除了音乐，除了李安的翩翩风度，其他都不喜欢。,2,卧虎藏龙
我觉得中国人对这部武侠片感觉并不怎么样,2,卧虎藏龙
拍的好假！就是主题曲不错。章子怡演在片中跳楼自杀的时候，都没有起跳动作，整个人就象一个风筝一样飘了下去。但是没有起跳的跳楼是不合理的，飘不下去的。飘的时候都会被栏杆挡回来。,2,卧虎藏龙
恕我直言，除了周润发和杨紫琼是我的挚爱之外，我真的找不到什么比较好的点给多点星了,2,卧虎藏龙
记得以前看到人在树枝上飞来飞去就觉得太扯了，后来又觉的这是艺术的表现手法，有意境嘛。可是看来看去都觉的是哄外人看的片子。我还是挺欣赏李安的，派的意境比这个好。,2,卧虎藏龙
老子讨厌章子怡,1,卧虎藏龙
一团乱，除了美丽的风景，我不知道还有什么。,2,卧虎藏龙
什么玩仍 ，发哥琼接别乱接片啊，有章子怡的电影不能演！,1,卧虎藏龙
少见的不喜欢。几个场景都很美。也只剩下场景美。演员表演用力过猛台词不自然，整个片子的气氛也是我讨厌的那种：欲说还休，遮遮掩掩，枝枝蔓蔓，纠缠不清。,2,卧虎藏龙
不知所云，在加上尴尬的普通话和发福的周润发，杨紫琼和章子怡还是美的,2,卧虎藏龙
《卧虎藏龙》与《英雄》，一部被奥斯卡镀了金的泥胎和一个被妖魔化的视觉大师,2,卧虎藏龙
我的天啊章子怡你能不能再丑一点···还有剧中各种口音真心HOLD不住···,2,卧虎藏龙
不喜欢，武侠味道很浓，金庸味道很浓，但演员口音味道太别扭了，杨紫琼演技是败笔，里边很多演员演技都不咋地，眼神完全是群众演员水平，当然除了发哥和国际章。情节也蛮无聊= =,2,卧虎藏龙
武侠电影拍成这样就无人能出其右了吗？没看出来......,2,卧虎藏龙
啥鸡巴玩意,2,卧虎藏龙
乡土中国,2,卧虎藏龙
"蜀南竹海一年门票多少钱,能拍这么大一部宣传广告.",1,卧虎藏龙
笑料不断，小章露点。,2,卧虎藏龙
补评一个吧，李安达到巅峰的作品。但对个人来说，烂片一部，一部烂片。我是李安一生黑，看过几部李安电影对我来说全是烂片。我看电影的感受极其主观，因为李安，我连最喜爱的休格兰特其中一部李安主导的电影最终也没看，实在是对李安的厌恶超过对休的喜欢，果然恨比爱更持久更有力量~,2,卧虎藏龙
………………看睡着了……,2,卧虎藏龙
看完只有一个想法 只想抽玉娇龙那丫的两大嘴巴！,2,卧虎藏龙
虽然画面很有意境，但动作设计垃圾，故事也一般。不太理解其在国外的盛名...,2,卧虎藏龙
和《新龙门客栈》比起来...,2,卧虎藏龙
2011-03-08 我如此没有catch到这传说中的最牛华语电影的精华...,2,卧虎藏龙
讨厌这戏。,2,卧虎藏龙
实在忍不了飞来飞去，空洞的对白，面无表情的章子怡,2,卧虎藏龙
如果它不是得奖～如果它不是在国外受到好评，也许它将一文不值。当然如果不是针对国际市场导演不会拍成这样，实际，我想说它就是一烂片,2,卧虎藏龙
《卧虎藏龙》所以这是一个叛逆少女的无聊故事？？他违抗父母命令与一个新疆小伙私定终身，偷了青冥剑去闯江湖，最后被碧眼狐狸暗算差点丧命，李慕白为了救她中了毒针挂掉，直至李慕白死后她才彻底顿悟，和新疆小伙打完一炮后跳崖而死，什么鬼？好无聊啊   😲,1,卧虎藏龙
罗小虎是个什么玩意 有他的剧情和演技分分钟想吐  毁了一段戏一帮人,2,卧虎藏龙
初看给了两星 十几年后再看三星+想再刷一遍 几场动作戏加上不能更合适的配乐把人眼睛抓得牢牢的 对打者的性格情绪也体现得很好 俞即便看透也总想顾全大局 李压抑的多了果然喷薄 狐的一生是求而不得与背叛 龙唯任性与好玩耳 虎么则是个好娃 ,2,卧虎藏龙
明显不是我们想看的中国武侠，只能说很迎合外国人的口味，而良好的国际口碑也带动了国内口碑，但我周围包括我在内所有看过的人都不喜欢,2,卧虎藏龙
完全没有感情和侠义的感觉。不如2。至少2里有甄子丹的深情。,1,卧虎藏龙
en 2000,2,卧虎藏龙
妈的，什么烂片啊……跟程小东、徐克的武侠片比就是垃圾啊……,1,卧虎藏龙
水裆尿裤的武侠电影，就这水准都能拿奥斯卡最佳外语片，要么是那年外语片集体萎靡，要么就是老外根本理解不了武侠。,2,卧虎藏龙
真的看不出来哪儿好,2,卧虎藏龙
港真 這是拿來糊弄老外的吧（?）非黑即白的角色 流於形式的江湖 矯揉造作的臺詞 然後每當楊紫瓊講話就好出戲呐,2,卧虎藏龙
可能是受电视剧版的影响，总觉得没法超越了。特别是女主是不太喜欢的。感觉一点灵气都没有的大神。,2,卧虎藏龙
真的不觉好看,2,卧虎藏龙
国际章扮相难看，演技也难看，适合演妇女怨愁深类的bitch。李安傻逼，不知道他要讲武侠的什么，拍武侠和胡金铨比差的远。李慕白厌倦江湖，从头到尾看不出他厌倦什么，江湖恩怨？别逗了。自己老了，干不动了？李和杨二人感情、龙虎二人感情，编剧写的好傻逼。金像奖，外国人傻，我们也傻？,1,卧虎藏龙
《卧虎藏龙》并不是当时最好的武侠片，但却是老外能看到的武侠片中最好的。,2,卧虎藏龙
为毛它会火？！,1,卧虎藏龙
它承载了太多本不该有的赞誉 也许是部好的文艺电影 比如这么好的台词 也许是本好的武侠小说 但绝不是一部好的武侠电影 比如这么差的台词 蹩脚 生涩 鬼佬听不出来 你也听不出来？瑕不掩瑜的前提是这瑕不能太大 美好的画面加上几句故弄玄虚道理凑成了一部电影 这是文艺片的特点 不是武侠 ,2,卧虎藏龙
&#39;hollywood chinese&#39;,2,卧虎藏龙
"一股浓浓的暮气,和奴味",2,卧虎藏龙
奥斯卡是什么不重要，关键是我觉得这很烂,2,卧虎藏龙
讨好西人的武侠片。。。,2,卧虎藏龙
这么二特么假的打斗怎么给怎么高分？？？,1,卧虎藏龙
国语版的配音太尴尬了，最受不了的是电影以中国封建社会为背景，富家小姐骑马动作打炮，这一炮感动了奥斯卡评委。,1,卧虎藏龙
这个电影的获奖，诱发了国产片一发不可收拾的堕落,1,卧虎藏龙
这不是我想要的武侠。守住真气，真气在哪？轻功天啊，晃死个人！也许故事很好，台词很妙。这种剧本的画面还是各凭想象更好。,2,卧虎藏龙
始终想不通这电影有什么好的地方。,2,卧虎藏龙
飘来飘去～飘来飘去～,2,卧虎藏龙
妈的，草一下就温顺了...,2,卧虎藏龙
毕竟是为了迎合老外口味的，将就吧。谁让咱国力不强呢。,2,卧虎藏龙
引导国产武侠电影浪潮,2,卧虎藏龙
烂片，超级不喜欢章子怡,1,卧虎藏龙
虽然获奖了，但是里面的武打动作确实不敢恭维，站都站不稳，飞起来还一晃一晃的,2,卧虎藏龙
烂剧本连个配音都没有,2,卧虎藏龙
几场打斗戏拍的都很不错，有几场戏的对白也很有禅意，整部电影画面架构颇有意境。但是台词让我接受无能，人设作剧情略无力，个人不喜。,2,卧虎藏龙
憨憨的老外可能觉得行~盛名之下啊,2,卧虎藏龙
原著那么好的故事怎么就拍成这样了呢,1,卧虎藏龙
没感觉,2,卧虎藏龙
家里买了新电视可以看高清了，总算找了个中文的片子和老娘一起看，必须有十足的耐心和毅力才能不中间离场，港台腔国语和莫明床戏真是够了。武打戏简直就像笑话。,2,卧虎藏龙
小时候看不懂，但它得了那么多奖，应该还是挺好看的吧。长大之后看的比以前懂的多了，发现这片更烂了。,2,卧虎藏龙
这个时候就知道王家卫让演员中粤混用是多屌/文戏就算排除口音，就对白本身足以扣三星。/靠voyeurism取胜实在李安生涯败笔,2,卧虎藏龙
呵呵，完全不知道导演拍这电影想说什么。,1,卧虎藏龙
不喜欢有章子怡的东西,2,卧虎藏龙
如果不是李安的这次成功，中国大概不会出这么多古装烂片,2,卧虎藏龙
超级大烂片~,1,卧虎藏龙
看不懂 讲什么,2,卧虎藏龙
整死一堆人你們就為打一分手炮？尤其臺詞簡直不能忍，這是教育片麼非要圍繞個死孩子，最後還把人教自殺去了。,2,卧虎藏龙
依然不喜欢李安，且半点不认同李玉之情。,2,卧虎藏龙
说实话，我没看懂，本来是一分的，另一分给最后那几个不错的打戏，以及章子怡的小豆豆。说是比较正宗的江湖，但是我没看到有啥特别的，不知道为啥，除了章子怡其他演员都发挥的特别差，特别是配音，那生硬的口音让人跳戏，还有演的非常假的群演们，完全就是在念台词啊，太烂了。,2,卧虎藏龙
里面的普通话太高亮以至于我一直没看懂这个片子到底想表达什么意思。,2,卧虎藏龙
在《色戒》里美化汉奸侮辱烈士的导演，有骨气的中国人不捧他的场！,2,卧虎藏龙
任性的搅乱了别人生活也有人在等着的小姑娘，和口口声声却心心念念真是不知羞耻的中年男生，简直不能更糟,1,卧虎藏龙
看得人心里恼火，杨紫琼和周润发的普通话真的太差了，听得难受。前面看到李慕白优柔寡断，要杀不杀，要追不追就知道他之后一定会挂。看的时候一直觉得就他和秀莲那性格怎么在武林活了那么久的，太假了，一点防备心都没有，你以为遇到的都是天使啊。李安也不过如此,2,卧虎藏龙
打斗和服饰不错。玉娇龙的叛逆过了头，感觉很讨厌。一个个普通话那么垃圾。剧情也不咋地，感觉像拍个外国人看的，不够“中国风”,2,卧虎藏龙
不好看,2,卧虎藏龙
最近看一部好电影之后总会遇到五部以上的烂片或接近于烂片的电影，这部完全可以改名叫做“新娘去哪了”或者“青冥剑之徒弟养成计划”。装文艺的台词、蹩脚的普通话、白开水一样毫无悬念的剧情，作为一部武侠片不能带给我丝毫的快意恩仇与身不由己的感触，这电影比起徐克的《刀》差了十万八千里。,2,卧虎藏龙
2000/我不喜欢看/8.2,2,卧虎藏龙
青涩的章子怡初出茅庐，不管外界是怎样的评价，但不可否认她确实有着巨星潜质，事实证明最后她真的成长为了国际章。周润发杨紫琼已经是功成名就了，哪哪都好只是生疏的普通话实在让人频频出戏，更何况是这种古装武侠，倒不如直接用配音更好。,2,卧虎藏龙
欣赏不了，实话,2,卧虎藏龙
好像很厉害、剧情最奇怪的武侠，咱就不能好好讲故事嘛= =李慕白追着玉娇龙一路收徒是什么鬼，玉娇龙对师傅留着一手剑诀真是恶毒心机，一代大侠中毒刺而死是什么，当着罗小虎面一蹦而下的特效能不能更假（这条故事线最烂），青冥剑确实厉害，李慕白对俞秀莲的告白好直接啊，官宦、婚姻真是无聊 M,2,卧虎藏龙
只有噱头没有实质。,2,卧虎藏龙
哈哈哈哈记得是去电影院看的，那时候完全看不懂。ww,2,卧虎藏龙
杨紫琼不说话不错，章子怡一出场回头我真以为是慈禧了，各种造型都tm丑死。好好地武侠片不打架在那玩概念装逼，不知搞些什么东西。普通话不标准实在跳戏，你直接说粤语我都能接受。之所以多打一星，还是给了开场的追逐戏,2,卧虎藏龙
一定要守住这口气啊,2,卧虎藏龙
音樂的鼓不錯。武功拍的太扯蛋了。,2,卧虎藏龙
真是没看懂在说什么~　一个官家作逼小姐啊～,2,卧虎藏龙
只能说，不是我喜欢的电影类型。,1,卧虎藏龙
虽然获了很多XX奖，但是我个人非常的不喜欢。。。,2,卧虎藏龙
那轻功，威亚P掉跟没P一样尴尬……,2,卧虎藏龙
毁在章子怡。,2,卧虎藏龙
不喜。感觉《侠女》更有意思点,2,卧虎藏龙
我实在不敢相信这种垃圾是李安拍的，演员尴尬地用别扭普通话读台词不说，把西方人直白的对话安排在古代中国人身上实在是别扭至极。剧本相当差劲，情节转的莫名其妙，一言不合就舞乍，这部片就是疯狂堆积符号为了西方对东方的猎奇心理去的，估计只有土鳖美国人才会喜欢这种没有底蕴的视觉快餐（毕竟他们也喜欢英雄）。,1,卧虎藏龙
我看不懂 ,2,卧虎藏龙
这片子也能奥斯卡提名？？,2,卧虎藏龙
两分给摄影画面和章子怡,2,卧虎藏龙
还是那句话，我不喜欢看那种只为了一个事件奔波的故事，看不到人物的成长，有些句子还是比较深情的，可以看出来李安是一个感情内敛含蓄且隐忍的人,2,卧虎藏龙
只能说，不是我喜欢的风格……,2,卧虎藏龙
杨紫琼和发哥古装真的好难看。。,2,卧虎藏龙
可能是我脑残才看不懂这片，毕竟大家都懂了的感觉，不值8.0，所以来往下拉一拉。          ps：江湖里卧虎藏龙，人心里何尝不是？刀剑里藏凶，人情里何尝不是？你们真的读透了吗？,2,卧虎藏龙
完全已经不记得讲了什么了,2,卧虎藏龙
盛名之下，其实难副，简直无力吐槽，不酷，不有趣，深沉？人性？别逗了。飞来飞去假的可以，画面也没看到啥美感，奥斯卡的品味果然很独特。,2,卧虎藏龙
我能说很弱智么。。。还有这些个国际巨星的演技就这么差？？？这么差？？？根本就是在背台词啊,1,卧虎藏龙
好吧，我的领悟力不够。,2,卧虎藏龙
欣赏不了啊,2,卧虎藏龙
也许是为了迎合老外的口味、、、看了没什么感觉,2,卧虎藏龙
不能接受的点有很多，其中最不能接受的一点是：竟然就凭几句台词黑了在这部片里连出场机会都没有的江小鹤！,2,卧虎藏龙
拍给鬼佬看的,2,卧虎藏龙
一部看了好几次都没看懂的影片,1,卧虎藏龙
我一直等着剧情步入正轨，却一直莫名其妙到结局。太过现代的台词好尴尬。不喜欢这种全程吊威亚的武打戏。,2,卧虎藏龙
可能好评是说什么武侠氛围吧，个人觉得没有《了不起的盖茨比》那样氛围。而且故事性太差，蹩脚的普通话也让我很容易出戏。,2,卧虎藏龙
挺不理解那么多人说还不错的。反正我就是不喜欢,2,卧虎藏龙
小时候喜欢金庸武侠，后来看到就烦。新历史主义为华语片提供了最多的烂片，而且耗费还不小。武侠题材同样如此，这种解构题材肤浅得要命，还故作高深。武打片可以说是新千年前后的热潮，大导演以解构来做，拍的还不如5块钱买三张碟片来看。至于武术，就像中药，越是卖弄玄虚，就越让人恶心。我承认这些片从配乐，构图等方面都不错，但是看起来就想吐。,2,卧虎藏龙
我那个不喜欢啊,1,卧虎藏龙
玩玩儿呗,2,卧虎藏龙
dont like it cause i cant get the point of the moive,2,卧虎藏龙
暂时不想黑李安，只想知道五星华语观众们怎么能忍受这蹩脚的港普、僵硬的台词和傻烂的张震。武侠的隽永内涵我没领会到，倒是章子怡的玉娇龙，书卷气的娇柔外表藏着如龙般杀逆的眼神，抗拒道义却又囿于小虎的身份选择纵身。一星给叛逆强势又矛盾的章子怡，还有一星必须给谭盾。,2,卧虎藏龙
实在无聊 看到一半真的看不下去了 不明白为什么那么多人说好,1,卧虎藏龙
一个中二的富家千金，泡了一个新疆的野汉子，逃了父母安排的包办婚姻，偷了一把剑仗剑天涯，撞了一堆子货。最后还能怎么样呢，当然是选择原谅她咯。,2,卧虎藏龙
破电影，就只有瓜老外才会喜欢！,2,卧虎藏龙
很久之前看过，说实话很失望，但不知为何，这也成为了我心中的一个谜团。今天才知晓，中国的“侠”外国人理解不了，这是源于东方文化与西方文化的本质不同，“侠”乃是反抗秩序，反抗不公，在沉闷的儒家文化下破开一丝光的利剑，西方人没有经历过儒家文化的熏染，也体会不到“快意江湖”的自由精神，所以李安就舍弃传统武侠电影中刀光剑影的江湖而将重点集中于西方人更好理解的爱情与爱而不得的主题，但是这对于怀着武侠心愿前来的中国观众来说是一个打击。,2,卧虎藏龙
傻逼片都不配有标签,2,卧虎藏龙
不知道主线在哪里，主旨为何的武侠电影。。,1,卧虎藏龙
取景很赞，武打很赞，剧情设定好无语……张震那段豪无存在感。普通话太出戏，爸爸妈妈，结婚这样的台词好摩登～真心不觉得李导这部电影有多好。,2,卧虎藏龙
老外喜欢的中国片子怎么都这么垃圾呢？不要人云亦云好不好，在座的看客好好品品，什么玩意儿啊。,2,卧虎藏龙
一部剧情纠结且我无论如何也无法理解导演为何不用配音的电影,1,卧虎藏龙
不LIKE ZHANG,2,卧虎藏龙
看过原著，没什么价值也就一普通的民间武侠通俗小说，难为李安还拍成一部电影、一部拍给外国人看的武侠片，不太喜欢,2,卧虎藏龙
假发特写，逃跑丝带特效，僵硬的打斗，很出戏，很没逻辑为什么要帮章子怡，发现真的很讨厌她以及她演的所有角色。,2,卧虎藏龙
我不知道演的事什么，能获得奥斯卡最佳外语。。。。。看了20分钟看不下去,2,卧虎藏龙
弄出来这种中不中西不西的剧本，台词尴尬造作，表达的精神内核也是硬塞进武侠里的畸形怪胎，没想到这部电影这么令人失望,2,卧虎藏龙
过于生硬的台词，莫名奇妙的故事转折与人物感情变化，像是剪切了一大段一样，让人看不下去。配乐和场景算是亮点，其他真的不怎么样。PS：那无视地心引力的轻功真的看醉了，那已经不是轻功了，是飞翔了,2,卧虎藏龙
说实在..我觉得..很烂~,2,卧虎藏龙
为什么会有人说好了，都不是武侠了,2,卧虎藏龙
李安按照美国人的口味和对中国功夫的理解，拍了这部片子,2,卧虎藏龙
目测全片能说标准普通话的不超过三个人。,2,卧虎藏龙
这就是嘚瑟惹的祸，你俞秀莲不把剑拿出来显摆哪有这么多事,2,卧虎藏龙
乱七八糟 不喜欢章子怡 杨紫琼看着也好老,2,卧虎藏龙
外国人说:好...,2,卧虎藏龙
如果没有那些吊威亚飘来飘去，让人怀疑导演是不是生活在地球上，这部电影我会给满分。清末的布景还原的非常真实，还有杨紫琼使用各种武器与章子怡对打也很精彩。可惜了吊威亚！让这部侠士电影格调瞬间低了许多。,2,卧虎藏龙
欣赏不来...口音真的很重要啊,2,卧虎藏龙
我一个小时候练绿豆铁砂掌耍机关枪，通读各种武侠影视，牢记腰马合一气生丹田，熟悉各类江湖门派武林英雄的正统中国人，看得心里毫无共鸣,1,卧虎藏龙
get不到导演的点，不好看，不如喜宴,1,卧虎藏龙
某激情戏比较写实。,2,卧虎藏龙
不好看啊，剧情没有引人入胜的感觉，最大的缺点就是没有一个绝对的大反派，剧情平淡无奇，而且主角的国语听的真心别扭，到是打斗场景很nice,2,卧虎藏龙
无伏笔无深意无大爱无脑简单得视觉弱智武侠片。这片子之所以出名是因为后面一群盲目爱国主义得脑残国人给李安撑腰好像人家黄脸黑头发就飞得跟你沾亲带故得……,2,卧虎藏龙
唉。。。受不了这种普通话,1,卧虎藏龙
20160924重看,2,卧虎藏龙
已经是包括了安慰分的了,1,卧虎藏龙
我觉得挺烂的。。。。。十几年之后的2018年年初的晚上，实在无聊，又重看了一遍，发现，烂还是不烂，这是个问题。。。但至少有一点，可以确定是很烂的，那就是周和杨和张震的蹩脚的国语啊。。。第一次评的星还是不改了，等多少年后看第三遍的时候再说吧。,2,卧虎藏龙
我看不懂。,2,卧虎藏龙
给外国人看的,1,卧虎藏龙
不好看，没看懂。打斗挺搞笑的。,2,卧虎藏龙
什么玩意啊? ,1,卧虎藏龙
一星给李安 一星是给奥斯卡 拍给老外看的作品 据说台词都是先有英文后翻译中文 除了画面实在没什么看头,2,卧虎藏龙
感觉剧情单薄 另外章子怡也忒瘦忒柔弱 实在架不住“侠女”似的这种角色、、,2,卧虎藏龙
现在看不会觉得假爆了吗！不会觉得国语都讲不清楚还演古装片别扭爆了吗！不会觉得无聊爆了没有情节没有转折爆了吗！！！！,2,卧虎藏龙
屎,1,卧虎藏龙
极烂的片儿，居然拿奥斯卡，真替外国对中国文化误解感到悲哀,2,卧虎藏龙
小垃圾,2,卧虎藏龙
不喜欢。。,2,卧虎藏龙
小时候看过，不喜欢；没想到长大了再看仍然不喜欢。里面香港人的口音听着真难受。,2,卧虎藏龙
好莱坞大片看多了的洋人就喜欢这种没叙事没深度甚至不符戏剧基本原则的漫无目的非理性的东方味道嘛。多给一颗星因为它造就了十面埋伏这类新武侠烂片：只要讲情欲、多打炮，杀来杀去、结尾很惨就行了。只是人们爱骂张艺谋，而骂李安政治不正确罢了：谁让李安舔洋人屁股舔得还算好看呢，毕竟黄种莎士比亚,1,卧虎藏龙
D，看完很失望，问题其实很多，演员的问题就不用细说，出演的港台演员就没一个行的，台词全部堪称灾难，个别场景演技差到甚至营造出一种尴尬的喜剧感；其次，比起《女性瘾者》略微掉书袋的问题，这部片子就更明显，观影过程无时无刻不在经历着传统文化被摆出来“卖弄”的滋味，这是李安想表达太多的问题，这就让人感觉剧情是为部件服务的，而不是一个整体；台词过于现代，武侠片插入现代爱情式的表白我个人无法接受，实在是生硬；最后，打斗吊威亚实在太多，不太欣赏此类打斗，李慕白第一次与玉娇龙交手的武指就不错；总体来说，拍武侠片，李安距离胡金铨非常远,2,卧虎藏龙
一切都是巨匠，导演，演员，武术指导，作曲，摄影。可还是，细节上不是尽善尽美，除了主演，其他群众演员都很可笑。。影片几个桥段很精彩，城墙追逐，竹林比试，但仅仅是经典镜头。,2,卧虎藏龙
我就没看出来有一丁点儿值得看的东西!,1,卧虎藏龙
满足了女生向往江湖世界的YY般…故事完整性缺乏，李慕白死的让人措手不及…玉娇龙一系列行动缺乏一个主因…,1,卧虎藏龙
这些演员的口音啊太出戏，南腔北调怪怪的，只觉得杨紫琼给人感觉很舒服,1,卧虎藏龙
什么啊，演员台词也太差了吧，一个个跟读课文似的，剧本也没有逻辑，还拿了奥斯卡，老外眼睛没毛病吧。本来只想给一星，多一星给章子怡的颜值。,2,卧虎藏龙
好像没什么内容似的,2,卧虎藏龙
很烦那种我要教你，感化你。电影本身OK，但是这种厌烦感让我给不出高分。,2,卧虎藏龙
剧情无聊，故弄玄虚。,1,卧虎藏龙
比张艺谋好不到哪里去。学人家徐克拍武侠？太嫩了吧！,2,卧虎藏龙
不知道讲的啥,2,卧虎藏龙
这片子的【中華文化】在哪里？,1,卧虎藏龙
盛名之下，其实难副。,2,卧虎藏龙
我来贡献一星给画面 故事情节扣三分，装逼台词扣三分，可惜没有负分可以打,1,卧虎藏龙
章姐姐。。您还是老实去精神病院呆着好吗,2,卧虎藏龙
很不武侠，很粘乎,2,卧虎藏龙
和少年PI一样无聊，也像少年PI一样被很多人看出了点什么哲学内涵。,2,卧虎藏龙
台词和内核的价值观也过于美式，玉娇龙的回忆更是穿插的尴尬且不自然。不可否认竹林打戏画面十分考究，但我只能为这精致而无神的传统武侠外壳给两星,2,卧虎藏龙
……作为在国内外评价较高的武侠片，赢在了它开始的够早,2,卧虎藏龙
觉得很沉闷，只要是觉得阴阳头太丑,2,卧虎藏龙
香蕉味的东方故事,2,卧虎藏龙
真不明白为什么人们说他好,2,卧虎藏龙
按赞的最多的短平来说，我就是那悲哀的人吗,2,卧虎藏龙
这戏里一堆机器人儿吧 念书呢 飞的也是够他吗开玩乐的,2,卧虎藏龙
一直就不喜欢这部电影，无论看多少遍，再怎么告诉自己静下心来看，还是，不喜欢。,2,卧虎藏龙
竟然都已经是15年前的片了，各种错过，现在才看；但我好像已经丧失了静下心来看片的能力，毫无感觉，内容深的浅的全没看出来,2,卧虎藏龙
看得我咬牙切齿的,2,卧虎藏龙
为什么我回想起来只记得章美女的裸体背面？,2,卧虎藏龙
演员的台词念的生硬，轻功飞的太飘逸。官家小姐玉娇龙，居然比土匪还土匪,2,卧虎藏龙
什么垃圾玩意,1,卧虎藏龙
。。。拉过去直接。看不下去是我动作片之心的错,2,卧虎藏龙
台词真的有点尬，让人联想玛丽苏。不过画面真的超级美，剧情进展一般吧....没有意外，顺理成章。刚刚看了一些热评，只有我很讨厌玉娇龙吗？？说得敢爱敢恨，到最后又不是放弃一切，纵身一跃。,2,卧虎藏龙
章子怡演的那个就是中二病，全剧的人还围着她转，真是绝了。,2,卧虎藏龙
不知所云的东西,2,卧虎藏龙
多符合老外看得武侠剧啊~ 从头到尾都充满着商业片的味道。,2,卧虎藏龙
章子怡还是可以的,2,卧虎藏龙
一直觉得李安把什么都能拍成三流言情小说,2,卧虎藏龙
看不懂，可能外国人和我们审美不一致吧。章子怡的床戏，还有感情戏，莫名其妙,2,卧虎藏龙
虚无缥缈，玄妙莫测。,2,卧虎藏龙
实在是有够无聊。什么东西啊浪费时间，当年没看实在是明智，越活越糊涂,2,卧虎藏龙
尬演武侠,1,卧虎藏龙
除了李慕白死掉这个结果不在预料范围内，其他情节基本都能猜到~编剧太差、太差、太差！前因后果交代不清，转折得突兀和莫名其妙。大部分场景太“影视城”即视感，威亚吊得人像活在月球，台词经常出戏……全片唯一可取之处在打斗动作设计了！,1,卧虎藏龙
3 out of 7,2,卧虎藏龙
装逼癌又犯了，人物塑造不明，估计玉娇龙的多重人格是个悬疑片的卖点。让人不忍直视的吊钢丝轻功，又将演员的作提高一度。,2,卧虎藏龙
"一个国王和女人的故事,没意思,特技也差",2,卧虎藏龙
除了打戏和情色部分别的部分都太尬了,2,卧虎藏龙
说实话，想看的就杨紫琼,2,卧虎藏龙
2017年了，才看，说真的超级无聊,2,卧虎藏龙
不好看，没有武侠片的感觉，不喜欢这种阴暗和文艺，剧情也非常简陋，如果没有发哥就打一星了,2,卧虎藏龙
奇奇怪怪的剧情，奇奇怪怪的结局,2,卧虎藏龙
所谓的出卖文化博眼球,2,卧虎藏龙
"看了10分钟,感觉周润发和杨紫琼为什么就不能给嘴里那口痰吐掉在说话?",1,卧虎藏龙
看完不知道演的什么鬼  剧情一坨翔。,1,卧虎藏龙
当年，不是特喜欢这片子。如今依旧没什么印象,2,卧虎藏龙
好久没有看完一部电影起这么一身鸡皮疙瘩了。,2,卧虎藏龙
各种腔调的武侠人士以港台腔的新疆人为代表，模棱两可的台词很玄的样子，看了之后觉得英雄真的没有什么值得喷的。,2,卧虎藏龙
这就是给洋人看的，给中国人看就太次了。,2,卧虎藏龙
不觉得好看,2,卧虎藏龙
剧情有些很勉强，台词里居然还有“北京”，让我笑会儿。,2,卧虎藏龙
没有灵魂的电影，为了满足西方审美而拍出来的东方意淫片，对李安从色戒的粉转路人。,2,卧虎藏龙
真不理解这片为何名气这么大，感觉有风景无情节，打斗太假，尤其不喜欢章子怡的扮相。,2,卧虎藏龙
吊的钢丝都能看见,2,卧虎藏龙
太迷《玉娇龙》才去看的，挑的啥演员？名动京城的仪态雍容的深沉矜重的玉帅的女儿玉娇龙是这时刻面露凶光的小家碧玉的刻薄样？沙漠上跃马纵横、叱咤西疆、使官兵闻名丧胆的贼魁半天云罗小虎？魁梧勇武英俊憨厚哪点沾边？乱七八糟的编剧，周润发和杨紫琼演得再好都不是李慕白和俞秀莲，有实力再去颠覆吧,2,卧虎藏龙
。。。。。为什么我觉得这么白烂啊。。。。一看编剧果然有个外国人。。。。,2,卧虎藏龙
装逼台词+傻逼剧情=辣鸡电影,1,卧虎藏龙
曾在该片中瞥见一股正正的中国风，但一下就过去了,2,卧虎藏龙
故弄玄虚，虚张声势，无病呻吟。可能老外就喜欢东方人拍这种这样山水之中飞来飞去一袭长袍一柄长剑江湖恩怨。但是全片我看不到中国传统文化的影子，师门，传承，儒慕……没有一丝一毫，空有形而无神。此片好处，凡这类电影的所谓影史前100，都让我从另一个角度了解评委和榜单水平。,1,卧虎藏龙
我想给0星来着。,1,卧虎藏龙
剧情很搞笑，章子怡拿到一把宝剑就所向披靡了,2,卧虎藏龙
就是个无聊的片子,2,卧虎藏龙
个人认为是李安的一大败笔。当李慕白对俞秀莲说出“我爱你”的时候，我简直都要笑出来了。拜托，请参考以下那是一个什么样的朝代！没有这几个知名演员撑着脸面，这部电影大家都得看不下去。,2,卧虎藏龙
还不如英雄好看,2,卧虎藏龙
中国人绝对是看不懂的，核心是西方思维。,2,卧虎藏龙
别扭，除了少年派，没有体会过李安的神武,2,卧虎藏龙
别怪我，真看不懂这种调调的电影哪里好。,2,卧虎藏龙
别胡金铨了真的，即使有张震也无法减少对这部的厌恶,2,卧虎藏龙
真的很难看,1,卧虎藏龙
这。。。。。,2,卧虎藏龙
拍得太细碎了，台词让我很尴尬…但是打斗场面不错，章子怡很嫩,2,卧虎藏龙
真不觉得从这个片子可以挖出来什么深东西，两分送给我喜欢的李安导演,2,卧虎藏龙
喜欢里面的玉娇龙和张震,2,卧虎藏龙
没看明白,2,卧虎藏龙
画面好看，拍的飘逸。但怎么都看不懂。。,2,卧虎藏龙
没意思，被《一代宗师》完爆,1,卧虎藏龙
just boring,1,卧虎藏龙
把原著改哪儿去了!,2,卧虎藏龙
迷惑，这个奥斯卡最佳外国语到底是咋来的？,1,卧虎藏龙
真心觉得徐克的哪一部武侠片都比这个好看得多,2,卧虎藏龙
在cctv6上看的，说实在的，到现在也没看懂这到底想说什么，也许是因为我的理解能力不够。但是实在是没有感觉到里面有什么很特殊的魅力。,2,卧虎藏龙
李安同学 你想说啥～～～～～,2,卧虎藏龙
看不懂，好2逼,1,卧虎藏龙
这个电影。。。。好看在哪里。。。演技也太僵硬了吧。,1,卧虎藏龙
唔知up乜,2,卧虎藏龙
其实挺喜欢这风格的，武打戏和配乐很不错，竹林部分也很美，但是太多不好的点了，男女主的作扣一星，玉娇龙和罗小虎的部分扣一星，整体选角语言扣一星,1,卧虎藏龙
两颗星都是给导演的，减三星表达我对玛丽苏男女主的深恶痛绝，导演也是做到了，创造了李慕白蛟龙这两个让人讨厌的角色,2,卧虎藏龙
侠道气质突出，仅此而已。,2,卧虎藏龙
真不知道好看在哪里，乏味,2,卧虎藏龙
不怎么样,2,卧虎藏龙
真的可以在竹子上跳舞吗,2,卧虎藏龙
矫揉造作，故作高深，台词却偏偏那么粗俗浅薄。,2,卧虎藏龙
只是很不喜欢里面的武打，超级假的飞檐走壁。,2,卧虎藏龙
"杨紫琼的港台腔有点出戏。。。张震像个二傻子。。。发哥依旧很帅。。。好吧我没有看懂。。。😶",2,卧虎藏龙
原著党表示这什么鬼,2,卧虎藏龙
张震的样子真像是初中高中喜欢的那一类会打球会打架的野孩子~~,1,卧虎藏龙
好在哪？没看出来，国产的老套路,2,卧虎藏龙
不理解这评分是怎么打的，死气沉沉的电影，看不下去,2,卧虎藏龙
不喜欢章子怡永远一副拧巴样,2,卧虎藏龙
因為鄙視裡面很假的武行，所以一直沒看～配樂不錯，有些意境，剩下的都是一般,2,卧虎藏龙
卧虎藏龙？罗小虎和玉娇龙？罗小虎干嘛的啊？？？张震一说话我就出戏 不知所以 为啥能有这么高分？武侠情怀？？,2,卧虎藏龙
给好评的都是什么心态,2,卧虎藏龙
无聊死了。台词素质烂，剧情一塌糊涂。看来奥斯卡获奖电影真是不能碰，坑死了。,1,卧虎藏龙
当年看的时候觉得简直是垃圾,1,卧虎藏龙
what a so-so,2,卧虎藏龙
有个大胡子和尚刚说完台词就笑场了 哈哈哈哈哈哈哈哈哈,1,卧虎藏龙
章子怡我实在没兴趣。,2,卧虎藏龙
我对这片子唯一印象比较好的是音乐,2,卧虎藏龙
李安绝不该拍武侠片,2,卧虎藏龙
实在不知道这电影哪里好。。。。,2,卧虎藏龙
我都不好意思说看过,2,卧虎藏龙
真的喜欢不起来,2,卧虎藏龙
轻功只能看章子怡 某大叔太胖了,2,卧虎藏龙
zuo字在手，天下我有,2,卧虎藏龙
真的不喜欢。别说跟黄飞鸿、少林寺、功夫、新龙门客栈、叶问、醉拳比，甚至武状元苏艺儿、武侠、三少爷的剑，都比这片强啊。这是拍给外国人看的吧。当年在电影院就看得莫名其妙。这又什么啊。,2,卧虎藏龙
太假太假。李安骨子里是个细腻的南方男人，这片子也很大程度上带上了他的性格。难以避免的出现了很多漏洞。还有那个罗小虎到底是怎么设定的？一个一身准噶尔蒙古装扮的住山洞的唱着维语歌的率领着一批带着清真帽住蒙古包的奇怪子民的小可汗？,2,卧虎藏龙
难看得要死,2,卧虎藏龙
难看得要死,2,卧虎藏龙
一直到今天都想不明白这片为啥就能拿奖呢？,2,卧虎藏龙
真的是受不了各种港台腔，马上出戏，哎，一个大小姐叛逆闯社会。各种台词怎么这么肤浅,2,卧虎藏龙
漏网之鱼。只记得后半段情节~,2,卧虎藏龙
最难受的就是杨紫琼的普通话～其他槽点也很多～,2,卧虎藏龙
看到一半，坚持不下去了。台词配音一脸尴尬，刚开始的对话什么「得道，寂灭，悲哀」，一头雾水，不文不白，故弄玄虚。情节庸俗幼稚，所塑造的人物形象单薄扁平。那碧面狐狸为啥敢不戴面具杀人？飞来飞去的轻功很醉，玉娇龙完全是善恶不分的傻白甜，那小虎不杀女人是因为他要先撩？,1,卧虎藏龙
论威亚的重要性,2,卧虎藏龙
看惯了武侠片，配这种味道，实在接受不来。承认画面是挺漂亮的，但故事还有打斗场面方面，差评。就是不喜欢。,2,卧虎藏龙
看不懂，除了章子怡，每个人的普通话都让人出戏。轮到张震讲话的时候，仿佛自己在看台湾小言剧。,2,卧虎藏龙
真特么无聊,2,卧虎藏龙
一切恶的开始。、、,1,卧虎藏龙
蛇精病的片子,1,卧虎藏龙
发哥给毁了,2,卧虎藏龙
台词太直白看不习惯，对章子怡演的玉娇龙略失望,2,卧虎藏龙
国妓章太丑 减两分 整个电影就记得发哥被透明的绳子拉在竹子上飘了,1,卧虎藏龙
普通话还是要练好滴~,2,卧虎藏龙
一直不看好李安,1,卧虎藏龙
這就是傳說中的商業片？,2,卧虎藏龙
香港口音台湾口音听起来也太尬了，全篇台词功力都不在线，咱们能不找老外来写台词吗？念几句文不文白不白的台词就觉得自己特牛逼了？感情戏更是非常的莫名其妙，小龙一开始为啥喜欢小虎，慕白又为什么喜欢小龙，咱能好好讲故事吗？只有武打场面算得上是精彩。,1,卧虎藏龙
给美国人看吧，我还是比较喜欢徐克的武侠片,2,卧虎藏龙
？？？这是典型的对所谓「国产经典」吹过头了吧？也不知道歪果仁的高评价是因为什么。,2,卧虎藏龙
就是挺埋汰的,2,卧虎藏龙
好吧和预料的大片完全不一样，拍的场景很真实，演员演技也没得挑剔(稍微觉得章子怡有点出戏)，可能自己没看懂？总觉得是一部味道怪怪的片子。。。,2,卧虎藏龙
为什么不让我的蔡依林来演？,2,卧虎藏龙
我确实不太喜欢这种风格。,1,卧虎藏龙
有那么好看吗？获得奥斯卡奖  豆瓣评分这么高 但每次跟身边人讨论这部电影 貌似没有几个爱看的。自从有了卧虎藏龙 就再看不到九几年那种类似黄飞鸿 方世玉 新龙门客栈 六指琴魔 一刀倾城的电影了,1,卧虎藏龙
没劲 我就不爱看这个,1,卧虎藏龙
配音让我听不下去,2,卧虎藏龙
这真的是武侠吗，动作设计跟闹着玩一样，李安是专门拍给外国人看的吧。中国人应该更喜欢那种草莽武林，快意泯恩仇的武侠吧。,2,卧虎藏龙
章小姐那华丽的一脱,2,卧虎藏龙
我对 “家庭三部曲” 之后的李安 一直是有很大偏见的（色戒除外,2,卧虎藏龙
实在是。。拍给外国人看的。。,2,卧虎藏龙
看过3分钟，莫名的恶心……,2,卧虎藏龙
这部电影告诉我们长得好看又聪明真的可以为所欲为,2,卧虎藏龙
小时候看能记得的只有章子怡和张震的激情戏，长大后看记住的除了别扭的普通话还有里面诡异的台词。,2,卧虎藏龙
说真的我至今也不能理解为什么这个片子为何能获得如此声誉……极其平庸，完全没有打动我的地方，周润发真的不适合这个角色,2,卧虎藏龙
这样一部明显迎合西方口味的武侠电影，枯燥无聊使人昏睡，何必捧的这么高,1,卧虎藏龙
好久没看武侠片，花了两个小时看完，只觉得无聊。,2,卧虎藏龙
这蹩脚的威亚像小鸡扑腾水,2,卧虎藏龙
和原著比就是垃圾,2,卧虎藏龙
要是舒淇演多好,2,卧虎藏龙
不是给国人看的武侠,2,卧虎藏龙
明星阵容，剧情就是为了报仇，结尾很耐人寻味,2,卧虎藏龙
20160123:动作电影。不论你对此生的决定为何，一定要真诚的对待自己,2,卧虎藏龙
破坏玉娇龙形象啊,2,卧虎藏龙
只为了看竹林那一段飘来飘去的戏……,2,卧虎藏龙
完全看不来 小孩子过家家？全程尬演 ,2,卧虎藏龙
just so so,2,卧虎藏龙
还是接受不了这么飞来飞去的,2,卧虎藏龙
真没觉得电影拍的有多么好，居然获了很多奖。很普通的中国民俗电影，加了点武侠的风格。始终不能理解最后结尾精神错乱般的自杀，貌似很酷的化蝶，实质是拿自己的生命去开玩笑。我始终找不到小龙去自杀的理由，居然还正式的叫小虎许个愿吧，我在场绝对会给她一耳光，清醒点吧。,1,卧虎藏龙
好讨厌里面的某演员,1,卧虎藏龙
动作优美，剧情很烂,1,卧虎藏龙
期望越大，失望越大。什么呀……,2,卧虎藏龙
表示看不懂为什么好,2,卧虎藏龙
没耐心,2,卧虎藏龙
对李安还真是越来越不解,2,卧虎藏龙
我觉得是章子怡最好的片儿~,2,卧虎藏龙
我觉得是章子怡最好的片儿~,2,卧虎藏龙
可惜我王度庐的神作，叫一个洋人拍的不伦不类。,1,卧虎藏龙
确实没看懂。,2,卧虎藏龙
看了些介绍本片隐喻的影评，我就想给根中指，什么JB玩意,1,卧虎藏龙
李安既不懂东方文化，也不懂西方文化。他只懂情与色。,2,卧虎藏龙
武侠题材， 章子怡叫床声音真的很销魂,2,卧虎藏龙
别怪我唱反调，但这片子真的太一般了……首先台词就是硬伤，以至于演员的演技都发挥不出来，生硬、做作。其次既然定位还是一部武打片，就在动作戏上稍微下下功夫好吗。完完全全的花拳绣腿，打在身上一点感觉没有的样子，穿帮太多。轻功部分尤其尴尬，着力点还没踩到威亚直接就吊起来了，直接踏空而行？,2,卧虎藏龙
之前的布景和配乐一直是四星的水平，但是。。。最后一幕怎么就突然纵然一跃放风筝了啊。。。玉娇龙你到底悟到什么奇怪的东西了啊。。。实在太陡。。。以及，武当清修之地一夜痴缠真的没问题吗。。。,2,卧虎藏龙
故事好，演员好，配乐好，玉娇龙好，但是电影？？？？？？？,2,卧虎藏龙
我也算是武侠迷了，二十分钟都看不下去,1,卧虎藏龙
看不出什么东西。,2,卧虎藏龙
逗我呢？,1,卧虎藏龙
不喜欢,1,卧虎藏龙
终于来看了…原来宏村就是镖局外面那个湖…江湖的味道我还是不很能体会得到，是艺术但可能不是我的艺术,2,卧虎藏龙
盛名之下其实难副，唉,2,卧虎藏龙
与期望值相去较远。。。,2,卧虎藏龙
如果不是去了宏村和翡翠谷，根本不会想起来再看这部片子！实在不明白，卧虎藏龙是凭什么得到奥斯卡最佳外语片奖的，真真莫名。,2,卧虎藏龙
什么故事情节啊…好烂…看这几个人不标准的普通话好尴尬…,2,卧虎藏龙
装逼做作不感人 还有一口港台腔。两份给视觉,2,卧虎藏龙
李安就是个文盲，把玉娇龙那种心思细腻，善良而又富有革命精神的女子，弄得像神经病，还把李慕白和俞秀莲那种绝世高人，搞得那么龌蹉。这种片子烂的可以怎么还能获奖？,2,卧虎藏龙
失望，不想说什么。,1,卧虎藏龙
哎，看不懂,2,卧虎藏龙
无法欣赏,1,卧虎藏龙
拍照片的概念做电影太奢侈太浪费,2,卧虎藏龙
鄙视李安,1,卧虎藏龙
超级超级讨厌！宁愿你打打杀杀也不要这么矫情好么？！,1,卧虎藏龙
发乎情 止于礼,2,卧虎藏龙
画面有着李安式经典的美感，剧情破灭了堆砌出的观感。,2,卧虎藏龙
《卧虎藏龙》是一部香蕉电影，即黄皮肤，白内核是也！！他是用一个西方人的视角来讲述一段纯正的东方故事，所以会使广大本土观众有一种虽然面容亲切，但却总是难以亲近的似是而非的隔膜，在中国确实不怎么受欢迎。,1,卧虎藏龙
它获得奥斯卡的时候，我就在想，我太弱了，看不懂奥斯卡。收包。2015年2月4日,2,卧虎藏龙
台词也太欧美了吧,2,卧虎藏龙
李安不懂中国文化,1,卧虎藏龙
看完了 有点不尽人意 实在是不对我的口味 里头的原音 特别是杨紫琼的原因让我严重不能入戏 而且电影后边一堆评论一直在舔4个奥斯卡 影片好厉害什么的 却又没人说出到底厉害在哪 实在是有点烦 每个人都有喜欢和不喜欢的权利 这部片我看懂了 但是真的不喜欢 这就是我的心里话 而某部分导演或者奥斯卡奖的舔狗们总要营造出不喜欢就是看不懂 理解不了大导演的意境 而这群人也说不出个所以然到底厉害在哪 这一点让我极其反感 很简单 我看懂了 不喜欢 本来打算给2星 被这群道德绑架的舔狗给恶心坏了 所以改成了一星 我个人是很喜欢李安导演的 也认可奥斯卡的含金量 但是 喜欢就是喜欢 不喜欢就不喜欢 不要拿获得4个奥斯卡奖项这种烂理由来成为你爱上这部片的原因 真的很凸显这群人的自卑嘴脸 喜欢可以 但不要做一条舔狗,1,卧虎藏龙
主要还是不喜欢,2,卧虎藏龙
完全get不到他的好,1,卧虎藏龙
港式发音听着真别扭，内容也空洞，2分最多,2,卧虎藏龙
喜欢不起来，尤其是几位主演普通话水平，实在无法入戏,2,卧虎藏龙
真不记得这片子是李安拍的,2,卧虎藏龙
无趣,2,卧虎藏龙
