时间会证明这是一部好电影。在中国这片土地上，意识超前总不被待见。,5,无极
我不知道为什么很多人不喜欢,5,无极
大家都打一星，我非要唱反调。无极开创了中国魔幻题材电影的先河，是多国演员合作于中国电影的开山之作。作为第一个吃螃蟹的人，陈老总还是需要鼓励的。,4,无极
我是真的觉得好看，不要喷我~,5,无极
这是一部寓言，陈凯歌说五年后就会懂了。现在我懂了。超越时间的经典啊。尼玛都实现了。,5,无极
一部恶评如潮的影片！不过看时还是很有奇幻的感觉的，是一种崭新的尝试。张东健跑起来的时候真的很有感觉~~,4,无极
各方面看 都是不被人理解的一个神作,5,无极
中国人对自己的东西总是充满了各种吐槽，但凡是老外的P都觉得充满了安神醒脑的功效,4,无极
10年前的电影，最近又看了一遍，哪有舆论抨击的那么不堪。于是，舆论真的蠢。,4,无极
我刚发现我以前给的是四星哦，哈哈,4,无极
我觉得还可以~比十面埋伏长江七号强多了,4,无极
没有传说的那么恶心啊。,4,无极
十几年过去，豆瓣评分还是这么低。大家都装×，谁怕谁呢。,4,无极
其实我觉得很好看,5,无极
又看了一遍无极，一部严重被误解被低估的电影。一部高度形式化哲学化的悲剧。市场对这部电影的群嘲，伤害了一个好导演的心气。,5,无极
很有想象力的东方美学电影，命运之神最后还是输了，将军没有伤心泪，倾城也拥有了爱情，这是部好片子,4,无极
好电影啊……真的好,5,无极
想想现在的中国魔幻电影，我真的要重新审视无极了。,4,无极
这是神作!! 都是因为你们看不懂,5,无极
陈凯歌本质上是个诗人，是个文青，《无极》《荆轲刺秦王》《道士下山》本质上的调性是一致的。我很庆幸是2016年看到《无极》，而不是05年。这部电影毫无疑问是超前的，超前在形式上。看的过程中我开始觉得二星，然后觉得还可以，然后觉得四星，然后觉得五星，结尾又觉得得扣点，但还是要给五星。,5,无极
重来一次的机会,4,无极
这部电影并没有遵从魔幻题材的一般技巧，而是用隐喻和致敬代替了探索和冒险，因此被称为“神话电影”。从这个角度来看，这真的是一部难得的影史留名之作。,5,无极
老了，怀念国产大片时代。,5,无极
真正的速度是看不见的，就像风起云涌、日落月升。就像你不知道树叶什么时候变黄，婴儿什么时候长出第一颗牙来。就像你不知道，什么时候会爱上一个人。,4,无极
很多隐喻挺酷的，镜头语言也不错。张东健的眼神如此清澈，在男演员里真是极为罕见。鼓励性四星,4,无极
其实还不错的电影，至少娱乐过我。,4,无极
一部属于我们这个时代的神作,4,无极
我也是当烂片儿看的，只是为了围观我家真田小队长。可是整个看完觉得真心不错，情调叙事，配乐很棒，真甜大叔和张东健乱七八糟的外国口音太萌了。虽然前一半的时候我一直把张东健当成黄晓明。至少我看这个片子的时候很享受。不是情人不泪流。,4,无极
让寝室四个老爷们儿笑得跟娘们儿一样 哈哈哈哈哈哈,5,无极
我就是觉得还行，为什么滔天差评，不服！四星！,4,无极
一个馒头火了。,4,无极
多年前看的时候，觉得片子还不错。这么多年这片一直被各种嘲笑，现在再来看一遍依旧觉得还是不错啊,4,无极
我觉得还不错，虽然港普实在出戏，但是我对谢霆锋的滤镜实在是有点厚，而且里面的张柏芝也是真的美啊,4,无极
原来凯老师不是痴呆！,5,无极
多少人是看了老湿的吐槽和一个馒头引发的血案就打1星的。抛开大众的评论，用自己的眼光重新审视这部作品，还不错，今天先给4星，我相信时间告诉你们这是一部好片，如那位网友说“在中国这片土地上，意识超前总不被待见。”,4,无极
我看的是馒头。。。,5,无极
慢慢的懂点，无疑是铺天盖地的胡扯，有我的style,4,无极
我求求国产电影多一些这样空洞、叙事性差的作品行吗，十多年了我发现我还是宁可回头看无极也不想再看《小时代》《左耳》《栀子花开》等等各种。。。,5,无极
《无极》是一则包裹在东方意味和魔幻外衣下的伟大东方寓言，遭到了不明世相的人们的不公正的诋毁 ---十年了，谁来翻案,4,无极
我喜欢它。不做任何辩护。,4,无极
很有思想的一部电影被陈导刻意的夸大和强调了 再加上胡戈的恶搞 越来越背离初衷 默~,4,无极
傾城的扮相分明就是個鬼,4,无极
我挺喜欢的。。。,4,无极
哈哈,4,无极
充满隐喻和诗意的好看。更喜欢这样的美学。,4,无极
mean something to me,5,无极
换面很好！~我也觉得电影不错啊，没有传说的那么差...还有我超喜欢陈红！~,4,无极
你们怎么能看不懂无极！！你们怎么能不懂陈凯歌的内涵！一群混蛋！虽然片子很烂！但是陈凯歌的预言一一成真！包括没穿衣服的张柏芝和张谢的婚姻破裂是在这里就被预言的！,5,无极
我觉得不错啊,4,无极
选择和被选择，相信和被相信，关系复杂。,4,无极
我觉得挺好看啊,4,无极
重看：http://www.douban.com/people/djgemini/status/1066298302/,5,无极
画面很唯美好不?,4,无极
多么梦幻,5,无极
我就是觉得无极好,4,无极
很有个性,4,无极
四星给画面,4,无极
还是上面的原因，因为看不明白,5,无极
我觉得至少挺美的。,4,无极
十三年后第一次看，果然看得懂，而且我真的觉得还蛮好的，不烂。陈凯歌真的被误会了，至少不该被骂成这样。加一星把分数拉高零点零零几。,5,无极
我想小声的说：我很喜欢这部电影。,4,无极
这是著名导演陈凯歌的作品，是一部奇幻史诗电影，观影完毕证实了这种电影不是我喜欢的类型，但是肯定有很多人喜欢的，为什么评分这么低？,4,无极
我觉得挺好看,5,无极
为什么我挺喜欢它的…,5,无极
別人說很差，我卻很喜歡,4,无极
0 0，现在回头看，是预言啊！！尼玛，当年给两星的我错了！,5,无极
今日又看了一遍无极，为了导演剧情精心设置，演员动人演出，看着看着就哭了。在此之前，我还以为我果然是变老了，变得感官麻木再也不会流泪了。原来是好作品都在以前……,5,无极
又一部神作~,5,无极
很好看。,4,无极
烂片中的战斗鸡~没有无极的烂片不是好烂片~一定要推，强推,5,无极
除了声音搞笑一点 其实还不错,4,无极
多年后的二刷，此片确实不该受“烂片”之罪，论电影美学，陈凯歌绝对称得上大师！能看出陈的四亿没有白花，但还不够...,4,无极
-_- 觉得无极烂的 你们脑子进水了？,4,无极
中国电影里稀有的古典戏剧气质和寓言性，挺美的哲理玄幻电影，可惜时运不济，网络民众集体狂欢式地夸张吐槽本片，也算是引发了一种大众文化现象吧。有几处特效粗糙，但其实对全片影响不算太大，因为只是过场镜头。,4,无极
。。。。。。。,4,无极
这片儿挺好的其实。。,4,无极
我真的觉得还挺好看的~,4,无极
其实我觉得这片没有这么烂啊，虽然被恶搞了很多，但是我觉得色彩，演技都很不错的说，故事略弱了点。,4,无极
"奇幻电影中国只有无极, 跟风黑毁了它。",5,无极
我终于懂了，陈凯歌乃预言帝,5,无极
国人对无极的不认同只是馒头和时间的问题,4,无极
个人觉得不是那么烂啊~,4,无极
在杭州UME与花花一起看的，观后我们一致认为本片还行，值得推荐，之后被 胡戈 恶搞后 出名了。我一直认为国人就喜欢会讲故事的，不喜欢其他电影表现手法。,4,无极
五年后我看懂了，预言啊！,4,无极
为什么我觉得好看丫~~~,4,无极
2005年的片子，今天总算是完完整整的看完了一遍，翻译为the promise比较好，就是讲承诺的爱情片，画面很美主演们也都很不错，中国人只是接受不了超前意识，我明白为什么老外比中国人爱《无极》了。,4,无极
觉得画面很美 不过故事说的不太清楚 不理解怎么恶评多啊,4,无极
重看一遍感觉挺好看的最后竟然被打动了，当昆仑对倾城说出王真的是我杀的时候爆发了。都骄傲的自以为掌握命运最终都逃不过命运都在心存侥幸，骗来骗取，只有昆仑一步步知晓自己的渴望真诚直接的去走下去毫不犹豫不回头。,4,无极
一直觉得是难得的好电影。,4,无极
不错啊我觉得,4,无极
  我就是喜欢无极,5,无极
第一次觉得谢霆锋是演技派 是从这部戏开始的,5,无极
比起霸王别姬的讨巧、迎合世俗，无极可能是陈凯歌最好的电影。我们一边批判中国电影的循规蹈矩，一边又对真正的先锋电影恶语相向。我相信无极会有再被拿出来讨论的那一天。,5,无极
其实还好啊 没有大家说得那么烂啊  张柏芝好骚,4,无极
倾城倾尽全力想得到真爱，却摆脱不了命运的诅咒，看到最后不禁潸然。无极是一部被耽误了的好电影，毁于网络暴力兴起的热潮《一个馒头引发的血案》，然后被黑的离谱。无极常看常新，会有很多不同的感悟，愿历史能够为它正名吧。之前的种种骂声只能说都太年轻，并不懂得“无极”吧。,5,无极
我真的觉得木有那么烂啊...张东健演的还行啊~,4,无极
虽然没有逻辑性，但是还不错,4,无极
跟着你有肉吃！,4,无极
6分电影 不至于4.2 跟风狗滚粗,5,无极
你可能觉得我疯了，我只是很欣赏陈凯歌那种骨子里的莫名追求,5,无极
凯大叔说的真准啊  这会看懂了 ,4,无极
被黑的太惨了。。。拉分,5,无极
从一开始这就是一部震撼我心的绝世电影 还记得那个时候我对朋友说 我明白为什么一个馒头可以那么重要 朋友对我说 你就是一个小心眼人。 或许没错 可是要知道 其实真正能改变一个人 真正能让人生轨迹改变的往往就是一件你以为微不足道的小事 ,5,无极
电影上映的那年，我十五岁。但现如今才看，恍惚脑海里一直有的那些舆论和轻佻的恶搞真是严重的对这部电影的不尊重。好评来得有点晚。,5,无极
2006,5,无极
为什么我觉得好看呐。。,4,无极
搞不懂为什么当年被说得那么烂 明明不算烂 画面很美 人也很美 剧情吐槽点不多 别纠结馒头就行 三星多吧 给个四星平衡下,4,无极
神作,4,无极
这电影其实挺有意思的，不知道对白上是不是为了西方观众所以比较直白简单。,5,无极
我靠，點錯了行不？,4,无极
人美景美，太浪漫宏大了，非常喜欢。不能多说，多说该有人来喷我了。,5,无极
关于无极 我给五星,5,无极
最好的电影!,5,无极
多美的视觉效果阿。。。并没有那么烂好么，陈总需要鼓励呀，张东健好亮，听他们讲普通话好别扭＝＝张美人是真美人。。刘烨也亮。。。恩 谢霆锋也亮。。,5,无极
虽然被很多人批，但我还喜欢,4,无极
我并不觉得她肤浅，她只是需要想象力。,5,无极
很久之前看过的众人口中的大烂片，我觉得还好还好。,4,无极
这是一个预言神话！,5,无极
其實看了很多遍了 看粵語版莫名的看出一種「3D肉蒲團」的感覺。滿神對傾城說 你永遠得不到真愛 就算得到了 也會馬上失去。都是因為她 使無歡不再相信世上任何人 連他自己在內。她毀了他當一個好人的機會。從那以後 他再也沒有得到過愛。無歡對傾城說 你知道嗎? 伱昰這個世界上第一個騙我的人。,5,无极
...,4,无极
还是可以的啊！为什么要骂死？！,4,无极
50年后！人们会重新认识它的价值！,4,无极
看着现在的国产电影 无极真的是棒透又前卫 还有夜宴,5,无极
两颗星，一颗星加给陈凯歌的语言，另外一颗星加给舞美。,5,无极
预言大师,4,无极
误解,5,无极
馒头馒头,4,无极
至於讓你那么砸嗎,4,无极
偶觉得好的经常人家觉得不好 这就是最经典的例子 tmd 娘忘了跟谁在电影院看的了,4,无极
平生自己掏钱买的第一张电影票。宿命论的我看得怦然心动，不仅未随流俗冷嘲热讽，还被电影的东方美学看花了眼。如今，这部无极谤满天下，却让我更加好奇，当年自己眼里的美，究竟是何模样？,4,无极
其实这片子相当商业 挺不错的 只是选错了受众。,5,无极
那时候相传是极品烂片一直没敢看其实就一很多人很纠结的情节。还好不是很烂。,4,无极
40元的电影和谁看,5,无极
不好看，但是成就了一个馒头引发的血案,5,无极
不论被怎么评为无聊和华而不实，毕竟讲的是简单美好的故事，的确感动到了！画面演员也都漂亮~也许是漫天唾沫中带着负期望值去看的反效果吧~,4,无极
好看，就像看一套沙士比亞的大悲劇，有著清晰的prologue、命運的母體、女神和oracale、恨、愛、復仇、傾國傾城的美貌、角色間的錯模、 downfall，然後死。美術又夠camp和theatrical。大概沒人明白陳凱歌正嘗試拍一套沙士比亞吧，所以當年劣平如潮。,4,无极
今年二看这部电影 这个故事好啊 虽然带着希腊神话的很多影响 但各方面来说美工和镜头调度 比中日妖猫传深刻多 就是台词太多了 还有陈红满神的角色 前面在人类世界刷存在感 后面就消失了 台词多问题就多 黑袍这个角色真不错 最后无欢有点狗血,4,无极
这个评分都是一个馒头害的，虽说一个馒头也是好东西，但是智商更可贵。,4,无极
要什么?要真爱?还是要宠爱?还是要博爱?,4,无极
"很浪漫,真的.",5,无极
要为《无极》翻案,5,无极
为《无极》平反，镜头、配乐、美工几近完美，人物关系、人设隐喻、寓言式语境、写意意境，陈凯歌意识超前，无奈被低估。一个很业余的“老湿”视频带动全民狂喷陈凯歌，到现在可能还有人真的以为陈凯歌很烂，但是后来中国就没有出过比《无极》更好的大制作。,4,无极
我还是挺喜欢的 除了他们那圈人的乡音有点重。,4,无极
我觉得不难看啊。。。,4,无极
无极,4,无极
美术指导 什么的 不错吧,4,无极
写实主义预言电影,4,无极
一般,5,无极
当时一片恶评时，我却特别喜欢的片子。现在看来依然喜欢。,4,无极
虽然设定不太合理，剧情也有点扯，比如雪国的人跑的那么快为什么还都被抓住了，但是好多场景可以说太美了。里面是真田和张东健、张柏芝、谢霆锋都是演员本人声音吧。剧情首尾相应。,5,无极
生与爱，你选择哪样？,5,无极
分怎么这么低,4,无极
大概去年心血来潮看了这部片子。除了配音非常出戏外，电影里的许多构思放在当时是非常超前的有新意的。虽然总体故事有些简单，有些翻转也是挺有趣的。相比于之前我看过的什么夜宴满城尽带黄金甲，觉得无极其实还是可以看看的。,4,无极
其实比夜宴那是好多了,4,无极
没有那么糟糕。您再多看几遍,4,无极
陈凯歌的又一部搞笑片,4,无极
不管怎么样，《无极》在国产幻想史诗题材的电影中也算是座里程碑了，毕竟当时还没有其他导演敢拍这种电影。,5,无极
硬伤挺多的，但对东方奇幻电影的开拓性贡献不应被无视。提一星平衡。,4,无极
有缺陷的杰作,4,无极
"她站在云端,毫发无伤.",4,无极
十年后真的懂了，重新评分。,5,无极
还好的。。悲剧的电影不过还算有点哲理啥的。。,5,无极
我想剧情不变，导演演员换成好莱坞阵容，再雇水军宣传，你们他妈又得来舔吧！,5,无极
中国特效的巅峰，不服就告诉我个更好的,4,无极
我觉得很好，为什么大家觉得是烂片呢？,5,无极
现在我看懂了,5,无极
《无极》我是懂的，它与《易经》有关，试图从人神共存的最初时刻，解释人类的不幸命运是怎么来的。倾城，为了生存（馒头）失去了爱；无欢，被欺骗从此再也不相信（信任），所以他叫无欢；光明将军，为了权势不能动情，动情则死（权力）；昆仑，因渴望而学会直立奔跑（人）和自由。,5,无极
画面很好看，可和英雄比少了一点大气。故事很玄幻但也充满激情。亡国之痛，无爱之痛，背叛之痛，暴君，错爱，这一切的一切也许都是神给的宿命，无法违背。几个角色都很有个性充满魅力。,4,无极
说它差的你们都是脑盲！,4,无极
用心体会才能理解，我认为这部片不错。,4,无极
[2011.6.27] 神片。一切预言都兑现了，对此我还能说什么？,5,无极
其实我没有这么讨厌无极。。。明明很欢乐的。。。,4,无极
我也不知道为什么那么多人不喜欢。,4,无极
挺美的画面,4,无极
对不起 不该评那么低的 我错了,4,无极
画面很美 音乐很棒,4,无极
无论从题材还是制作效果，无极无疑都是具有代表性的，至少到目前，还未见有出其右者的国产电影，虽然剧情不够深刻，虽然众口难调，虽然从我第一次看，它就活在争议声中，但我依旧一如既往的站在它这一边。倾城，无欢，无极……,5,无极
10年前我看这个的时候还是看的盗版片，没看懂什么意思，乱七八糟的特效觉得烂到不行。10年后再回顾，除去特效，我发现里面演员的演技都在线，张柏芝美如画，感情线也很贯通，让你看后止不住的沉思，满分,5,无极
相比之下，我更记得住馒头,4,无极
这回是水院的东礼堂，依然一块钱，却是盗版，DVDScr。看的津津有味，刘烨跟谢霆锋都让我大吃一斤他们都病了吗。跟一位女性朋友看的，她住南校区，应该是结束之后，送伊上了一辆出租车，还很屌丝的扔了车费给司机。想到当年的我：“回想起往事就一阵阵恶心”。 XD,4,无极
真是无极.....潜力股么,4,无极
5星为了拉平均分。跟风的豆瓣网友唉....,5,无极
2009.11.20,4,无极
看到常用标签里有烂片，觉得过了。挺好的片子，特东方。,4,无极
预言神作,4,无极
剧情正如大片一般的狗血。但是挺好看。,4,无极
预言,5,无极
特别的电影,5,无极
我真的好喜欢。,4,无极
从05年到11年，国产商业制作仍然停留在《无极》的水平，而且愈演愈烈，这不能不说是一个奇迹。,5,无极
真正的速度是看不见的，比如，你突然发现，以前以为的烂片，其实是一部好片；一切，都逃不过宿命；,5,无极
很多年后，你会明白我为什么给五星,5,无极
回过头来看是自己当初年轻了。,4,无极
这个居然没标，当时觉得好看，12年又看了一遍还是觉得还行啊,4,无极
又古典又超前,5,无极
谬0颗星星……只好给5,5,无极
其实还可以！错就错在是陈大师拍的······,4,无极
目测中国近11年最好的魔幻吧,4,无极
可能在当年太超前了，导致观众一下懵逼了,4,无极
不知道为什么那么多人讨厌这部电影，但真的没有想象中的烂，影片想讨论的追寻自我，对抗命运和对爱情的向往，都很棒！尤其是影片呈现出的那种油画般的美，最起码这也是一部及格的电影。,4,无极
为什么我真的觉得这片儿还可以,4,无极
我当年没看过，在2017年12月5日邂逅无极，时间会证明你的美,5,无极
神,5,无极
其实我觉得吧...把《无极》当成《一个馒头引发的血案》的预告片或者前传来看还是挺不错的~╮(╯▽╰)╭,4,无极
中国观众看不懂《云图》，觉得自己傻逼。中国观众看不懂《无极》，觉得陈凯歌傻逼。,4,无极
我要给你另外一次选择的机会,5,无极
反正我当年觉得好看,4,无极
烂得好！！！！！！！,5,无极
又重看一遍，其实很独特的东方魔幻风格。美术音乐表演剪辑节奏完美，特效有点粗糙图都没抠干净拖后腿。我觉得观众觉得浮夸剧情夸张首先是要接受影片的基调设定，就跟看百老汇音乐剧你要接受人动不动就要唱歌跳舞的设定一样。,4,无极
主题散漫且无趣，画面实在是漂亮,4,无极
我还蛮喜欢,4,无极
十一年过去了，回头再看，误解了很多好片,5,无极
这部电影我从小到大看了好多遍，每一遍都有不同的感觉。,4,无极
陈导你赢了！http://www.douban.com/photos/photo/1079363336/,5,无极
表示其实我挺喜欢的,5,无极
陈凯歌是预言帝啊！,4,无极
无极5.1 妖猫传6.9，十几年过去了，国人的电影审美提高了1.8分,4,无极
太好的一部电影 ,5,无极
喜欢这样的题材。有段台词真的挺经典，我觉得挺好看的啊为什么评分这么低。,4,无极
其实还行，谁然不是很好，但也不至于像评论那样糟糕。画面很漂亮，特技也不错，偶尔还会有能够让你回想起馒头里桥段的镜头，知足了。,5,无极
八年过去了，我认为《无极》是大陆电影进入21世纪以来最伟大的电影。它是划时代的，是超越时代的，所以八年前它被评为烂片。正如陈凯歌八年前所说“无极你们现在看不懂，以后你们会明白的。”,5,无极
薔薇將軍長的超像黃國倫。最讓我驚訝的是謝霆鋒的手指權杖太惡搞了!!!,4,无极
四星的分，为了拉高一些分数，多打一星。十几年前第一次看时就很喜欢，然后看到一片骂声不懂得到底发生了什么。十几年后，终于看到了跟我一样想法的人。真正的魔幻风格电影，真正构建了一个幻想中的世界，阶层，人性，爱情。这么多年过去了，我念念不忘。,5,无极
我很喜欢，除了部分台词，这估计是仅有几步和大众相背驰意见的影片吧,5,无极
五年后  改了下评分 可以看作是cult片吗  ,4,无极
"不明白为什么那么低的分数,觉得很好",5,无极
这么神的片我决定从一星改五星,5,无极
我认为很神很好！,5,无极
都说不好看。不过我喜欢,4,无极
不要太挑剔，支持陈导，他已经很不容易了,4,无极
无极是一部有理有据，令人信服的五星电影！！！！！！！！！！！,5,无极
哈哈雷人到极点也是一种经典。,4,无极
至少这是一部自由的作品,5,无极
反面教材4星,4,无极
电影总是夸张的 而人性本是那样复杂 ,4,无极
挺好的，别人家骂，就全民一起骂。除了结尾的铁臂阿童木。,4,无极
http://www.imdb.com/title/tt0417976,4,无极
我看完风月以后，才发现陈凯歌其实有机会成为中国，甚至是全世界最好的导演之一。当然无极其实很不错，没有给出5星的原因是我不喜欢谢霆锋和张柏芝。。,4,无极
不明白为什么大家评分那么低？无聊没看懂吗？那个年代拍的出这样的作品，陈凯歌已经很牛了，有几个人想的出做得到？不要上升到历史传统的高度，你看的是电影又不是记录片！总之我觉得很厉害，人物复杂的情绪，人性的弱点都表现的很赞,4,无极
我觉得能看,4,无极
.多他妈的有创意的神仙姐姐风筝馒头.....不给五星的都是坏人!,5,无极
bt的北公爵==一个馒头引发的血案～晕～,4,无极
重新翻出无极来看，心一哆嗦，当年黑他我道歉,4,无极
因为这个，有情人终成眷属~~,4,无极
我觉得挺美，这样的电影，比起现在那些一两个月就生出来的骗子电影真是用心多了。我想当初CKG拍这部电影绝对不是想来愚弄观众。只是故事的瑕疵太明显。,4,无极
五年前没看懂这个片子，五年后觉得这个片子真有味道,4,无极
多年后想来原来是预言神片，当年只记得场景配色很美了。,4,无极
其实雷得很有诚意，有想表达的东西，但是功力不够。虽然雷，雷得唯美欢乐，感觉陈导是鬼魂附体了么，想出这个东西。。。比一大堆只知道植入广告，省成本的P导强多了,5,无极
不要随便冠上指环王的名号……这是很多年前的评论，现在再看，还不错。比现在的烂片高的不是一点半点。,4,无极
很美，像梦。本来就是梦。非常新颖高超的影像语言。但是，陈凯歌没有足够的能力去驾驭这个世界，所以许多人都觉得它可笑,4,无极
你应该去看一下，传说中的烂片之王,4,无极
10年后的现在再看了一遍。真的很不一样。画面美到爆。满神的那句问句让人鸡皮疙瘩掉一地,5,无极
我是喜欢本电影的,5,无极
陈导会告诉你们其实这是一部喜剧吗,5,无极
情爱游戏与命运无关。,4,无极
跟风狗们醒醒吧，这是一部优秀的中国奇幻电影！但是时间线有硬伤，昆仑两岁时无欢已经是青年了，这么看昆仑可以叫倾城妈了，这是伦理片吗？,4,无极
我是来看谢霆锋的,4,无极
中国人看不懂外国电影就感觉自己是个傻逼。中国人看不懂中国电影就感觉导演是个傻逼。,4,无极
五年之后  终于懂了,5,无极
神话，另一种极致啊,4,无极
其实我蛮喜欢的..,4,无极
特效 配乐美术 服装 你最起码也该给个3星吧。,5,无极
其实细细想，剧情是优秀的，但是被太多人黑了哈，我来拉一下评分。缺点是配音和画面，但我觉得评分至少应该比小时代高。,5,无极
如果无极是一部烂片的话，我郑重宣布，我将做一坨可爱的臭狗屎。单单片中比话剧更话剧的对白就是众多电影无法超越的······,4,无极
其实挺好的，输在了陈红和国外演员的配音上。,4,无极
配乐堪比魔戒,4,无极
不管别人怎么说，我觉得无极挺好看的,4,无极
什么破玩意儿？？？！！！,5,无极
为什么恶评如潮！？小时候看的！觉得美死啦！,4,无极
简直不能再经典的神作,5,无极
无人可及的喜剧片！！,5,无极
对不起了，当年的我并看不懂这部片,5,无极
这么多年过来了，这部片子放到现在真心良心。,5,无极
看了三遍，终于看懂了陈凯歌说的什么意思。  不过，作为一个大制作，确实太慢热了。,5,无极
&lt;无极&gt;真是一部被大众埋没的电影，私以为东方古典奇幻题材无出其右，美工好到逆天，几个角色塑造和故事也都很深刻，西方类型片与东方哲学、美学的完美结合，命运，因果，机缘巧合，爱恨情仇，一念成魔，一年成佛...整体氛围简直是诗意。,5,无极
十四年前我以为这是个烂片，但是开启了魔幻主义的大门，现在我来给这部片子正名，我没想到这部片子竟然是个终结,5,无极
故事是个宿命式的古典大悲剧，要能接受话剧式的表演和比较飘的台词，就能看……反而是服化道、特效怎么感觉一般呀？,5,无极
看了才知道怎样的片儿叫人无语,5,无极
意义大于剧情的一部片，美景＋1星,4,无极
原来一直爱错人,4,无极
背负骂名又怎样。流泪却是真感情。,5,无极
该片无论是从摄影效果、视觉效果、音响效果、服装造型等效果方面都堪称绝佳，整个场面气势宏大，特效略假但依旧夺人耳目，导演想要表达爱与谎言的中心内容也值得观众思考，但或许男一男二都是外国人所致，配音与演员表演形式很不融合，感觉别扭。,4,无极
魔幻电影的里程碑,4,无极
我是真的喜欢,5,无极
被低估了的电影。其实本人很喜欢陈凯歌，觉得他是个很有想法和能力的导演，没有外界某些评论说的那么不堪。,4,无极
很有个性,4,无极
深情，需以死赎罪。一切，尽在无极中。如果时光可以倒流，我愿意做你的父亲，让你做我最后一个情人。如果性别可以逆转，我愿跟你搞拉拉。但是，现在，我还是穿上黑袍，当我勇敢的那一天，可以化成烟尘，随风而去。没有情，没有爱，没有再见。,5,无极
为何这么多人说不好？重申了下，感觉还是没有这么差,4,无极
真的有这么烂么？我觉得风景很不错。,4,无极
陈凯歌,4,无极
现在想想没有那么差。。。,4,无极
谁也不会相信谁,4,无极
我就觉得这片很精彩，画面也美轮美奂，剧情也清新,5,无极
无级般的无语,5,无极
我也觉得还行,4,无极
我要给你再选择一次的机会,5,无极
《无极》应该得到平反,5,无极
真的没那么差,5,无极
有诚意的烂片。陈导是被附体了么~~~,4,无极
我觉得很好看呀,4,无极
同“英雄”,5,无极
反正我喜欢。,4,无极
当年必须必一颗星，五年后必须必五颗星,4,无极
2013年的古装大片好少啊。怎么搞的，我觉得还蛮好看的。想起了另一部被严重低估了的片子就是徐克的蜀山传。反正千万别信影评人。,5,无极
视觉上很美。剧情和角色上对白上，很欢乐。给特效的4星,4,无极
场景还是蛮美的，喜欢刘烨啊,4,无极
哈哈，我果然看不出它是烂片，除了装扮像cosplay,4,无极
小学看的,4,无极
三星半，后半段太扯了。不过真心觉得并不烂，说到底是讲了个爱情故事。。另外这片子放现在看，基情满满啊，似乎陈导很喜欢拍男人间的暧昧,4,无极
一个馒头引发的血案,4,无极
哈哈哈哈，这部一定要加精！,4,无极
给陈凯歌拉一拉分。互联网时代对不起他。,5,无极
我觉得还不错啊,5,无极
我就是喜欢，我没感觉怎么雷的...,4,无极
为什么我从很久以前就觉得很好看了！！！！！！,4,无极
太搞笑了！还想看！,4,无极
我突然觉得这是部不错的电影,5,无极
一部被低估的作品，最后十五分钟有硬伤，但整体还是非常不错的，陈导宝刀未老。,4,无极
艳照门后我们都看懂了,4,无极
很超前的一部作品！如果最近几年上映，观众是会看完这部影片的。现在拿出来看仍然有中国大片的范儿。,4,无极
虽然很多人都不喜欢   不过 我喜欢,4,无极
以后会懂,5,无极
记得小时候的那个寒假，把《一个馒头引发的血案》和后舍男孩的视频一起看了好多遍，结果十几年后才第一次看了这部电影。可能我对于“朴实简陋的魔幻主义风格”有特殊的好感，所以还蛮喜欢的，简单的隐喻和恢弘的画面，适合微醺状态下看。,5,无极
至少画面和人物的妆容还不错，不过听说破坏了环境,4,无极
很早很早了，长大之后才意识到，真的是一部非常超前的后现代电影艺术。中国版《降临》,5,无极
太美了，摄影美，cg美，浮华到爆炸的华服美，前半部分五星，后半部分玩脱了，奴隶起而为人，后来终于找到自我，直面欲望，这算是陈凯歌自己的真实写照?陈凯歌一向是个精日，这部电影尤甚,4,无极
四颗星星全部给画面,4,无极
如果我说这部电影其实没那么无聊。。摄影方面还是有点看头   你会不会揍我？,5,无极
当年就很喜欢无极，几年后又看了一遍，看了两遍,5,无极
风格还不错,4,无极
我始终坚信这是一部好片子！,4,无极
初中看的这部电影 给我留下的印象倒是真的不错 不知道现在来看为什么在骂,4,无极
其实没那么差，挺好看的,4,无极
2007 中央6套,4,无极
给这么高因为谢霆锋,4,无极
很美。,5,无极
这部片子看的时候就不觉得很烂，为毛都说他不好？,4,无极
人生如戏，全靠演技。时隔近六年，陈导实现了他的预言，张柏芝和谢霆锋用生命演出了《无极》的真谛。但求谢霆锋能改过自新，张柏芝也能早些遇到自己的昆仑奴。真可谓：用一生演技，演一出悲剧。,5,无极
这部影片的评分很豪放,4,无极
陈凯歌的奇幻商业大片，画面很美，恶评如潮。著名的“一个馒头引发的血案”的缘起。,4,无极
还是吃馒头吧,5,无极
这片是烂片，摆渡人，爵迹算什么呢？,5,无极
随着今年越来越多中国大烂片紧随朱延平的大片横空出世作呕人间。无极慢慢变得可爱起来！！！,5,无极
重看了一下，觉得当年的那些恶评和炮轰还是太冲动和偏于群体的盲目性。片子不是没有问题，比如在类型定位上的不清晰，有些地方可能对于通俗电影来讲比较别扭，但也有很多很好的方面，他有一种情怀，一种纯真的渴望，渴望爱，渴望‘渴望’。尤其音乐太赞了，非常非常动人。,4,无极
回过头来看，也那么烂。空灵的意境和绚烂的画面都很具美感的。,4,无极
很多所谓的优秀的电影我早已忘记了剧情，可是很多年过去了，我还是会记得无极。,4,无极
说这是烂片我偏不服，无论是画面还是剧情都那么唯美，一众的帅哥美女，这样难道还不够吗？,5,无极
当年看完觉得这完全和烂片不沾边儿,4,无极
被黑得这么惨的无极第一次看，却觉得非常感动。这部片子充满了隐喻，节奏、服化道、演员表演都是很棒的，我很喜欢,4,无极
每次重看都会有新的感受～,5,无极
极品搞笑啊~~~~啊哈哈哈哈`~~~~~,4,无极
可能值得再看一次,4,无极
继徐克蜀山传后又一里程碑式奇幻作品，是时候翻案了,5,无极
从故事构思上说很奇妙，主题是压迫和反抗，倾城反抗着得不到真爱的命运，鬼狼反抗着苟且偷生的过去，昆仑反抗着奴隶的身份，光明则接受了满神预言的命运，只是无欢的行为动机值得推敲。那件黑袍是穿越时光的神器，但一旦穿上也预示着脱离了现实世界。我觉得被吐槽主要在于台词，一是非普通话二是太直白,5,无极
意犹未尽的滋味,4,无极
小时候看过，没看懂，感觉不好看，十年之后再看，没有快进一分钟，但是仍旧似懂非懂，但觉得很好看,4,无极
还是很喜欢这部电影的制作，只是中国观众还没准备好自己的奇幻题材，就像科幻题材一样。,5,无极
好像还记得 当初好像就是因为这个才喜欢电影的 更重要的是 那小女孩是我高中的耶！！！！！！,4,无极
分不重要，喜欢就好。9.4/10,5,无极
补标,5,无极
没那么烂，也没那么好，然而要说魔幻史诗，它是第一。,5,无极
陈凯歌说，5年以后大家才能看懂无极，我现在看懂了。谢无欢（谢霆锋）：“你毁了我做一个好人的机会！” 陈满神对张倾城（张柏芝）说：“你永远也得不到男人真心的爱，得到了也会马上失去。”,5,无极
往事如在眼前：一，电影院全票80元入场。二，前方坐了个感动到华丽丽内。牛。的范儿姐。三，她哭得最狠的时候我终于忍到内伤撑不住狂。笑。笑声在光明葛格的血泊前久久回荡。,4,无极
张柏芝超美超美,4,无极
看过三四遍之后 不得不说其实是部好电影,4,无极
不知所云的电影,4,无极
一向喜歡空想式作品，縱然故事不濟，仍然喜歡其部分設定。,4,无极
年少的我曾痴迷于这场光怪陆离盛宴,5,无极
完美。,5,无极
为什么我觉得还不错。这种完全架空的玄幻题材拍成这样才对啊。比这两年那些玄幻电影强到不知哪里去了。,4,无极
这个绝对是极品囧片,5,无极
看过好几遍了不觉得有多烂啊，特效配音剧本和港台演员的演技确实都粗糙了点，OST非常好，再给张东健多一星,4,无极
无极真是被黑了，一个馒头能不能引发血案，从现实来看，不要太多喽。陈凯歌所做的努力，在大众狂欢消解了。,4,无极
重温觉得真的是被低估了。,4,无极
无极上映的那一年没有去看，大概被太多人骂为烂片，今天看了，觉得大多数人大概是被无极夸张的拍摄手法和题材所障目，没有看懂影片背后的深意，才会认为这是一部烂片。整部片子让我觉得唯一诟病的地方大概就是特技了。但是如今看来这是十一年前的电影特技，如今的中国电影特技也没进步多少，还是给五分,4,无极
其实我还是挺喜欢这片的。有很多导演想要表达的东西，是在他心里的，无法用任何元素来表达，它就在那里堆砌，逐渐形成眼前的这部作品。旁人不懂，也没关系。,5,无极
画面非常美，很多对白很经典...,4,无极
陈凯歌导演真是一个浪漫的人，最难是求而不得，最恨是爱而不得,4,无极
再看竟然感动到泪流满面，你永远得不到真正的爱，就算得到也会马上失去,4,无极
一部被忽视的伟大作品。,5,无极
6.6，多一心拉分。断断续续看了几遍，今天终于连着看完了，有些地方是处理得很搞笑剪辑也有些混乱，但是除开这些，真的有所说的这么烂么？,4,无极
史诗大片。也许以后会被人明白。,4,无极
没有说的那么烂吧，看了几遍，还会看,4,无极
为什么我觉得还挺好看的,4,无极
三星给谢霆锋两口子，还有一星给一个馒头引发的血案。。。,4,无极
MS不觉得像媒体炒的那么差，怪只怪他的【霸王别姬】太优秀……,4,无极
柏芝很美.,4,无极
我还是挺喜欢无极里所虚拟的世界的,4,无极
为了谢霆峰，张柏芝,5,无极
其实我觉得挺好看的,4,无极
无极哪有那么烂,4,无极
原来这是一部感人至深的爱情片，画面精致，配乐堪称完美。中国太缺少这么理想主义色彩的电影了，乌托邦的世界，故事未必需要太多的合理性。而你只需要静静的欣赏它，当然，没有一定文学素养的人是欣赏不了它的美的。,5,无极
故事编的不错。对中国电影讲故事的水平有所突破。,4,无极
差点因为差评太多错过了一部好电影。,5,无极
其实我觉得挺感人的。,4,无极
可能是这部电影太写意了，并没有想象与传说的那么烂,4,无极
里面满神对倾城说：你永远都得不到真爱，就算得到也会马上失去！2.无欢（谢霆锋）对倾城说：你毁了我做一个好人的机会！3倾城对百万将士说：“你们想看我脱衣服吗？ 陈凯歌曾说过，≪无极≫你们现在看不懂，以后你们会明白，---因此，我今个终于找出资源把他看了、末了，把我看吐了,4,无极
实话说吧，我是为了馒头才看的。不过打斗动作还蛮不错的。,4,无极
5*你懂得,5,无极
大家都以为是部烂片，其实12年后来看，陈导高瞻远瞩，拍了一部内涵的预言片。满分！！！,5,无极
记得这个电影刚出来时还是读初中时候吧，一直被说如何烂片，以至于到现在才无聊下载下来第一次看，作为当时的国产片特效已经不错了，甚至比现在的什么爵迹好好很多，剧情感觉也不错吧，没有感觉很生硬或者俗套，有些台词还很值得斟酌的，演员们的演技都在线啊，分数应该在6 分到8分才正常啊！,4,无极
我终于看懂了，导演你是对的,5,无极
很预言,5,无极
成就了网络恶搞,4,无极
隔了那么久，我都快忘记这部电影的存在了。而如今想起来的时候，居然只记得那些飞来飞去的表现得很唯美的画面。,4,无极
画面太美了。陈凯歌弄这种形而上的电影可谓中国数一数二的。,4,无极
这么多年后重新再看一遍 觉得要说当年是馒头血案毁了无极也是有一定道理的 被迫分散了注意力而关注了剧情以外的东西。故事有点意思的,5,无极
那时候的张柏芝真好看,4,无极
偶像的电影当然要支持！PS：MY偶像IS陈凯歌,5,无极
我仔细想想 我还没看过比这个好的内地奇幻电影,5,无极
这一遍看懂了一个镜头：最后无欢说“你让我不相信任何人，连自己都不相信时”时泪流满脸的怨、哀、悲～,4,无极
还可以把，文艺片。,4,无极
当年一个馒头引发的血案，放在现今的中国电影市场，已经算是佳作了,4,无极
我真的很喜欢这部电影，从十一岁看第一遍的时候就喜欢,4,无极
分这么低，初中时觉得好好看好么,5,无极
一直都认为是好电影，除掉破坏环境那方面。,4,无极
你可以跑 你可以逃 但是你逃不掉命运,4,无极
依然觉得《无极》很棒！,5,无极
我觉得 其实挺好看的~,4,无极
中国风的奇幻片。太多人给这个片子不公平的1颗星，所以我给三颗再加一颗。,4,无极
高中的时候就放在心里心心念念很久的片子，听人说很差，豆瓣评分也很差，而且十年前就被《一个馒头引发的血案》嘲讽的一塌涂地。看完之后被陈导构建的浪漫理想世界折服，而且也看过《妖猫传》，同样的一脉相承，真心觉得这是墙倒众人推的典型案例。所以陈凯歌的电影，除了《霸王别姬》，真的是口碑极端两极化的典型啊！鲍德熹大师在那时候摄影技术的情况下简直拍绝了！,5,无极
这部电影绝对超前，你们这群打一星两星的儍逼等着被时间羞辱吧！！,5,无极
5年后看，必须五星啊，妥妥的,5,无极
也不至于给这么低分吧，小时候看的还是挺欢的,4,无极
画面很美，被低估的一部电影,4,无极
画面美，有东方味道的魔幻。比现在一众乱七八糟所谓古装魔幻好看。,4,无极
很好的电影，至少我觉得。,4,无极
霆锋的小羽毛扇很给力 哈哈,4,无极
大家都咒骂这部片子，但是怎么我觉得还行呢……记得很期待的去看这部片子，然后在最后还哭得很厉害，然后一边惨眼泪一边听着走出影院的人骂，这都是些什么啊……然后更多的人骂……难道真的是我的判断出了问题……,4,无极
虽然很多人都说不好，但我还是觉得可以的~~,4,无极
以后再说《无极》烂片，可以先绝交了，除了没有《妖猫传》的叙事背景，其余各方面都不输它。陈凯歌的艺术造诣真不浅，极致浪漫主义，极致理想主义。不怪，浪漫主义和理想主义需要一定的时间才能被理解。 ,5,无极
本是一颗星的电影，因为预言了张柏芝，谢霆锋等人的未来人生际遇，我看可以给五星！！,5,无极
中国电影最大的悲哀，就是把无极定义成一部烂片,5,无极
当年的“烂片”比现在的烂片好多了,4,无极
一边做爱一边看完的，其实之前看的时候就觉得挺好，可以理解他想表达一个什么样的故事。,4,无极
《无极》当全国人民都在痛骂时，从我的角度看到，陈导在说宿命是可以被更改的，只要足够单纯、足够执着、足够天赋，这符合我的人生观。《和你在一起》是看了五遍的一部片子。《大阅兵》高中时在电视上看过一遍，十几年过去了一直念念不忘，努力了还不能够成功的话起码能够坦然。《霸王别姬》超喜欢。,4,无极
我觉得挺好的啊，把网络玄幻拍成大制作电影，很有魄力嘛。。,5,无极
不管怎样，东健的表现我满意,5,无极
没文化没思想没情怀的人会当成笑话看。“手上没有武器的就是王”，仅这一句台词，你懂了吗？,5,无极
当年国人还不知道奇幻为何物，把它骂成了狗屎。如今，奇幻遍地，但是却没有一个拍得像它一样，美轮美奂，真假无限，就如名字一样，无极。,5,无极
我觉得很好啊~,4,无极
我很喜欢！,5,无极
啥？不是说好给《无极》打五分的咩！！？,4,无极
我只是好奇电影坏在哪里了。剧情没问题，顺畅的同时有深意；镜头没问题，甚至有很多契合了如今的美学。@罗罔极 谢谢您的分析影评，让我对于《无极》有更深的理解,5,无极
还是好东西，只是生错了时间，长错了地方,5,无极
其实我觉得画面挺美的,4,无极
当年制红了馒头。五年后再看是预言片，经典啊,5,无极
很好的影片,5,无极
又看了一遍 觉得很好看啊 我就是觉得好看 咋么了,5,无极
我只想说，那些没看过乱评的都是大傻逼。。。这尼玛不是最好的，也是中上乘之作。可惜好片名声让狗给糟践了。。。,5,无极
很好 但环境破坏实在是可耻!,5,无极
虽不懂 但觉好。剧情稀薄但是就算是七年后再看也觉得很好,4,无极
此片臭名远播导致近日才看，发现片中柏芝跟霆峰的对话居然在多年后印证，陈凯歌乃预言帝，满分。看到那些经典镜头我实在是要感叹凯歌同志搞笑的天赋。服装细节毫不虚伪的可以打满分。如今那么多难看的电影，给一颗星是故意跟他过不去的。另外霆峰在里面的娘泡表演可圈可点，不喜欢他打打杀杀又跳楼的。,4,无极
预言帝！,4,无极
我感觉挺用心的！呵呵~~很美感！,5,无极
哈哈哈哈~~,4,无极
我真的不理解，为什么这部片子分数这么低,5,无极
我只是看无欢！,4,无极
小的时候看不懂，觉得很棒。现在长大了再看，仍觉得很棒。,5,无极
谢霆锋 张柏芝 又加了个关晓彤,5,无极
男神张东健太man了真想给他往死里肏。喜欢满神。,4,无极
穿上鲜花盔甲的应该是海子,5,无极
好电影，真心好电影，生不逢时的好电影,5,无极
得不到愛的女子、變態的無歡、愛吃肉的淳樸奴隸，都是萌要素。,4,无极
@-@ 为啥我觉得这片子挺好看的。。。,5,无极
关晓彤,4,无极
是好电影。,5,无极
"要不是因为谢霆锋说那个馒头的原因,我会给五星.陈凯歌对于无际的理解应该直接说为promise,也就是英文翻译.表现手法很怪诞也很有自己的小想法.我是真觉得无极很不错!",4,无极
我的真的觉得还不错,4,无极
打分都这么低，都脑残么？,5,无极
为它正名,5,无极
爱死 谢霆锋在这里的表现 并且我觉得 无极真的是的taste,5,无极
四星给了美术！！！大爱,4,无极
好片子。不解释，真的,5,无极
没有看过《无极》，就不知道雷到底是神马意思。,5,无极
我觉得还可以。。,5,无极
没有舆论评的那么无可救药 我觉得,3,无极
当年被恶评如潮的舆论洗脑，十年后再看，情节涣散、除了张东健其他演员都演技奇差的问题依然存在，但在那个年代，这部电影充满了实验主义和先锋意识，从中看得到陈凯歌推翻既有规则尝试建立东方新魔幻的野心和勇气。时间不一定会证明这是一部好电影，但时间会证明这部电影的意义。,3,无极
今天飞机邻座大婶一直跟查户口一样跟我搭讪，我心里闹不住就打开无极开始看，她马上就不吱声了。。。凯歌其实想法不差，大家都在吐槽剧情，我觉得抛开台词有点起鸡皮疙瘩外，剧情人物什么的还算行啊。但片子整体效果实在太雷人了，演员演技、口音、五块钱特效什么的，怎么忍？！,3,无极
我不知道大家怎么想我不讨厌此片 相反被感动了一点 要爱情还是要面包？,3,无极
中影史：这是一部曾引起滔天口水仗的影片，陈凯歌、大制作、幻想题材、国际化演员阵容，这些因素结合到一块儿，在获得了将近2亿票房的同时，却遭遇到几乎一边倒的批评。而后来的“馒头事件”，则又一次将部分观众对于影片的不满直接转化到导演陈凯歌身上。电影手册：荒诞无稽的特效，浮夸的异国情调。,3,无极
觉得电影里的台词，剧情好神奇，比如说跟着你，有肉吃，张被关在鸟笼里，那造型，从觉得神乎其乎的,3,无极
十二年前去电影院看的，那时不懂电影，人云亦云，跟着说烂。十二年后重温，感觉并没有当年风评的那么差，很多镜头与画面都十分考究，但故事和台词实在中二，陈凯歌当时犯了几位大导演那一阵子的通病，重视效轻情节，不过这也算是中国电影迈向纯商业时代的一次勇敢的尝试。,3,无极
好吧，某种程度上这是一部预言性质的电影，考虑到这种因素，给三星吧。,3,无极
“你永远也得不到真正的爱情。”2015.2.12成都,3,无极
画面美，剧情渣。,3,无极
这大概是中国首部玄幻爱情电影，虽然没什么内容，也算开了先河，陈导大胆的表现手法让人叹为观止,3,无极
魔幻奇葩神作......陈凯歌站在了后现代想象力之巅.....,3,无极
十二年前年纪太小，不懂爱不懂诺言；上大学尝过痛滋味后再看有所改观；如今再看，市场化需求下坚持做人生隐喻是冒险尝试，试图构建一个魔幻新世界和秩序，可惜力有不逮，历史感和真情实感缺失以致功亏一篑。当年胡戈的戏谑“解构”放如今也就是谷阿莫之流，怎就引发一场全民挞伐？ 11.21资料馆,3,无极
没看懂,3,无极
无论从哪个角度看都不应该是烂片，美术惊为天人，想象力是今天一百部《降魔传》《鲛珠传》《捉妖记》都比不了的，剧本虽然问题不小但是好在完整，充满哲思，情感也十分动人。可能没有达到神作的地步，但绝对不是烂片，甚至能在中国电影史上留下浓墨重彩的一比。,3,无极
陈凯歌曾经说过，无极你们现在看不懂，以后你们会明白的.........1.《无极》里面满神对倾城（张柏芝）说：你永远都得不到真爱，就算得到也会马上失去!2.《无极》里面谢霆锋对倾张柏芝说：你毁了我做一个好人的机会!3.《无极》里面倾城（张柏芝）对百万将士说：“你们想看我脱衣服吗？ 后来大家都看到了,3,无极
3.5，但无论如何不能算烂片。古希腊命运悲剧的架构，故事非但不差，讲得还很不错。但特效实在是太幼稚了。陈凯歌的问题就在于他作为导演能控制自己，无法控制别人。制作乏力是一方面，另一方面是面对宏大作品，他没想好要怎么拍。看来导演不光要学会控制成本，还要学会控制资本。,3,无极
玄幻的爱情片，挺不错的。,3,无极
再看一遍还是没看懂,3,无极
说实话，真的还不错。借用某人的话，陈导就是坏在了老婆手里。。。,3,无极
三星打给的是画面！,3,无极
张柏芝的衣服不错。,3,无极
终于拜见了著名的预言片 除了夸张的舞美 拙劣的CG 愚蠢的人设外 勉强3个星吧,3,无极
小时候看的，没觉得不好,3,无极
跟着我有肉吃有酒喝我学的可像,3,无极
只是为了胡戈的馒头来踩点的,3,无极
画面还是满美得,3,无极
有点花哨，有点迷幻，有点不懂，有点做作，但是毕竟没烂到千夫所指的地步。,3,无极
本来是个好故事，但是拍的过于华丽反而显得情节本身凸显不出来。而且各种国语不准，于是弄得一塌糊涂。,3,无极
这部片子在我的记忆力一直和着惠惠的板烧汉堡的味道。。,3,无极
我是真的真的没看懂。。,3,无极
无极没有出现在2009这个垃圾丛生的年代，真是茶几,3,无极
为了凯导演的预言帝，我决定重新评分，以前真是太浅薄了、《无极》要看一百遍,3,无极
我也不知道这电影想讲什么，但是我好多看完不知所云的电影都有跟风狗打五星，那对这部片子太不公平了啊，三星。,3,无极
我实在难以想象这是个当年拍出过霸王别姬的导演的作品,3,无极
张柏芝美到不行,3,无极
"没那么无聊吧 虽然别有感受 但梅兰芳之后再不苟同陈凯歌 20171008CL,重看时候发现片名是The promise，从这个角度重新看了一遍。",3,无极
时隔多年再次在大屏幕上回顾，可以打分了。镜头掌控表现力依然顶尖，缺点也同样不容忽视。既然敢为天下先，就要敢于背负失败的责任。有人说导演在见面会为自己开脱，我却清楚听到他坦言自己的不足和失败，以及依旧愿意不遗余力不走捷径、真诚地去为国产电影做些什么的少年心志。这样的人，实在无法苛责,3,无极
剧照超美。,3,无极
这个血案很有前瞻性 可以当寓言看。,3,无极
血案啊啊啊啊,3,无极
看过宛如没看过。。。,3,无极
特别无语。爱能改变命运---这个课题真是大而空。而且，为啥不找配音演员配！！！！！！！！,3,无极
很有勇气的尝试,3,无极
化妆流电影,3,无极
雷 真是一个馒头啊,3,无极
哎……,3,无极
色彩感美。想起寒冷的夜晚与剧烈的心跳，静谧的夜路那些往事。,3,无极
没那么差,3,无极
中国水墨与西方油画的经典结合~~~导演试图建立的无极世界最终坍塌，不得不追究郭敬明作为编剧的责任，还有就是演员选的实在是乏善可陈，此片的表演绝对是凯歌导演所有组品种的败笔。剪辑依旧凌厉，叙事依旧宏伟,3,无极
其实美术设定还是不错的,3,无极
其实没有那么烂,3,无极
还成吧...,3,无极
画面不错，呵呵，开始关注张柏芝。评分咋这么底？,3,无极
其实我觉得也就是被恶搞搞臭了。 没那么烂。 只是没拍出该有的气势而已。,3,无极
比起现在的烂片，《无极》真不算烂,3,无极
明显的眼大肚子小。陈导太哲学了，要适应社会啊。到不觉得有传说的那么坏。,3,无极
只记得电影院旁边那男的的呼噜声,3,无极
在电影院和电脑上看的效果不错。,3,无极
这个评价我在DB上吓到了。。。+,3,无极
凯歌的滑铁卢 现在看看也没那么差 至少比三枪十面埋伏要好 ,3,无极
才注意到，英文片名居然是《The Promise》。,3,无极
画面挺不错的,3,无极
画面很美，废话，一个剧情片找优点都说到画面很美了，那只能说明情节包括演员很烂。现在的影像效果好那是时代科技趋势，和电影内容没什么直接关系。 ,3,无极
不要和陌生人说话。。。尤其是漂亮女人~,3,无极
每个人都是蛇精病，行为动机毫无逻辑可言，当喜剧看还是蛮欢乐的，这尬尬的台词实在是没办法不笑场…在电视上零散的看过很多次，从没完整的看过，虽然这次还是错过了开头，不过还算有先见之明的在地铁上用手机看了开场，凑合着也算圆满吧！…老梁和凯歌快去组队讲段子吧，访谈比观影过程有意思多了…,3,无极
哈哈哈，大家好严肃，其实我觉得不错。,3,无极
很唯美啊。,3,无极
画面挺美的~,3,无极
其实没那么烂 说着说着就烂了,3,无极
其实我觉得故事也能说得过去啦。。。就是陈红的造型有点雷。。。,3,无极
想象太庞大镜头有限,3,无极
作为一个搞笑片儿。呵呵~确实搞笑。,3,无极
烂的很。。 PS：大光明电影院,3,无极
很雷,3,无极
后来才觉得 这部电影其实没那么烂只是出生太早，没比较。,3,无极
看不完,3,无极
6,3,无极
画面绚烂，故事也没特别渣。多国演员的加盟显得不伦不类，这是合拍片需要注意的一个问题。别的亚洲国家的电影很少让中国演员去演，我们国家老是热脸贴冷屁股请一大堆国情文化皆不同而且也不适合的外国人参演，唉！,3,无极
一个馒头引发的血案。。。。,3,无极
选角出了问题,3,无极
没看懂,3,无极
一个馒头引发的血案  其实我觉得画面还不错,3,无极
一般,3,无极
我觉得一个馒头的血案比这个红,3,无极
居然没有标注过。其实现在反过头来看，没有那么差了，但陈凯歌心到手不到的缺陷还是很明显,3,无极
除了配乐。。。其他还真是够二的。。。,3,无极
其实我觉得不算特别差~反正也不好~~,3,无极
我分是给香格里拉的,3,无极
矫情之作。,3,无极
2005.12.15 星美国际影城,3,无极
以前因为馒头血案让我想看，现在因为陈凯歌的预言功底，更不能错过！,3,无极
12.9/2012 小日本，小韩国，谢霆锋讲普通话听得真他妈膈应…,3,无极
"很想知道满神的头发是怎么一直能竖着的,还有她头上那个晃眼的环那,偶滴神啊",3,无极
浮夸做作，可并不难看。陈凯歌在寻求宏大史诗的路上，居然无意中拍出了类似于《房间》（那部经久不衰的影史大烂片）的感觉,3,无极
我喜欢谢霆锋演的那个变态将军~~&gt;_&lt;,3,无极
无极，论故事内容，其实是很宏大的魔幻题材，比如满神的预言，超越光速，时光倒流，剧本设定很具有想象力。也讲述了一些很深刻的道理，奴隶的觉醒，人的信任和尊严，物质和爱。这么好的题材，加上豪华演员，著名导演，电脑特技和令人瞠目的巨资，最后却灾难一样，被全网疯狂吐槽，成为大烂片。个人觉得,3,无极
也不像别人评价的那么差，多关注特效一点。,3,无极
" 很囧的一部魔幻片，那时我还没有腐，那时对上古魔幻的背景很爱，but除了小谢演的无欢很帅很美很邪恶接近我的想法之外其余的太囧了，CJ的我一直困惑于乌鸦和昆仑之间奇妙的关系，OTZ..这是我的启蒙之作,有了对他们的思考才炼出现在的我,腐女如我已经完全扭曲了正常伦理的CP观了...",3,无极
无敌,3,无极
如果无极是陈凯歌拍的 霸王别姬一定是陈凯歌爸爸拍的 如果霸王别姬是陈凯歌拍的 无极一定是陈红拍的 ,3,无极
我觉得还成，即便是看特效也没有网友说得那么差，就是那句“跟着你，有肉吃”还真有点搞笑,3,无极
有个画面挺美,3,无极
记得那场电影之后梦醒了,3,无极
还是挺喜欢这个的，风格还是很美的,3,无极
无极是追求自由与爱情。道士是追求入世。妖猫是寻求解脱与放下。,3,无极
南师大电视台,3,无极
故事的确很差很可笑，但它的想象力和精美绝伦的画面是非常难得的,3,无极
一个馒头引发的血案。,3,无极
唉……,3,无极
蛮搞笑的啊，学校还组织在电影院看了，无删减！,3,无极
就剧本摊开来说其实并没有那么糟糕，糟糕就糟糕在这片子太短了，故事说的支离破碎完全体现不出剧本的内涵，还有些该演得剧情没出来不该演的多余出来，部分情节有硬伤，还有导演本身也没有用心挖掘剧本的感觉，全部心力全放在特效上了吧,3,无极
这也就是陈凯歌...换别人就负分了....,3,无极
只有大场面,3,无极
看风景而已……,3,无极
今天看来，这部五年前的电影，如果不是选日本人演光明将军，效果可能会好得多，因为他确实看上去像真田小队长。至少现在，我们的观众还不能接受一个人演那样的角色。,3,无极
色彩还行,3,无极
看的时候没觉得特别次,3,无极
十年后再看这部电影依然因为过于日本的美术而喜欢不起来。但抛开这个，无极的确是有一定哲理的，特别是雪国那条线，以及满神对每个人的批注，试图有往神作靠拢。但剧情发展的逻辑过于抽象，人物符号化，而摄影却特别实，台词又异常直白，组合在一起有一种消化不良的排斥感。谢霆锋的无欢演的对味。,3,无极
在国产大制作最近几年一直撞南墙不回头的时代，回头去看看#无极#，除了锋芝那一段有如现实版的寓言之外，其他的段落也显得不那么生涩。陈凯歌拍出了一部“寓言片”，只是我们都不懂。,3,无极
其实十分浪漫,3,无极
今天你无极了吗,3,无极
虽然片子有些地方的确显得可笑，但个人觉得绝没有众人所说的那么差,3,无极
就是说的欲望爱情和命运呗，花里胡哨的，不过也不够孽障啦，至少那时候的小谢柏芝都好靓。,3,无极
7.2/10,3,无极
还好拉,3,无极
无欢这个先给甜枣再打屁股的坑人套路不错，有点意思；一部魔幻片里插入一个议院的戏，突兀得让我蛋疼乳酸，陈凯歌的单纯与理想主义在一堆投机大片里竟有一丝纯真之感，然而想讲的道理太多，还得依赖满神之口才能说明；电影里的预言，许多都成真了，但关晓彤却没有长成张柏芝的模样。,3,无极
非商业评论都说这是狗屎一样的片子，在我看来还没那么烂；网友都赞一个馒头引发的血案，在我看来也不怎么搞,3,无极
真的没看懂，后来看了英文名，才恍然大悟，原来是这样哒，什么意思嘛，玩我呀。,3,无极
这片子很差么？我记得当时还是到电影院儿去看的。,3,无极
hhh蛮喜欢,3,无极
其实当时我没看懂它的内涵···  5年后··我仍旧不懂,3,无极
一个馒头引发的血案更好看 哈哈哈,3,无极
满神飘的无厘头的头发、鬼狼惨不忍睹的黑妆、无欢毛骨悚然的娘腔、以及将军和倾城十分视奸的床戏，把当年十分cj的我雷炸的外焦里嫩= =。不觉得服装好看，羽衣不圣洁，仙衣惺惺作态，盔甲傻的汗颜，连倾城的造型也就穿张柏芝身上漂亮了，那将军和她的情侣装更强大到不能提OTL。人物塑造也不够丰满。昆仑奴不讨厌、无欢不讨厌、倾城不讨厌...所以将军很讨厌。,3,无极
我觉得还好吧~只是里面槽点比较多~被胡戈恶搞之后，槽点放大了有木有~无欢说话的调调哇哈哈哈~~~,3,无极
这个电影何止是奇幻  简直就是奇幻  奇幻到我现在都看不懂它到底讲了一坨什么东西——老湿,3,无极
过了这么长时间  心态平静了  承认陈凯歌的艺术形态  但坚决减持对剧情的鄙夷和唾弃~,3,无极
我觉得画面没问题，演员呢问题也不大，找个好点的配音可能会是本质的改变。,3,无极
longlongago。。。当谢霆锋和张柏芝还没有陈冠希,3,无极
我想打四星，但是我怕被跨省。。。,3,无极
2005.12.24,3,无极
倾城还是嫁给了公爵,3,无极
没有那么烂,3,无极
我知道陈导想要表达个什么意思,3,无极
我喜欢。。。。我有神经病。,3,无极
也就剩下画面了,3,无极
张柏芝一如既往的美,3,无极
如何评说此般的美？喜欢场景诗情画意，故事天马行空，动作设计行云流水，衣着飘逸华丽。又有些讨厌，人物性格转变的动机缺失，内在可挖掘性也基本没有。,3,无极
就是不给恶评！,3,无极
三颗星都是给了张柏芝，美死了！！！,3,无极
我妈说还行。,3,无极
一个馒头引发的血案,3,无极
我觉得应该理性看待。,3,无极
陈凯歌江郎才尽了。,3,无极
想当年的馒头啊,3,无极
今天看到一本书叫《无极》，再瞅瞅：郭敬明根据陈凯歌电影《无极》改编。,3,无极
跟着你，有肉吃。,3,无极
哈哈哈哈哈哈哈哈哈哈哈哈哈,3,无极
我喜欢那双草鞋，耐磨,3,无极
只是转型的问题而已,3,无极
我为我之前的评论致歉，现在来看这部电影比《小时代》之流强了100个《霸王别姬》！！！,3,无极
看过，但没看懂,3,无极
不觉得像外界评价的如此之烂,3,无极
终于好好的看了一遍无极,3,无极
电影院看的，一度不想承认自己看过此片。。,3,无极
哎，不能相信这和霸王别姬是一个导演啊；陈凯歌预言帝！提星,3,无极
没想象的那么不好看 只不过好多经典吐槽现在看来也很好笑.....,3,无极
故事还可以，就是演员太作了一点，尤其是张东健那个声音，慎得慌。,3,无极
没有传说中那么差,3,无极
虽有有馒头的血案 但是大片还是大片 可以看看,3,无极
如果说无极是陈凯歌导的，那么霸王别姬一定是陈凯歌爸爸导的；如果霸王别姬是陈凯歌导的，那么无极一定是陈红导的。这部电影，让陈输了口碑，输了奖项，还输了心胸。,3,无极
人类之所有生生不息，就是因为欲望。人类之所以堕落繁腐，也是因为欲望。俗语人为财死鸟为食亡，当人退为野兽之时，为食亦能成欲望，一念天堂，一念堕落。,3,无极
其实没那么糟，再看一次后,3,无极
翻他娘的案，就是一烂片，过多久都改变不了烂的本质。电影超前，观众一时难以接受？我去。太小看国人观影素质了。,3,无极
拍得还好吧。,3,无极
柏芝和霆锋应该挺感谢这部片吧- -,3,无极
谢太好美,3,无极
一次勇敢的尝试,3,无极
翻出来才想起来看过。。剧情都想不起啥了,3,无极
3,3,无极
其实我觉得还ok 不像传说中那么无聊,3,无极
回过头来看这根本不算烂片啊！！！！！,3,无极
就冲一个馒头引发的血案和现在的照片门，也要看啊~,3,无极
当时看着觉得挺好的,3,无极
"我接受BS.虽然铺张做作,可是它真的感动了我.",3,无极
很多年后的今天，电影的内容我忘的差不多了，只深深的记住了一个馒头引发的血案…,3,无极
預言帝啊,3,无极
峰芝恋····拜客,3,无极
我觉得那书不错,3,无极
神马玩意 太搞笑了,3,无极
搞笑，浪费的一大群帅哥美女。哎，一个馒头引发的血案更精彩。《左边是当年写的》12年后重看，有些改观。画面是真美啊。有些剧情段落也很有意思。爱可以穿越时间，讲得是这个理吧？,3,无极
美術很不錯,3,无极
差点忘记看过这部不知所云的电影……,3,无极
现在来看仍觉得它很前卫，人设、场景都充满了幻想力。在由陈凯歌授权、郭敬明撰写的《无极》小说中，所有的故事都串联起来变得更加流畅，庞大的世界观也得以显现，所以仅靠电影这120分钟是远远不够了解的，或者说，陈导的功力还不够到位。whatever，昆仑披上黑袍甘作时光倒流者的行为，非常令人动容。,3,无极
有点扯,3,无极
很久以前的评价：“陈凯歌除了他爸帮他拍的那个霸王别姬以后再就没拍过好片。”不过现在无聊又看一遍之后发现其实美术还是很不错的感觉。,3,无极
还行,3,无极
很多年后，我发现，竟然没有一部国产东方魔幻的电影，和无极能够相提并论一下，虽然此片剧情有点傻，但娱乐性也挺足够的,3,无极
记不清了，反正是一顿乱,3,无极
跟着你 有肉吃...,3,无极
馒头阿馒头,3,无极
当年在电影院看后只觉得又囧又雷，一晃六年过去了，那天在电视上看到突然觉得这片很惊艳呐，有魔幻效果在当时来说也是非凡了吧，除表演比较做作，剧情比较狗血外其实还是有很多可取之处的,3,无极
标记。 以前在影院看的，除了开头比较雷人之外，我觉得其他都还好,3,无极
被恶搞的太多了，从馒头到洗发水。其实，也不是那么难看，至少我挺喜欢鲜花大将军的。,3,无极
又臭又长，又长又臭,3,无极
…………看完老湿才看的………………,3,无极
其实也没大家骂得那么差啦，别对陈凯歌太有成见了hoho,3,无极
纯粹的娱乐片.和我一起看电影的同事都在影院里睡着了.,3,无极
其实没那么差啦。。。不过本人不小心看过四娘的书。。。私以为书里的感情比介个感人。。。。本人也年轻过看过四娘。。。去墙角忏悔下。。。,3,无极
拍得很美。只是不知道导演到底想表达什么。。,3,无极
一直就没看过这个的结局..第一次为什么不记得了..第二次是因为突然停电..........,3,无极
也许剧情的确十分狗血无趣，台词显得幼稚粗糙，谢霆锋的演技也只不过是停留在装酷冷漠的水平，哪怕这部极具争议的奇幻大制作的导演是执导生涯呈高开低走的陈凯歌，而这一切都无法遮掩这部片里仙味十足又唯美飘渺的场景和造型，多年以来的起跌，终将会修成正果，期待新作「妖猫传」。两星半。,3,无极
你的美是罪,3,无极
没那么一无是处，感谢胡兄弟,3,无极
一个馒头引发的血案好么~~~,3,无极
电影画面超级唯美，简直置身世外桃源，服装道具建筑也很精致，故事也很容易看懂，并没有想象的那么差,3,无极
虽然剧情和台词很狗血，还是很喜欢其中一些布景的,3,无极
一个馒头引发的血案,3,无极
命运是自己掌控的。,3,无极
电影频道播，第一次看。硬伤真多，特别不成熟，但它至少还有点尝试，看着还算有趣。至少我看这个，不会觉得烂到令我愤怒。我真心认为，8年前的无极，比起西游伏魔篇等后来的国产大片，还是有明显优势，这个片得到的差评有点过了。,3,无极
真田广之最帅鸟,3,无极
色彩很棒的电影,3,无极
2005.,3,无极
我感觉不像评论的那么差，人应该有自己的独立判断力，好吗？,3,无极
啥类型这是,3,无极
哇 我居然一直没有加这部 吼吼,3,无极
其实剧情很白痴……画面还是蛮好,3,无极
其实这部电影我倒不觉得有那么差，最失败的两点是：一、特效太假，不如电子游戏。二、不应该让张东健和真田广之自己配音，既影响他们对对白的理解也难为了观众。另外一定要说的是真田广之，他是我最喜欢的日本男演员，高校教师中懦弱但善良的雨村老师、最后武士中冷酷强悍的氏尾。。。N多完全不同的角色他都可以塑造的让人信服。只可惜这位日本影坛的天王级人物以他从影以来最差的一个形象长久的留在了广大中国影迷心中,3,无极
推荐此片原因是张柏芝,3,无极
满神最后干啥吃去了。,3,无极
现在大家再看的话应该不止这个分数了吧,3,无极
我只是喜欢那一树海棠飘落在她粉色裙摆的瞬间,3,无极
真不觉得有大家说得那么烂。,3,无极
多少都有些无极情节吧。因为倾城，因为馒头。,3,无极
其实我觉得没那么烂 画面还是美的,3,无极
大家都说谢霆锋好恶心，可是我觉得里面我最喜欢看的就是他挑逗张柏芝了，一直超希望他们在一起的。呀……走题了,3,无极
我居然没标记在电影院看了两遍的无极。“跟着我，有肉吃！”,3,无极
第一次看就不觉得它烂，无意中又看了一遍，更加坚定了我第一次的感觉。,3,无极
什么乱七八糟的,3,无极
太经典了太经典了！不看就不知道什么叫恶搞了！！！！,3,无极
很美又很囧,3,无极
此片最大也是唯一的贡献在于---复合了谢霆锋和张柏芝。,3,无极
呃,3,无极
多年以后，《无极》不再是一个馒头引发的血案，张柏芝和谢霆锋告诉了我们这是一部神作。,3,无极
我真的不觉得它有多差，只不过它太过大费周章的讲了个听朴实的道理罢了。,3,无极
我们都不懂,3,无极
虽然没有非常好，也没有那么差吧,3,无极
一个女人引发的血案,3,无极
重看，觉得若是重新配音，效果恐怕会好很多。,3,无极
陈凯歌的这部片子本身不怎么样，却成就了胡戈和一部《一个馒头引发的血案》，也郑重开启了一个娱乐视频的年代！,3,无极
一个馒头引发的血案,3,无极
超级喜欢里面人物的造型，原来都是正子公也操刀的，难怪～,3,无极
还不错，真亦假，假亦真，死亦生，一瞬亦永恒。,3,无极
怎么骂声那么多咧，其实我觉得虽然导演导得很乱，但还是可堪一看的....好歹它为我们带来了《一个馒头引发的血案》那么经典的东西哈！,3,无极
烂不怕，灿烂就成，无极他的天花烂馒头,3,无极
本来感觉蛮烂的，不过没想到其中的预言竟然成真了！,3,无极
。。。。。。一个馒头引发的血案,3,无极
总之 我是喜欢张柏芝 ,3,无极
虽然是极致的破烂儿，但是姐喜欢！,3,无极
"故事很烂,不过画面还是挺美的...",3,无极
还是喜欢恶搞的那个   哈哈哈,3,无极
睇唔明,3,无极
今天重看了一遍，其实。。。不当是程凯歌导演的，感觉还好啦。。。,3,无极
无极被挥得真可怜,3,无极
当时电影票就很贵了.,3,无极
有肉吃！,3,无极
并无传说中那样不堪，奇幻独特有意思，意识上有很多新鲜的理解，有些地方的剧情就真不太懂，看完莫名地伤感，叶锦添的服饰依旧很美。,3,无极
仅存的印象就是——馒头~,3,无极
一个馒头引发的血案..,3,无极
我觉得还好吧。没有传说中的那么差。,3,无极
补档 只看画 还挺养眼,3,无极
病态一箩筐,3,无极
我还是相信陈凯歌的哲学思考的能力的，但是人云亦云是真可怕啊,3,无极
当年看的时候还是很欢乐的，帅哥美女飞天卖肉神马的，就是没看明白到底要表达个啥~,3,无极
别人觉得坏不一定就是坏，不过这片的确不好，那论调太牵强了~,3,无极
没看懂。纯围观好了。,3,无极
好像法国版很多情节都改了,3,无极
虽然是烂片，但是场面确实大，那纪念尽产“大片”了，放风筝那个情节非常好，想象大胆啊,3,无极
陈凯歌曾经说过，无极你们现在看不懂，以后你们会明白的。。。1.《无极》里面满神对倾城（张柏芝）说：你永远都得不到真爱，就算得到也会马上失去!2.《无极》里面谢霆锋对倾张柏芝说：你毁了我做一个好人的机会!3.《无极》里面倾城（张柏芝）对百万将士说：“你们想看我脱衣服吗？ 后来大家都看到了。,3,无极
为张柏芝加了一星,3,无极
远离一窝蜂批斗,3,无极
我靠，这部电影真的那么差么？我算比较客观了吧,3,无极
我是神奇而伟大的。我给了《无极》三颗星,3,无极
莫名其妙,3,无极
促成一段美好姻缘。,3,无极
一个馒头引发的血案,3,无极
玄,3,无极
真正的速度你是看不见的，就像风起云涌、日落生息，就像你不知道树叶什么时候变黄，不知道你的孩子什么时候长出第一颗牙，不知道你会什么时候爱上一个人。,3,无极
推荐一个馒头的血案,3,无极
张东健,3,无极
算是中国电影的一块火红的碳，在新年的晚上全班一起看,3,无极
冷情节太多了,3,无极
没看明白,3,无极
画面还行，剧情较二,3,无极
人物形象影响深刻。剧情？不知了。,3,无极
陈凯歌的一种尝试，还是有可以汲取的地方的。,3,无极
没那么不堪，纯粹看故事的除外..,3,无极
这个不知道该怎么分类。。。,3,无极
其实我觉得还可以啊，也没文青们说的那么烂吧,3,无极
不懂。。,3,无极
今年暑假才看得。并没有想象中那么差。只是和霸王别姬比起来，根本无法相信是同一个导演。,3,无极
陈凯歌的那句话太对了，五年后你们就知道这部片子有多么好了。。。,3,无极
一个馒头引起的血案。,3,无极
对一个小学生的审美来说，他够了。。,3,无极
一个馒头引发的血案..,3,无极
拍的多美啊,3,无极
。。。。馒头。,3,无极
无敌烂，烂得很酷,3,无极
只能是看特技美图了、,3,无极
为什么大家都对它评价那么差呢？我觉得这片子不错，挺搞笑的啊,3,无极
我十几年的学算是白上了，真心不懂它讲什么，但是！我想成为雪国人啊··这样我的体育就不会挂科了~~！,3,无极
给服装道具三分吧，没情节。,3,无极
没意思。 所谓大片 都是这么点东西,3,无极
其实……也没有想象中那么糟糕……舆论害死人 ==,3,无极
这个当时和死党在电影院看的时候笑喷了...,3,无极
老牛掰的喜剧片了~~~~超越当年《东成西就》,3,无极
回头再看一遍，竟然没觉得很烂。,3,无极
无聊的时候用来打发时间,3,无极
成功的预言了。。。艳照门事件,3,无极
亲，是我悟性太差了...不是你的错...,3,无极
那个女神的头发满有创意的,3,无极
其实还好罗，就是刻意的太搞笑了,3,无极
凯歌导演像那个神话里的少年，飞高了，翅膀融化，飞低了，会掉进海里。但是还是要飞。期待妖猫传！,3,无极
其实还行啊，，就这片，张柏芝和谢霆锋复燃了,3,无极
陈凯歌曾经说过，无极你们现在看不懂，以后你们会明白的.........,3,无极
至少把当意识流来说画面挺好,3,无极
没大多数人说的那么差,3,无极
剧情牵强 台词做作 角色单薄 你是陈凯歌 不是张艺谋,3,无极
有些疯癫傻 不过刚开始看的时候还挺好奇的 整体还行 后来的因拍摄毁林时间太不好了,3,无极
严格来说，这不算是一部经典电影，但不可否认，它值得一看。,3,无极
直到刘烨烧成灰我都没认出来...,3,无极
多年以后再看竟然觉得还不错~,3,无极
无语   但是画面不错,3,无极
刘烨跟张东健有奸情,3,无极
就是故事不行 其实别的还可以,3,无极
这种科幻中带着玄幻，玄幻中带着魔幻，魔幻中带着惊悚，惊悚中带着言情，言情中带着武侠等等等等全方位穿越元素的电影因为是在电影院看的，效果上加了点分。,3,无极
片中的张柏芝真配得上“倾国倾城”这个成语。美艳不可方物。带着看烂片的心态反倒是觉得很多地方都清新脱俗、不同凡响了，竟还有淡淡的伤感。有条短评说无极是中国魔幻电影的先河，那更不至于被贬的一文不值，也许时间会真的见证陈凯歌所说的，很多年后人们会看懂它。,3,无极
景色还蛮美的~,3,无极
服装还行，鲜花盔甲我很喜欢,3,无极
其实它不至于那么烂的 唯美~,3,无极
拍出这么一部预言大片 陈导演也怪不容易的,3,无极
美术风格大赞，造型服装、场景建筑、打斗场面都极富想象力也是国产片里最对得起“仙侠奇幻”四字的，除此以外，成人不宜…,3,无极
太无极。。,3,无极
我觉得挺好玩的,3,无极
他们说不好，我说画面还是挺美的,3,无极
被严重雷到……那个因这部电影而产生的爆笑短片才是经典！！,3,无极
Fine.,3,无极
不知所云,3,无极
张柏芝 谢霆锋定情作？ 18年再看，加一星。东方奇幻史诗，开头就很扯的样子。因为预言成功，就打五星？你记住多少剧情了？小女孩是关晓彤可怕，可怕！！！,3,无极
馒头,3,无极
看的云里雾里的，还不如一个馒头引发的血案哩,3,无极
要不是一个馒头的故事。。我还不看的呢。。,3,无极
其实也只是看过一个馒头引发的血案,3,无极
没你们说的那么残,3,无极
扯,3,无极
其实我觉得没那么差。。。,3,无极
画面美 看了就记住一句话 谁想看看我这件衣服下面穿了什么……这必定也是导演的深意,3,无极
其实陈凯歌只是想把自己心中的一个故事讲出来而已，只可惜，讲得不好。,3,无极
57,3,无极
原来……这是KG的预言啊预言……,3,无极
商业视觉大片而已,3,无极
大牌云集。,3,无极
几年前学校组织看的 床戏那块儿全场哗然~,3,无极
三星全部是送给场景的~好歹陈导为了这部戏破坏了好大一片绿地，还赔了一堆钱~记得当时是全班同学一起在除夕夜看的~丫都笑翻了~,3,无极
视觉效果很不错,3,无极
人言可畏,3,无极
我并没有觉得那么那么那么的烂，顶多是那么那么烂。,3,无极
还去电影院看的来~还和老妈看的来~其实做的还蛮炫的,3,无极
其实不错啊~,3,无极
跟着你，有肉吃。人物设定：正子公也,3,无极
里面一些美艳的画面，很具有张力。个人挺喜欢这种感觉，当然有些造型过于夸张，所以只能给五星了,3,无极
其实无欢很冷很搞笑的哟,3,无极
5年之后再看,3,无极
跟着你，有肉吃。,3,无极
说实在的，我还看了两遍。因为帅哥美女很多啊。,3,无极
其实没那么烂,3,无极
周末在家看了这部久闻盛名的电影，并不觉得烂，相反可以看出陈凯歌是个会讲故事的导演。而那些被大家拎出来的所谓雷人雷语，个人认为为“断章取义”做出了很好的诠释。我没来由地为《无极》的分值感叹，大概真像一位朋友说的那样，现在的人只看得懂字却看不懂文章。Sigh,3,无极
难免失手啊,3,无极
陈导才是导演界真正的是绝对的鬼才。 其一也：陈导的预言功底。 其二也：互联网电影营销始祖，CCAV都来免费宣传。 其三也：陈导是神话片里的科普帝。http://movie.douban.com/review/5581534/,3,无极
有人说看完以后非常悲伤，我却没有觉得。,3,无极
好吧 三星打给霆锋,3,无极
觉得书比较好看。,3,无极
小时候看的，天马行空的想象力。,3,无极
TVB午間劇場看的。終於搞懂了一個饅頭引發的血案是什麽意思，但是還是搞不懂電影說的是什麽。,3,无极
当搞笑片来瞄的话，还是很达效果的～,3,无极
特技太差。。所以不伦不类。。。,3,无极
有点无敌···,3,无极
还不算最糟糕 如果闭口不提导演姓名,3,无极
要不是“馒头”……,3,无极
我不觉得很烂啊，微烂而已。画面是真美啊。,3,无极
十年后二刷，还是看不懂,3,无极
摄影美术服化还是值得一看,3,无极
- - 你两还在拍片吧,3,无极
尽管被骂了很多。但是若真是有这样的爱情，我依旧敬佩。,3,无极
二星升三星是因为Nic和柏芝。,3,无极
跟着你有roll吃。。。,3,无极
故事和情感逻辑上的缺陷不能掩盖它在思想和形式上的天马行空。,3,无极
服装和场景很漂亮，故事实在不敢恭维,3,无极
我始终不明白讽刺谩骂无极的目的何在。以一部商业片来说它够大牌，以一部魔幻片它拔了内地市场的头筹，以一部爱情片它也没落于俗套。如果说台词狗血，人物造型悲剧的话那只是个人审美不同而已。,3,无极
国产污染环境大片,3,无极
陈凯歌 ,3,无极
叶锦添&gt;&lt;,3,无极
陈红的飞辫子,3,无极
剧情和演技两星没什么说的，画面再多给一星最多了，其实二点五星正好，见证了电影史上如同250拍出来的片子,3,无极
1这是一个浪漫的故事 2在当年，无疑是个很好的尝试，在所谓大片不断刷新槽点的当下，无极其实是有诚意的 3大家对无极的吐槽往往都集中在口音，人设，美术，布景和陈凯歌本人上 4但那正是无极对电影造梦功能的再突破 5结尾是个烂尾，不然还能多一颗星,3,无极
今天回想···才发现是神作···,3,无极
至少没睡着,3,无极
其实我觉得还行··除了造型··但是原画很好看·,3,无极
。。。原来我没加过这片。。。这片咱和喵咪当年在电影院看得多欢乐呀，嘈点从头到尾呀。。。小谢的演技仿佛从这部开始就突然开窍了~咱对刘烨那无法磨灭的村的气息的印象也是从这部开始的=-=~,3,无极
真是默。,3,无极
纯粹为演员阵容而看的 诶。,3,无极
一个馒头引发的血案，但是小谢真心帅,3,无极
画面的确是很用心的，但是没有调查市场对这类故事的接受程度。陈凯歌心急了。,3,无极
最近看了小四写的小说,3,无极
其实真没那么烂。剧本我还挺喜欢。,3,无极
"三星太高两星稍低,2.3",3,无极
美工和镜头还不错，剧情太烂。,3,无极
5年过去了，大家都看懂了。,3,无极
一个馒头引发的血案,3,无极
【北京】,3,无极
除了看不懂导演到底想拍什么，卡司和服装、质感倒是都不错~,3,无极
,1,无极
回头看看，其实没那么差！,3,无极
跟着你有肉吃,3,无极
特技真的很糟糕。但是我依然觉得骂它是烂片的人其实并没有真正看懂它。凯歌导演的文字我一直很喜欢。,3,无极
应该直接去搞美学……装内涵反而捣乱,3,无极
新汉语词典:无极=无聊,3,无极
因为一个馒头引发的血案而被记得，有点可悲吧？,3,无极
5.5,3,无极
对于陈凯歌 我还是支持一下吧 ,3,无极
我是先看了《道士下山》再看的《无极》，赞同《道士》是《无极2》的样子。不过我觉得《无极》比《道士》更好一些。三星半,3,无极
很早前看的，而且是看了馒头后看的，没有什么好评价的了。,3,无极
哎呀我不是评论过了么..一个馒头引发的血案这个定义其实挺准确的,3,无极
画面处理的很唯美。也许刻意走这方面的路线情节处理的比较空没怎么看懂，直到后来看书才彻底懂了。,3,无极
中国的穆赫兰道。,3,无极
前些天重新看了一下，其实除了剧本很糟糕以外，其它的一切都很不错。尤其是服装的设计和后期的执行。,3,无极
因为这是我看的第一部陈凯歌的电影，以至于后来很长时间一直不看陈的任何作品了,3,无极
其实我觉得还不错阿...特效看得华丽丽的~,3,无极
亲测是大烂片，但随着年龄的增长，我的容忍度越来越高，可以当做搞笑片一看，特效太五毛了，以为有点假花瓣和假雪花就会很美吗？比起后来的电影，这部可真是烂片中的翘楚。,3,无极
充满欢声笑语的电影啊。。。元旦时候老师放的，然后把笼子里面张柏芝和谢霆锋调情的戏快进了。,3,无极
回过头来再看这片子，显然没什么大毛病。可惜啊，他遇到了网络恶搞时代的开端。。陈导应该那时候就想拍《搜索》了吧。。。呵呵。在现在这个宣传电影恨不得自己做恶搞视频的年代，一个馒头又算什么呢,3,无极
电影之外的故事比电影本身更有意思,3,无极
总怕会失望,3,无极
搞笑的片儿,3,无极
。。。比较无趣,3,无极
"明星虽然多,但是对白有点傻但是故事很莫名;场面虽然庞大,但是故事很莫名",3,无极
我记着我看时候好像是................哭了。囧,3,无极
就，还挺美的。,3,无极
没有一个馒头引发的血案会评价会好一点，其实这电影像一首诗，不招人爱但也艺术。,3,无极
"居然喊个日本人在小张的身上乱摸,不知道小谢看了会有什么想法,^^",3,无极
简直是神作，预言神。。。,3,无极
这部片子没那么烂吧，故事还行色调美。6分以上,3,无极
无比同情东健OBBA。。。还好不是偶家OBBA。。。,3,无极
我觉得没有馒头血案这片子也不至于那么低,3,无极
无聊至极……,3,无极
真正的速度是看不见的~,3,无极
陈凯歌驾驭不了这个题材。,3,无极
说实话 这可能是我看过的中国电影奇幻题材里最优秀的了 自无极开奇幻之风以来 再也没有片子能出其右 想象力如是 内涵如是 当初骂的那么惨 怎么后来却争不上气呢？,3,无极
这是一部预言片。,3,无极
哪有那么差,3,无极
所有的东西都不能美漫,3,无极
别人一直骂《无极》烂吓得我不敢夸它好。,3,无极
画面还不错吧。剧情太差，是导演还是编剧的问题？,3,无极
我居然去看了2次  真佩服自己的毅力,3,无极
陈凯歌欲望冲到了头顶。老眼昏花,3,无极
剧情太扯了，画面都是挺美，立意根本站不住。,3,无极
还好,3,无极
"单纯从服装画面效果绝对是超一流的,这部片子纯属就是被跟风黑和sb媒体毁了,弄的现在没有官方发言我绝对不相信媒体.",3,无极
挺有趣的,3,无极
有两颗星星是为霆锋他们两口子加的。,3,无极
恩 还好,3,无极
老实说，“两年后才来看这大片，还真觉得有点超现实派~不过我被馒头害惨了，，哈哈 看着看着很想笑！！！,3,无极
看着真的是很烂的烂片但总忍不住觉得哪里似乎有那么点好看………,3,无极
其实也没有传说中的那么烂,3,无极
故事本身不错　非要掐点儿地剪辑　就成现在这么个样子了,3,无极
喜剧啊喜剧 我要跟着你吃肉去！,3,无极
其实不太喜欢,3,无极
有大家说的那么差吗？ 我觉得还行啊，就当一场华丽的盛宴嘛。。 至少它不会让我想快进。。,3,无极
一个馒头，何必呢？！,3,无极
张柏芝,3,无极
事实证明看完电影后不能马上评分，这中间，经历过无数烂片洗礼之后，我们有无极看，已经很不错了。,3,无极
肉对男人的重要性……,3,无极
多年后再想，还是很有想法却没有安全落地的一部影片,3,无极
鬼狼，昆仑以及雪国人这几个设定有意思，尤喜欢鬼狼一角。当然不算陈凯歌优秀的一部，但也不是那么差。,3,无极
事实上除了馒头遥相呼应以及谢霆锋有点不是他以外，这个情节对于魔幻来说很不错了。,3,无极
这是能拍出霸王别姬的导演吗,3,无极
实在般般吧，的确里面有运用到特效，画面比较的唯美，但剧本实在漏洞百出，情节不知所云，还有对白笑料十足，中国电影就这水平，唉！超无语~！！,3,无极
娘诶。。我为什么会在电影院里看这个。！,3,无极
王 当然是可以杀的,3,无极
美术方面,3,无极
这片子里的那句：“你永远也别想得到真正的爱情！”现在算是彻底应验了~~~现在想想，真不得不佩服陈凯歌的先知先觉~~~,1,无极
在胶片和无极膏之间运用了通感的手法，让观众笑得下颚有痛感，不知各位是否有同感？现时的张艺谋和陈凯歌真乃大陆导演界的两朵菊花，交叠在一起形成了一支奇葩。,2,无极
史上最烂,1,无极
满神对张柏芝说：你永远都得不到真爱，就算得到也会马上失去！2、谢霆锋对张柏芝说：你毁了我做一个好人的机会！3、张柏芝对百万将士说：你们想看我脱衣服吗？PS：陈凯歌曾经说过，《无极》你们现在看不懂。原来陈凯歌早就知道一切了。,1,无极
烂,1,无极
随着时间的推移就不是烂片了？,2,无极
讲故事都讲不来，情节太荒谬了；10年12月，在CCTV6又看了一些，觉得表演也太做作，故事还是莫名其妙。。。,1,无极
狗屎。海报欺骗了我。,1,无极
纯粹是看【白蛇】之前重温一下【无极】，看着【白蛇】短评一片叫好声就知道片子肯定没治了，【无极】八成有伴儿了。一个特效空荡荡，一个特效假大多。★,1,无极
烂片界扛鼎之作。,2,无极
好梦幻呐,2,无极
其实不是最差的那种，只是不好看,2,无极
1.还是没拍好，主要还是台词设计方面的问题，幼稚又矫情；2.前半段世界观铺得太广太宽了，后半段情、缘、命运、羁绊这些儿女私情的阐述又使之急剧缩水，这一点感觉凯哥之后的片子都存在。,2,无极
又没看懂……郁闷……,1,无极
这是。。超现实主义。。的。。神片。。我看完了我自豪。。,2,无极
资料馆陈凯歌亲临，糟烂的电影，乏味的访谈。陈导引经据典的吹了几个希腊神话来说创作理念，可结果就是没有神话只有笑话。抛开因为年代经费的特效不说，开场的大场面调度就已经很凌乱了，然后雷人的台词，震惊的故事，没有逻辑的行为，搞笑的国语发音，从此那个拍出霸王别姬的导演走上成魔之路。,1,无极
其实是真的很烂 无所谓超前不超前 真的是烂 现在过来打四星五星的人为了装逼连脑子也不要了么,1,无极
我这个人真的不太喜欢打一星的，毕竟都是一大群人精心的劳动成果，可是这个片子真的没有一点能加分的，馒头的故事实在比原来更精彩。希望100年后我们重新看能读懂一点这个故事。鉴于这么烂的片还是想补充一句，请问能不能打个零星。,1,无极
这部电影的主题、表演……等等一切都可以不提，因为它的CG画成了一坨屎，电影的质量永远由最短板决定，它的CG是屎，那么，它就是屎，这点没有任何值得怀疑的地方,1,无极
当年上映看完几年不敢进影院的阴影，时间证明了后来的同类影片好多还不如他加一星。看似浪漫或深刻的想法呈现出来是如此的幼稚，摊上血案风波不稀奇因为确实糟点太多，雷人假大空的台词混乱的空间和人物逻辑，现在看并不是超前只是成为了烂片标杆，更可怕的是凯歌竟然还对此那么自信不思悔改乃行业悲哀,2,无极
不想说我是冲着张柏芝跟谢霆锋还有床戏看的，但是我不知道该怎么说，有种不知所云的感觉。,2,无极
！！！！！！！还我的120块！,1,无极
不追求故事性和艺术性，完全是看个热闹。,2,无极
稀奇古怪匪夷所思的设定,2,无极
#重看#2008年看的时候给的一星。10年过去，看多了烂片，因为工作要求重看，给个二星。除了陈红的发型特别不能接受，其他居然都看得下去了。,2,无极
看了五六年了，还要过来骂一句，无耻！,1,无极
为了写稿，重新看了一遍。。。从一星改到两星吧。用茅草围住海棠树以对抗时间的流逝那一幕还蛮动人的。,2,无极
跟着凯歌，没肉吃,1,无极
馒头,1,无极
说得人太多了，我就不说了,1,无极
陈凯歌试图将自己的叙事语境提升到一个超越历史的高度，但难辞其咎的执行效果则将这种野心彻底扼杀。因此个人不觉得电影本身有多少谜团值得探究。只想说一下本片尴尬的营销定位：这些貌似国际化的演员其实更适合一个通俗化的剧本，而要达到导演期望的表演水准，国内其实有很多更为适合的演员。,2,无极
烂片。除了小张在屋顶上那倾城的一问。,2,无极
居然这个没有标注？,1,无极
"雷哭了，雷到飞起，这哪里拍的是电影,明明是一场噩梦",1,无极
特效还值得一看,2,无极
要说的太多，等于什么也没说,2,无极
-  -||,1,无极
看得我真的很无奈，还是首映，还坐在第二排。。。with p~@新世纪泉城路,2,无极
这片还能拍得再难看的，可是豆瓣却不让给0分。。。,1,无极
充满了笑点的片子啊~~,2,无极
无聊,2,无极
血案一片成功诠释了这个片是何种垃圾,1,无极
从这部电影开始，我的秩序又被颠倒了,1,无极
一个馒头引发的血案。。。,1,无极
绝对史上坑爹之作！没有之一！ ,1,无极
看完想吐,1,无极
变成搞笑主角的导演……,1,无极
就当喜剧看了，可笑,1,无极
搞什么飞机？！,1,无极
当年最搞笑的科幻动作剧情惊悚片,1,无极
至今为止看过的最烂的一部电影，不是，它还能叫电影吗？,1,无极
。。。,1,无极
跟着你.有肉吃~,2,无极
倾国倾城，而又为谁倾覆了天下？,2,无极
恶心的不仅是这部电影，还有那恶心的宣传以及对陈凯歌晚节不保的叹息。PS：《霸王别姬》真的是陈导您导出来的吗.............................,1,无极
这个肯定评论过！,2,无极
馒头血案,1,无极
烂到极点,1,无极
一个馒头引发的血案，过去那么多年，印象最深的竟然是陈红那冲天的发型。,2,无极
我还能说什么 ……,2,无极
一个馒头引发的血案，感谢它带来了如此多的乐趣,1,无极
跟着你有肉吃，我晕,1,无极
竟然还是在影院看的,1,无极
陈凯歌真是个预言家,2,无极
这片还活着~,1,无极
2006年最搞笑的一部电影 敢情还放风筝呢,1,无极
豆瓣电影首页，你丫再敢把这部垃圾放在“你可能感兴趣的电影”中（还排在第一个），当心我抽你！,1,无极
看完这部电影以后我的字典里第一次出现了垃圾大片的概念,2,无极
当年我的40块,2,无极
2B片儿啊·······看的囧完又囧,1,无极
还是血馒头好些。,1,无极
太侮辱馒头了,1,无极
张东健问刘烨你是谁，刘烨一个华丽的大飞天：我是这黑衣服的主人！。很多年后，张榕蓉问白鹤少年，白鹤少年又来了这么一下！WTF!,2,无极
原来学校组织放的，看了二十分钟人散光了,1,无极
一只馒头。。呵呵。。胡戈有才@Home,2,无极
对于无极我还能有什么说的,1,无极
呵呵。,2,无极
没事找事！多余后期，更谈不上发行，无聊之极！气的我肝儿疼！,1,无极
雷雷雷雷雷雷雷雷雷雷雷卒。,2,无极
★  竟然忘添加了，没有最烂，只有更烂，陈凯歌争取下次拍部更烂的,1,无极
无语,1,无极
陈凯歌怎么了！,1,无极
没有张东健我不会看，但看了又生气，真无聊= =,2,无极
做电影不能做到这样啊,2,无极
06.01.20,1,无极
电影频道,2,无极
2006.5.8,2,无极
空有大堆思想的垃圾袋，悲哀的陈凯歌,1,无极
最大问题是为什么不用配音阿。。。。听他们说话好想笑,1,无极
浪费了好多好演员啊，霸王别姬真的是陈凯歌拍的吗？,2,无极
天下第一烂片 陈老师是烂片王子啊,2,无极
还不是一无是处，至少看着还挺欢乐的,1,无极
怎么没有一颗星都不给的选项。。。,2,无极
太搞了，这片子。不过谢张复合是最大成就，乐见乐见，嘿嘿，我爱八卦,2,无极
能给0分么？,2,无极
哈哈哈,1,无极
搞笑,2,无极
宣传的过分了点，当时看的还是比其他的好一点的~,1,无极
莫名其妙,2,无极
无星~~~~~~~~~,1,无极
谢霆锋凹傻逼造型的功力跟黄晓明一样深,2,无极
其实故事挺无聊的，那时候很喜欢张东健。,2,无极
看在很搞笑的份上给两星,2,无极
可以打半星吗？,1,无极
不否认场面调度 一颗星,1,无极
这部喜剧真的奉劝大家别看,1,无极
看在花了不少钱拍得份上,2,无极
豆瓣上有几部电影比这部分数低的？,1,无极
不知所谓 空洞乏力  ...,2,无极
啥都不说了……,1,无极
有負分沒。。。。。。。,1,无极
其实不是最差的那种，只是不好看。,1,无极
CHC动作电影,1,无极
中国大陆,1,无极
馒头好看多了~真的！+10086,1,无极
让姓陈的自生自灭吧 ,1,无极
一个馒头引发的血案,1,无极
无聊之极,1,无极
不能为了看胸器就忍耐两个小时的摧残，拍完还污染了香格里拉，臭名昭著,2,无极
有个朋友跟我说，如今再看无极，会发现没有那么烂，想给陈凯歌平反。于是我找来片子耐着性子看完，现在可以说是很想跟这位朋友绝交了。看片的时候一直好奇编剧是谁，能写出如此脑残的台词，然后来豆瓣看到烂片王张炭的名字，顿时就不觉得奇怪了。,1,无极
烂片之最,1,无极
其实没有那么差，只是实在太雷了,2,无极
我悲痛的是，有个同事说这片很好看。,1,无极
量产的垃圾,1,无极
3分  垃圾！,2,无极
太他妈烂了！不骂人这语气出不来！！,1,无极
烂的不是一般般,1,无极
还好我没去电影院。,1,无极
看到这片子我就笑了,1,无极
不用说了，什么跟什么吗！,1,无极
比上面那个更烂.,2,无极
哟，这不是《馒头》的宣传片么,1,无极
关于那个馒头。。。,1,无极
无以伦比的烂,1,无极
喜剧片吧,1,无极
我沒有看完，就算電視都已經播了好幾百遍我都沒有完整的看完過。,2,无极
一个馒头的血案,1,无极
完全没看懂,1,无极
为了回顾这部片子，我才特意又下了一次。才发现我忘记这部片子是有原因的，因为它太故弄玄虚，没剧情的。,2,无极
红桃K，无限极，这是部保健片,2,无极
我都不想承认我看过,1,无极
一个馒头引起的血案,1,无极
做导演的无奈，正如大师伯格曼所说，你永远不知道下一部电影会如何。哪怕你已经拍过无数成功之作。,2,无极
不知所云…没能力啊,1,无极
无极=无聊,2,无极
无聊至极,2,无极
我先看了一个馒头。悲剧。,1,无极
好奇怪的片子,2,无极
白痴至极~,1,无极
没劲。,1,无极
"烂片一部,,",2,无极
烂片,1,无极
柏芝那华丽丽的妆，霆锋那华丽丽的声调，陈红那华丽丽的头发,1,无极
姐不行了，一边看一边吐血！,2,无极
这电影还是挺有意义的，起码它给当时的我们增添了很多笑料，不是观影过程中，是过后大家对它台词的。。推敲,1,无极
可能真的被低估了,1,无极
能有更差的吗？,2,无极
一部垃圾电影引发的血案,1,无极
馒头血案,1,无极
两个星。一颗给张柏芝和谢霆锋，另一颗给他启发了《一个馒头引发的血案》,2,无极
可谓惊世骇俗的烂！为什么所有人都在赶时间？为什么每一个场景切换黑幕黑得跟电视剧一样？倾城爱的其实只是鲜花盔甲，谁穿的它无所谓。故事和演员其实很好，只是陈大导演拍得太差了，希望以后有个有点水平的人重拍，外国的也行。。,2,无极
看在重新促成小谢和小张在一起的功劳上,2,无极
馒头成为了噱头，凯歌成全了胡戈。,2,无极
★,1,无极
这应该是大陆影史上最奇葩的一部影片了。。。,1,无极
垃圾。,1,无极
很2很2的想象力，很雷很雷的台词，在那个很无聊很无聊的夜里，一边睡觉一边和一班无事可做的同学们稀里糊涂地看了这部垃圾。不过印象倒是很深刻 = =``,2,无极
搞笑片,1,无极
无极＝无聊的平方,1,无极
多年之后，想起当初花了占我生活费相当比重的全价票钱去看了这么一个垃圾电影，心中的愤恨仍然无法平息。于是忍不住跑到豆瓣上把这部烂片翻出来，一是看看它被人唾弃到什么程度，二是再用言语狠狠蹂躏它一番，以舒缓一下胸中积郁之气。,1,无极
特烦这种装B的“商业大片”,1,无极
馒头血案,1,无极
这片子看不懂的说。,2,无极
差。,1,无极
为馒头血案提供了很好的素材 还是给一颗星吧,1,无极
逻辑不太通，很难自圆其说的电影。也同意陈凯歌的观点，他们在技术上被人骗了～可能本来想做成阿凡达那样的。。。,1,无极
陈凯歌说，你们现在看不懂，总有一天你们会懂的。N年后，艳照门席卷大江南北，大家都懂了。,2,无极
更不能忍,1,无极
做作,2,无极
"又一垃圾,某谢在里面演的真恶心",1,无极
无聊之极,1,无极
从此以后我不想再看陈凯歌的片了。,1,无极
垃圾,1,无极
冲这是国产的，给个一星吧~,1,无极
唉，陈凯歌因为这么一部电影一世英名毁于一旦，还怎么评价它呢？两颗星是因为陈走了大片的路线，用了一些粗略的特技，但效果真的是差到了一定境界。陈凯歌不应该走这个路啊！,2,无极
算是看过吧，捏着鼻子也没有看完整。,1,无极
想说得太多……,2,无极
这个片让我们知道了什么是烂片,1,无极
没看懂,2,无极
让人失望的大片,1,无极
别的其实都还行，画面非常漂亮，故事表现也很有感觉。只是里面的演员念台词这个费劲，拜托配个音会死人吗？没字幕根本听不明白。刘烨演的太用力，让我觉得有点别扭……2星吧= =……,2,无极
人怎么能无耻到这种地步！,1,无极
馒头神作,1,无极
无极的使命就是为了开启改编恶搞之门，经典的馒头啊！！,2,无极
无聊之极,1,无极
很无聊,2,无极
无极=无聊×2,2,无极
第一印象是毁灭性的,1,无极
张柏芝的预言片……,2,无极
很有笑点哦,2,无极
这颗星打得销魂啊！！！,1,无极
有0星嗎?,1,无极
很愿意随这个大流...,1,无极
我心中的最最烂电影，没有之一,1,无极
我的大好青春啊！,1,无极
呵呵呵呵,2,无极
比《英雄》！,2,无极
也很烂,2,无极
其实画面还是很美的。,2,无极
十年后我还是不能懂这个。但我愿重开眼看陈凯歌。,1,无极
烂成一朵奇葩；另外，陈凯歌是预言帝？,1,无极
"不要说了,一群笨蛋在一起",1,无极
那年，初中，高中部阶梯教室，记得柏芝被当作风筝放起，后来得知据说霆锋的角色本来是哥哥的……,2,无极
什么时候CCAV也能快进就好了,2,无极
吐血,2,无极
根本不想让这种片子加入我的豆瓣,1,无极
囧到不行。。。 但因为这部好像锋芝又走到一起了也算一件好事？柏芝真的是美得倾城~,1,无极
从这部片子后，中国内地电影大导演一直忠于比谁拍的更烂。,1,无极
还是要感谢这部电影的，不然哪里会有那么搞笑的《一个馒头引发的血案》呢，是吧！,1,无极
应该叫《无语》,1,无极
当喜剧看就还行…,2,无极
在街上看见一个头发向上飘起的阿姨时，无论她说什么都要说“不愿意”，以免耽误终身大事,1,无极
我居然没评论过这片！简直无力吐槽。,1,无极
laji,1,无极
很 失 败！,1,无极
可惜了这江山如画，故弄玄虚的陈凯歌非要将片名取得如此道家。05年的小谢，以为拍电影跟拍MV没区别，举手投足均是刻意耍帅。无欢怨恨倾城，她的欺骗让他失去了成为好人的机会，从此他谁也不相信。现实中张柏芝是否也浪费了小谢一个机会？满城风雨的峰芝恋，在铺天盖地的八卦里他们早已失去本来的面目。,2,无极
这算是电影吗？,1,无极
陈凯歌你个大2,1,无极
烂的史无前例,1,无极
烂就一个字,1,无极
An incoherent plot and ridiculously obvious CGI effects doom this effort from the usually outstanding Chinese director Chen Kaige.,1,无极
谢霆锋是不是GAY哦。,1,无极
本来片子没那么差，但是它破坏了环境，永不得翻身,1,无极
高一全班音乐课,1,无极
一颗星给音乐,1,无极
。。。,1,无极
打着艺术旗号破坏环境的典范。以上。,1,无极
一个馒头引发的血案,1,无极
馒头血案火了,1,无极
不给1星给几星,1,无极
所以这个电影究竟在说些神马,2,无极
你知道我当初为什么瞎了吗！就是因为这部电影！,1,无极
滿神？哈哈~滿神,2,无极
不知所谓!连画面好看都提不上!,1,无极
我想飞得挺高，飞得挺高，黄XX在奔跑,1,无极
这是烂片的典范吗？,2,无极
本来因为棒子要给1星的，但是想想也不能这么极端，还是淡定点好了。。,1,无极
失败的作品,2,无极
邓小平对江青的评价：零分以下,1,无极
无厘头,2,无极
哈哈哈哈哈哈，,1,无极
疯跑的人狗,2,无极
这真的是拍霸王别姬的陈凯歌吗,1,无极
看《无极》有种无语凝噎的感觉。,2,无极
真正的恶评如潮,2,无极
史上最烂片,1,无极
跟着你，有肉吃,2,无极
实话实说，陈凯歌退步的速度比谁都快。,1,无极
对不起 我错了,1,无极
批评的人已经很多老，确实不好,2,无极
我错了 其实我只看过 一个馒头引发的血案。,2,无极
有零分可以打吗？好烂啊~~~~~~~,2,无极
一个馒头引发的血案,1,无极
还是那个馒头的血案比较好看！,1,无极
高深过头了。陈大师。,1,无极
不知所云,1,无极
东健被糟蹋了。“一个馒头引发的血案”引发了一代恶搞浪潮啊,1,无极
捧红了胡戈,1,无极
哈 無語,2,无极
竟然忘记我居然看过这样一部电影 每次谢霆锋张嘴说国语 我都有想撞墙的冲动 为什么不给他找配音？？？唯一值得表扬的是画面,2,无极
无极之谈,2,无极
风景给一星，其他全给太阳！,1,无极
这片子我看完了没有啊.......??,1,无极
馒头,1,无极
可不可以不给星啊。,1,无极
无耻之极，简称 无极,2,无极
很久以前看的了，都快忘了,2,无极
不讲了~,1,无极
由一个馒头奠定影视地位的巨作。,1,无极
因为这部片子，演技派的真田广之在中国不能混了...,2,无极
听见那几个人说普通话我就恶心了,1,无极
可惜了,2,无极
三大导演陈凯歌之大烂片。,1,无极
托陈凯歌的福，捧红了一个胡戈,2,无极
我以为经过这么多年院线烂片洗礼，十年后看这个不会再觉得有多雷，结果还是被雷的里焦外嫩，看不下去，其实故事和人设都挺好的，最可怕的是特效五毛，尤其是张东健跑的时候。表演台词和化妆也很好笑，我怀疑陈凯歌本来就打算拍一个搞笑片吧。,2,无极
其实本来可以不那么烂，但陈凯歌确实没有能把握好他原来想表达的主题,1,无极
这绝对算不上是电影,2,无极
no words le,1,无极
轰动一时的一个馒头引发的血案。纵然陈导宣称是拍给下个世纪的人看的，依然还是理解不了。,1,无极
突然找到我看过的这样一部烂片哈哈哈笑死了。,2,无极
场景是挂历啊，情节是垃圾啊,1,无极
烂片之神中的宙斯,1,无极
这种大烂片怎么当时看过就忘记添加了呢。,1,无极
实在没有想到电影能拍成这个样子。亏得我从地铁站一挂出海报就在盼......,2,无极
呵呵，陈老，您没事还是别写剧本吧，物价飞涨下的屁民们伤不起啊！唯一的一星给露背、一瞬间露奶、被小日本蹂躏狂摸狂抓咪咪的张柏芝吧！,1,无极
shi,1,无极
你看看那評價。。,2,无极
两颗星是给因此片而复合的张柏芝和谢霆锋，然后又分手又复合= =,2,无极
太丢人了,1,无极
不看不知道，一看吓一跳~,2,无极
大将军的面具真好看,2,无极
多么可怕的回忆啊 ,2,无极
咦 居然不是一颗星,1,无极
烂,1,无极
我们就不懂你的电影了  陈凯歌 你这人也忒矫形了吧,1,无极
"這一顆星是給張柏芝和謝霆鋒的,他們因為這部戲而傳出&#34;和好&#34;傳聞~",1,无极
看了片也没肉吃,1,无极
中国导演又一部炒作电影,1,无极
印象最深刻的是陈红顶着一头飘飘长发,2,无极
真的，它到底在讲什么,1,无极
娱乐片而已，笑笑就过了。没有血案估计无极票房很烂。。,2,无极
白瞎这么多好演员了。看到没，首席编剧：陈大师,1,无极
有肉吃！,2,无极
馒头引发了血案！！,1,无极
。一群演员用严肃认真的态度，正儿八经地以各种有趣的口音的普通话说着郭四风格的肉麻台词，演了一部极品精分扭曲超现实喜剧片；而且这群演员还通过这部电影学了些杂技。雷点之多哈哈哈哈哈哈哈哈哈哈哈哈哈 哈哈哈哈哈哈哈哈哈哈 我一直觉得凯歌同志有自虐和搞基倾向来着。,1,无极
这个当年也是在影院看得 我直接想回学校上自习去……,1,无极
这电影就不应该拍,1,无极
一个馒头引发的血案。。。,1,无极
让我看懂了馒头.,2,无极
真是不能再差了！搞笑死了。,1,无极
无极  无聊之极  不过还是有贡献的 贡献出一个馒头引发的血案,2,无极
我头一次看到豆瓣上有此等壮观的评星,1,无极
真是嚇人。我的老天。,1,无极
相当烂,2,无极
一个馒头引发的血案,2,无极
垃圾片！,1,无极
拍得出《霸王别姬》的陈凯歌，也是拍得出《无极》这样的烂片的。没见过把自己老婆拍成这样的导演。。。,2,无极
一星给馒头,2,无极
雷死,1,无极
五年之内没人看的懂，现在我终于理解陈导的良苦用心了啊。，。,2,无极
有些假。,2,无极
值得去电影院看的 烂片,1,无极
嗯，其实最为原素材，这部作品成就了一个《馒头引发的血案》的巨作！,2,无极
红了一个馒头引发的血案~红了胡戈。,1,无极
雷得外焦里嫩！,2,无极
很简单的故事为什么要拍得这么让人看不懂？,2,无极
够了...,1,无极
可以改名叫无聊,1,无极
有点烂,2,无极
这应该是赠票，但是和谁一起去看的呢，完了，我这该死的记性,2,无极
雷人,2,无极
成就了《馒头》,1,无极
生活是公平的，有所得必有所失,2,无极
得不到的真爱~,2,无极
4分都嫌给它多了。,1,无极
en ei ,1,无极
馒头。红姨很惊艳。瓦曾另类,2,无极
你就装吧,1,无极
垃圾片就不说了,2,无极
跟着你，有肉吃．．．,1,无极
不懂,2,无极
刘烨咱能不能别拍这样烂片了,1,无极
远离烂片。,1,无极
恐怖片,1,无极
各种傻逼,1,无极
傻逼的故事,2,无极
无脑,1,无极
= =唉......救命啊 你让我失去了做一个好人的机会 ,1,无极
一个馒头引起的血案,1,无极
情节不知所云，台词无比狗血，还有那一个个蹩脚的普通话,1,无极
吐了 很彻底,1,无极
之所以给两星，里面造型布景较为华丽！所以坑爹！完完全全不知道演了些什么！有什么逻辑！以至于我一度怀疑自己的智商，心里甚至想，大导演就是大导演，拍的片子都是这么有内涵的！,2,无极
一星留给那些笑点！我靠太搞笑了！,1,无极
如果可以，能不能给个鸭蛋？,1,无极
- -,1,无极
烂就一个字,1,无极
也是烂片中的奇葩了,1,无极
啥都不用说,1,无极
无极,2,无极
无语。,1,无极
被恶搞成烂片。剧情是单薄了一点，的确是有其无稽之处，起码比一些恶俗搞笑片来得好。,1,无极
跨越了电影和现实...令人震撼的预言！！,2,无极
史上第一大雷片！！,1,无极
当年看的时候觉得是大烂片，但好歹还有些逗趣，如今看，就只是烂片了。,1,无极
跟着你，有肉吃。。。,1,无极
没看懂，虽然他自己说很好，但是观众都没法接受，有什么用,2,无极
也是奇葩一朵，忘标记了。,2,无极
看了那部《馒头》才对此片有了兴趣，当喜剧看了一下还是不错的，陈导还自不量力的要告人家，要是没有人家恶搞你，这片子真没人看,1,无极
呃呃,2,无极
爱情还是宿命阿 什么什么阿 雷,2,无极
我的审美观真的跟不上时代了，谁TM说这是部“先锋派影片”的？,2,无极
我至今还想得起来郭敬明那时候跟风,1,无极
再好的舞美，也填补不了一个空洞的剧情,1,无极
就不说什么了,2,无极
終于有個電影可以讓我給個最差的評價了,1,无极
本来不想给星，这一颗星全给外院的同学们：电影当天我被雷得外焦里嫩，没成想最后现场还有人鼓掌有人哭.......天雷滚滚来，外院更精彩.......,1,无极
汗,2,无极
当搞笑片看还不错。,1,无极
浪费投资的钱浪费电影票钱,1,无极
烂中之烂。并无奉承之意,1,无极
只記得一個饅頭引發的血案。。。。,2,无极
烂就一个字,1,无极
太梦幻了~~,1,无极
我想给你打负分！！！,1,无极
早以前看的了，回想起来觉得无病呻吟,2,无极
烂得经典,1,无极
画面和色彩及其迷幻，可能是取景地太好。余下只有张柏芝胸部一瞥,2,无极
一个馒头引发的血案,2,无极
这什么狗屎 要特效没特效要情节没情节,1,无极
比南京南京好一点，不比陆川虚伪,2,无极
其实我宁愿承认我看过一个馒头引发的血案 都不好意思承认自己4年前看过这个电影,2,无极
看了无极知道了什么是神话,1,无极
无极＝无聊至极,1,无极
一颗星给《一个馒头引发的血案》,1,无极
烂透了……我还买了碟回家看的。,1,无极
高中元旦的时候在教室里放的~,1,无极
呸,1,无极
今天纯属无意又看到了这神作。膜拜之。还是给个星吧。。。。,1,无极
一个包子引发的血案,1,无极
纪录我看的烂片，这部必须榜上有名。烂片中的极品。,2,无极
哎呀 在最烂榜单里看见它 想起来我竟然看过 这让我情何以堪啊,2,无极
弱智动画片一部,2,无极
看的掐头切尾版,2,无极
还好，没我想象中的烂,2,无极
为了她飘起来的头发,2,无极
我也不想承认我看过唉，可我居然去电影院看了,2,无极
我想寻找一部更雷的片子 却总是寻找不到,1,无极
真心要娱乐大众的话就不要装严肃`,1,无极
比起原作，“馒头”显然更为人所熟知。开了本土魔幻电影的先河，但或许是为盛名所累，再加上陈导一些不够大度的举动，所以评价不高。但就现在的眼光看，这部电影比现在一些所谓魔幻电影诸如《画壁》什么的还是好了太不少。PS：拿着酷似孝子手的谢霆锋实在太有喜感了。,1,无极
差也没那么差，但是事先的吹捧太伤人了,2,无极
可惜不能打0分www,1,无极
操！！！,1,无极
满哥亮吖,1,无极
满神，你头发还能再高点儿吗？,1,无极
烂片，没什么好说的了,1,无极
一个馒头引发的血案,1,无极
跟着你有肉吃,2,无极
我手贱，居然看了央6...,1,无极
不像传说中那么不堪啊？起码比三枪好点吧？,2,无极
哈哈哈哈哈哈哈哈哈哈哈哈哈哈哈,1,无极
冲着一个馒头引发的血案，勉强加1星,2,无极
见过无脑的没见过这么无脑的啊... ...实在无法原谅。,1,无极
这是他们两个的电影,1,无极
陈凯歌是朵奇葩,2,无极
天雷滚滚~~~~,1,无极
异常失望。2片，陈凯歌你吖的实在很2,1,无极
浪费钱,2,无极
简直,2,无极
05年就此成为网络吐槽国产电影元年,1,无极
一个馒头引发的血案......,2,无极
白花25块,1,无极
http://orzsto.net/sensation/crap/index.php?pl=556,1,无极
唉,2,无极
好吧，前五分之一的时候我还是有点感动的……,2,无极
没想到拍出《霸王别姬》的人还能弄出这么个东西。,1,无极
大二看的,2,无极
一个美丽的扯,2,无极
这两星还是冲着真田和特技给的,1,无极
视觉效果还是可以的 虽然一直不知所云。,2,无极
还真不如一个馒头引发的血案好看,2,无极
行为艺术,1,无极
说垃圾都侮辱了垃圾,1,无极
法国观众都笑了。。。,1,无极
不能看不能看 瞎眼睛……阿弥陀佛,1,无极
= =我没评过么,2,无极
请告诉我陈凯歌到底在干嘛！！！！！ ,1,无极
我居然没加这么有意义的一部片~~~~,2,无极
天上有只鸟？,1,无极
烂片之王。,1,无极
谢霆锋在这里十足一个受，没想到将军演过雄霸。那句没有你我们就像没有爹娘的孩子，是故意雷人的么，手下一个个都作吃惊状,2,无极
史上最烂,1,无极
我喜欢谢霆锋扮演的娘炮啊，他那把扇子和那个座椅也很有爱啊~谢霆锋刘烨打斗那场戏里刘烨破屏风而出的那个镜头还挺惊艳的~,2,无极
虽然很烂但是我要说！！那时候我就看出来谢霆锋和张柏芝有戏了！！！后来怎么着！！哼！！还有啊 郭四娘有本书叫无极。。角色都一样的情节不一样。。咋回事,1,无极
gaga~,1,无极
无极,2,无极
凯歌，我们都错怪你和你的娱乐精神了……,2,无极
可以送凯子哥一个搞笑天王的称号~~~,1,无极
馒头,1,无极
唉,1,无极
"没奈了,这么烂",1,无极
预言帝？,1,无极
无聊的三次方,1,无极
这部以后 再没看过老陈的片,1,无极
佩服导演的预言能力,1,无极
比夜宴好一点点点 没有滥用特效 所以一星 ,1,无极
看不懂，看不爽，也许是道行太浅，不懂凯歌的思想。,2,无极
让人无语的陈凯歌！,2,无极
有0颗星没，这啥鸡巴玩意。,1,无极
這就是傳說中的大導演和巨星們合作出的“巨作”,2,无极
烂的不靠谱,2,无极
无极的差,2,无极
据说此片是陈凯歌不好意思捞钱所以让陈红出来当制片人捞钱的片子,1,无极
更喜欢&#34;一个馒头引发的血案&#34;,1,无极
原来是部预言片,2,无极
