谦谦君子，温润如玉。,5,叶问
最后林家栋打死那个日本四眼的时候我那场全场观众掌声叫好。主题热血，民族情绪被适当挑拨，前半段桥段幽默，日本人也不是一味的傻里傻气，动作设计果断、暴力、真实、残忍。最主要的是甄子丹居然能把叶问的儒雅稳重演绎的淋漓尽致，这样的商业片想不赚钱都难。8.3,4,叶问
算是合格的动作片。比较满意甄子丹冷面拆招的模样。,4,叶问
甄子丹真的是一个很稳重很成熟的男人。,4,叶问
叶问你要吃饱了饭再打啊,4,叶问
打的很过瘾。甄子丹不需只靠打戏，文戏同样令人佩服。,4,叶问
甄子丹在内地真正走红就是靠这部片 总体来说 打戏确实过瘾 剧情也能抓住观众的点 08年票房过亿,4,叶问
不能因为是甄子丹演的就无脑差评吧。,4,叶问
爱国教育！,5,叶问
剪刀手广电局，果然名不虚传。剪了几个片段，片子的完整性被破坏了不少，但是阉割版也是一部很出色的功夫片，堪称近十年来的最佳。缺点：煽情+主旋律+公式化；优点：写实而不乏华丽的动作场面+最好的甄子丹。,4,叶问
侠骨柔情，印象最深的是叶问夫妇的日常，虐狗啊,4,叶问
婦女之友,4,叶问
看的挺热血，头一次觉得甄子丹有书卷气，打斗戏还是挺精彩的，日本演员也蛮敬业，林家栋演得好，替他心酸！,4,叶问
再看觉得电影有点生不逢时，放到现在票房会是非常高的电影，动作戏比某票房冠军强很多，而且电影的完成度也非常高,5,叶问
大概是烂片甄拍过的少有的非烂片了……,4,叶问
即使老土即使煽情，看完还是很热血很感动。,4,叶问
民族情怀，家国天下，英雄在此～虽然不是很喜欢甄子丹但是电影还是不错的,4,叶问
很有正义感的一部影片，叶问一个人打10个日本人的时候简直大快人心，英雄情节，家国情怀，很喜欢这部电影。,4,叶问
还行，但是看见熊黛林就够了。内两步走还猫步。。以为走T台呐。大眼珠子空洞无神。也不知道瞪谁呢。。香港没女演员了吗,4,叶问
2009.1.2在寝室看的，武打场面很精彩，但是甄子丹是北派硬桥硬马的风格，去打南派以柔克刚的咏春拳有点怪怪的。结局很令人满意，我还以为叶问最后会像霍元甲那样被小日本......叶问有句话很经典：这个世界上没有怕老婆的男人，只有尊重老婆的男人。,4,叶问
蛮好看的一个片子，如果叶伟信敢换个角度写林钊这个小翻译官，这个片子就可以送去参展嘎那了，呵呵～可惜最后林钊被义愤的老百姓乱拳打死的镜头被删掉了……可惜可惜……,4,叶问
挺好看，。就是不知为何英文名是LP MAN.... 力王好老了。。。。-----分界线----   看完2才发现叶问1真是佳片，四星改为五星,4,叶问
居家型武師各種萌❤武打好看；甄爺的演技尚算過得去，但他往那一站，或溫溫一笑，或一個眼神轉變，已經有了葉問的氣場：文質彬彬的武師和會彈鋼琴的打星，溫文爾雅之下的魄力收放自如，多麼相似。幾個配角都是我喜歡的男演員，尤其林家棟和任達華，永遠不會令人失望。,5,叶问
好man好man！！！佛山血汗男子大丈夫！！！也喜欢熊黛林！和小儿子踩单车转一圈非常可爱可爱！！！甄子丹更不用说！认真的男人最爱了！,5,叶问
我就是不打，你找上门我也不和你打，因为老婆不让我打。结果你丫给脸不要脸打到我家里来，老婆心疼家里的瓶瓶罐罐了，然后我再打，打死你，因为你丫惹我老婆生气了。A FISH TALE,5,叶问
先说说几个演员，电影好坏放一边。看到樊少皇，想起原来的虚竹和尚，然后想起这小子小时候也长得挺帅的，看过他在一香港老片里演一得意少年，还是个奸角，结果不知道为什么长大了却变丑。日本将军出来我立刻认出来丫是GTO里面的那个有个年轻妈的学生，蓄了胡子就开始装老成。,4,叶问
应该是我看过甄子丹最好的电影了，有些小瑕疵，但是豆瓣评级分不了太细，给五星吧，支持下国产好片。话说今年好片挺多，中国电影终于走正轨了。,5,叶问
等不了港版了，还是看了大陆版。前半部分住在大宅子里面的叶问一家比较好玩，宅男，惧内，漂亮老婆，可爱的小孩。后面比武我觉得一般。咏春拳嘛，短距离内快速、有力、多次的出拳，但是李小龙质疑道：如果一拳可以干掉对手，还有必要打那么多下么，于是李小龙发明了截拳道。,4,叶问
其实打不到4颗星，7分差不多。,4,叶问
还不错哦，话说好几年没见到好的功夫片了~~，除了打日本人让人觉得大快人心，对叶问对家庭的责任感和人物性格也可画得很深刻，让人觉得是一个有血有肉的人，而并不是一介武夫~赞一个~,5,叶问
现在回过头看还是那种单纯的喜欢。,4,叶问
一代宗师，怕老婆；关门比武，先吃饭；再不出手，家私破；宅男必练，咏春功，居家报国，漂漂拳,4,叶问
我看片子还是喜欢一入手先从剧本、台词的功夫、念白的节奏上来考察，甄子丹的表演交的是满分卷，他让我明白一个武人内心扎下的马步，底盘是多么扎实和坚定……整部片子气韵通畅，至诚，用心，稍有瑕疵不掩瑜。,5,叶问
甄子丹的叶问很君子很沉着，熊黛妮很空洞花瓶。挺好的动作片，各方面都比较写实，也没有很多花枝招展的点缀，朴实沉稳。只是全篇中规中矩，确实少了点激烈的戏剧碰撞和火花。,5,叶问
就影片内容和叙述技巧来看，并不出彩，却被洪金宝的武术指导彻底征服，拆招出招，无论是仅为切磋的点到为止花拳绣腿还是招招致命的穷追猛打，都十分精湛。只是有些删减片段删减了，不免可惜。。。尴尬个,4,叶问
故事讲得比较成功，编剧的实力不俗。作为一部动作片，出彩并非动作，而是文戏，甄子丹、任达华、樊少皇都是用文戏平衡了暴戾之气，也避免了浮夸的民族英雄主义。与yy片不同之处在于，这是以佛山为地点的小范围事件，以武术为逻辑的封闭阐述，没有过度升华。令人失望的反而是三人以上的武戏，乱而平庸。,4,叶问
最大的感触是还可以再好一些 武打设计很棒 速度很快很过瘾 但角色性格的处理还可以再深入些 除了翻译其他配角都没能够很好地突出 叶问他老婆什么来路？ 这么个多镜头鸡肋角色,4,叶问
打的比较真实，除了1挑10的场面有点假。霍元甲和叶问里都找日本的来演被打败的武者，按照我们的意识形态和惯例，这样的演出后回国了会被封杀的吧，不晓得这两个演员回去了是不是也没活干呢。,4,叶问
很不错呀，有动作有故事有照应有民族情感的，音乐也很到位~甄子丹无表情胜有表情啊，什么也没演反而还有点动容~熊小姐让人想起当年的常盘贵子，不过她的大眼儿还真是有些呆呆呐...另有一个疑问，为啥叶问是那么好笑的Ip Man，而叶伟信自己的姓拼做Yip呢？港姓英文拼写需要规范啊看来！,4,叶问
"典型的甄式功夫 但是那个连环拳的配音,,,,,像敲背",4,叶问
不错，这电影票值了。至少主题突出不罗嗦，至少激起了我那么一点点的爱国热情。。。池内博之让我想起了我亲爱的坂本叔叔的青年时期。,4,叶问
作为一个功夫片还是不错的 作为一个教育片 也比《霍元甲》好 有些线索没有挖掘 遗憾···,4,叶问
很多人觉得老套，但我还挺喜欢这部电影的。中国自己的电影，有一个特色的就是功夫片，应该多钻研，把中国功夫拍精。从功夫的角度，这部电影还是没让我失望。相比很多人看完此片会对日本侵略中国的行为感到愤恨，我则是对抗战时期，中国内部的动乱感到很痛心。像这部电影里面演的那伙流氓，最后不是还去,4,叶问
虎头有点蛇尾。结局有些情节交代的不清楚。比如金山找的去处（最好能安排他去打日本鬼子，嘿嘿），还有沙胆源的安排也太简单。还有谁告的状啊。最经典细节就是叶准骑着小木马车出来兜了一圈又回去，只说了一句话：爸爸，妈妈说你再不出手，家里的东西就全都打烂了。大师很谦虚！,4,叶问
174 拳拳到肉，眼花缭乱的打戏；令人扶额，略显刻意的文戏，构成了这部进入IMDB250的华语电影。,4,叶问
很不错的动作片！着实感动了一把，甄子丹的演出文戏也还是很不错的，有些文质彬彬的样子。打斗的场面也算是设计的很精彩，不错不错,4,叶问
with Olia &amp; H。无奈与愤怒交织。热兵器时代造成习武之人的悲哀，纵然身强力壮以一挡十，个人力量还是不足以抵挡时代的洪流。叶问也算是居家好男人的典范，一副儒雅书生气质，却有足够的力量保护爱人和孩子。李钊并不算走狗，俨然他是最好的翻译。,4,叶问
矇矇開心小鎮（日语汉译的不是很好）。十数年来难得一见的动作细致的武打片，但煽情成份太笨拙。语言的障碍，既挑起了战争，也阻止了战争——会外语真的很重要。,5,叶问
那个光头将军好GAY啊 很像越狱的男主 ,4,叶问
甄子丹要凭《叶问》拿小金人似乎还有有相当的难度的。电影触动了我们的民族情节，因而大获全胜也无可厚非。对比起《霍元甲》有过之而无不及。另外，林家栋的表演实在可圈可点！,4,叶问
"以前所看,突然念起,甄子丹的升华之作...纵使无敌于天下,也挡不住历史的洪流...",4,叶问
（160313）通篇在打，无一拳多余，无一招浪费。为切磋武艺而打，为维护乡里而打，为武者尊严而打，为国家荣辱而打。前半带着些许冷幽默，怕老婆的绝世武者，想打地心痒却又怕被骂。与国人打至少留三分力，与侵略者——”我要打十个“！以抗日前后分割对比，看各色武者在大时代背景下的生存面貌。,5,叶问
还不错，还不错。半夜看完，还挺兴奋。话说此片的节奏感把握得还真是很到位！,4,叶问
叶伟信标签式的冰冷、绝望的细节——一块番薯一包白米；刚打赢日本人的叶问在路上神情恍惚地给日本军车让了道——“会打又能怎样，照样给人家让路”,4,叶问
说它美化还不够，说它真实连自己都不信，但好看是真的。甄子丹叔叔看起来很受……,5,叶问
觉的篇幅短了些，讲了两个金山找和日军故事，其实叶伟信可以更自信些。以前天下太平的时候你不想教，现在世道不好，你是不是该做些什么？”,4,叶问
老婆，国产片来讲，这已经是很不错了哈，嗯嗯，老婆，抱抱！老婆，叶问说过，这个世上没有怕老婆，只有疼老婆……老婆，我疼你不？你说嘛，老婆，老婆，我想你了……小猪想你了……,4,叶问
看完了就知道一定会有续集，也知道续集水准肯定是要降的，果不其然，也间接说明了叶问1是此类电影的标榜型作品了,4,叶问
1、越狱男的越狱头。2、熊黛林台词真少，每次开口都会让我惊讶，咦，她原来不是哑巴的。3、叶问同学你是金牛的吧。4、任蜀黍雪花膏借我抹抹呗。5、李钊同学真是精明又机智啊。6、细节很多小可爱。,5,叶问
整部片节奏很好，熊黛林很美。,4,叶问
你天下无敌，但你无能为力；你可以以一敌十，却不可逆转民族弱势。这部片子故事性强到太像个故事，但好在每个人都只是凡人，在时代的洪流中为了自己想得到想守护的东西而搏命，高低贵贱，心有多大，一早已刻入人生之中，而非大多电影所作的狂飙猛进“植入式”，波澜之下根基扎实心境平实，人情人性犹如,4,叶问
"落仔超喜欢叶问的粤语发音-_-b,然后我们一致认为这片儿真是意淫。",4,叶问
2008-12-29 18:39:30 8/8.3(201) 毫无悬念，最佳动作设计：洪金宝。近年难得的动作佳片，请无视那些半吊子的装逼犯。唯一遗憾是设定太变态了，ip god。2009-2-23 18:25:55 8/8.2(2763) 二十一世纪想不出谁还能拍出更好的功夫片了,4,叶问
8.4.绝对被低估的剧情动作佳作。甄子丹演技爆表，不仅武打水平高，冷面拆招帅爆，且文戏对白也是出乎意料，时而让人热血激昂，时而让人热泪盈眶，确实是叶问不二人选。林家栋影帝级表演极出彩，对人物复杂人格塑造入木三分，其难度甚至大于叶问，但掌握很到位，将一传统意义上汉奸演的不让人恨反让人敬佩也绝了。樊少皇也不错，工厂独白很棒，可惜本来可以被叶问感化的，但最后没有变好，反而告诉日本人叶问藏身处，是本片唯一缺点。任达华、熊黛林、释彦能一众配角也都有自己个性，避免脸谱化，给人很深印象。本片剧情很合乎标准，既不流水账又合乎情理。武打是本片亮点之一，全片武打戏都是新世纪港片最高水准，看得既过瘾又很能燃气氛，一套动作下来流畅自然而又酣畅淋漓。家国情怀的情感点也不错，易于引人共鸣。细节很棒，比如叶问的烤地瓜。,5,叶问
纵是强如以一敌十的叶问，家里的豪宅也还是被日军占了，遇到日军军车也只能乖乖躲在一边让路，叶问说到底也只是一介武夫，在历史的洪流面前与普通人无异，他可以义正严辞地斥责李钊，但是他其实并不比李钊做得更多，所不同的是，他在做，民众在看，而李钊真正做的事没人看到。不过这部片子还是拍得挺好看的，另外樊少皇的形象和表演让我耳目一新。,4,叶问
我才发现 Ip Man 是叶问香港拼音而不是跟 Ironman 一个意思= =回过头来看发现一的剧情真的很合理，人物不脸谱化（除了叶问），情节合理，动作爽快。,5,叶问
开篇差意思了。历史事变带来的转折太突兀。还有那群南下来的人有点莫名其妙的，是想表现内忧外患并且和叶问作对比么。。。配角的性格做得有点过头了，不过，这样也蛮好~叶问塑造得真的很好，不管是否符合现实，反正我是觉得一个习武之人他的厉害之处绝不仅仅在于他会打架，重要的是内涵，是修养，有了好的文化底蕴，才会有真正好的武功，否则就只是蛮力罢了，这部片这点做得很好~,5,叶问
只能感叹黄飞鸿时代的电影界太过鼎盛～大萧条时代的叶问无论电影内外都有些让人颓丧～可质感还是不错的～,4,叶问
可惜结局被广电局修改了,4,叶问
真是很不错的一部电影，动作设计新颖却不哗众取宠，配乐也不错，甄功夫的时代到来了。不过安排叶问中了日本人的一枪，而历史并非如此，这是为了戏剧效果的安排，还是为了激化民族情感？,4,叶问
"迷人, 前半部份我都無法呼吸, 這溫潤的男人。 茶、懷錶、閨秀妻、粵式大宅、習武修身修德、長衫、從容謙和、啊... 少爺什麽的。..  然後,三浦將軍T_T  後半部份就是在愛你T_T",5,叶问
叶问的形象高大全，神一般的人物，情节套路化，民族主义情绪的宣泄。只有李钊这个翻译官才是真正的亮点，有突破有创新有意思，颠覆了传统荧幕形象和国人逻辑。,4,叶问
"傻逼了吧! 中國人就是只有看打洋人才能有民族團結力. 為這個給兩星三星的,實在是不瞭解中國國情.",4,叶问
据说离史实较远  叶问没打过日本人  我觉得基于真实人物改编的故事  还是少点YY的好 ,4,叶问
很喜欢呀 一开始看还觉得熊黛林一般 可是最后呢还是觉得蛮好 有人评价说这种和平年代耍点小脾气危难时刻又识大体的女人最美丽 赞同！本来就挺喜欢甄子丹的，这里面对老婆大人很没脾气在外又很能扛也很招人待见……那个小宝宝说的话会成为经典吧 和赖赖在今典花园看的 都叫叔叔阿姨了怎么能不看呢？哈哈 ,5,叶问
现在甄子丹大哥的片是越来越好看了，现在觉得他是功夫片的新希望。甄大哥用他成熟的演技实料的功夫将观众征服，本片颇具感染力，在日军侵华这一背景刻画上很有说服力，没什么假大空的民族情绪，将日本人的武士道精神以及传统意义上的汉奸都刻画的有血有肉，人性和现实的冲突也显得很真实,4,叶问
熊黛林真美～～～我也要找个尊重老婆的男人～三蒲将军的双眼皮真好看～～～,4,叶问
从黄飞鸿到叶问，中国的近代题材功夫片，有着一种近乎悲壮的意境，就像叶问在武馆里以一敌十出来后还是要给日本车辆让路。功夫和工业作为两种力量已经高下立见，一个人的力量可以很强大，却打不过飞机大炮，当时的中国注定要劫后重生，而功夫也起到了启迪人心的作用吧。p.s.场景还原的很好呀。,4,叶问
可惜最终都没有能去电影院看~真好，其实就算是电影，也不需要那么多坏人的。下一次甄子丹出戏，一定要去看首映,4,叶问
有不少有趣的小情节。但，最重要的是，尽管不是满场热烈的掌声（大家都有些含羞吧。。。火候也确实没那么足。。。）但两次掌声和我三次流泪，足以证明这是一部比较有感染力又是我个人认为中国人该多欣赏的电影。。。真正的修为真正的武学，真的让我为中国人，自豪！以后一定要让我的后代练武术，真的！要学好中国的武学精神，做一个自强有骨气的好人！真正的中国人！。。。= =在超大屏幕厅看的，感觉真棒～开始没多久，有两到四个观众忽然“打”！起架来。。。之后被请出去了。。。看到后来再回想他们，真是。。。看这种片子还掐架。。。一点修养,4,叶问
甄子丹全面超越李连杰。林家栋很好。叶伟信什么时候能回归文艺片呢？叶问给武痴林弟弟盒子，以及结局部分，两次欲哭。,4,叶问
其实电影一般，咏春拳在对应最后三浦的空手道时神话得太快，多给一星，是因为丹丹越来越可爱了,5,叶问
再现了一代武术宗师的一生。甄子丹的武戏依然精彩；文戏有了很大的提高……,4,叶问
不要找模特演电影不要找模特演电影不要找模特演电影.......,4,叶问
不愧一代宗师。下一部 http://movie.douban.com/subject/3578981/,4,叶问
咏春拳是很实用的拳术，开头的小幽默还是不错的。故事性偏强，面纱厂练武，最后日本士兵居然仁慈到不开枪？不太可信。推荐的原因是里面有以一当十打日本人场面，很爽。,4,叶问
一直以为是部烂片～发现入围了金像奖才翻出来看的～两个亮点～叶问家的装修太讲究了～叶问家的老婆大人太有味道了～,4,叶问
又看了一次。啊我之前怎能只给它三星！我的眼睛瞎了！满分！,4,叶问
热血拳法，和《叶问2》一样，都是走的民族大义的路线。但是这种套路却屡试不爽，确实很振奋人心。但是相比较于《苏乞儿》，和《叶问》相比，还是觉得洪金宝的套路比袁和平更好看。单纯地从故事情节上讲，叶伟信的编剧班子明显比袁和平不止高出了一个级别。以上。,5,叶问
甄子丹的演技与功夫我一直都很欣赏，最近看电影有些看不下去的情形，不过这个还是耐心的看完了，剧情很教育人，虽然还是落如俗套。,5,叶问
又看了一遍````居然还会哭```唉``真男人哇````,4,叶问
片子应该介绍下咏春的特点。甄子丹演叶师傅倒是过分帅了些。池内博之怎么肯接这样的角色，人生观很WILD嘛。,4,叶问
《叶问》出乎意料的好。节奏好，甄子丹的表演也好，整部片子没有粗制滥造的痕迹，很流畅。唯一不合格的是熊黛林，紧张僵硬得连观众看了都难受。,4,叶问
池内博之的日军将领形象我非常的喜欢，很Miller，很冷血。,4,叶问
好比当年的黄飞鸿第一集+精武英雄，一张一弛，收放自如,5,叶问
同样是传记电影，这部就比《梅兰芳》拍得好，剪辑漂亮~虽然结尾的比武有点不真实。 作为男配，林家栋的角色相当出彩,4,叶问
没有看过霍元甲 也许太传奇了 《功夫》里面也是 一蹬脚房子都会抖一抖 太假。小时候跟爸爸一起看黄飞鸿 反反复复 很多时候看电影频道又在重播 也会坐下来 全神贯注再看一遍。爸爸也会点功夫的 小时候掰手腕跟他斗劲 再使劲也纹丝不动 而爸爸轻轻一捏 我都痛得要命 而结尾时总说 他只用了泰山鸿毛的力 老片里拳头是真真实实落在身上 看着都有点疼。 叶问有点像。附带吼下。甄子丹 终于出名了。,5,叶问
虽说是动作片，却放在历史人物身上就明显更沉重些。功夫是什么，究竟该有怎样的态度。挺耐看的电影。至于打的动作里面有多少咏春拳就不得而知了，毕竟外行。,5,叶问
好看　好看　好看　好看　好看！！！！！！！！！！！！！！！！！！！！！,5,叶问
实际是一部拍给日本人看的电影 一个人按照内心的想法去活 要么是疯子 要么就是一个传奇 ,5,叶问
感觉比霍元甲要好得多，真奇怪当初为什么不看。甄子丹的形象马上在我心目中高大起来，林家栋扮演李钊给我的印象太深了，“我只是个翻译，我不是走狗。”最后特别喜欢一个豆友的评价，叶问，你天下无敌，也无法阻挡时代的洪流。,5,叶问
28届香港金像奖最佳影片、动作设计 金像奖 2009年第46届台湾电影金马奖最佳动作设计  洪金宝 梁小熊。不是完整版，有些遗憾。剧情上衔接的力度不足，也不够饱满。《霍元甲》其实比此片在各方面都要高出一头，相信就算是完整版的《叶问》，可能也达不到《霍元甲》完整版的高度。洪金宝和梁小熊的武术指,5,叶问
  国强人强，国弱人弱，还是爱着脚下这片深沉的土地。,4,叶问
越来越不想学日语了。OMG。三浦将军说，今天是为了加强中日交流。我艹你妈啊。甄子丹史无前例的帅起来。外儒内刚。,4,叶问
巨大的落差，永远能击中我的泪腺。当叶问少爷去挖煤的时候，我又想起来了钢琴家用苍白纤细的手指去翻发芽土豆的场景。咽口唾沫，把馒头藏进怀里带回去给那个人，姐顿时就内牛满面……有国，有家，有爱，有情，有义，就是部好电影。爱上甄子丹也从叶问开始，打得好，演得好，帅气！,5,叶问
发现我没标注，来补上。第一部剧情比第二部强，但是武术设计和气氛渲染却比第二部差了。能有续集做得比第一部强（至少某方面）是比较难的，毕竟第一部也算三星半了！伟仔和王家卫要小心……,4,叶问
"杀破狼之后又一功夫经典,只是还缺少一场真正意义上的强强对决",4,叶问
直心無爭，寵辱不驚，能屈能伸，頭腦清晰。設想世間若真還有這等人材，我輩必得折服。樊少皇在戯中金山找可能是他歷來最出色的一個角色。葉問最後打贏三浦，受到萬民歡呼時表現出的無力感[贏一個日本人，根本不能反轉國土淪喪的局面]，是別的同背景武俠故事所鮮有的。戯中拳腳力道雄勁，動作設計逼真，川井憲次的配樂恰如其分…很慶幸趕在落畫前看了這齣戲。讚！,5,叶问
你他媽再YY一個葉問和小日本的你試試！！姑奶奶大嘴巴抽你你信不？！,4,叶问
叶问，好片！叶伟信有潜力哦，也有我喜欢的林家栋，还有甄子丹，樊少皇，但是樊少皇最近演都配角，而且带点反派，凶巴巴的眼神，他啥时能当第一主角就好了。叶问，说真的，我以前根本不知道，这部电影我才了解到，原来是李小龙的师傅，咏春拳，我以为只是小说里有的，原来是真的。我这个外星人啊！任达华演商人，一大挑战哦。在大日本人的时候，我非常想回到抗日战争时期，TNND，打死日本鬼子。怎一恨字了得。中国功夫，博大精深，牛！,5,叶问
终于见到甄子丹可爱一面 片子中规中距 偏大气 但略单薄 三蒲倒是很帅气 就是死的惨了点,4,叶问
绝对值得一看的武侠片，情节不复杂都在情理之中，就是让人看着痛快，打死小日本往死里打,5,叶问
甄子丹的body language远远好于他真正的language。,4,叶问
让我笑翻是一无辜的棉厂工人被光耀甩了一脸墨水的场景，嵌在这种高强度的动作片里，简直比精子还珍贵，效果超级好啊,4,叶问
文武搭配合适，感觉也比较流畅，除了樊少皇演的那个角儿确实有点儿过于2了之外，其余的俩字儿——挺好,4,叶问
甄子丹的文戏也越来越好了。话说回来，他的嘴看上去总像是含着个牙套似的。,4,叶问
我喜欢甄子丹在影片中的表演，甚至感觉他就是叶问。情节可以忽略不计，总之，就是众目睽睽下打鬼子。,4,叶问
"这才是真正的大师~世界上没有怕老婆的男人,只有尊重老婆的男人..",4,叶问
因为要去看2了、赶紧把第一部先看了。甄师傅打得真好呀、哈哈。但是我还是爱看成龙打架、那个会比较搞笑。任达华带着熊黛林和阿准坐车逃的时候、永成讲的那段话还蛮感人的、就是说：以前为了让他多陪我一点时间就不允许他习武、每次跟人切磋之后都会发脾气、但也许这次是他最后一次。。什么什么的了,4,叶问
重看。超越绝大多数动作类型片，将单纯停留在感官刺激层面的「表演动作」与心理层面的「戏剧动作」高度统一起来，打得有意义、有情感，进 IMDB top 250 完全够格。,4,叶问
很棒，看得很舒服，故事情节很吸引人，表演也很到位，很喜欢这样子的香港电影,4,叶问
经典@很久都没有看过打得这么爽的片子了。  越打越精彩 ,4,叶问
三星半，比我想象中好，不过，yy是个问题，也可能是我不相信。,4,叶问
蛮不错的，不过最近的片子民族主义有点来得太多了。。。译名好搞笑,4,叶问
武打设计很精彩，能够看出咏春拳自成一体的套路，加上旧中国特殊的社会背景，电影做到了煽情，电影院响起了久违的掌声，我们也萌生了久违的感动。,5,叶问
从武术到仁义，这个跳跃比从家庭到帝国的跳跃还厉害。家庭和帝国还有那么一点点相似性，从武术到练武是为了推己及人（电影语）简直是个神秘主义的过程。,4,叶问
三蒲长得超像Gad Elmaleh，而那个戴眼镜的小日本很像巩汉林。。。,4,叶问
"香港人都是很会说故事的,然后甄子丹演地真好,再之后故事里面还有个人叫清泉的,汗",4,叶问
我感觉叶问1比2好多了，我随我的父亲去电影院，头一次把他弄得那么心潮澎湃，整部片子镜头音效以及主题都非常好，侠骨不失柔情，勇猛不缺仁慈，这才是真男人本色。,4,叶问
中国武术——有德者习之，强身健体，锄强扶弱，保家卫国——叶问，一代宗师。无德者习之，仗势欺人，横行乡里，危害一方——金山找。德行，才是最高的功夫,4,叶问
也许这么说很不厚道，但这真是此类片中比较厚道的日本人了。。。。,4,叶问
“爸爸，妈妈说如果你再不出手，家里的东西就都破了。”,4,叶问
比想象的好，甄子丹升华了～～武术退后，电影老实地去塑造人物，这才靠谱。,4,叶问
抛开爱国情结和蒙太奇不说啦，那场以一擒十的戏挺给劲儿,5,叶问
打戏紧密且招式很好看，时势造弄富家落魄为之唏嘘，最终战在胜利和性命间的选择是个锦上添花的布置，一分钱能难倒英雄汉，却不为保自身一条命而折腰。,4,叶问
計算太多；但打得精彩！愛國主義的味道下得太重了吧？,4,叶问
民族情结是这部片子取胜的焦点，但最后和日本人那一对决有意无意把叶问抬高把日本人降低了。这符合中国人的爱好。樊少皇的莽夫角色演得不错。甄子丹和日本人打，一对多那场似乎也好像很牛逼的样子。看很久了，都快记不得情节了。勉强写了几句评论。,4,叶问
不知道从什么时候开始甄哥哥一出场总是免不了一番说教。。。,4,叶问
比起王家卫和梁朝伟的叶问，我还更喜欢这部多一点（前者被宫二抢去太多风头啦~），甄子丹版的叶问更多与世无争、更坚定、抗日的英雄气概是从骨子里散发出来,4,叶问
打的酣畅淋漓，对于剧中人物的是是非非，远不是我们能讨论的明白的，如同汪精卫到底算不算汉奸，本身就是争议！,4,叶问
有帅哥美女，情节好，特技好，故事好，音乐好，就是好电影！,4,叶问
拍的确实不错，情节紧凑，还有个别逗趣的细节。,4,叶问
打得很好看。池内博之看来不是右翼分子，恩，很好~,4,叶问
为了突出叶问的正面形象，情节有些牵强，但还真的挺能唤起爱国心的，尤其所有国人都是够正面的形象,4,叶问
叫我想起小时候百看不厌的《黄飞鸿》，已经很不容易了。一边看一边在想这里面任达华什么时候变坏哦……,4,叶问
叶伟信成就了丹叔，丹叔成就了咏春，咏春成就了叶问，叶问成就了李小龙。,5,叶问
我现在看叶问 纯属是为明天看叶问2做好准备^^,4,叶问
"我要打十个那段还是比较热血的,其他真觉得出彩点不多,大决战那段看着甚至觉得有点沉闷",4,叶问
《叶问》：“家国一体”的神话模本。小男人，大丈夫。历史与文艺都太多“忠孝两难全”的演绎，而叶问既爱国也爱家，既渲染民族气节也照顾人性亲情，因之塑造了一个真正完美的英雄神话。,4,叶问
打的很过瘾。甄子丹不需只靠打戏，文戏同样令人佩服。,4,叶问
第一次发现甄子丹很帅。里面那个日本军官，是不是混血儿啊？日本当地人不可能长成这样的。,4,叶问
叶问是部好片子，甄子丹演得好，中国人都应该看看。,4,叶问
剧本问题是很多，但该有的气势都拍出来了，看得我肾上腺素分泌过剩。,4,叶问
被熊黛林震撼到了，原来没觉得她有那么好看,4,叶问
当时十分迷惑，女主角怎么这么丑，现在看到她演拜金女倒是漂亮了不少，当时看真的好丑，好丑，迷惑了很久很久,4,叶问
又搞笑的成分~武侠片中还算不错~甄子丹也是个真材实料~,4,叶问
肌肉丹在信仔调教下终于有了演技，难得他的眼睛没有精光四射，随时准备劈人一般，叶问在人们心中也确乎有了这样一个儒而不懦的形象。,4,叶问
日本军官的“仁慈”导致了他的悲剧 都没人关注他。。。,4,叶问
打得好看，故事也抓住了观众心里，缺点是人物性格有点弱，或者这就是导演刻意塑造的儒家武术风范？,4,叶问
李小龙的师父，咏春拳大师叶问(1893~1972) | 甄子丹的巅峰之作，温润如玉，风骨高洁 | 第28届香港电影金像奖最佳电影 | IMDb Top 250: #221,4,叶问
甄子丹的表演，最淡定的一次。。电影稍微有点压抑，打得比较狠。。,4,叶问
1、喜欢看那个时代的电影2、我知道这是正剧，但有时候老是想笑，难道中国电影像美国电影靠拢了？3、看得我都疼了……4、日本高官长得真帅！5、高手对决，后发制人！,5,叶问
这部片子是导演的功力，故事没什么，但情节很流畅，节奏把握很好，最后一刻能比较成功地调动观众情绪。,4,叶问
漂亮的咏春拳+国仇家恨——曾进入IMDb Top 250 ,4,叶问
还是打的很激烈，不过不再是为打而打了。不过一直没搞懂英文名为什么叫“挨批人”,4,叶问
伟大的宅男前辈，如果花几百万请周杰伦写个片尾曲一定能多卖5000万。近年来看过的不多的国产好片。肯定与原型有所出入，不过看霍元甲不代表就要学霍家拳。看舒服了就好。,4,叶问
在电影院看的，当时看得心情超激动澎湃的。,5,叶问
因为第二部的存在，所以映衬得第一部非常好，没有黄晓明砸场子真是万幸,4,叶问
如果能给甄子丹做个武打合集我想票房一定更好；最后的剪辑真棒；本来想盛赞音乐的，结果还是日本人做的~sigh,4,叶问
这类片儿我还都挺爱看的. 要不是金童鞋的整个戏份都太莫名其妙我就评五星了.,4,叶问
叶问的儒者形象蛮好，仁者无敌啊。不过在时代洪流里，个人太渺小，相比打赢木桩将军人群中怅然若失的宗师，人肉沙包翻译官更让人唏嘘。最后建议一定要看未删减版，不然这片子就沦为弘扬主旋律了，感叹下总局阉割技巧之精准。,4,叶问
这才是我期待的一代宗师传记片 比霍元甲好看多了 鼓掌！！,4,叶问
同期相比很不错 洪金宝的武指继续做下去吧,5,叶问
看的时候还蛮感动的，特别是最后，爱国之情油然而出，只是刚开始觉得甄子丹和熊黛林不是很配，演夫妻的话。总的来说很不错的电影。欣赏后来战争开始后一家人之间的相濡以沫。,4,叶问
虽然真心不喜欢甄子丹，但这部里他演得还行吧。中国功夫和日本武术的区别那一段说的很好。中国功夫里不是以武力欺负人、压迫人，是有儒家的仁义道德在里面的。还有，池内博之好帅。多给一颗星吧。,5,叶问
甄子丹在《叶问》中，对这位一代宗师的形象塑造，并不只是凭借着自己的拳脚给观众带来了一场场精彩的打斗，对人物的深谙，使其将这位宗师温文尔雅的气质同样演绎的恰到好处，张弛有度的文武相依，由此那一腔关乎家国情怀的主旋律才变的令人如此真挚感人。,4,叶问
2部都不错，只是因为他们为了版权要打什么官司的事让我有点反感这部电影。,4,叶问
比我的期望值高；甄子丹的表现几乎无可挑剔；林家栋、樊少皇更是大大超出预期,4,叶问
想到当初电影院中一边倒的情形，一个接着一个实打实的场面，无与伦比的充实感，总会有些怯懦的国产电影，但是，叶问却那么厚实。,5,叶问
拍的很干净.我挺喜欢的.文戏稍微弱点.池内博之哈帅,4,叶问
甄子丹的叶问谦逊儒雅，铮铮傲骨，功夫一流，演技发挥到了极致。本片唯一的缺陷就是BOSS太弱了。,5,叶问
一流武指。個人無力于時代的落寞。其實甄子丹歷來的演技一般般，功夫倒是好。,4,叶问
居然是08年的片子了？我怎么觉得才刚刚过去没多久……,5,叶问
本来以为是不好看的电影。可能是因为电影名称的关系，看了之后。精彩好看。绝无圩场,4,叶问
故事依然是欠圆润，但就是一部好功夫片！在迷子丹兄时看简直就是火上浇油！！！从第一个场景开始喜欢问哥，真是懂得生活的人！他们说叶问这种好男人只能存在在电影里，好吧，sigh~我还喜欢问嫂。派阿准出来放话那一段真是凌厉霸气，这是真的对自己男人心里有数的女子。突然发现叶伟信也姓叶诶~~,5,叶问
"呵呵,以前认为甄子丹功夫不会多好,但是看完这个电影,大为改观. 南方拳术与北方果真大为不同,&#34;南拳北腿&#34;还是有一定道理的.并且从此电影看来,南方拳术实用性更强,少了更多表演的成份.不过,相比于北方一些散打和擒拿手来讲,不知道哪个更厉害.少林拳和北方好多拳术,则更多是大招式的进攻和防守,注重以腿击打对方,注重基本功的训练,不太贴近实战.(不过,八卦掌,十二路谭腿还有螳螂拳好象也很厉害,呵呵,只是在民间不是非常流行,其中螳螂拳更是精妙,出手非常狠,招招要害)咏春的实用,从李小龙的截拳道也应该看的出来的",4,叶问
不喜欢甄子丹，熊黛林也有点假，全是冲着永春功夫给的评价,4,叶问
布景、道具略显粗糙。但打得确实精彩！精彩！,4,叶问
咏春拳的武打风格，拳拳到肉没有多余花拳绣腿，特别是子弹兄的终结技，先绊倒人再一顿锤。,4,叶问
一个人的力量是薄弱的，一个人的精神是强悍的。,4,叶问
招式固定了咏春显得不是那么精彩了。但很期待第二部,4,叶问
因為李小龍，大家知道了葉問。因為甄子丹，初步了解了葉問。其實葉問大師的故事還有很多很多。或許大俠都是隱於世，生時並不為眾人所知。,4,叶问
武术虽然是一种武装的力量，但是我们中国武术是包含了儒家哲理，武德，仁也，推己及人。你们日本人，永远都不会明白这个道理，因为你们滥用武力，将它变成暴力，欺压别人，你们不配学我们中国武术。。就是这句！,4,叶问
话说继《导火线》之后甄子丹能拿出手的也只有《叶问》系列了！,4,叶问
很文艺的动作片。看完有股子激情和感动……,4,叶问
没有怕老婆的男人，只有尊重老婆的男人。叶问不仅是一代宗师，还是个好老公。,4,叶问
很不错，看得真过瘾。功夫片拍得如此真实，不同其他。,4,叶问
我对动作电影不感冒，但是这部不一样，倒不是说他有多少，但他有把人迷住的理由。,4,叶问
作为一名爱国青年，必须要说这片儿好看～,5,叶问
甄叔叔的打戏无论如何都是值得一看的，何况本片的镜头感已经超越了他至今所有的打戏,4,叶问
拍出武侠片中难得的儒雅和文化气息，喝喝茶看看书练练拳，平和闲逸，这样的叶问，这种气质，也许才更像是中国传统武术家的风范。,4,叶问
这是甄子丹转型之作，叶伟信也总算找到一条适合甄子丹发挥的角色了，不再是个打手、杀人机器，有了故事，有了内涵，也有了尝试。所以叶问也是甄子丹难得的佳作，叶伟信这么多年算是熬出来了。,5,叶问
从黄飞鸿、方世玉、陈真、霍元甲。。。我们是从那个年代一路看过来的。。,4,叶问
“武术虽然是一种武装的力量，但是我们中国武术，是包含了儒家的哲理，武德，仁也，推己及人，这是你们日本人永远都不明白的道理！因为你们滥用武力，将武力变成暴力，去欺压别人，你们不配学我们中国武术。”,4,叶问
我打 我打 我打打打  一打10的时候感觉很好，我觉得把武德讲出来了，很高尚。,4,叶问
商业电影怎么了 没商业都去看沉闷的文艺片你们看么 我就一俗人 我就看名人 IMDB 其实大家都是俗人 某些人自以为不俗而已,4,叶问
很喜欢的一部武打片，和以往的截然不同，有些霍元甲的片子味道，但是更血性，更体现中华武术的内涵，更好的表现了什么时候武术宗师,5,叶问
算对得起如潮的好评了，这年头大片难得不雷人。清新的拳法，贯穿始终的南方的温良气息。前半段很有韵味，战争爆发开始苍白。这个主题再讲不出新意了么？角色塑造并不饱满。还好甄子丹的表演能让人信服。各方面都不精致，却是好看。恩就是这样的片子。,5,叶问
甄子丹的功夫，屌！！！不知道梁朝伟版的会演绎成什么样！！！,5,叶问
樊少皇和沙胆源那帮人的角色看的我脑浆子疼。哎。。。,4,叶问
樊少皇那个角色还蛮cute的嘛~~~我也想学咏春~~,4,叶问
这是我看过的自己感觉最好的动作片。之前对动作片兴趣不大，《叶问》中谈到的很多，带给人的某些情绪也很重。很好的片子，后悔没去电影院。并且遗憾的是同学拷给我的片子没能看到结局。,5,叶问
几乎等于包场看，甄子丹帅气啊！池内博之嗲啊！,5,叶问
招招都系实打实，去电影院睇音响效果正。粤语台词亲切又搞笑，剧情安排整体不错。池内博之好型好靓仔啊~~~kya~~,5,叶问
电影能增大一个人的知名度，叶问，之前还真没有听说过他的名字。挺好。,4,叶问
部分镜头有些囧...不过总体很不错，发现自己看不了太纠结的片子，心一直挂在那儿，老也放不下来...,4,叶问
无论是不是佛山人都应该看，文戏稍弱但瑕不掩瑜，甄大侠的片要看就看武戏，畅快淋漓是今年年底的惊喜！,4,叶问
甄子丹功夫很扎实。甄子丹一直在微笑，平和但内心拥有巨大的力量。,4,叶问
这一部其实是相当过瘾的。我要打十个也是被钟嘉欣在72家租客调侃过过,4,叶问
很好看诶！对甄子丹刮目相看，长袍挽起袖子打拳真帅,4,叶问
现在这种硬汉动作演员越来越少了，打星确实要比一般演员付出得更多吧。5星支持一下这种类型。,4,叶问
国外拳皇：我打，我打，我打打打。功夫大师：嘿嘿，小子，你打不着,5,叶问
三浦很帅 嗯 而且眼熟 原来在变装西装里看到过他,4,叶问
我实在理解不了，猪灿说我崇拜甄子丹还不如崇拜他。。。,4,叶问
爱国主义教育片。女主是花瓶，那个拿筷子的姿势一看就不是大家闺秀。终极BOSS太弱,4,叶问
拳拳到肉真过瘾！甄子丹帅呆了，真男人！不仅武戏好看，文戏也越来越精湛了。我还一直期待彪悍的北方人变好一同反抗日本帝国主义呢；黄又南的哭戏如果没剪一次过的话他就是真的会演戏。,5,叶问
身为李小龙师傅的叶问，从此扛起中国功夫电影的大旗。打完凶神恶煞的国人，然后打小日本鬼子扬我国威。只是国术的真实在哪里？,4,叶问
国家没有尊严的日子里，个人的尊严唯有通过自尊体现,5,叶问
国家没有尊严的日子里，个人的尊严唯有通过自尊体现,4,叶问
叶问之于甄子丹，正如醉拳之如成龙，黄飞鸿之如李连杰。,4,叶问
这片 IMDB 上是 8.1 分，居然比豆瓣还高，好奇怪。第一部叶问最好，给 9.0 分。,5,叶问
叶问系列中最好的一部，也是近年来少有的好看的武打动作片。,4,叶问
真水无香，虚竹有节，儒雅的甄子丹，真男人的胸怀，除了一段又一段没有字幕的日文，其他都不错,5,叶问
动作够漂亮，人物形象够丰满，不错的商业片,4,叶问
当时很喜欢的，那个日本军官就在全中国为了scofield癫狂的时候适时的出现了。呵呵呵呵,4,叶问
感觉功夫明星里只有甄子丹能演出一代宗师的感觉，有范儿，有底蕴,4,叶问
“我只是个翻译，我不是走狗”顶这句。熊黛林演技真差，只知道瞪眼睛和哭。。。甄子丹小矮个子穿长衫也很儒雅，帅,4,叶问
每一个角色都有它的作用，都很鲜活。,5,叶问
情节跳的厉害，不过看着好高兴，哈哈哈哈哈,4,叶问
儒，真正的功夫。比《霍元甲》更接近武学的真谛。前1/3超完美。,4,叶问
甄子丹还是很MAN的……说叶问是李小龙师傅的时候俺娘还以为甄子丹是演李小龙那个陈国坤的师傅……,4,叶问
大背景下一个人的潇洒。甄叔叔好帅。,4,叶问
"作为近期所看的唯一一部不像是再念台词&amp;打起来很爽&amp;没有汉奸的片子没有理由不给五星！（……我烂片看多了吧其实是因为=_,= 话说如果打架的时候没有什么“你们日本人不会懂”得说教会更好=_,=",4,叶问
最凶悍的武术电影，相较之下，李连杰太花拳绣腿了。真他妈看得血脉喷张！,5,叶问
我看这个的时候甄子丹还没sb呢= =,4,叶问
即使不是在电影院看，也会觉得这是我08年看过最好看的电影。,5,叶问
甄子丹上位之作!!!經典....甄功夫，不单纯动作，也有爱国主线，甄子丹也成熟了,4,叶问
甄哥在这部片子里俘获人心的大概不是功夫或道德，而是作为一个好男人的温情吧！喜欢暗暗灰黄的画面，有质感。,4,叶问
总算看过了~给硬盘腾出了1G多的空间...,4,叶问
主旋律的动作片，甄子丹版的《霍元甲》---有个经商的好友，国人互斗先，到一致对外。细节不错---小孩骑玩具车，汉奸翻译，要求以一敌十，连珠炮似的咏春拳(女人拳)。7/10,4,叶问
中国现在能打的确实少，甄子丹算一个。,4,叶问
满分的功夫电影！！好几年了，再也没看过这么好看的功夫片了。武打动作好看，情节又没有什么说教（你知道我指的是哪个武术演员），又不是使劲煽情的，让人看的很过瘾！！而且，居然在几个情节都有观众自发鼓掌叫好的地方。张艺谋周星驰李连杰冯小刚陈凯歌袁和平陈嘉上们，请你们放过功夫片吧！！！！！,5,叶问
比想象的好，对“汉奸翻译官”形象的颠覆比较有价值。,4,叶问
抗日总是激动的！！！何况真得好看！！,4,叶问
只要你是日本人，无论你多善良多有才，多优秀都没用。多积德下辈子来中国吧,4,叶问
明明那么不喜欢男主，仍然能被带入到剧情气氛中，的确是不错的电影。///池内博之的光头扮相跟越狱米帅似的，他每次出现我都要串戏到《生化危机4》去。,5,叶问
Little  Japanese,5,叶问
亂世中的武人，一直是很好的題材，甄子丹和洪金寶的搭檔打斗都很真實，很帶勁。,4,叶问
给力，过瘾！几场打斗戏都非常精彩！人物有个性，散发的地域风俗特色很亲切，叙事和表演也没成为本片的瓶颈。,4,叶问
一代总是的爱与恨。儿女情长、家国荣辱，总是会给功夫片增色不少。同霍元甲、陈真、黄飞鸿、方世玉一块构成这个题材的经典,5,叶问
看的时候很激动.被同学说像她外公.无语.,5,叶问
啥！？？！这货IMDB 250！！！！！！！！！！　论中国武术确实是一部好片子....但是怎么动作片不纯粹是靠艺术指导么,4,叶问
英雄主义电影+悲剧人物+HAPPY ENDING,4,叶问
止戈为武的内敛和从容，文戏还需加强,4,叶问
不谈子弹人品，也不谈别的，剧情不错的。,4,叶问
"李小龙的师傅,赞啊,把狗日的打的西八烂...电影配乐不错...那个三蒲长的挺帅啊,哈哈...",4,叶问
无条件支持甄子丹，文戏演的越来越不错了……快看完了才认出任达华……,4,叶问
流畅的剪辑，相对合理的编剧，近年来最好的功夫片。,4,叶问
感覺P話有點多..所以寫影評算了..,5,叶问
打日本人那段真是近几年来看得最过瘾的打戏了,4,叶问
上映的时候 掀起了一阵爱国情怀的狂潮,4,叶问
真的很好，甄子丹会继续下去吗？,4,叶问
比想象中的感人许多……叶问师傅不仅身手好，RP也是一等一的高~~~,4,叶问
帥氣的詠春拳。一挑十那段打得我熱血沸騰哦。,4,叶问
这片绝对配不上香港金像奖最佳影片的名号！,4,叶问
“我只是个翻译，我不是个走狗！”,4,叶问
可能是因为很长时间没看电影没看好电影了，所以看叶问的时候格外的激动。电影里有一句话印象很深刻：“中国的武术是有哲学内涵的，讲究仁，推己及人，你们日本人滥用武力，欺压别人，你们不配学中国武术！”打小日本，过瘾！！！,4,叶问
这种片子多看看绝对会越来越热血且爱国,5,叶问
好吧，我承认我看不了这种群情激昂的电影，看到最后叶问从比武台上摔下来的时候，我又眼泪泛滥了。电影院多次爆发出掌声，在叶问痛扁小日本的时候，很过瘾！,5,叶问
几年来难得的好打戏 人物单薄就单薄好了,4,叶问
相比其他打星，丹哥一直缺一个让人一提起名字就绝无旁贷的角色，感谢叶问。,5,叶问
“没有怕老婆的男人，只有尊重老婆的男人。”,4,叶问
算是商业片里比较出彩的了，怪不得mm们都喜欢，叶问给刻画成了一个五好中青年。。。,4,叶问
没有刻意的说教，打木桩也比霍元甲横扫精彩的原因。“大家守好秩序，跟我一起叫”,4,叶问
到后面很紧张他就要被日本人打死的时候，突然醒悟，他死了李小龙怎么办~好影响心情,4,叶问
传统审美上的完美人格完美家庭；最大的亮点是林家栋阿，一个真实有人性不脸谱化的翻译官。,4,叶问
嗯 拍的还是很不错的 甄子丹太有男人味了。。。,4,叶问
"看这部戏将民族爱国主义的激情都爆发出来了, 不得不赞赏.",5,叶问
本想说 动作片里面 我给满分 后来想想 叶问已经超越动作片了,5,叶问
还好吧．但是因为发生在佛山的缘故，怎么听怎么顺耳．,4,叶问
情节很老套，不过上映的片子中这算是不错的了，另外，是真打，很过瘾,4,叶问
小时候看的这种剧偏多，里边的演员打戏是真好，点赞,5,叶问
不错。甄子丹年纪渐长，越来越有味道和演技了，不像年轻的时候，就知道秀腱子肉，跟匹种马似得。,4,叶问
甄子丹好帅 啊  是的 是惊艳,4,叶问
能燃起爱国心，还是很好看的电影,4,叶问
叶大师当为新好男人之典范，在外拳头说话，在家老婆第一。,4,叶问
刨去甄子丹人品问题来说，此片很精彩。,5,叶问
好久没看过这么爽的武打片了~~,5,叶问
这是最初的，也是最好的。甄子丹穿上长袍，怎么看怎么有味道。,4,叶问
"完全是一部体现甄子丹个人英雄主义的片子,不过他还蛮帅的,感觉和&lt;霍元甲&gt;很像,另外看的时候真的很恨日本人,话说佛山真是人才倍出。",4,叶问
熊黛林简直是败笔。三段情节一般。冲着功夫给了四星。现在漂亮的真打太少了。,4,叶问
甄子丹戏里戏外都是个顶好的男人，池内博之真的长得帅。,5,叶问
甄子丹实在是太帅了！！！！！！！！！！熊黛林丫的除了耍耍小脾气完全p用没有。林家栋的表现非常可圈可点。,5,叶问
还挺好看 配乐挺好 都是日本人。。,4,叶问
居然没标！也是一上就去看的。为啥这片子能上IMDb250！！但是描写还是比霍元甲稍稍细腻些，多给半星，三星半。,4,叶问
甄子丹打的真漂亮！想起他给千机变设计的一系列武打动作，漂亮！故事拍的也不错,4,叶问
真有些花拳绣腿的感觉，甄子丹的片子就是实在，他老婆作秀太多？和片子有些格格不入,4,叶问
每部电影都是一个动人的故事，作为观众，每部我看过的电影也都有我一段难忘的回忆~那年偶然得到赠票，家教结束匆匆跑到电影院一个人看完这部让人热血沸腾的电影~它在我心中已经超越了本身的意义~,4,叶问
没有一般武师的激情四溢，也不是完全的冷酷孤高，而是一个真实的，略显木讷的，如甄子丹自己所说，“一个很能打的宅男”。,4,叶问
"咏春拳打得很好看,三种风格的格斗技巧映衬相得益彰",5,叶问
一代武学宗师！其间的抗日片段还是很很能让观众情绪高涨的。,4,叶问
招式很凌厉，爱国主义电影总是能激起我心中澎湃的爱国之情。感觉叶问2怎么就那么2呢，是因为教主么？,4,叶问
经不起一次次的询问，还是看了吧。,4,叶问
三星给武打，一星给未删剪的结局,5,叶问
去影院看了那么多次电影，第一次听到观众会情不自禁的鼓掌。足以证明这部戏的号召力,4,叶问
不得不承认，甄子丹这部电影拍得真好，演技也好。但也不得不承认，甄子丹这部戏之后，真觉得自己文戏相当牛逼，然后大家看到了——叶问2，关云长，武侠……这些，你懂得~~~~,4,叶问
huo&#39;s brother.,4,叶问
万达  　看完才发现，脸上手心里全是水，一个是泪，一个是汗。,4,叶问
万达  　看完才发现，脸上手心里全是水，一个是泪，一个是汗。,5,叶问
打得很好看，有章法，不是乱打。正宗功夫片,4,叶问
还是那种传记类的片子，看过就好,4,叶问
甄子丹的电影，这部是最棒的！,5,叶问
确实是一部能激起爱国情怀的电影 英雄主义的影响还是很有效的 甄子丹所塑造的叶问也带到了我心目中的标准  影片的颜色 还有配乐都有加分 剧情略单薄 但主线走的也算不错   “我要打十个”也成了经典台词,4,叶问
"很不错的武术片.既然上升到了武术,就应该高标准.想想我们有多少这种电影,不来点打倒小日本情节就觉得上升不到高度,武术本身就很有高度,类似什么一拳打醒中国狮真是址蛋.纵然你天下无敌,也挡不住历史进程.",4,叶问
跟梅兰芳连着看的，虽然有些地方比较假，但是甄子丹打得未免太好看了点儿,5,叶问
终于完完整整地看完了。第一感受：打得漂亮。第二感受：特喜欢叶问的爱老婆。居家男人典范。明天去看二,4,叶问
叶问的老婆真他妈的漂亮，郭富城瞎了他妈的眼,4,叶问
或许是近些年香港最好的武打了,4,叶问
不喜欢民族情结，但是甑子丹塑造的这个叶问倒比较真实！！！,4,叶问
奇怪 一直很排斥 结果竟然好看,4,叶问
日本人来之前好看到一种极致 日本人来之后难看到一种极致,4,叶问
第一次见到有男人说“亚买蝶”。。。,4,叶问
还可以，就是跟李连杰的霍元甲套路有点雷同,4,叶问
the best kungfu movie after &#34;fist of fury&#34; ,4,叶问
中国的武术还包含了儒家的思想，就是推己及人，那是日本人所无法理解的，他们只会滥用武力...武术应该是不分好坏的，它存在的意义就是锻炼我们人的身心。,4,叶问
功夫不错，但是情节演技什么的还是有待加强,4,叶问
你们打归打，不要打坏家里东西啊,5,叶问
"故事情节和武打动作都很细腻,比李连杰的《霍元甲》震撼！看过后很想去练拳！",4,叶问
你们打归打，不要打坏家里东西啊,4,叶问
其实我一直觉得甄子丹多瓜的。。,4,叶问
很好看的电影，无论从电影本身还是商业上还是主旋律上……都非常值得一看……,4,叶问
牵涉到民族精神的这些类影片都没什么好说的 总是会要鸡皮一阵阵地起 实在要挑的话 只能感概甄子丹真的man 但近期他的片很热 而且大多数都是武打片 个人英雄主义浓厚 看了一两部就没兴趣了,4,叶问
和金在电影院看的。甄子丹好帅！看到后面好紧张！,5,叶问
以Kar-Wai眼下的状态 就不要期待什么一代宗师了,4,叶问
我总认为甄子丹的演技一般，而打戏真的没得说，但是有熊黛林、樊少皇等同志的衬托，甄子丹在本片中也算相当出色了。最近的动作电影是不是一定要贴上爱国抗日的题材才能收到民众的热捧？看的时候总有种看霍元甲的感觉，并无很多新意，配乐还好，是死亡笔记的配乐者之一，本片不错，就是剧情太差，难道？,4,叶问
虽说老套，但这个套路对中国观众真是受用,4,叶问
说教意味还是重了点，不过还算是好好讲故事的片子，不是太装B，冷幽默的地方比较出色,4,叶问
第一次这么喜欢甄子丹！期望再看一遍粤语版,5,叶问
老公说了，叶问就是个武痴，情商很低。不过，看了这片子，我都想在家里按个木桩子练咏春拳了。不过，片子给我最大感动的却是林家栋扮演的李钊。,4,叶问
之前看过的，相比十月围城，我觉得曾子丹应该多出现在这种戏里面，而不是那部商业片。,4,叶问
甄子丹一如既往地帅吖～女主角好像关之琳...,4,叶问
每个武星都需要转型之作，厉害,5,叶问
叶问的温润气质，甄子丹演的真好。叶问打赢了日本将军，却被打中的这一幕，真的哭了，这所谓的公平遭受到了巨大的破坏，老百姓也在这一瞬间觉醒了。同时，对演出这种抗日电影的日本军方演员表示致敬，因为这种题材，在我们中国人心中就是痛，他们饰演日本人，很大程度上我们会忘记他们是演员，而将他们看做那场战争伤痛的替代品,5,叶问
叶问他老婆选熊黛林演好失败！怨妇脸+竹竿身,4,叶问
因为不喜欢主角减一分，因为题材打日本打安逸了，加一分，综合4分，呵呵,4,叶问
为什么叫ip man  = = 。。  丹哥不是一般帅。。 耳边时不时就响起，“我要打10个！”,4,叶问
不出所料，爱国热情又被激发了，抽日本人的欲望也是,5,叶问
甄子丹太帅了。。。。正式被纳入我的后宫了：）,4,叶问
甄子丹终于不再是一个武打的“工具”了,4,叶问
咏春火不是因为咏春厉害，而是因为我(甄子丹)打咏春,5,叶问
如果没有这个时代背景，是不是会取得这样的成功？,4,叶问
真想膜拜叶问大师！但电影纯叙述故事时的剪辑真的略显粗糙啊，节奏上也松松紧紧、紧紧松松。另外，熊黛林整个一个花瓶，走重要过场的演员演技也太拙劣了...,4,叶问
内敛与谦逊是大师的共性，还有对自己老婆尊重 ...... || 体会武术的精神,4,叶问
心情不好的话，看它的武戏很过瘾~,4,叶问
很久没看到这么像样的武打片了，或者可以说是武侠片。甄子丹一改筋肉人的凶狠痛快，把自己的彪悍凶猛和肌肉一起裹在中国式传统儒雅的长衫中，不紧不慢的把一个儒侠的形象镌刻到每一个观看电影的人的心中。我不了解叶问，我也不喜欢筋肉人甄子丹，但是我喜欢这部电影里那个温文的顾家的怕老婆的一代宗师,5,叶问
这两年比较好的一个武打片，虽然我对金山找的安排不太满意,4,叶问
虽然中国工夫一比武就打日本有些老套，但远远高于JET LEE的霍元甲,4,叶问
怎么现在对爱国教育的电影特有爱。。我真是根正苗红的好孩子。。,5,叶问
还不错，甄子丹确实帅啊～～真是有风度,4,叶问
"该片有DVD后,&#34;有没有看过叶问&#34;是男生宿舍之间的话题.",4,叶问
在看完之前我都是被深深吸引的，看得时候我是在看故事，所以我不当电影评论家，因为我不把他当阅读理解来做，因为我不放马后炮,5,叶问
不同的时代却有相同的使命。这个时代上映这样的影片似乎是为了唤起一种共鸣，一种对国家对民族的忠贞和担当。,4,叶问
那个翻译实在是well done~！大赞！甄大哥依然威风~大赞！ps:同赞日本的几个演员~！,4,叶问
打得真好看，没有花哨的感觉，还带着点淡淡的悲凉。,4,叶问
初看感觉和霍元甲很像，不过比霍元甲来得好看。甄子丹除了身高外真的让我很喜欢。,4,叶问
不是要搞好中日关系吗？这狗日本的！,5,叶问
重新诠释了 中国武术 不是武力 更多是仁 义,4,叶问
国仇加功夫，让我忆起了精武门。香港武打片回来了。。。很好很爱国。。。,4,叶问
比较正统的功夫片，而且很正气，很解气。,4,叶问
你侵略我们的国家，杀害我们的百姓。收回你的虚伪。,4,叶问
在功夫片日渐衰微的今日，多些这样的诚意之作。未尝不是一件好事。,5,叶问
故事是老套了点，但这年头拳拳到肉的功夫不多了呀，还是要拍拍手。,4,叶问
这个人物设定很适合甄子丹，虽然打斗场面有点不够过瘾，但还是一部很不错的大片。,4,叶问
赞，为什么看着看着感觉很幸福呢……,4,叶问
"天下没有怕老婆的男人,只有尊重老婆的男人",5,叶问
大男子主义某人非要看，结论依然跑题~甄子丹真英气……,5,叶问
相比李连杰我一直比较喜欢甄子丹,4,叶问
武打处理的很好，打的很精彩，比较好，甄子丹的演技突然好像升华了一样，熊姐姐一般啦,4,叶问
咏春武术的集大成之作，甄子丹向成龙李连杰一代功夫片大师地位看齐的诚意作品。,4,叶问
对文戏的重视成就了新武打片,4,叶问
虽然打小日本很给力，但叶问是否真的是抗日英雄？,5,叶问
单打独斗的时候功夫细致简洁，后面变成群殴就没啥味道了。池内博之真是典型的日本式帅哥啊。,4,叶问
不该事先看那么多的影评及简介，以致少了很多惊喜！,4,叶问
有些东西，不是你看到的那个样子。,4,叶问
那个“汉奸”翻译太加分了，他喊自己也是中国人的时候泪了 樊少皇任达华都很棒,4,叶问
想说三点。一，刻画人性非常真实；二，终于没有再丑化日本人；三，我好像看到了这些人在做客串：鲍德熹、王宝强、叶伟信。,5,叶问
一开始的吃饭戏就知道这片有戏,5,叶问
好！那个日本人看得我咬牙切齿的……死多少遍都不足惜！！！,4,叶问
今天不去永华还不知道有一部甄子丹演的《叶问》；买了8点的电影，但是陪某人打游戏打到了8点半。。。确切的说是某人玩一个叫做掉娃娃的机器玩到了忘我的境界。。。直到8：30我们才开始看这部电影；真的挺不错的，我们都是中国人，儒家精神的咏春拳世世代代随着叶问师傅永传下去，推荐大家看的~,5,叶问
我连续看了两遍！个人认为是甄子丹最好的角色…文戏特别好~真正是个好男人…呀呀太帅了&gt;&lt;！,4,叶问
他只是想平平安安清清静静地过日子嘛这都这么难。,5,叶问
和《精武英雄》《霍元甲》类似，但是打鬼子就是看不厌啊。,4,叶问
电影斯斯文文。说说日本人，该说此部片子是美化了jap.还是丑化了又或者是客观的呢？像似在表述着一颗老鼠屎毁了一锅粥。,4,叶问
很棒!!! 值得看..還哭了...呜呜呜,5,叶问
虽然是单纯的民族情结，但是痛打日军10人的一段很有张力,5,叶问
林家栋很不错，可惜粤语版也删除了其结局,4,叶问
"我一向讨厌甄子丹,觉得他太过于个人英雄主义.演技过于做作,好表现自己.但是这部片子里面确实收敛了许多,把一代宗师的气势表现得还算不错.",4,叶问
大体上是霍元甲故事的变种版。李钊这个角色我很喜欢(不因为名字)，典型的势力者，先仗职位后哈鬼子，然而这样的人一点点被大师唤醒正义与良知，这就是“知错能改善莫大焉”吧,4,叶问
突然觉得穿长衫的甄子丹很帅。雨点般噼里啪啦落下的拳头很震撼。只差一点点。,4,叶问
甄子丹的打戏还是很有看头的,4,叶问
很好看，强烈推荐。介是俺在电影院看电影以来，少数现场观众一同鼓掌，并有人叫好的片子！看的时候，俺时而热血沸腾，时而手心冒汗的……,4,叶问
很爱国很主旋律，却又不失精彩和感动，甄子丹演绎得还不错~,4,叶问
打得爽利，丹叔又帅，虽然剧情不新。赞啦！,5,叶问
一气呵成。即便是演戏，也感觉他们动了真功夫了。,4,叶问
很像李连杰的《精武英雄》，还是比较喜欢前半部分,4,叶问
兼具动作和爱国教育又不失幽默，很不错,5,叶问
哭了。。。里面的武打真的很漂亮。。,4,叶问
"不错,不明白为什么叫ip man,还有那个他老婆",4,叶问
情节不新鲜，但看着就是热血沸腾,4,叶问
英雄的寂寥。雙拳難敵四手。何況他面對的是一個最黑暗的時代。,4,叶问
啥也别说。新潮澎湃的一部武打传奇式力作！好期待5月份上演的叶问2哦。要第一时间去影院观赏才可以的！,5,叶问
"唯一的女人太傻太呆,咏春不错,让我想到方世玉和他娘,叶问很男人,面对日本人很man,打起来很爽很解气;清泉一如既往的娘,戏份不多,我没抓住重点;三浦卖相不错,看起来并不是那种很坏很贱的日本人,当他被打死的时候,还一直觉得他没做什么特别恶劣的事,可能是因为那张脸吧;还有一个沙田X,姐姐一直说很像金城武......叶问那句我只不过是一个中国人说的很有气势;总之,不错,值得一看~~~",4,叶问
我看哭了。所以这是好电影。,5,叶问
以前并不喜欢甄子丹，但这里的他真的很有男人味，而且是干净沉稳的那种。喜欢他拿鸡毛掸子教训人那段，喜欢他的举重若轻，还有武术背后的仁和义。,4,叶问
打10个日本鬼子的时候确实将我震撼了,4,叶问
本来我也觉得武功没什么用，现在看来，中国功夫练了即使没用，看着也大快人心啊！谁想领教一下？,4,叶问
甄子丹的一次蜕变，从此利益、荣誉双丰收！,4,叶问
这种电影看了真让人纠心.狗日的日本鬼子.,4,叶问
充满民族气节的片子总之是差不了，另外甄子丹在这里头留这么个盖儿头，笑起来还真挺“贤惠”。,5,叶问
动作利落，故事强，甄子丹演的很赞。,4,叶问
实在打得太好看了呀甄子丹！,4,叶问
虚竹演得不赖，还有，电影英文名ip man原来是粤语音译的，我同学还纳闷怎么叶问英文名叫网关男人呢!,4,叶问
掀起了一个潮流，把甄子丹的事业带到了新高度~~,4,叶问
高手就是要沉稳，低调，谦让。但是本片最大的感受就是钊同学被小日本打了鼻青脸肿，但是回家给家里人带去伙食的场面。谁又能想起，其他他也是个男子汉呢。正如很多事情只看表面一样，其实背后的意义才是更深刻的。,5,叶问
剧情完全没新意，但是功夫和动作太帅了！,4,叶问
前半段一直用低沉和平缓压着故事的节奏，直到最后那一套日字冲拳爆发出来，将全片的激情挥洒到淋漓尽致,4,叶问
太宠女人是不行的..还好叶师傅比较强力,4,叶问
大英雄好身手 为人低调 还听老婆话 安全感超强啊 ,4,叶问
我个人最喜欢的甄子丹的一部电影,4,叶问
觉得《叶问》里每个人都有血性。十分动人。,4,叶问
甄子丹简直就是男人的典范！擦！,5,叶问
崩溃了，网络！该死的慢死的真想死！第二次评论居然!如此不爽 的夜。。。打斗场面的慢镜头很有感，整体而言，无情绪变化了。,4,叶问
"很好看.前半段笑点都很好笑,后半段打戏也精干不拖沓. 印象比较深1. 熊mm真是瘦高,2.林家栋演的翻译演得非常饱满, 3.结尾打倒日本鬼子时候全场响起的爱国掌声...",4,叶问
林家栋饰演的翻译是本片最大的亮色，小人物在时代背景下展现出的人性矛盾比仍属“高大全”的叶问有意思多了。,4,叶问
好吧，甄子丹很好很帅很疼老婆，电影里也表现得淋漓尽致啊。其实我是看甄子丹的。,4,叶问
终于把这部片子看了，动力是忽然爱上了超man的甄子丹大哥！我竟然是用两天时间从迅雷上一点一点下载的粤语版。好久没有这么迫切的想看一部电影，甄子丹的功夫自然是没话说，把什么成龙、李连杰远远的甩在了后面，不过这部影片真的是一般般~但是！丹哥的表现是绝对要给五星的！我花痴！可是我愿意！,5,叶问
打得漂亮~ 大象的子丹真是正气~,4,叶问
太原长风剧院，和肖,4,叶问
“我只是个中国人” 尊严、尊重、责任,4,叶问
林家栋演的小翻译也很不错啊，夹在两边做人。 一开始就不该为日本人做事，可没法责备后来的他。 看的人心胸澎湃啊，好好地给了那个佐藤一枪！  这部剧里还是叶问最男子汉了，居家男人啊,4,叶问
大哥啊你牛匕我认了行不……,5,叶问
这片子还挺有国际影响 我一个土耳其的同学都说不错~,4,叶问
太过套路了，喜欢看拳脚功夫的倒可一看，其余全部程式化，让人提不起兴趣。,3,叶问
整体上武打部分的细节处理不错，对话也比较写实化，人物的心理描绘因此也较佳：对于闹事的北方人，并没有变好的趋势；翻译呢，也是在不停挣扎，日本人依旧很傻，女主同样是花瓶，任达华的角色也可。但是最后收尾太轻率，反一号太弱，有些虎头蛇尾之感，有些可要可不要的情节，理应删去：可能做成上下集更好。王又男的表演是渣。,3,叶问
看的还行，就是有些故事情节类似电源很多,3,叶问
功夫版《梅兰芳》,3,叶问
家里有这部片子，但因为机子坏了，直至今日才在网上看了这一部。倒是李钊演得比较好，我这样认为，叶问永远是一副看起来很冷静镇定的面容，他用拳头表达情绪。结尾的字目让人觉得多余。印象最深的是林家栋饰演的角色，为了混口饭吃而被当作走狗，攀少皇饰演的山贼也是为了混口饭，所谓误入歧途，而叶问,3,叶问
可以確定的是我的葉偉信還沒有回來。而我也明白了一點眾人洗腦稱贊的緣由，只是單純那樣是不夠的。日軍汽車駛過那條破敗的街時，滿目瘡痍與煙塵中甄子丹瘦小有些微佝僂的身影立在街邊。你們說的對他第一次順眼了。黃又南還是很可愛，他就是沒有主角的命。不得不說，熊黛林眼睛真是大啊。,3,叶问
粤语版。咏春拳真是女人发明的？见到其中甄子丹不停对各类男人像鸡叨米一样挥拳，不由得相信了。如果说叶问这个角色在面对“怕老婆”的嘲弄下淡定回以尊重女性，那么有没有人注意到电影里他对着日以继夜挥拳练习功夫的木桩上刻着四个大字“老婆大人”。,3,叶问
这部剧之后就全民迷恋甄子丹了。可我还是喜欢杀破狼中暴躁洒脱的丹丹。剧情拖沓沉闷，吸引力不足。,3,叶问
我咋就觉得很一般嘞，是不是看见别人牛逼哄哄就嫉恨嘞？按现在流行的话，就是帅到没朋友，但是你就帅吧，无法产生共鸣,3,叶问
老套路。似乎这个时代的武术英雄，总会有没落的结果或者经历，总会受到老外的无理挑衅，最后不管自己是死是活，对方肯定是输了，大结局就是，民族英雄诞生。中间间或穿插一些为之牺牲的爱情友情和亲情。,3,叶问
这几年甄子丹叶伟信洪金宝这些人一起弄出来很多类似这样的电影，以打为主，剧情基本上是千篇一律，这部宣传得十分猛烈的叶问也是如此，感觉重复率很高的样子，全篇充满了打斗动作特技以及民族主义的东西，相似的片子还有《霍元甲》等，这个题材快到头了，呵呵。,3,叶问
【三星半】在电影套路、故事构造、叙事手法和切入点、以及电影剪辑上还有待深究,3,叶问
【C+】动作戏都不错，爽快利落。就是这个故事主旨实在是主旋律假大空啊。叶问被塑造的太高大全，那句“我是个中国人”差点把我看吐了。配角更是脸谱化严重。这货居然进了IMDB250，洋鬼子们怎么想的。,3,叶问
武打戏确实比较过瘾 其他的就不提了 整片看甄子丹耍帅 细节处理令人费解 任达华转型失败 倒是当年的虚竹有几分可爱,3,叶问
不知道为什么，我对它的真实性反而不去关注了，好象有回到了童年，看着喝喝哈嘿的武打动作热血沸腾一般,3,叶问
2008.12.18@金逸第一排最边上。看来什么电影都不能期望太高，其实还可以的一个片子，由于之前被那么多人捧得那么高，结果还是失望了。没觉得比《霍元甲》强很多，不过看得出来甄子丹很努力。（以后再也不去金逸了，座位设计太不科学，看得难受）,3,叶问
一代宗师早年经历，唤醒中国心，武术不是暴力！,3,叶问
对于叶问这类的抗日爱国片，似乎不打高分就会和不爱国划等号。我很想给他4星，不过纺织厂的全民健身和战胜最终Boss后群众有节奏的呐喊(怎么听都像演唱会）实在让我反胃。尽管真子弹这回魅力全开，还是不能摆脱这是部propaganda的本质,3,叶问
日本人看我们国家的 有关日本的电影吗？啥感觉呢？~,3,叶问
有可能不是广州人所以看不懂剧情？反正大段时间我都处于琢磨他们对话的含义，结果到最后发现多数对话都没什么含义…感情戏突兀得不得了，最后那个“扬我国威”啥的根本没好好花心思去讲…打戏方面，甄子丹的路子洪金宝的招式，流畅倒是很流畅，但是力度都没了，反而是樊少皇那个角色打起来每招都很硬…,3,叶问
主要看的是洪金宝的动作指导,3,叶问
这个剧本完全就是按话剧写的，尤其是最后的叶问独白，一个字都不改直接可以搬上舞台。优点是人物树立得很成功；家与国，打与不打的主题阐释也算深入人心。,3,叶问
对这类电影一般没什么感觉，但甄子丹演的还是不错，看他打日本人那会儿是真过瘾！！,3,叶问
虽然故事略显拖沓，但是冲着这份民族气节，我还是得潇洒的振臂高呼：中国人，巨强！！！！另外，甄子丹果然还是一匹吉祥的小马哈~~~,3,叶问
如果改成霍问或陈问好像也没什么区别，甄子丹和熊黛林也太不搭了,3,叶问
画面色彩效果都还不错，加之是武打主题，更加吸引人，里面叶问的那种铁骨铮铮也被甄子丹演绎得非常传神，但叶问那种深沉还是难以表现出来啊，虽然他已经很努力了但是给人的感觉还是有些少做作……,3,叶问
甄子丹为什么没像成龙一样成为国际牌的，早期的成龙演的都是小人物够卑微，甄子丹太主旋律了，歌颂的东西多了人们就不耐烦了,3,叶问
除了每次把民族情结带上殴打外国人能不能有点别的啊，这样的电影只能助长盲目的民族主义气焰。我就是看不惯意气用事的人，十袋米拿着要死啊，分给别人不行啊，这样除了给别人带来麻烦还有什么啊，算了反正也是神话出来的一个人，有什么好说的,3,叶问
故事太平淡，没有霍元甲大气。讲故事水平接近电视剧。。。,3,叶问
每个人要走的路，都是自己选的。PS：被小孩子的眼睛萌到。XD。,3,叶问
是不是因为之前看了几部黄飞鸿所以没感觉有期待那么好？练武之人不见得就非得靠拳脚才见真功夫。咏春，想起亦舒的小说里总是提到咏春。,3,叶问
再次接受爱国教育了...叶伟信吖，比龙虎门比总算靠近了点，但和最早的你，却又是越来越远了...,3,叶问
抱太多的期望总是不好= =而且失败在于用叶文一个人直接代表全中国对于叶问来说实在是太大的一个鸭梨，多点个人的情感流露会更好,3,叶问
文戏方面比导火线要好  翻译的戏是亮点啊 动作方面不用多说了,3,叶问
甄子丹的电影一直以来都胜在功夫了得，初次之外，演员啊，故事啊，都显得单薄了点~~~ps：熊黛林的演技太...估计是模特工作做多了，演啥都是一个眼神一个表情，那个死啊，干嘛找上了她啊，甄子丹的气质和她也不搭啊，想不明白~~~,3,叶问
三段剧情碎片化严重，第一段和樊少皇比武对主线根本没有太多帮助，只是为了介绍人物性格，居然花了颇重笔墨，感觉有点主次不分。后面两段主要还是暴打日本人满足一下国民G点吧，但除了一个打十个那段戏有点好看，其它都一般。最后黄百鸣喝王家卫头啖汤的行为略可耻。,3,叶问
算是合格的动作片。比较满意甄子丹冷面拆招的模样。,3,叶问
“和单独批评或褒扬一部电影不同，因为要面对对事物的比较性判断，就可以看出你真正的观点和批评的价值。网上的评论也不再有过去的民间性与话语权对峙的力量。它的价值被怀疑。”有了梅兰芳，叶问算得上好电影了,3,叶问
帅哥哥就是帅，女主角虽是花瓶，但是扮相上佳，眼睛贼大眼神能杀人，看的时候指望着她忽然能撕破裙子然后自曝自己也是某某派正宗传人然后一阵撕杀，可惜如此狗血桥段中没出现。,3,叶问
就电影的本质上来说很成功 让化粪池都喷爆了 从内容来说 我很想问候叶伟信和甄子丹他娘 中国人什么时候能摆脱喊口号的习惯 什么时候就强大了 当然粪粪们都应该拖出去屠了,3,叶问
因為不是國語配音的港片，我一直在學裡面的人講廣東話，廣東話超有喜感。而且那個北方人是力王耶，太酷吧！,3,叶问
咏春拳动作戏拍得不错，爱国主义教育式的情节全是套路，高潮疲软且刻意，熊黛林负责花瓶。ps：终于把近两年的IMDB top250的影片都补完了（几部刷榜的超级英雄新片和印度、伊斯兰“神片”自动忽略），豆瓣 top250（虽然质量参差不齐）也只剩十多部未刷了，小纪念一下。（7.0/10）,3,叶问
看这部戏的时候在郑州，打倒鬼子的时候一片掌声，不得不说我们的民族情怀有时候也真的是该放放了，哪怕是硬汉也要换戏路，别指着这点主义挣钱,3,叶问
一星为happy ending，一星为某人:)另：Ip Man？！⊙﹏⊙b汗,3,叶问
前后节断层极度严重，高潮来得早，泄得也早。林家栋演得是不错但是角色为了灰色而灰色前后也判若两人。最后的群情激奋太假。只是甄子丹一直打得漂亮（好帅啊好帅啊~），天王嫂一直非常花瓶,3,叶问
情节等同于霍元甲等同于陈真　并且里面都会有一个算是懂点礼数的日本军官　最后他们会比武　熊黛林是打酱油的,3,叶问
引用一句话表我心声~~~~“武术虽然是一种武装力量，但我们中国武术是包含了儒家哲理，武德，仁也。推己及人，这是你们日本人永远都不会明白的道理，因为你们滥用武力，将它变为暴力，去欺压别人，你们不配学我们中国武术.”（这里的日本人，是泛指对中国有敌意、猥琐、无礼、嫉妒、怀恨的人）,3,叶问
前半部分很振奋，后半部分有点沉重，还记得在家里打的那段很搞笑，尤其小孩骑着小车出来那段,3,叶问
打洋人，打鬼子，这类与民族气节沾边的片只要能将主角的怨念说得让观众自己都觉得手痒想揍人，片子就成了80%了，剩下的就只是抡皮砣子咯，叶师傅的砣子只是比前人快了很多，看起来就更解恨,3,叶问
打得是不错，不过剧情方面我是有些失望的。我不打4、5星，不会有人来说我不够爱国吧,3,叶问
前前前年看过为数不多的国片,3,叶问
叶问不过是一枚民族英雄的符号，借着他完成一场思想上制敌的意淫。电影则成了甄子丹个人风采秀。我真不喜欢这种表达。,3,叶问
看不出来和霍元甲有什么区别，不过打小日本呢，我很高兴，突然想学咏春，啊哈哈哈~~~,3,叶问
没什么好说的，我觉得还好吧，是以往的路数。。,3,叶问
章节感明显，布景摆设精致，甄子丹渐渐脱离骄横、暴力感。,3,叶问
每个人的路都是自己选的 这几年还不错的爱国题材,3,叶问
不得不说，甄子丹的武打还是那么漂亮，可是他仍旧不会讲故事。,3,叶问
“一个能打的都没有！”本片制造了一个二次元的流行语...,3,叶问
那个慢慢悠悠骑着小三轮出来的小身影，还有留下的那一句“爸爸，妈妈说你再不出手家里的东西就要被砸光啦。”,3,叶问
我非常不喜欢在论坛里面吵闹的那个叫　伊布　的人．．．,3,叶问
1 功夫很好，但是总是觉得没有什么新意。2 和动作片应有的通病一样，剧情也和稀疏。3 找了几个好演员到是真的。4 我看到了好多bug这是为什么？,3,叶问
三颗半，看到了功夫片的回归…许久未见的脍炙人口的纯粹的功夫片，剧情简洁亦没什么太大硬伤，打得很好看。,3,叶问
现在看不了这类电影了。。。。,3,叶问
三星半吧。一部电影该具备的都具备了，也可以让人不至于睡着快进或者走神看到结尾，可你触动不了我，就一部电影本身。,3,叶问
刚从口水战的旁观中脱身出来，吵得真热闹。阿拉电影当中的日本人都是符号式的，除了人中胡子、刺刀、暴戾，就是三浦将军这样的，瞅着眼熟吧，和梅兰芳里的安藤政信一个模子出来的——流着日军的血，敬仰着中国文化。一直很吃甄子丹的，太有男人味了，所以这片也被喻为好老公的教育片。换成龙来演就不行,3,叶问
囧片。。故事挺好的。叶大师也的确很厉害。不过我看的国语版的，故事的连贯性很差，很多情节都不知道导演是咋想滴。。而且不少台词都很雷人-。-,3,叶问
剧情很一目了然 画面挺漂亮的。btw 在GTO就觉得池内博之超级帅的！！！,3,叶问
合格的商业片。这样的人物、故事和大背景，本身就是极难有新意，大家都已经知道了情节发展和走向，是无法也不应该要求情节上很新颖的。前半段拍得很温馨。翻译官是亮点。第一次觉得粤语听着顺耳了。,3,叶问
舍去抚摸G点的民族床戏不说，片子还算过的去。观看时跟小时候看“录像”的味道一样。,3,叶问
大家都觉得很优秀的一部作品，可我看来并不怎样。相信我不会去看叶问2的,3,叶问
这种爱国套路快看到吐了，片中日本人都这操性，比你麻痹的武,3,叶问
你要是想打，我就跟你打。。。。,3,叶问
说不出什么感觉，看看吧，事实证明比后两部强,3,叶问
被电影总局和谐了太多，情节看上去明显不连贯，只剩一张爱国牌,3,叶问
记忆深刻····不是因为这片儿,3,叶问
我想知道的是那个老是在甄子丹电影里面被打死的帅哥是谁？在功夫里面他好像被砍了脑袋，在导火线里当反角，被打死。这里又被打死，这是可怜的龙套男啊！,3,叶问
甄子丹长得太像猴子老。。。,3,叶问
老老实实拍一部好的功夫片，挺好的。,3,叶问
打得很不錯 近距離的速度感做得很好 打法有關德興版黃飛鴻的感覺 故事就。。。嘛 感覺日本人侵略中國那會兒好閒啊 一會兒要比武一會兒要聽戲什麼的,3,叶问
布景气氛甚好，虽不比十月围城考究。粤式大宅似蕉叶，到底是南国熏风撩人。情节平淡，人物平淡，打起来确是好看。熊黛林今日方得见，不虚一个黛字。不以貌取真子弹，贵公子习武修身修德，境本不与他人同，谦冲自牧，非常之时则行当行之事，嫁人何不嫁叶问？,3,叶问
甄子丹的文戏有待提高，熊黛林是花瓶,3,叶问
打得不错，可惜内容太空了，留下太多遗憾,3,叶问
甄子丹到底在演什么？？？？？？？这片儿除了剧本和煽情还有什么？？？？,3,叶问
最后那段对打居然两处出现明显的替身镜头……还是染了黄头发的——这也太不尊重大会(观众)了！,3,叶问
我就不說高大全是多幼稚之類的話了，naive sells我沒意見。不過英雄主義誰也救不了，這種可笑的陶醉也未嘗不是一種風景,3,叶问
没有广电局的剪刀会有多好,3,叶问
在2和3星间游走好久。。。可以说，这是恋父情结严重的一部麽？,3,叶问
怕了熊黛林的大眼了，还是安心做你的麻豆这份有前途的职业好了。,3,叶问
打得是很爽。但是编剧和熊黛林都比较脑残。,3,叶问
中间儿子出来的那一幕真是搞笑疯了~什么时候看看完整版~,3,叶问
叶问借了霍元甲 陈真的“壳”,3,叶问
居然没标记这个，当年叶问热的开创作品，主角的塑造非常棒。,3,叶问
武打戲是可看之處，除了葉本人之外，其餘人物都過於輕描淡寫，整體劇本鬆散，過於矯情。,3,叶问
个人不觉得喜欢了。,3,叶问
一个人要走什么路，是自己选择的。,3,叶问
"爱国题材的片子莫名的都会让人感动和沸腾/不过说实话,本片人物的刻画略显空洞",3,叶问
这是成功的传统的商业娱乐片，可以看出考虑了大陆市场之后香港的片子在叙事和整体基调上的变化，便得大气沉重，少了原来的幽默与草根精神。删减的片段考虑到了中国人民和日本人民两国的感情。最丰满的形象是翻译官，叶问无疑是个被神话和象征化的符号。不过再相想想，这个和霍元甲有啥本质区别呢？,3,叶问
还算不错的功夫片，动作出彩，主题鲜明，但是剧情方面有些牵强。借着中央6又回顾了一遍。,3,叶问
杀破狼永远是一个瓶颈 中国武术只是养性的 洪金宝不适合做武指的,3,叶问
丹哥的身手当然没得说了，文戏还好。樊少皇出场是个惊喜。东莞仔的角色还挺有戏。那个尖嘴猴腮的日本军官那么像冯裤子阿,3,叶问
好主旋律的片子 而且让我瞬间想到了《精武英雄》 不过人家叶问可没陈真那么杯具 交了个泥轰女朋友住在山间小茅屋还被广大人民群众排挤 相比叶问简直就是一万人迷 男人女人老人小孩没人不爱他 可是为嘛没人告诉我原来叶问是这么一个又呆又宅的惧内纯朴男... ,3,叶问
甄子丹打的好，天王嫂很漂亮,3,叶问
是不是每个中国功夫影星都得找到个宗师代言人？甄子丹算是找到了。眼睛一亮的GTO里的暴走男孩。,3,叶问
其实我觉得很滥，后来发现，模仿它的还有很多很多。,3,叶问
但愿是一部弘扬民族气节的好电影。剧本编排生硬，说教成分严重，弘扬浩然正气的说服力欠佳。,3,叶问
质感及格。本子里的人物设定没头没尾，各章节过渡生硬，主人公设计也不鲜明，只是会打。从头到尾也只是打，看的有点腻味。。,3,叶问
从来就觉得此类民族英雄题材的电影很具有煽动性，每个人看到中国人被日本人杀很生气，看到日本人被揍很爽，然后看完皆大欢喜的结局，拍拍屁股走人。而历史是怎样的？它的作用只是帮助你增长那虚幻的爱国主义情操。,3,叶问
配角的挨打甚至付出生命，是不要紧的。,3,叶问
应该是看过的 ,3,叶问
看惯甄子丹的打戏，看这片就不好了,3,叶问
作为一商业片还算合格，就是里面熊黛林毫无演技可言，特别生硬别扭。,3,叶问
细节决定成败的很好案例,3,叶问
功夫再好，终是两手难敌千军万马 ||| 熊黛林是个相貌一般的大花瓶。,3,叶问
一般的动作片，不是很欣赏。看完《一代宗师》梁朝伟以后就很讨厌甄子丹了。很久之前看的，刷个分。,3,叶问
打得还行 情节老套啊,3,叶问
叶问 陈真 霍元甲 黄飞鸿 苏乞儿~唯一的不同是 霍元甲让人毒死了,3,叶问
不是很理解这种精神，而且洪金宝开始的战死跟甄子丹的对比让我感觉就是一个女被强暴了然后被扔了点钞票草草了事。如果洪金宝代表的中国武术很牛逼的一代这么不强力的话，其所要表现的又怎么能深刻呢。PS，甄子丹在里面性感坏了，黄教主很装年少气盛但是妖气依然。,3,叶问
额，真子弹叶伟信比以前有进步，仅此而已,3,叶问
对打到外国佬的电影不大有爱，其实还不错的电影。,3,叶问
是喜欢看甄子丹冷面解招。印象深刻，我只是个翻译，我不是个走狗！,3,叶问
池内博之有些像scofield,3,叶问
主旋律电影？ 俺也要学咏春！ 振我中华！,3,叶问
在众多来大陆圈钱的香港电影中，这部电影算是诚意之作。,3,叶问
很搞的一部，只能一分为三的看，其中之一有点看头。 ,3,叶问
有叶问这样的丈夫是在太幸福了~~说实话。。那个日本军官也很帅诶。。,3,叶问
今天看CHC在播，突然想起来自己好像还没马克这个...,3,叶问
叶伟信很高兴，他终于把到中国人的脉了。,3,叶问
"打的没有杀破狼好,剧本很牵强",3,叶问
人物传记可供挖掘的还有很多,3,叶问
没亮点。可能是主演没有公信力。熊只会瞪大眼。樊和林家栋比较好戏。其他无聊。三浦那变态好帅却那么弱鸡。,3,叶问
如果算上感情分就要变四星，毕竟我是中国人 -。- 但是剧情实在没新意；音乐不错，但是是日本人做的。要不是黄又南我也不会看这电影啦，不过他在里头表现也平平…谁让他是配角，什么时候他能红就好了额… ,3,叶问
一般的片子，不想看第二遍,3,叶问
= =! 民族情感強烈到都不開槍了？,3,叶问
"如果没有看叶问2的话,我觉得还是挺好的,但是不需要每一部都是一样的套路吧...",3,叶问
100501@home with 乐乐，嫁人就嫁叶问！打戏一般，动作没什么新意,3,叶问
好多人说好看，凑热闹看看，oh，not my cup of tea。,3,叶问
豆瓣为什么没有半星制。四舍五入的三星。,3,叶问
N久前断断续续看过。现在倒也不想再看甄子丹先生了。,3,叶问
这种电影没什么悬念，熊黛林是去打酱油的嘛,3,叶问
就是看个丹叔的打戏嘛……认真就输了……,3,叶问
那么多的习武之人，不可能只有叶问一个人厉害吧。过于突出主角。情节很一般。,3,叶问
彼时的甄子丹还没有现在这么臭名昭著，这部电影是他活跃大荧幕的开始吧，还记得片中他是个尊敬妻子的男人，现实中的娱乐新闻却报道他不关心前妻和儿子，真是贵圈真乱啊,3,叶问
虽然没有想象中那么好，但算是简单，而且至少不全是纸片人。,3,叶问
熊黛林米女一星，翻译官一星，最后叶问打完扫视全场，比武场内外对比的镜头一星，一共三星,3,叶问
也没传闻中的那么好，有些桥段挺粗糙的，估计大家看完后都热血沸腾就高分了~,3,叶问
为国产加油- - ,3,叶问
"这个时代是相对我最不愿接触的,太悲惨了.",3,叶问
明明是一个武者却书生气质，很独特啊,3,叶问
葉問打小碎拳好可愛,3,叶问
这部还是可以看的，虽然后面甄子丹演什么都像在演叶问。,3,叶问
被粉饰得太正气了。有点假。,3,叶问
7.5，动作9分，美工9分，可惜编剧只有4分，典型高大全的传记片,3,叶问
我不喜欢似乎是因为李小龙近年很出名就把他师傅捧成民族英雄（当然如果有史实证明则另说）；不拿叶问当叶问，这个电影便还不错。,3,叶问
跟2有神马区别？换个人名一样可以讲诶。太呆了太呆了。连那个叫三浦的日本人也太呆了，一打就翘。,3,叶问
挨了一枪竟然没死，不知道是导演为了拍续集的安排还是历史如此？,3,叶问
看这个还不如重看几遍黄飞鸿2男儿当自强，池内博之挺帅的……,3,叶问
没有预想的好，但也还不错了,3,叶问
就是还行，没有传说中那么好看，但是，真的还行,3,叶问
"红色爱国主义教育片.教育意味过重,终极打斗场面没有对抗感.没搞懂这片子跟霍元甲有什么区别",3,叶问
还算挺诚恳的电影 叫中国人不要忘了团结 很适合08年,3,叶问
“我是一个中国人”类似“我的名字叫解放军”,3,叶问
貌似是近代武侠片的一贯套路，没啥新意啊，广东的黄飞鸿，霍元甲，陈真，叶问这帮人养活了不少武打明星啊,3,叶问
怎么觉得……原谅我想法这么自私，没先想到感谢国家，我就是觉得叶问作为男人真的很不错！,3,叶问
故事没编好，不过拳起码对我外人而言还不错,3,叶问
前面存在部分台词雷人表演随意的问题，但在重点戏上拳拳之情很正。翻译和池内博之的戏出挑。,3,叶问
这片唯一的亮点是林家栋演的汉奸，没有这个人物这就是又一个陈真霍元甲式的主旋律。另外，音乐是川井宪次啊啊啊！,3,叶问
看的是DVD配音版，查了下被广电咔掉的情节，原版应该值到四星,3,叶问
不错啦，就是城嫂太高啦,3,叶问
13-10-10标记 180610 许知远谈功夫是那个时代人对压迫屈辱的的一个应对之道、心理补偿；低级公屋内的94岁叶准；痔疮失血昏迷时的叶问受劝告 为了生计授拳,3,叶问
感觉港产爱国片套路都差不多，这片子跟《霍元甲》一个路数。,3,叶问
没有强烈的戏剧冲突是本片的硬伤。,3,叶问
1。开头熊黛林很奇怪呢……,3,叶问
实话实说，武人救国，难～～～,3,叶问
实在看不出有拍第二部的理由,3,叶问
学习怎么才叫爷们。庸俗高效桥段。后面爱国部分居然热泪盈眶了。。。喜欢这个影调。,3,叶问
没有《霍元甲》精彩，深度也不够，况且《霍》还有经典的导演剪辑版,3,叶问
一代宗师的传记，甄子丹把宗师的淡定、稳重很好诠释出来，女主角太呆板了,3,叶问
3+。谁都知道甄子丹拳脚了得，而叶问这个角色为了得的甄子丹树立起一个清晰的形象，因为他的文戏也出来了。看到最后一幕并肩而立的叶问和李小龙，内心激动而难受。/ “没米无所谓，重要的是能打他们。”“我不会教日本人。那么想看我打，我就跟你打。”,3,叶问
英雄注定是悲剧，在灾难不断的08年年末，我们需要一部影片，让我们振奋，团结。记住在那个国破家亡的年代，中国人的无力。以免满足现状的我们，忘形了～,3,叶问
一些大义需要被宣扬,3,叶问
觉得最后打的太顺利了!,3,叶问
这个世界上没有怕老婆的男人 只有尊重老婆的男人。,3,叶问
打的不错 其他嘛……,3,叶问
从没想到甄子丹还挺帅的！但为啥每次都要打一下外国人才激动...,3,叶问
还行，主要是甄子丹的武术太牛了，上一次看《导火线》也佩服的五体投地。只是剧情不怎么好，完全没道理么！编剧的问题！,3,叶问
3星都给甄子丹,3,叶问
主旨拔的真够高的，不过叶问宗师真的是居家爱老婆的好男人典范啊。三蒲将军好帅啊,3,叶问
烂剧情。中国人的意淫片，剧情老掉牙了，一大群皇军那么有空兴师动众去抓一个中国武把式。,3,叶问
叶问的老婆只让叶问打了两次架。,3,叶问
故事情节没有太多的惊奇，最大的惊奇或许就是叶问成为极少数存活下来的英雄吧，也算是圆满的结局吧。要不也没有后来响透全球的李小龙了。,3,叶问
监狱比武那一段，我哭得稀里糊涂。,3,叶问
总总结结，打戏穿插恰到好处，还是蛮有看头。但是那无意义的民族渲染，实在是无聊至极，恭维不起。,3,叶问
这个...感觉个别情节比较多余，武打设计还不错,3,叶问
基本上没有故事情节。。给三颗星，支持一下校友熊黛林,3,叶问
09-12-14 will u remember this day &amp; ...,3,叶问
只看完前半段就看不下去了|||OTL 果然还是拳拳到肉血肉横飞来得比较爽。子丹兄，俺不得不说你灰常不适合穿马褂……远目,3,叶问
木桩还挺现实的,3,叶问
IP Man是啥意思,3,叶问
唯一的人物亮点在于走狗的多一面的挖掘。,3,叶问
电影大背景摆在那里，拍成这样不错了,3,叶问
这个霍元甲打通关了……,3,叶问
一般了，只功夫好看。丹哥很帅。,3,叶问
20091103.24f。,3,叶问
蛮好蛮好，就是没有个核心事件,3,叶问
又一民族英雄诞生。一旦牵扯到抗日的题材，就容易让人热血沸腾，武打动作设计得蛮好看，我后悔应该去电影院看这片而不是《非诚勿扰》，至少视觉和听觉上是种享受。,3,叶问
我不喜欢这种谦虚，金山找还行,3,叶问
其实跟《霍元甲》差不多。。。,3,叶问
甄子丹终于也有了自己的专属,3,叶问
突然发觉婆婆很像李洁，出尔反尔，说有没有，小气抠门，而且都是明面上对你无敌好无敌珍惜，实质里特别提防你对你一分钱本钱也不舍得下，然后花言巧语哄骗洗脑让你被利用的心甘情愿心服口服甚至还要感恩她（比如不舍得让你去月子中心就说去的人是公婆不负责甩手掌柜不管事，我只能在家请个三脚猫月嫂还要感激是她对我负责对我好，呵呵呵呵）。而背地里再生气，对他俩都不知怎的一见面就怨气全无笑脸相迎关系融洽。真是无敌相似的两人，原来我结婚离开李洁也没摆脱和这类人渣纠缠的厄运啊，还是我拜金又无知势利却特别容易忽悠欺骗，所以吸引来的都是这类人？,3,叶问
实际上，没有说的好。虽然丹哥很美好，但演技还是需要提高。,3,叶问
还不错的功夫电影，熊黛林在里面真的有一股说不出的知性美。,3,叶问
呼吁大众的那段儿还是那种即使俗套依然看得人手心一紧的感觉哇~~时代既需要正面的英雄，咋的也得有一个被人以为是反派的英雄,3,叶问
厉害 叶问 徒弟里 包括 李小龙,3,叶问
（没有03说的感动 不过也还成~倒是小翻译让人比较感动 或许用某人说的与身俱来的家庭观亲情观还有地区民族自豪感。呼呼~男人要尊敬老婆而不是怕老婆　＝敬而生畏？）,3,叶问
好一个“高大全”式的“英雄”，看了开头就知道结尾,3,叶问
打架好看 音乐也好 场景气氛营造不够哦,3,叶问
3.8星好了····郭嫂太愣了~~（为什么我看完不像大家那么high？）,3,叶问
甄子丹是纯爷们。,3,叶问
甄子丹打的不错，不过近代功夫传奇人物是不是故事都差不多，感觉桥段啥和霍元甲，陈真之类差不多。,3,叶问
我还是觉得，被删掉的几分钟比较有看头啊,3,叶问
唔总觉得中国电影怎么拍都拍不出某个圈圈。。,3,叶问
电影是挺好看的，不过此类题材看得实在是太多了，有点儿腻。,3,叶问
制作非常精致，只是剧本一般，人物一般，叶问的人物形象也不太丰满。但是甄子丹在这部电影里是难得的帅。另外，川井宪次的音乐真是太好了。,3,叶问
后面有点蠢。实际上，外地人一定会被打败，外国人一定会被打败，这样观众才看的爽。这是定律了。,3,叶问
那根柱子上刻着老婆大人，轩然就是对着这根柱子修炼猪狗不如心法来着，哦帮主威武！对了我爱黄又南！,3,叶问
在那个灰暗的背景里，熊黛林仿佛一件发光的瓷器，甄子丹走着走着身带风,3,叶问
烤红薯看着真香，怪不得叶问要留半个给他老婆。。,3,叶问
12.28.09.Ip.Man.2008.CN.DVDRip.XviD-PMCG,3,叶问
传说港版的翻译官被打死的,3,叶问
可以打到三星半，有时候，简单不一定是不好，可以预料的人物和情节还是可以拍出有力量的电影。虽然踢馆和纺织厂的情节算是拖沓的，但整体来说，由于甄子丹扮演的叶问令人信服，这还是一部不错的传记片。此外，林家栋也非常出彩。,3,叶问
他奶奶的，我从来没这么烦过樊少皇啊！！不去打日本人，只知道欺负中国人。叶问的咏春没话说~甄子丹诠释的真好。李钊在这里无数次被打也挺好玩的。1945年中国打退日本人。里面的三浦蛮帅的,3,叶问
3.5。 那句“没有怕老婆的男人，只有尊重老婆的男人”被无数人引用啊……,3,叶问
还好就是故事太假~,3,叶问
让我想起了另一部电影：精武英雄。有人说这是这几年最好的功夫片，虽然叶问并没有净化完全，但与这些年的那些所谓冲击好莱坞的功夫大片相比，的确要好得多。不知道李连杰看到这部电影会作何感想，也许内心深处这样的电影也才是他所想吧。忽然想再看一次精武英雄，那低调中的无限气魄。顺便说一句，里面的那个沙胆源的扮演者我刚开始看成了金城武（罪过罪过~），接着又一直认错成了胡歌，直到他摘掉帽子以后我才发现自己的错误，的确挺像的。,3,叶问
还不错，熊黛林挺美的，但是甄子丹没有演出叶问的洒脱飘逸,3,叶问
原来IP man 是粤语。。。额。。,3,叶问
高中看的。。印象不是很深了，因为主演是蒸鸡蛋，以前就觉得他长得丑，现在更不待见他了，扣一分，耶,3,叶问
我喜欢甄子丹的造型，有一种静默的力量，他应该拿金像最佳男主。,3,叶问
"个人从来不会特别去看香港宁拍的片子,从来都是在电视上看到了,无聊了就看两眼.让我特别去看的几部也就&#34;无间道&#34;,现在还有了&#34;叶问&#34;.虽然这片子套路明眼人都知道,都可以de ja vau了,可是我就是热血丫,所以一看热血的片子就喜欢.而且甄子丹我也喜欢,所以电脑里到现在还有.",3,叶问
翻译和汉奸的关系。,3,叶问
现在的电影有没有情节不单薄的啊,3,叶问
算是普及知识的电影，我之前不知道叶问是个人的……,3,叶问
看的山寨配音版逗死我了，参与配音的就三人吧~,3,叶问
甄子丹打架的时候表情很奇怪。扣一星。,3,叶问
再不支持，咱都不知道功夫片该往哪里去了。撑一年是一年吧。,3,叶问
拍一部纯粹的功夫片就那么困难么？非要和民族主义的意淫捆绑在一起；以甄子丹为首的一众演员的演技实在是太糙了……,3,叶问
跟霍元甲没什么区别嘛。,3,叶问
不知道是不是因为小时候没被号称小学生作文之葵花油宝典的武侠小说熏陶过的关系，很不喜欢打架电影。。。 后来发现站擂台上的叶问那小表情竟都有种看阅兵看游行看焰火看舞蹈的意思，好像是暗示我的国家至今依然苦难深重么……然后我也喜欢翻译官,3,叶问
熊黛林真不适合演他的妻子，身高啊身高！！,3,叶问
爸爸! 妈妈说你再不出手家里的东西就都破啦！,3,叶问
"其实最喜欢林家栋演的那个角色.日军翻译也要吃饭的,能顶得住被说成是汉奸的压力",3,叶问
三星半 民族大义表现得过于主旋律 叶问角色也几乎完美 甄子丹虽然有一张碧池脸 但诠释得也不错 武术设计一如既往地优秀,3,叶问
五月初，第一次看我还记得当时是回家的长途汽车上，你还记得吗？一个片子怎么就想起那么多，我只是向看完这个继续看叶问2。,3,叶问
某星期二，因为身边人，一场很别扭的电影,3,叶问
"說實話我是從兩部葉問才認識了甄子丹的.以前只知道是武打明星,但其實我對電影塑造的人格以及現實當中的人格對比抱有很高的期待,但往往是失望.至於電影的話,劇情不錯.",3,叶问
在大家高评价中去看了 爱国教育片 色调偏暗 声音忒小 真子弹的功夫了得 表情稍显呆板,3,叶问
看完2再看1没啥印象了，故事有些凌乱。,3,叶问
没觉得特别出众...,3,叶问
叶文的形象算是出来了，甄子丹确实比成龙演技高上一筹，可惜怕是无法超越。,3,叶问
甄式港片。甄子丹此次给人感觉不错，不再是流氓警察的不堪了。一个很向模像样的阔少形象，慢慢因世事变迁成为普通人的经历，为了中国人而迎战的骨气，诠释的很好很成功。林家栋的结局之前在豆瓣上听说了，没有看到很是可惜，他也是我很欣赏的香港演员之一，但可惜因为面相的关系对他一度有偏见。樊少皇蓄须之后造型好看多了，遮盖了娃娃脸man很多。熊黛林一副僵尸脸大小眼平板身材比甄子丹还高连花瓶都不称职。任先生就不提了，看到那张脸就想到他的过往，不提了。池内蛮帅。,3,叶问
期望太高，跌得太重。甄子丹真好～,3,叶问
甄子丹和他的动作三颗星。,3,叶问
又是一个没有日本市场的片子，看看这豆瓣的好评如潮，民族主义热情高涨，迅雷上的首周排行冠军名次，不仅心寒：中国人到底把不忘国耻放到什么地位，为什么就不能原谅一个被政府压制的民族和宽恕到过的狭隘思想……佩服甄子丹打斗都要脸色帅的功力，不过本片的主题，我只能说：又一个陈真,3,叶问
"2008-12-31，叶问的修养实在叫人折服,不愧为一代宗师，不过电影还是感觉拍的一般。",3,叶问
又一部励志片儿~池内博之真帅呀~~~,3,叶问
情况类似十月围城，太缺乏个性的电影，一度求稳,3,叶问
叶问和木头桩子打架结果是一百分钟里最销魂的一场，我爹说对了，这就是唯美电影- -,3,叶问
甄子丹近年其实差一部有代表性的片子，这个算不上，虽然演的不错，打的也行，还挺有中国气概的，但，导演在处理上挺一般的，严重降低了这个好故事的力度。尤其是，叶问的家庭戏，本来可以很好的完善这个人物的。找徐克吧。,3,叶问
这种电影一向鼓舞人心,3,叶问
总觉得声音怪怪的，后期录制的感觉太重，总是听不见环境音。人物也非常脸谱化，总之日军时时刻刻都又蠢又燥就对了，逃不出抗日神剧的套路。,3,叶问
其实还挺一般的（虽然也并不算差），不知道为什么那么多人说很好……因为有《霍元甲》作空白对照组？……顺带纪念一下09/3/28的杭州。,3,叶问
踢馆比武一段儿子的出现轻松可爱，棉花厂集体练武一段很热血奋发,3,叶问
戏太正了其实本身就是一种偏颇,3,叶问
电影上映的时候和那家伙去了电影院。哭点一向很奇怪的我看这种爱国片居然也会流眼泪。,3,叶问
剧情很洒狗血，结构过得去细节不合理，一般。,3,叶问
除了剧情老套点，其他还真是不错呢！,3,叶问
天下没有怕老婆的男人，只有爱老婆的男人,3,叶问
天下没有怕老婆的男人，只有爱老婆的男人,3,叶问
欢迎收看佛山打架晚会，本节目没有广告 没有台词 没有色情 没有演技 没有逻辑 没有铺垫 没有悬念 ，只有打架只有仇日,3,叶问
把删掉的情节补回来可以考虑多给一颗星,3,叶问
真是越发讨厌看这些中国人暴打外国人题材的伪爱国主义电影,3,叶问
它是如此大卖，以至于3年后我还是看了它。但是依旧不喜欢，实在没有办法接受脸谱化的人物和炒冷饭的剧情，至于动作嘛，我又不内行咯，《杀破狼》那样可能更令我惊艳一点。,3,叶问
虽然很不错...我还在嗤嗤的等待一代宗师啊,3,叶问
我记得那时候在学校看的..老师还舍弃两节课呢^^,3,叶问
与其说是林家栋表演的有层次。倒不如说是李钊本身被赋予的空间很饱满。,3,叶问
文戏与武戏分量依旧把握不好，人物刻画的过少，幸好有比较出色的武打场面，否则就沦为烂片了.,3,叶问
差强人意，叶问无敌，从头到尾，打来打去。,3,叶问
不知道看了几遍了  不是因为喜欢 是因为电影频道不解释,3,叶问
爱死那一通销魂的小粉拳了～～甄子丹真的越来越好了～～熊黛林这个花瓶还当得真彻底～～樊少皇怎么就不红呢不红呢？,3,叶问
pretty girl.....,3,叶问
异族入侵，经济潦倒，困兽之斗，导演截取的叶问个人史在一定程度上折射了香港史。香港的民族主义永远都是绝望多些，爱国少些。拳打北人，政府缺失，本土意识在爱国主义里深藏。08年是香港的一个转折点，叶氏超人崛起，标志着受金融危机影响的本土意识终于重新回归了。,3,叶问
日本只会用枪么？！,3,叶问
是谁说看了会让人爱国激情大爆发的，明明就是一部很普通的动作片嘛！,3,叶问
薄弱了点,3,叶问
陈真...叶问...,3,叶问
情节简单 主旋律 有的地方有点小好看,3,叶问
甄子丹演的很好，熊黛林是败笔。另：剧本和剪辑的提高空间很大。,3,叶问
妈妈说你再不出手家里的东西就全砸烂了。。。咏春就是泼妇拳啊！,3,叶问
为什么导演不能给甄子丹一个面子，人家明明要打10个，那你就10个一起一拥而上可以不，不要1个个接龙一样上去挨揍,3,叶问
"看的和谐版,故事感觉讲了一半嘎然而止,不知是不是剪刀手所为",3,叶问
一般般，没有太大的感觉。算好看吧。,3,叶问
还可以吧，看2有没有大的突破。,3,叶问
看的普化版，配音让我无语半天，但冲着画面，我想若是原版定是足足值3的,3,叶问
就爱国主义电影上来讲，还不错。李钊的角色可塑性很强，林家栋演的还不错，还是喜欢甄子丹硬气的样子，拳打的很漂亮,3,叶问
有半颗的话，会给3星半。,3,叶问
和日本人打那段很赞!~,3,叶问
好，非常好！我尤其欣赏酷似michael scofield 的池内博之，(*^__^*) 嘻嘻……,3,叶问
民族题材是永远炒不糊的冷饭,3,叶问
我只不过是一个中国人,3,叶问
最后还是叶问大师的爱国热情感染了我。。。,3,叶问
首次见到丹爷火气尽敛，似乎不食人间烟火的斯文武痴形象。,3,叶问
武打部分还是蛮牛的,3,叶问
单纯为叶问这个人点赞！电影嘛看得而已……,3,叶问
问叔就是传说中的万人迷宅男受啊。。。,3,叶问
难得看到中国有那么认真的电影了,3,叶问
像是《霍元甲II》,3,叶问
剧作一般，貌似高潮的推动力不够。。。没有叶问2线条干净··耐看··,3,叶问
大家都喜欢看日本人被打，这已经成了民族血液的一部分，我自然也不例外。除此，我边看边想起 @风间隼 前几天的吐槽，笑死……,3,叶问
真正的亮点在于传统意义上日军“翻译官”，这么一个“走狗”角色，在本片出了一点新意，不再意识形态化，而变成有血有肉的游走于两派之间的小人物。当然姜文的《鬼子来了》塑造的“走狗”“汉奸”形象要比本片完美很多。叶问仍旧是一部以煽动民族情绪为卖点的商业片罢了。缺少鬼子来了这样的诚意和深度,3,叶问
不错的华语片，但仍显虎头蛇尾，演员也不尽人意...,3,叶问
是不是有点把叶问过于神化了？日本人也有点美化了。。。。,3,叶问
打得好啊，别的就算了。,3,叶问
一边倒的对决不太好,3,叶问
没有某些人说得奇差无比，还是能看看的，虽然故事老套了点，前半部的小幽默还在。,3,叶问
当时看完对咏春非常有兴趣！不过不喜欢甄子丹~~~,3,叶问
看过，标记之。,3,叶问
这个片子的打斗还可以。,3,叶问
香港金像奖可以退休了,3,叶问
一个民族有病，靠一个人救不活，靠YY更救不活。,3,叶问
last 10 minite is not boring,3,叶问
“我要十个”，算是很有情节的动作片了,3,叶问
依稀记得那年在HK蜡像馆，他问，为什么会喜欢甄子丹；我答，男人。,3,叶问
总觉得甄子丹讲话好有喜感……,3,叶问
熊黛林是来干什么的？,3,叶问
我就爱看你抽人……但你就非得说教……,3,叶问
仍旧一贯的动作片套路，甄子丹缺乏一代宗师的气质,3,叶问
还不错的电影吧，有点主旋律的意思，很适合甄子丹的角色。那个金山找和黄又南的戏蛮荒唐的，还以为后来他们从良了去打日本人呢。,3,叶问
电影院看的话 会四星,3,叶问
动作片嘛 没个什么内涵 就是看个打斗场面 甄子丹一直是我敬佩的打星 在此片中打得很精彩,3,叶问
怎么说呢？甄子丹实现了某方面的突破，但是全片没有让我记住的点。。,3,叶问
我一直觉得人物题材描写的人物如果只有一个面孔，就不能算上层作品。要是甚至推到个人崇拜的高度，那就只能当娱乐片看了。三星给摄影和武打。,3,叶问
冲着甄子丹看的，这男人开始有魅力了,3,叶问
没什么新意，太英雄主义,3,叶问
看了不下十遍的电影了 还以为标记过了= = 排除对甄子丹的反感 这部电影还是好的 武斗场面燃的没话说 爱国情怀又感动的热泪盈眶  另外池内博之也是蛮拼的 听说被打成脑震荡。。。。,3,叶问
比第二部好,3,叶问
"跳着看完,却完全不会影响理解的片子..",3,叶问
葉問好看，雖然結局有點鳥。,3,叶问
翻版《霍元甲》+爱国主义投机+出彩打戏=且算好看,3,叶问
一开始觉得甄子丹怎么有点儿道貌岸然？！,3,叶问
先给我来10个！！,3,叶问
閒來無事看的，還行,3,叶问
武打场面尚可一观，别的实在够滥。当然，善于YY的反日FF们也许觉得超好,3,叶问
武打场面尚可一观，别的实在够滥。当然，善于YY的反日FF们也许觉得超好,3,叶问
我收回“凡甄子丹演的片子都是烂片”的言论。至少这部没有烂到不能看,3,叶问
叶问在本片中被丰满成一个民族的神圣符号，虽然影片留有一点悬念，但其实每个看的中国都知道结局如何。,3,叶问
为什么要把三蒲刻画的这么“好”？前半部实在不错,3,叶问
电视上无意看的。。。没那么差。。但明显比起一代宗师不够精致啊  武打也很随意 但是挺过瘾的,3,叶问
情节上漏洞多了点，但是看得出来甄子丹拍得很认真,3,叶问
比我预料的要好。林家栋那个角色演的很不错。就是开头那点，哪有人晚饭时间不吃饭去找人挑战的？,3,叶问
一般，戏剧性不强，剧情太套路化了，但林家栋的角色塑造的很好，点赞，尤其翻译的那段。感觉叶伟信不忍心写坏任何一个中国人，也无法把所有日本人写的灭绝人性。有些唯唯诺诺吞吞吐吐，叶问的变化也过渡的不够。武师们打擂到底为米还是为口气应该表现的模糊一些，重叠两个原因才能更真实更耐人寻味。,3,叶问
黄编真是很奇特的一个人啊，能把一些细节写的很好，又把主线写的很烂……叶问的塑造比2略逊,3,叶问
咏春拳 呵呵~~真的觉得导演要表达的那种正义的 宏大的东西太正了 正得有些地方不禁让人想笑 或许是中国人自古以来所担任的东西太重了 有时想调侃一下 却让人不知道怎么接受 太别扭了 ,3,叶问
中规中矩的动作片，无能为力的爱国心。,3,叶问
还不错的功夫片，女主太丑,3,叶问
甄子丹的功夫华丽的很。,3,叶问
看得出来，老甄下功夫了,3,叶问
看了没有感受到那个时代的气氛。。反而觉得太无聊。装逼太过。。,3,叶问
最后一场戏实在不过瘾。其他都挺好的。,3,叶问
总觉得有些程式化了。。不过甄子丹的文戏还真的不错~~,3,叶问
感谢电影频道。,3,叶问
感谢电影频道。,3,叶问
熊黛林比甄子丹还高……,3,叶问
甄子丹风格有变化，还不错的片，对白有些蛮搞笑咧,3,叶问
只有前面20分钟是好戏,3,叶问
距离黄飞鸿还差得远,3,叶问
这个片子看武打动作。往往太寄托民族情结的电影剧情都会走向套路，而且那段历史不堪回首,3,叶问
在看电影的时候，我脑子不断徘徊的是“熊黛林好高啊！”,3,叶问
飞机上...,3,叶问
动作场面漂亮，故事情节简单。,3,叶问
看的就是出那口气。,3,叶问
里面的人都不模式化，日本人不是一味的坏，翻译不是唯唯诺诺，主角不是义无反顾，这点值得肯定,3,叶问
10-03-06：不太喜欢看打篇，但这个演的很清新，还不错。,3,叶问
总是想起霍元甲，咏春拳还真是女人拳,3,叶问
打斗也一般啊...花样比较少,3,叶问
如此暴戾的片子都不知道为什么这么多人叫好,3,叶问
活脱脱一部《霍元甲》，万万没想到甄子丹居然靠这片翻身了,3,叶问
好看是好看的 但是我不想给4个星星,3,叶问
跟霍元甲一个调调，但是强多了,3,叶问
某人说他是yip man&#39;s protege，恩，大师就是大师,3,叶问
就是真的还行而已,3,叶问
咏春鼻祖，大爱中国风！,3,叶问
要不是有打戏我都睡着了,3,叶问
怎一个&#34;逃&#34;字了得,3,叶问
打得挺爽的……,3,叶问
还是落入了国产片的俗套,3,叶问
虽然豆瓣“还行”在我的眼里只算作一般 但这部片子确实只能用“还行”来形容 比起一般好但并不想推荐 剧情比较简单 它的优点是拍得很细致且尊重事实 另外甄子丹的表演为影片增彩 无论是在武术上还是在大师的那种气定神闲上他都表现得相当不错,3,叶问
但凡此类爱国功夫片来去就一个模式。尽然武打场面很精彩，终不过又一部过眼烟云。这部最佳影片，过了。,3,叶问
就虚构的故事来说，剧情还可以,3,叶问
支持一下最近走红的甄子丹。,3,叶问
所谓内外兼修~~~所谓节奏恰当~~所谓行云流水~~,3,叶问
╮(╯▽╰)╭让人期待一代宗师么,3,叶问
我怎么想都不是个值得推荐的电影,3,叶问
民族主义泛滥也是个悲剧。。。,3,叶问
我觉得可以拍的更好。剧情梳理有点牵强，叶问这个角色就如某个豆友说的，其实就是个宅男。,3,叶问
其实没有人想知道叶问是谁，他的存在只是商业电影的另一种噱头而已。,3,叶问
演的还可以，故事有点平淡，缺乏震撼。,3,叶问
一看到“我们中国人xxxxx”就烦,3,叶问
甄子丹还挺有喜感的，打得不错,3,叶问
还行吧，最近香港片里面算好看的了，至少没有什么大毛病的片子。,3,叶问
这种题材的电影总能让我热血沸腾神马的= =,3,叶问
好多好多正能量，呼。。。,3,叶问
非要把活人演死...,3,叶问
甄子丹演得很棒！但我感觉这是本剧唯一优点……,3,叶问
打戏给100分。伏笔给10分。,3,叶问
甄子丹的武打动作还是很漂亮滴,3,叶问
打戏满分。,3,叶问
情节太烂，打戏很不错。,3,叶问
三星半吧！给不上推荐的档，有些太淡了,3,叶问
叶问的武术精神，叫人热血沸腾！叶问是一代巨星的李小龙的师傅啊~~~^0^,3,叶问
没有太多感觉 比起叶问 我更喜欢叶翔 哈哈 看甄子丹都看吐了 没办法,3,叶问
正常的功夫类型片，打的很漂亮。情节基本无新，稍一晃神，就会忘记自己是在看叶问还是陈真或者霍元甲什么的。,3,叶问
此类电影总能激起一种报国情怀,3,叶问
不喜欢一个演员只能扮演一种角色,3,叶问
和以往的英雄片流水线制作出来的有很大不同，整个片子都没有太激昂热血的时候，很人性化，不温不火，很舒服。,3,叶问
原来叶问的英文名是Ip Man，像搞IT的人（搞IP的Man）。,3,叶问
还行，呵呵。打的不错。其他一般。,3,叶问
第一次看电影全场鼓掌，还三次，看来民族主义还是很有市场滴～,3,叶问
甄子丹演的挺到位，打斗也看着过瘾,3,叶问
真搞不清为什么这片子如此多的人给四星、五星，明明很一般啊 ,3,叶问
好格式，烂情节,3,叶问
樊少皇好帅怎么办……,3,叶问
咏春拳的叶问谦和温柔、仁义备至，心有有仁，猛然就发现甄子丹第一次变得这么英俊柔和！动作导演的设计还成，整体节奏控制除了结尾仓促预示还有后续以外，也都还OK，但是反日情绪一再让我从霍元甲到精武陈真给回想一遍。无论如此，此片的情绪把握上胜过精武陈真。,3,叶问
not deserve the hype,3,叶问
其实没觉得很好看，还是因为我不喜欢动作片？,3,叶问
作为中国人，对那段历史有着别样的情感，深深地钦佩那段历史里能留下痕迹与震撼的人物。虽然觉得这部电影作为商业电影故事情节上欠缺连续性和跌宕性，整体性不强，人物刻画也不够深刻，但感谢叶问和千千万万和他一样不屈的中国人，历史已经远去，他们的光辉不灭。,3,叶问
更多的传达，中国人的精神、中国武术的真谛。然而，不是第一部，也不会是最后一部……,3,叶问
今年拍得最好的国产片了,3,叶问
谁说的这是绝世好片妈的,3,叶问
商业电影该有的元素还是足的，剧情也比较抓人，但看完了才发现好多都是有惊无险，哈哈。第一次看甄子丹演真正意义上的文戏，稍微改善了下对他的印象（一直不喜欢他，太硬了，没有柔软的感情，打动不了俺~）。其实这种跟日本鬼子有关的战争题材一直是我最不喜欢的。故事前半段不牵涉到日本鬼子的还是挺有意思的，咏春拳打起来也特别好看，静若处子，以不变应万变，不是那么硬气。,3,叶问
动作设计真好看，文戏一如既往的普通,3,叶问
叶问真的有这么厉害吗 还是有更大的大隐隐于市,3,叶问
甄子丹好帅啊！！！呵呵2009.2.21,3,叶问
至少没感到精武风云中的一帮土鳖的意气用事和陈真兄的胸大无脑,3,叶问
（补遗）,3,叶问
末了有点感动。,3,叶问
学习到人性,3,叶问
池内博之真是帅啊。。帅啊。。帅啊。。,3,叶问
听说我看的是修改版 哎,3,叶问
还行。故事有点俗套。,3,叶问
不要再来民族主义这套了,3,叶问
有些情节有些多余 有点牵强 但是要是作为纪实性来说的话 可能还可以理解,3,叶问
这个片子还挺有味道的哇，跟后来那个跑酷的某片比起来多么诚恳,3,叶问
整体故事弱。武打场面快。,3,叶问
这一部很不错啊，甄子丹演的叶问虽然文戏不怎么样，但是武戏还是不错的,3,叶问
爱老婆 就是要这样···,3,叶问
作为动作片，拍得还是很不错的。,3,叶问
情节老套，只是动作和厚重稍有新意。,3,叶问
＃重看＃劇作策略是香港中產階級心態的一種縮影，動作場面則是劉家良式的全景中景拍攝手法結合黃金年代帶有高度明晰性的構成性剪輯，以上這些突破都是極好的，但是葉問的詠春戲碼全是單方面血虐這是怎麼回事？？？,3,叶问
还可以啦。印象最深的是叶问的粤式豪宅——在那样的大厅里吃饭，实在是——无语了。,3,叶问
要有3星半的话，是最好的选择。,3,叶问
劇情很薄弱 打戲很精采,3,叶问
打的出彩，剧情一般,3,叶问
其实我不喜欢打民族鸡血,3,叶问
Watched it in a friend place with another friend.,3,叶问
nothing~,3,叶问
比想象中稍许差了些，不过还是比较亢奋的,3,叶问
商业化传记片,3,叶问
甄子丹的戏路尚未完全开发……,3,叶问
就这样了，一个套路,3,叶问
好一个高大全,1,叶问
罗里罗嗦的片子，动作场面又缺乏变化,2,叶问
真心一般般 最终BOSS 没打几下就跪了  还不如樊少皇和叶问的那场打戏,2,叶问
烂片，只有前三分之一能看，动作也不好，无良商人为迎合目前的社会情绪生生往民族主义（搞成了低级的民族仇恨）上扯，影院里有人鼓掌，被雷到了。,2,叶问
也许可以更高点的，不过谁让我刚看完贫民富翁的，真的很无聊的电影~~前后节奏混乱，情节拼凑且干硬，总之，浪费了我一个半小时。选熊黛林容易嘛，好歹有个话题，好歹也算是个票房吸引点啊~~,2,叶问
主角多了点烟火气，配角多了点层次感，可还是典型的打鬼子类型片——嗯，这种片基本可算一种类型了吧,2,叶问
中国电影之雄起！香港电影之典范！两星！,2,叶问
这种流水线上的片让人太难消化了。。。。。。,2,叶问
意淫吧你就，我才不相信日本人会把一介武夫那么当回事儿,2,叶问
熊黛林除了把眼睛瞪大一点，完全不会演戏。整体感觉非常一般，好几处切换镜头有点突然。不够连贯，没有一气呵成的感觉。,2,叶问
叶问打十个的时候，正赶上武器战致死打击imba的时期，就有一种S3套武器战碾压JJC的感觉。,2,叶问
甄子丹蛮适合这种小分头的~海飞丝的广告拍的也蛮好看的嘛,1,叶问
在华语电影里近期算不错了 既要商业又要立志 甄子丹演技也是越来越好了,2,叶问
我怎么这么看不上电影靠宣扬民族大义来吃饭！！,2,叶问
很无聊的一部功夫片，不明白为什么也要挤进贺岁档,2,叶问
故事讲的很矫情，为什么一定要扯上民族大义才能体现一代宗师呢？甄子丹有好身手没好演技，熊黛林像大号浮肿的中邪鬼魅，中国人的配角拍的都像小丑，日本人反倒拍的很英雄。,2,叶问
纯个人记录片 远没有叶2来的壮观热血与有意义.,2,叶问
主题挺沉重的。功夫真的不错。,2,叶问
甄子丹演的不打的时候太文弱,2,叶问
中规中矩，广度不够，人物性格缺失。但俺喜欢小甄,2,叶问
不喜欢就是不喜欢,2,叶问
中国人怎么沦落到只有在电影院里才能找回所谓的民族荣誉感？,1,叶问
With K. 电视里,2,叶问
剧情太烂。可这种写实的电影剧情也差不多这样了。。新霍元甲,2,叶问
老套得让人蛋疼。,2,叶问
哪个傻13编剧？！完全生搬硬套好莱坞英雄主义模式，甄子丹确实拼了老命去把这个垃圾的角色演得不那么垃圾,2,叶问
不知道為什麼評價那麼高，功夫電影永遠是繞著民族大義打轉著，就為了拯救中國人那可悲的自尊心嗎？,2,叶问
没看出来这部电影好看在哪里呢~~~~是因为挑动了杀日本人这根神经么~~~~我猜叶问2是不是要打美国人？,2,叶问
作为一个殖民地、沦陷区，香港人里除了李小龙和那几个洗不干净底又和当权者勾勾搭搭的商人，实在没什么人能激发他们的爱国热情，于是李的师傅叶问就被拖出来神化成一代宗师。不过从影片对北派武术和武师的污蔑上看，这种二串子爱国激情显得格外的狭隘和钻营。,2,叶问
这几年的甄子丹就是卧槽泥马勒戈壁……能少拍点烂片么,2,叶问
从前觉得还不错，现在我的欣赏水平已经高出当年，加上去年《师父》洗礼，现在回头再看这部，真乃过份煽情惨不忍睹……,2,叶问
近一流的动作电影，三流的剧本。顺便提一下，在乱世，男人不仅要能打，而且也要能挨打,1,叶问
不懂为什么会有人给很高评价，熊黛林还是很出彩，没想到香港还有这种美女，很有古典味道，应该很有前途,2,叶问
剧情一般，导演功力也一般，还特别装逼的通篇用这种冷色调滤镜更是显得造作了，多次想睡觉,2,叶问
打日本人是没有用的。,2,叶问
甄子丹一贯的武长文短。另，东亚病夫的病灶是体能不济么？,2,叶问
为什么要开枪啊!我要打十个!!,2,叶问
又一次全民集体意淫，真后悔看。。。。,2,叶问
。。。节奏好慢啊，配音很烂，什么破版本,2,叶问
除了几个动作场景不错外，其他的还有什么么？甄子丹的动作武术指导看来是可以，可是故事实在是讲的不行。,2,叶问
很好看吗？个人感觉很一般,2,叶问
三流主旋律电影,2,叶问
对这种题材真心不感冒,2,叶问
我是真的很讨厌这种剧情设定,2,叶问
我操，叶伟信一如既往的二,2,叶问
我想我知道你为什么不喜欢。装逼这是。,2,叶问
除了打戏，一无是处,1,叶问
为了听川井宪次的原声配乐找来看。其中主旋律《一代宗师》很好听，编剧改动的《泰然自若》也不错。至于片子本身，当时一直抵触就是因为这是个意淫的产物，甄子丹巅峰时期打咏春看起来还是综合格斗术，各种套路毫无新意，处处透露着假大空。,2,叶问
没什么好说的，叶问都成民族英雄了，也不看看资料，人家从没打过日本人，还留过日呢！低级错误！,2,叶问
不知道在讲什么~,2,叶问
象甄子丹也只有演这种看不到什么脸的功夫片对得起大众了,2,叶问
小日本打的过瘾,2,叶问
林家栋这个角色不错，洗脑片无疑,1,叶问
作为电影来说，太套路化了，本来要给三星的，怕豆瓣程序再主动推荐类似电影,2,叶问
抄霍元甲 没意思,2,叶问
说实话，第二星全靠武打加的分,1,叶问
影片从功夫塑造，人物塑造到叙事性，艺术性都是内敛的，从而保证了用武术结合国家大义不会太显俗套，但是最后一打明显是在泄愤好吗。不明白为什么它能进IMDb的Top250……墨镜王也只有两部《花样年华》和《重庆森林》还8.0险入。,2,叶问
揍死小日本！,2,叶问
其实我还是挺喜欢甄子丹的@_@,2,叶问
甄子丹的杀气太锐利、难以压抑，想表现出叶问的低调而不得，随时要爆发的感觉。樊少皇表现的勇猛有余而智商不足；在与日本多人对打场景中表现太夸张，落下“陈真”的影子，太出戏了。,2,叶问
是个能打的就得按个民族英雄的名号么？咱能自己个不吹牛逼不意淫么？,2,叶问
各种假。甄子丹是唯一看点，功夫、演技都好。对熊黛林很无语啊……您如果表演不能收发自如，宁可多收着，做个合格花瓶，也好过一会儿扭扭，一会儿抛媚眼，一会儿还看镜头啊看镜头！几身旗袍倒是不错。,2,叶问
狭隘民族主义，本来给2星，是真子弹主演，1星足矣。,1,叶问
电脑里实在没有地方放这样的片子。,1,叶问
我不喜欢。。。,2,叶问
谁是叶问？整部戏甄子丹的魅力已经盖过了故事！ 喜欢戏中街景和叶问家庭院的布置，还有叶问陪太太逛街时的装扮太儒雅了 甚爱 想必叶问必是个雅皮士！,2,叶问
·············,2,叶问
看看武打也就算了，别看剧情，跟一群SB似的,2,叶问
甄子丹的文戏是来反衬他的武戏的,2,叶问
给甄子丹的为人,1,叶问
看了和沒看一樣，牛。,2,叶问
发现任达华老了带眼镜挺像罗家英的,2,叶问
没有2好，很多情节安排还不妥当。,2,叶问
没看出有什么好的地方，好电影不是打几个外国人，喊几句口号式的标语喊出来的。这部电影是在太样板戏了,2,叶问
囧，，，弟弟不敢看完。。。。,2,叶问
故事生硬，老派，段落化明显，一群工具人物。樊少皇近2年真是拼了，从小白脸整成大老粗……,2,叶问
总像讲故事没讲透似的,2,叶问
快进就行了。,2,叶问
大烂片一部，感觉像个人宣传片一样；熊黛林眼睛一瞪好吓人。,2,叶问
诶虽然不喜欢甄子丹 但是同学大力推荐还是看看吧,2,叶问
真人真事不做评论，电影很烂。哪怕你把敌占区的故事讲得好点儿，我其实挺想知道那些事儿的，八年，我们的同胞在日本兵的控制下，是怎么生活的，有人能拍出来吗。,2,叶问
我一直不太爱看抗日这么沉重的题材，虽然它拍的还行吧。,2,叶问
不是我的那盘菜..,2,叶问
音效是怎么回事？那么干瘪？是电影院的问题还是电影本身的问题，真让人失望,2,叶问
广电眼光独到 善于发现亮点,2,叶问
快进是王道。。。,1,叶问
除了精美的打斗场景几乎没有可取之处,2,叶问
支离破碎的剧情，弱智脸谱化的人物，不过是迎合了观众的“爱国心”而已。,2,叶问
本来还是不错的，但是爱国情操一出来只能给低分了。,1,叶问
ʕ•̫͡•ʕ*̫͡*ʕ•͓͡•ʔ-̫͡-ʕ•̫͡•ʔ*̫͡*ʔ-̫͡-ʔ，打卡。,2,叶问
如此廉价，不喜欢就是不喜欢。,1,叶问
那个拳头可真碎啊,2,叶问
YY中华武术,2,叶问
能不能不要一沾武打片就是外国来侵略然后挑战中国功夫最后中国武术胜利了然后猪脚也死了这样的套路。中央电影频道看的，我就中途看个天气预报的功夫佛山就沦陷了，叶问就从豪宅住进小破屋了，我不就是看了个天气预报么，我去,2,叶问
真是个窘片,1,叶问
很一般。看到熊黛林让我实在无法投入得看这部影片。,1,叶问
不喜欢这种片,2,叶问
"叶问这样的男人着实没意思。2011,12",2,叶问
有太多不能忍受的小地方,2,叶问
对功夫片不感冒了，这片不能满足我的胃口啦，而且，我看的版本又是有删节，顶！,2,叶问
民族情绪什么的，，，真是屡试不爽的,2,叶问
lame ass.,2,叶问
工厂练拳那段是集少林足球和功夫之大成；李钊和李大钊是啥关系？；,2,叶问
如果這樣的意淫片能少一點，我們強大應該能快一點。,1,叶问
主旋律电影 除了爱国主义情怀外 乏善可陈,2,叶问
真的不好看啊………………,2,叶问
按道理来说一棵子弹打进肩胛骨人猛男应该可以忍受的啊。,2,叶问
一个套路。没创新,2,叶问
中心思想太烂,1,叶问
接触过武术的 再看这种貌似写实的功夫片 就不可能投入了 不过一些反关节动作还可以。。,2,叶问
以前的评价是 跟老公一起看 真可悲 看了片段 就当看了吧,1,叶问
"我覺得雖然比較傻逼但比序號風強在南粵本土色彩, 比如暴打北佬. 序號風看起來像那種游士天龍人國學粉",2,叶问
让我愤青一次吧。哦哈哈！力挺赵文卓！鄙视戏霸。,1,叶问
傻逼片儿。两星给熊黛林。,2,叶问
一星献给真败类，再不会看你的片。,1,叶问
民族主义.....,2,叶问
有甄子丹，我不看，直接给一星,1,叶问
甄子丹等于一星。,1,叶问
利用民族情感但是掩饰不住内涵的苍白。,2,叶问
扩大民族矛盾和二元的世界观,2,叶问
这剧本也太没逻辑了吧。对话也莫名死了。,1,叶问
除了打日本人，中国电影人还能想出凸显“武术宗师”的表现手段吗？板着死人脸就是演技？难为欲转型的打星了。,1,叶问
立意没问题 表达方式欠妥当,2,叶问
太简单的电影，甄子丹比较男人而已。,2,叶问
快速連環拳還是很酷的，但那種俗套的劇情和處理真心受不了。,2,叶问
剧情完全对不起一代宗师这么个头衔。,2,叶问
我要打十个。。。。。。,2,叶问
剧情走向跟霍元甲是平行的啊,1,叶问
隔靴搔痒，电影只剩下功夫，功夫只剩下叶问。,2,叶问
我角着这就是部搞笑片～,2,叶问
狗屁导演  虽然拍得真不错,2,叶问
雖然是一個傳奇式的故事，但其實是一個關於愛國情意的功夫片。,1,叶问
甄子丹的电影都是相同的模式，回回想看的不过是其中的打斗场景,2,叶问
只有打斗场面还能看看，剧情苍白，毫无张力,2,叶问
甄子丹显露身手，任达华屈才，编剧goto戴的,2,叶问
上映时这片被喷ff，蛋O的跑过来看,2,叶问
这个。。。很港片，但武打不错,2,叶问
其实我没看出来他有哪儿好？,2,叶问
靠动作撑场面,2,叶问
不好看，比精武英雄等同类片差了太多了,2,叶问
当时这种片子太主旋律了，只要拍对了，并没有什么大问题,2,叶问
没想到一下出了这么多叶问……,2,叶问
烂王之王烂穿肠,1,叶问
要只有前半小时搞不好还能值四星看甄子丹那种彬彬有礼张弛有度不卑不亢的样子，后面那死气白咧歇斯底里的是什么意思……,1,叶问
cctv6 确实蛮无聊的,2,叶问
我是个不喜欢说片烂的人~因为我觉得每部电影都有些让我心多跳几下的地方~只是多少而已~这部电影我只能说很失望了,2,叶问
动作，动作，抗日，动作，动作。在得知最后有一个情节被谐和掉（抢过枪的李钊，被群众误以为是他开的枪，而被打死）之后，我再加了一颗星。,2,叶问
我拒绝看yy片，这是央视6套播，被迫看的,2,叶问
甄子丹真的不适合爱情片，这种纯粹的历史年代感才适合他，至少觉得这才是他。不苟言笑的人才觉得好玩呢,2,叶问
一个小孩把一部电影都带萌了,2,叶问
比较一般，基调太和谐，还是杀破狼里面打的爽,2,叶问
纯粹的一个凑时间长度才能拍完的电影,2,叶问
2009-7,2,叶问
2009年冬天的一个晚上  下了晚自习，去影院看的，主要是心情不好，然后去了快餐店，最后一夜没睡。,2,叶问
看完王家卫的真的看不下去这个,2,叶问
完全模式化的剧情 那好看了,2,叶问
反观日本的武士片，塑造的武士人物不少有智慧，让人联想到春秋时候的侠，靠智慧平事情。而国人之图打斗之快，从黄飞鸿到叶问，真的。。。。。。脑子呢？？庆幸徐浩峰有这个意识。,1,叶问
打吧！打死你个狗日的！,2,叶问
美化太过,2,叶问
不怎么样,2,叶问
只记得熊黛林,2,叶问
SY强身，YY强国。,2,叶问
实在不行啊，怎么就最佳影片了呢。,2,叶问
内地版,2,叶问
要是真能这么简单就好了,2,叶问
没劲～,2,叶问
不太喜欢这样的动作片。,2,叶问
抗日奇侠估计就是看了这片儿才有的,2,叶问
甄子丹演的相当不咋地,2,叶问
喝下爱国主义这碗汤,1,叶问
塑造出来的完美男人，民族英雄，往往是最恶心最假的！！！一看见甄子丹就烦。。。装逼货,2,叶问
剧情老套的一个电影，比较失望，还不如狼牙～～,2,叶问
打斗片段以外的东西都毫无新意,2,叶问
不合口味,2,叶问
邯郸学步，故事抄霍元甲，抄陈真，人设抄黄飞鸿，叶问什么时候去打过日本人，还一打十？本来没有内涵非要瞎往民族大义去拔高，真的不伦不类，跟王家卫的一代宗师差了十万八千里。打戏也不怎么样，真不如甄子丹以前的纯动作片，真不明白叫好的原因是什么，我看的快睡着了,1,叶问
功夫、剧本、表演都不够到位,2,叶问
又一部烂片,1,叶问
武打场面加分,2,叶问
比梁朝伟差的不是一点两点,2,叶问
为什么现在的我看不进去功夫片了,2,叶问
cnmd甄子丹,1,叶问
我一直看不起以为搞个霍元甲/陈真/叶问把日本人打个满地找牙就显示了中国人的强大的这种懦夫的行为，关于这类电影，我都是警惕的，大众热衷，只能是未来的悲剧。,1,叶问
以前觉得叶问不错，但最近闹得沸沸扬扬的甄子丹和赵文卓事件让我恶心甄子丹了。,1,叶问
2009.1.1 晚10：40场，翠苑，with CM及其男友。我是抱着极大的希望去的，某博客说它是中国近十年最好的功夫片。看完之后我有三个感觉：首先，咏春拳组织一定赞助了这部影片，其次，郭富城一定赞助了这部影片，最后，我可能没什么爱国热情，将来会做个叛徒。,2,叶问
民族狭隘性的片子评分不能给3星。,2,叶问
商业片,2,叶问
看到开头就可以猜到结尾，一切都在预料之中，没有打动我,2,叶问
劇情平板,2,叶问
情节有点幼稚，动作比较假。,2,叶问
肤浅,1,叶问
空泛俗套，外卖儒道。,2,叶问
烂片！演的差，讨厌的说教,1,叶问
佛山一个能打的都没有~,2,叶问
纯yy的老套桥段，流水账式的剧情发展，比横店手撕鬼子好那么一点,2,叶问
池内博之是亮點,2,叶问
垃圾编剧浪费了甄子丹的好功夫,2,叶问
片中的叶问跟本没有生活中人的味道，感觉总是飘着的，说话做事都很假。让人哭笑不得。这种题材的电影不是一般的导演能掌控得了的，难啊！,2,叶问
甄子丹总是要演出一幅很有气度的样子。但他一丁点也没有,2,叶问
抵赖精神+精神胜利法，跟日本人较劲看来是获得好口碑的最佳手段,2,叶问
就是打呗。。。,2,叶问
扯什么个人尊严民族大义。死个人，你上，打胜了，不是为了米，家里有妻儿，带了半个红薯回去。就是单纯而傻逼的愤怒而已。,2,叶问
挺不错的功夫片 就是熊黛林有点出戏,2,叶问
根本看不下去。,2,叶问
演的不错，但是不喜欢武打片。。。,2,叶问
虚竹去闹将臣的场子被铁猴子教训了，找鸡蛋打架的张冯喜双眼皮挺好看的。,2,叶问
国人还没过够意淫的瘾啊,2,叶问
没啥意思啊，怎么都说好呢,2,叶问
应个景，赚一把,2,叶问
黄飞鸿，霍元甲，都拍完了，强找出来个叶问，下一个是谁？,2,叶问
不看电影就知道结尾的70年代电影情节,2,叶问
受够了这无尽的重复,2,叶问
很搞笑，下载了个枪版，是一个男人从头到尾配音的。立马delete了！后来，下了DVD版，呕~看来我不适合看立志片哈！,2,叶问
很搞笑，下载了个枪版，是一个男人从头到尾配音的。立马delete了！后来，下了DVD版，呕~看来我不适合看立志片哈！,2,叶问
我看的是阉割版,2,叶问
甄子丹只适合演替身,2,叶问
除了甄子丹一个劲儿耍酷 我嘛也没看着……,2,叶问
片中甄子丹饰演的叶问从容淡定,2,叶问
意淫片，说实话，没看完,2,叶问
和《一代宗师》的精致无法相比。,2,叶问
中国人能不能别动不动老戏说？！ 能不能没发生过的事，就别特么胡编~！演个电影也要升华一下，弄个高度~！拿观众的爱国情绪来消费~！,1,叶问
我只是个翻译，我不是走狗。爱国教育武打片，现在只能看到国语删减版,2,叶问
被寸拳打脸爽到,2,叶问
原来是李小龙的师傅,2,叶问
电视上放什么电影我看什么电影之一。,1,叶问
同样是打日本人，《叶问》该多看看《精武英雄》。一味地洒民族主义狗血，只会让《叶问》系列显得很low。,1,叶问
我真是不喜欢甄子丹，练武的演员拍什么都是人在江湖飘的感觉，拍什么都好像有情怀，反正最后都是赢，不如不看，再说熊黛林那老大高个子往那一杵真是比甄子丹还大哥，就不能找个小鸟依人的么！,2,叶问
给2星是因为剧情。,2,叶问
真够垃圾的,2,叶问
一看画面就看不下去的感觉,2,叶问
不好意思，我十分讨厌甄子丹,1,叶问
这种片子已经很不对我胃口了。,1,叶问
只因叶儿说的那句：有些相遇是重逢。,2,叶问
好单纯幼稚的爱国主义教育片儿噢～被这纯朴劲儿感动了。,2,叶问
说实话，我实在没看出这个电影有多好看。,2,叶问
叶问从头赢到尾，神一般的存在,2,叶问
重點沒看出來。,2,叶问
你到底有多爱国。,2,叶问
"Stereotyped Kung Fu movie story line, nothing fun..",1,叶问
很无聊，完全不理解叶问这片子为什么会火,2,叶问
这是叶伟信的片么？失望！,2,叶问
差！编局烂！导演烂！配乐恶俗！熊黛林是不是跟投资商玩过三飞了？当然对这种片是不应该有多少期待的，不过，哦，阿丹，你真是太帅了，我爱你！,2,叶问
甄的电影还是一如既往的做作伟大，牛x啊。真受不了。,2,叶问
其实不难看啊 怎么越看越困,2,叶问
一直很讨厌这种由头到脚都是好人的电影...,2,叶问
暴打10个日本小和尚那段太爽了！,2,叶问
很主旋律的电影，文戏较弱，不过打戏很好。,2,叶问
从此以后说起曾子丹，我永远会把他和叶问挂勾.,2,叶问
因为不爽居然比一代宗师评分高了0.1,1,叶问
为动作戏和BGM,2,叶问
葉問風中轉,2,叶问
乏味得紧,2,叶问
(⊙o⊙)…。。。。,2,叶问
挺失望的  又是老调重弹  可能是香港动作片已经达到一个不可企及的高度 想要超越 一个字 难！,2,叶问
名字挺好听的，声效也不错,2,叶问
了解甄子丹为人后改成烂片,2,叶问
没有任何新意可言。,2,叶问
"功夫还好,情节操蛋",2,叶问
丹哥臭了。。。之前杀破狼导火线的好印象全没了，武指功不可没，编剧也是nc无极限了,2,叶问
我真的真的不知道这部片哪里是爆点，哪里是看点，那么艰苦的环境还坚持不懈的生孩子干什么？,2,叶问
这利用民族情绪的恶意煽情尴尬到令人发指，看吐了，除了打戏一无是处，然而直到最后一场boss战打戏竟然还是碾压式的，看来这个叶问已经不满足做人了，还是直接上天好了,1,叶问
实在不喜欢这类意淫片子,1,叶问
这片子真长......,2,叶问
甄子丹给我造成的阴影直到《一代宗师》才有所消除。,2,叶问
比较垃圾,2,叶问
瓜批片,2,叶问
没感觉~~,2,叶问
好无聊的动作片啊，几十年没进步啊，相当不易,2,叶问
10年作为爱国主义教育看的。演员不喜欢,2,叶问
编剧太弱了,2,叶问
甄子丹的表情肌肉不如他的肱二头肌。。。呵呵呵,2,叶问
越发不喜欢他了。,2,叶问
熊黛林演技太差了，她应该和王珞丹飙一飚看看谁更差！！！其他的没什么看点，剧情看得我好尴尬，一旦功夫加上抗日，总是只有那么一个完全不合理的套路。,2,叶问
意淫怎能强国,2,叶问
剧情没有新意。,2,叶问
不知道有什么意思...他老婆是不是叫雄带领？,1,叶问
日本的首脑还真的挺傻的,2,叶问
导演很好 编剧很烂 粤地好男人 很中国,2,叶问
适合学龄前儿童的程度,2,叶问
看着累。噼里啪啦噼里啪啦。,2,叶问
无论他人如何喜欢，反正我是硬着头皮看下去的,2,叶问
小儿科,2,叶问
内心狭隘又喜欢说教的片子最无聊了|林国栋是越来越赞了,2,叶问
叶问不拿日军白米饭的桥段是效仿朱自清宁死不吃美国救济粮咩？廖师傅去叶问家到底是比武还是蹭饭？陈清泉是有多虚伪？张永成是有多傻白甜？故事情节真不想吐槽了，即便最后本该热血沸腾的场景，我却笑出了声。,2,叶问
凭你甄子丹。减一星。,2,叶问
真心难看,2,叶问
很不喜欢拍什么都带入日本人侵略中国人的情节 讨厌这样子的被洗脑 整个看完没有很舒服的感觉,1,叶问
就知道不会好的，但是有人请看，还有我魂牵梦萦的熊黛林，看看也无妨。哪知如此之差。意淫强国，手淫强身。,2,叶问
正人君子叶师傅,1,叶问
相形见绌。,2,叶问
力量中国，原本可以表现的更好的,2,叶问
烦这种奥特曼电影～,2,叶问
没有什么剧情1分，动作4分，综合3分，受人误导以为多好看，原来是刷票。团购选票时看到第一排和边角都购了，看电影时没几个人。呵呵，为了拉低实际评分，打2分。,2,叶问
......,2,叶问
民族情節,2,叶问
看过没什么印象了,2,叶问
"不爱看,毛有内涵",2,叶问
现在游戏都不这么设计打怪了。。果然还是从前天真2018.5,2,叶问
假大空！,1,叶问
你说这玩意怎么那么难看……都怪我一时兴起，所有的抗击日寇的爱国主义功夫片就没见过不低劣的，这个除了看武术指导还有什么看头？我这次看了一小时就忍不住了,2,叶问
甄子丹演的像个傻子。。。凑合看打戏吧~,2,叶问
开创了消费叶问的先河,2,叶问
人品这么差，还特么演叶问,1,叶问
Call me IP Man.,2,叶问
哼。不过尔尔。,2,叶问
刻画得有些单薄,2,叶问
还是个人主义色彩~~,2,叶问
什麼玩意兒……很無聊誒……搞不明白這種電影的存在有什麼意義……,2,叶问
好垃圾的电影，操蛋。,1,叶问
他要打十个你知道嘛,3,叶问
近些年可以看的一个系列。,1,叶问
在数名美国同学的强烈推荐下我终于忍不住诱惑看了这部电影(笑cry)...为什么它这么高分(cry).......让我来把它拖低一点...实在不忍跟美国人讨论除了功夫以外的东西(笑cry),2,叶问
不喜欢这类片子,2,叶问
人 要生在适合自己的年代`,2,叶问
真的不能看！,1,叶问
好多没必要摆设,1,叶问
想说点道理又想打好架，两头堵,2,叶问
对比一代宗师无论文戏还是武戏都差远了,2,叶问
「吃完晚饭全家坐一块儿边嗑瓜子儿边看边议论剧情」系列。,1,叶问
究竟有多俗套？,2,叶问
作为一部传记电影做到应该是这样的已经还可以了 武打场景设计不错拳拳到肉 但是说到了基本 毕竟作为一部武打电影这样已经挺好的了 但是再多的也就没了,2,叶问
2009.08.21,2,叶问
甄子丹的脸从未有过表情,2,叶问
没看出亮点在哪儿。。。,2,叶问
大英雄,2,叶问
我就是小心眼，怎样,2,叶问
叶问被拍太多次了,2,叶问
仅仅不喜欢。,2,叶问
第一部還湊合 沖葉偉信去看的,2,叶问
冲甄子丹这仨字儿就不能给高分。,1,叶问
为了真子弹也要给两颗星,2,叶问
各种炒剩饭,2,叶问
各种设置也太简单了～～没米了就表示穷了！煮粥了表示生病了,2,叶问
反正都是要赢的，只是过程不一样,2,叶问
讨厌甄子丹,1,叶问
。它真的好看嚒。~！？,2,叶问
打日本人这种噱头真的过时了,2,叶问
顺道来黑甄子丹。,1,叶问
烂片，不解释,1,叶问
其实剧情很无脑的……就这个评分来说我有点不能理解。,2,叶问
真就过去了那么多年了...,2,叶问
我很少给一星滴,1,叶问
感觉普通,2,叶问
高中被组织看过,2,叶问
不喜欢甄子丹啊，故事也很乏味,2,叶问
有那么好吗？,2,叶问
甄子丹的演技一如既往的烂，但是武打演的好,2,叶问
蹩脚的电影,2,叶问
YY片不想看了……,2,叶问
动作场面不错。,2,叶问
我连3星都不想给。。太难看了,2,叶问
原来这片子是3颗到4颗动摇 现在果断一颗,1,叶问
"哎,国内的片子就这样,打打就算了~~",1,叶问
也只有在中国这种片会这么红！,1,叶问
套路很老,2,叶问
陈谷子烂芝麻,2,叶问
及格的商业片吧，国内的尴尬是你能吹民族伟大，绝对不能吹政府,1,叶问
脑残啊,2,叶问
电影院里看咏春，可惜题材不感兴趣。,2,叶问
因为甄子丹~,2,叶问
叶文不需要成长，一上来就是神，到最后还是神,2,叶问
09.3.23  10.5.15,1,叶问
不喜欢。,2,叶问
非常一般的电影,2,叶问
甄子丹总是这样一张脸,2,叶问
成功的商业片，成功塑造叶问咏春的形象,2,叶问
剧情太无聊了,1,叶问
不喜欢甄子丹。。。,2,叶问
打打打,1,叶问
除了打架没看点,1,叶问
意淫强国.,1,叶问
熊黛林很惊艳,2,叶问
看了别人的叶问，很难让我没有比较,2,叶问
平平淡淡,2,叶问
好傻帽啊 生硬 表面 那大仰拍 糟蹋钱,1,叶问
不喜欢演员，剧情也不记得，本来给两分的，现在给一分吧,1,叶问
虽然说他很厉害，但把他刻划的太无敌了点。,1,叶问
"完全不是自己的菜, 看的我郁闷",2,叶问
主旋律，好傻=。=#……,2,叶问
为什么挨打的老是小鬼子？！,2,叶问
我给两颗星都是给甄志丹面子。,2,叶问
少拍点自慰的电影，中国人就勃不起了吗,2,叶问
利用民族主义噱头的商业电影，可耻,2,叶问
要不是为了学咏春我是不会看这个电影的，不推荐。,2,叶问
不喜欢甄子丹,2,叶问
这样的片还能拍两部？,2,叶问
当年学校带着看的，这个叶问真没意思。,2,叶问
电影频道看的,2,叶问
馬馬虎虎吧,2,叶问
还能怎样,2,叶问
烂！！！,2,叶问
又打日本军官？     &amp;       看动作。,1,叶问
看了几眼，没啥意思,2,叶问
啊 呸,1,叶问
就动作好看,2,叶问
较恶俗,2,叶问
我要打十个我要打十个！,2,叶问
同是一个叶问，差得这样多,2,叶问
无趣的民族情绪牌三部曲,1,叶问
难看到一定程度了,2,叶问
恶人丹,1,叶问
剧本一如既往的渣,2,叶问
无聊,2,叶问
金像奖最佳又怎样？还是无感,2,叶问
虚伪的傻逼片,1,叶问
其实我觉得很老套,2,叶问
算不上垃圾。,2,叶问
商业片,1,叶问
...一直对叶问系列无感,2,叶问
超不爱这类片,2,叶问
IMDb搬运：叶问也成IP了,2,叶问
看完叶问1就不想去看叶问2。甄子丹的最大特点就是，把一代宗师演绎成一代爱国打手。,2,叶问
非常程式化，尽管有诚意。,2,叶问
看完一代宗师在看这个，简直不能再low,2,叶问
一般吧，叶问的老婆好凶哦。。。,2,叶问
甄子丹打得还行，情节、台词都很次~~,1,叶问
太烂了。刺瞎了我的眼睛,1,叶问
水,2,叶问
看了这个才知道一代宗师有多好，好好的功夫片变成了抗日片。,2,叶问
这部片子让我了解了一点，就是有个武学宗师叫叶问,2,叶问
不喜欢，尽管很多人都说好,2,叶问
这种电影都上了台面，无语…,2,叶问
怎么就那么讨厌甄子丹,2,叶问
甄子丹一星，甄子丹老婆一星。其他剧情也太假了。,2,叶问
就是不喜欢甄子丹,1,叶问
两星半。剧情单薄，人物脸谱化，烂片一部，叶问2直接没兴趣看。,2,叶问
至少比2好,2,叶问
吔屎,1,叶问
忽悠日本人，闫式太极一路货色,1,叶问
坐大巴看的，老套~~,2,叶问
叶问 ,2,叶问
跟王家衛的《一代宗師》相比，弱了,2,叶问
没什么感觉,2,叶问
没劲的剧情，一般的功夫,2,叶问
甄子丹真是呵呵,2,叶问
很差！,2,叶问
电影三星，甄子丹再扣一星,2,叶问
真的不喜欢这种随意解释别人故事的电影，,2,叶问
...,2,叶问
不知道为什么，真的不喜欢甄子丹这张脸。,2,叶问
不喜欢甄子丹....,2,叶问
太难看了！蒸鸡蛋！,1,叶问
刻意了点,2,叶问
唉~,2,叶问
甄子丹我就不说什么了。,2,叶问
要看终极版，这版剪辑太乱了,2,叶问
原来和霍元甲不是一个电影阿=_=不过甄子丹挺帅的,2,叶问
想起原来在学校礼堂全年级一起看，每到打日本人就排山倒海的一片叫好声以及骂林家栋扮演的翻译傻逼时就毛骨悚然。,2,叶问
我个人、非常、不喜欢、甄子丹。,1,叶问
没剧情的动作片，像粗糙剧情的A片，宣泄荷尔蒙用的！！！,1,叶问
高中时候看的,2,叶问
看过2的我竟然已经忘记1的内容了……,1,叶问
一部被高估的渣渣,2,叶问
3.0,2,叶问
哎。,1,叶问
呵呵,1,叶问
cctv的钟爱！,2,叶问
记得好像没看完吧..,2,叶问
很失望.....,2,叶问
很差,1,叶问
怎么说呢，里面我只喜欢发飙的熊黛林,2,叶问
真烂,2,叶问
摆姿势装逼,1,叶问
胡扯,2,叶问
武打不够酣畅 和3差不多吧,2,叶问
囧！！片！！,2,叶问
真心觉得不好看。不管清洁还是打斗效果，总感觉甄子丹的打法太娘了,1,叶问
補記。我想請問，面癱甄子丹有演技嗎？,2,叶问
莫名其妙地打打打,2,叶问
听说不错,2,叶问
2.7,2,叶问
极其讨厌甄子丹。,1,叶问
甄子丹減一星,2,叶问
全程逗比逻辑,1,叶问
基本上看不动,1,叶问
功夫片走下坡路的开始,2,叶问
看了大半？记得不是很清,1,叶问
没有特别的期望，所以就没有特别的失望。,2,叶问
垃圾甄子丹,1,叶问
这个叶问是怪物！,2,叶问
非常讨厌甄子丹,1,叶问
平庸之作,2,叶问
补充标注255,2,叶问
这跟抗日神剧异曲同工之妙,2,叶问
真的没啥意思,1,叶问
讨厌甄子丹,2,叶问
