"我非常喜欢的电影,每次看到有人骂就想站出来为它说话.",5,英雄
老谋子学王家卫不成功之作，但这部片子在欧美的影响相当深远。分叙的主题感和武打设计部分不错，值得一提的是画面、音效、色彩等，在国外常常被拿来当作家庭影院的试机片。,4,英雄
中国电影史上里程碑似的作品。从此，国产商业大片在中国的电影土地上得到了长足的发展~~,5,英雄
无论有多少人骂，但是《英雄》是让我真正开始喜欢电影的一部影片，是一种启蒙，从喜欢到狂热，一遍又一遍，台词滚瓜烂熟，记得第一遍看的时候，生怕错过一个镜头，这种感觉，之后再也没有了。,5,英雄
其实我觉得还可以，至少视觉上是过关的,4,英雄
这片拥有很多值得称道的地方，在中国电影史上也有一定位置，但是作为武侠电影，不能没有灵魂...,4,英雄
秦地飞雪，夜挂如月。一曲长天，霜冷残剑。干戈无名，狐悲秦王。,4,英雄
如果导演不是国师，这片子在豆瓣至少8分以上。,5,英雄
一部被低估的电影，堪称绝唱。时间会证明这是一部好电影。2015.1.29成都,4,英雄
2星—3星—4星-百看不厌,5,英雄
中影史：本片是张艺谋面对电影全球化和商业化的背景，实现自身艺术转型的一个重要标志。全片明星云集，场面宏大，画面精美，武打设计挥洒写意，将中国传统意境于动作片的暴力美学造型相结合，创造了中国大陆电影新一轮的票房神话和电影产业化模式。,4,英雄
东邪西毒8.6，这片6.7？去你的吧围笑~~~with Hanni,5,英雄
不比无极夜宴好多了嘛,4,英雄
我认为是被严重低估的片 天下与侠这样抽象的大概念 在电影中也用象征性与概括性的大概念来描述 同时也将情感与行为简单化 整个故事建立在这个逻辑上 在我看来是非常妙的,5,英雄
张艺谋想象力与美学创造力的巅峰,5,英雄
搞什么搞，想打想搞霸权就搞，还给自己找借口，一副“其实我是为了天下百姓才发动战争你们都不懂我的心”的狗屁表情，陈凯歌你真是为了秦始皇煞费苦心啊,4,英雄
看的时候才多大点人，也觉得很好，然而周围人一致恶评导致我很怀疑自己幼小的心灵。。现在回头想想，那个年代的剧作无一例外都饱受过多的质疑与批判。大明宫词，无极，03射雕，莫不如此。事实证明，它们非但不糟糕，甚至还都很好。,5,英雄
我觉得要是把张艺谋的名字换成一个老外的名字，估计这电影能拿满分了。然后一群人又在叫:这电影真是神作，中国就是出不了这种导演。【看透,5,英雄
镜头很考究，用色上是张艺谋登峰造极之作。,5,英雄
史诗·神作 时间会还它一个公道,5,英雄
客观来讲，画面和摄影还是挺不错的，色彩的应用到了极致，意境重写意轻写实，而且本片的的投资和票房在当年是一个里程碑的记录。但是主题的大一统仍然掩盖不了走狗的意味。7.6,4,英雄
其实没那么差的，只是他出现在一个基本没什么烂片的时代，那时候虽然我天朝的票房还未爆发，但观众的底线还很高，如果放在被大大大烂片虐惯了的今天估计又是另一番光景了,4,英雄
侠义云天，飘荡东西；水墨诗情，剑舞锋芒。,5,英雄
挺好一部电影，不知道为啥被黑成这样,5,英雄
多年后重看此片，发现其实影片真的有许多的可取之处，不仅开创了中国式大片的新格局，在美学方面也颇有造诣，动作设计与构图色彩相得益彰，虽然比起王家卫少了一点灵魂，但这个俊逸的身影确实值得肯定。这部电影背负了一些不该背负的差评。,4,英雄
此片画面真是顶级，不舍得错过一个镜头，国师不愧摄影出身，色彩构图完美，是我心中的武侠世界。,4,英雄
9.2分。摄影、色彩、动作设计满分，张艺谋在拍这部片子的时候绝对是胸有成竹，因为本片就是一部艺术品，无丝毫多余镜头，每帧画面都给人精雕细琢之感。剧情也不错，在历史基础上稍作艺术加工，且合情合理，佩服。张艺谋在摄影、色彩搭配上的造诣几乎无人能敌，但近些年他的确是有一些力不从心了。,5,英雄
红色是小爱 绿色是家国之爱 白色是天下之爱 以战止战 最后只剩孤独的秦王自己看天下了 含义深远～,5,英雄
真没传说的那么烂，要怪就怪《黄金甲》《无极》《夜宴》。,4,英雄
回过头来看看过去，国人对于电影是怎样地挑剔，这样的英雄都被批判得体无完肤。而现在的中国电影……唉，世风日下，真是世风日下,4,英雄
重看，也是第一次比较系统地观看，改观良多，这部电影所受到的非议其实更多在电影之外；个人想法挺多的，一两句说不清，但比较重要的一点是：当时的张艺谋在视觉影像上的安排即便再夸张，根本上还是在为叙事服务的；现在的已贵为国师的他么......,4,英雄
最后我才看懂，然后明白了张同志的野心,4,英雄
很成功的商业片!极致的拍摄手法体现的画面美感与质感无与伦比。同时我还是挺喜欢最后被拔高的思想立意的,4,英雄
用色太漂亮了,4,英雄
如果有外国朋友想看中国电影，那就推荐英雄。,5,英雄
这是中国的武侠片！现以难再得,4,英雄
之前看过一部关于《英雄》特效运用的纪录片，很惊艳！反观15年后今天的电影特效，五毛特效比比皆是，真讽刺！随着科技的发展，特效制作产业愈发高精尖，无论是软件、硬件、人才等等都有了长足的发展，然而这些进步并没有投射到中国电影特效运用上，在我看来，缺少的就是那些胸中有沟壑的导演！,5,英雄
英雄，真正的英雄。看的让人热血沸腾，真的非常还不错。,4,英雄
很多电影，几年以后你会发现这是部好片。,4,英雄
当年一边儿写作业一边儿看的 看完就在英语书上连起书法了,5,英雄
刨去让人尴尬的台词，张艺谋这部堪称电影色彩运用的教科书。邪魅狡诈的红，多疑的蓝，清风朗月一般的白， 如逝水年华的绿是宁静的回想，四种不同颜色，四种情绪的表达。构图美得一塌糊涂，武士的侠义，悲天悯人的情怀，站在整个时代对立面的英雄，喜欢。,4,英雄
港星登“陆”的重要一站，中学时不敢和任何人说我觉得这片挺好。现在再回顾，发觉这部对类型片特定模式的启动毫无问题：价值的纷争、深埋已久的仇恨，永远是给人物的一场场打斗提供充足的理由（这一点请参见《黑豹》），只是在这儿又多加一层：主题和动作戏全部给张艺谋的舞美和色彩提供充足的理由。故事写得再挖空心思，仍然退居在武打之后，“动机”和现在电影比起来相当纯。证词叙事，夫妻隔阂，不可靠叙述，剧本竟带有非常浓的法国小说味，其中“分离是想象、融洽是现实”带有浓重的电影梦味道。到此都很不错，只有最后将平定天下的理想寄托在暴君身上，“劝上”意味过浓，用革命话语来讲就是“对统治阶级仍留有幻想”，把通篇进行的中国文化“有”与“无”的探讨，巧妙安装在一个哲学家皇帝身上，强行“一分为二看问题”，能看出张艺谋的精。,4,英雄
非绝佳的武侠片，但有够赞的摄影！,4,英雄
场景画面巨赞，梁张二人真是珠联璧合，再也找不出比他们更合拍的搭档了。,4,英雄
重看导演剪辑版。之前影院里的笑场段落，只要理解成象征就没问题了。看当年的首映地点也知道这片藏着密码。而罗生门的剧情后，是导演说服自己的过程，悲壮的、阿Q的。从民间视角转换到王，再凌驾于王；可惜王才不会记住呢，自以为的英雄主义，实则就是放弃了。（在张导的电影里，女人永远比男人勇敢。,4,英雄
有深意、有巧思，还有品味，不知道这样一部电影还能要求什么。实话讲，国师十几年前交出这样的作品，简直是超越了时代。比起现在徐皓峰那些装腔作势的东西，不知高到哪里去。多扯两句，可能现在看电影的人对于「公心」这东西都没感觉的，也不知道说心怀天下是什么鬼东西，但不代表这些就不存在、没价值,5,英雄
里程碑 大场面的电影 场景非常优美 人物塑造不错 情感细腻 张曼玉很美 喜欢这个历史背景 这个片这么低的分数 实在太不靠谱的,4,英雄
110min导剪版。尽管有不够深邃的表象，也有不够信任表象的作者，但依然被其行之有效、可谓之“中国”的极简主义思路打动。罗生门式的板块架构下，是一次通过不断运用符号（色彩、道具），去让人物摆脱符号化的美妙历程。那么多人说没灵魂，我却能感知到这里面每滴泪的温度。比《东邪西毒》《卧虎藏龙》更愿意重看。,4,英雄
非常喜欢,5,英雄
过去15年再看一遍，意境很美，故事其实并没有那么空泛。放眼看看现今没落的国产片，当年真的是良心作品。,5,英雄
「不再浪迹天涯，现在我们一起回家，回我们的家。」箭雨那一幕很美，打斗也很美，一身红衣的张曼玉简直可以以眼杀人。章子怡当时的扮相真年轻啊。电影的结构也不错，故事里的故事，四个故事真真假假，交替穿插，值得学习。,4,英雄
第一次看，很有诗意。虽然感觉差点什么，但6.8评分偏低了。,5,英雄
《英雄》真的是我超爱超爱的国产电影，充满写意的江湖气、绝美的山河风景、叙事的简洁和完整、特别是大胆的色调渲染、和人景合一的美感太深得我心，配乐风格也是极其大气，太喜欢了！真正的经典电影就是终究会留下来的，百看不腻。,5,英雄
那个时候是这类电影探索创造的阶段吧，前后涌出了很多类似的中国古代侠客风格的唯美视觉电影,5,英雄
别的不说 色彩实在是太美了,4,英雄
第一次明白大银幕的美是怎么回事。,4,英雄
看过英雄的人都说它很垃圾，我觉得完全木有那么不堪嘛,4,英雄
当年这部电影真的震撼！还有这不是一个刺秦的故事，张艺谋只是借助了这段耳熟能详的历史。所讲的是他自己对中国文化的理解和感悟，对天下道义的感悟,4,英雄
《英雄》所缔结的价值观虽然是值得商榷的，但不可否认张艺谋的这部电影，是一部让中国电影走向大片的里程碑之作，在那宏大的场面中张艺谋不仅将自己对色彩的善用得以了淋漓精致的发挥，在动作设计和叙事手法上，这部电影俨然也是堪为完美的。,5,英雄
这么多年了也该为这片子平反了吧，就均历史地位，也是华语电影大片时代的启蒙吧。,5,英雄
估计是张艺谋最好的片子了，几乎可以达到六颗星的水准，豆瓣er是有多装逼才会打出6.6分啊。整部片子的剪辑，摄影，场景，以及剧本真的是下了大功夫。全片的气势宏大无人可以及后，10年后中国就没有出过比这更好的古装片了。现在的片子不管是从演员还是到拍摄都太过浮躁，英雄实为诚意之作。,5,英雄
红白蓝绿黑……从视觉角度上真是至今无片可超越，只要别去联想焚书坑儒什么的历史以及部分段落特有的张氏喜感，这也是大片中为数不多的作者电影,5,英雄
今天再看，国师作品中色彩的作用依旧是让人信服的，整体的故事也阐述得基本完整，是部好片子。,5,英雄
画面享受，看就看不大懂啦。,4,英雄
真正的巨星云集啊，有曼神和章子怡老师，还有好莱坞巨星李连杰，实力派影帝梁朝伟，堪称张艺谋导演的不朽之作，毫不夸张的说，电影的每一帧都堪称经典，值得珍藏,4,英雄
#北影节留影#刚开始看以为是武侠片，1/3时发现其实是悬疑片，到中间意识到是爱情片，2/3处又觉得像是美术片，直到最后字幕出来才恍然大悟，哦，原来是一部爱国主义教育片。,4,英雄
大家都说不好 我和钟理说好 影片效果不必说了 喜欢悬在陈道明脖子上没下去的那一刀,4,英雄
这部电影的影响到得比较晚，我们看时觉得剪切是不是有问题，张导的片子叙事应该连贯性很好，后来感觉应该是导演在做某种尝试，电影画面极佳、摄影也是非常棒！,5,英雄
#第九届北京国际电影节#不愧是当年的奥斯卡最佳外语片提名，中国史、古装武侠、战争兵器、山水地理、书法竹简、宫殿建筑等等极具代表性的中国元素全有了，而且每一处都表现得淋漓尽致；画面的构图、色彩的运用、大场面的调度，还有特效和音效的制作，放在十七年后也完全不输现代的大片。第一次看，CGS高亮屏+杜比全景声厅看完只有一个“爽”字，回味无穷，值回票价！！！另外，张曼玉的总攻气场完胜章子怡！！,4,英雄
采用罗生门式回环结构更引人入胜，电影节奏磅礴大气，打斗设计更上一层楼，剧本对于背叛，对于爱情，对于历史，对于人性，对于仁爱，带给我思考的太多，我们似乎忘了电影最重要的是视听语言，鼓点的音乐荡气回肠，迷人般的色彩使我如痴如醉，空旷的摄影诗意又写意，是时候该为这部电影正名了。,5,英雄
今天才想起来看，真是遗憾。色彩和音乐的表现力叹为观止，迄今为止张艺谋最好的商业电影。82年的少林寺，02年的英雄，12年的泰囧，是中国商业电影三次票房喷发。英雄更是里程碑，是中国票房史上运作最好的商业电影，也是除了子弹之外最好的商业电影。,5,英雄
回头想想，画面毋庸赘述地美，叙事角度有层次，三个人头换十步的概念也够cult，临门刹车的交锋如果能真正刺激起来，那该多好啊。,5,英雄
配乐、色彩、摄影、风景以及古人的凛凛大义，都在震撼着我。可以在国内不火，但作为文化洗脑的代表作，在国外就意义重大了，中国这种古老神秘以和为贵的文化，多少义士舍生取义的大义，甚至仅仅是美到没朋友的九寨沟、胡杨林、桂林山水、雅丹地貌都让外国人知道啥叫我大中华的美好异常。,4,英雄
must have a lot work on color correction.,4,英雄
【A－】论中国电影如何从《英雄》堕落到《长城》（事实证明张艺谋绝对是被美国资本给坑了，如果他稳定发挥至少也能拿出《影》这种级别的作品）,5,英雄
应该是我在电影院看的第一部电影，硬伤太多，当时应该会给三星，但现在再来评价会自动带着点历史的眼光，十六年后仍然能记得里面的一些片段，不管如何它在中国影史里会有一个回避不了的位置。同时再看老谋子，这也算是他个人冷却的起点。,4,英雄
什么英雄只有6.7？不服啊，拉平均分。意境色彩画面叙事虚实都很不错啊，演员的演技就更别说了，唯一差点的也就剧本吧，没有什么故事性，但是也比较完整了。这个分真的偏低了。,5,英雄
我们与其说对称性构图和不加节制的色彩是张艺谋的风格特征，还不如说张艺谋对这些元素的使用本身才是他影片真正的风格特征。因为技巧本身并不会被哪个导演所独占，只有对技巧的使用累积成可以识别的个人特征时，才可以被看成是该导演所独享的。,4,英雄
讲真，难得的我喜欢的装逼片（此话需要考量）。你们不觉得装逼片很难拍吗？拍的差点火候很容易中二啊……画面美。场景颜色分明。老谋子为了走向国际，我很感激他没有逼主演说英文啊,4,英雄
大牌云集的电影，画面很美的,4,英雄
谁都不能忽视“英雄”的意义，对国产片来说，它本身就是一个英雄。对张来讲，这样的转型必然引来无数诟病，但是这是值得鼓励的，电影需要商业化，电影工业更需要商业化。我讨厌某些所谓第六代导演的做作和偏执，况且，这部电影对得起它的票房，没人可以否定表达自己对历史意见的权利，右派的倾向多少让,4,英雄
诗意的深渊总给人一种距离感  （斜镜头的运用   中景全景时张艺谋式的对称的形式美  色彩对比的运用   老谋子果然是个大摄影家   另外在剧情与剪辑上  总感觉得出一些罗生门的味道）,4,英雄
其实电影还是不错的，隐约有奥运风范。但这给日后的古装大烂片开了个多坏的头啊。,5,英雄
曾觉得英雄意境到位，剧情垃圾。但看过小时代和爵迹后，如今回望才知英雄的可贵。什么时候开始，中国变成了低俗审美和低龄中二期患者的主导市场，我的内心是拒绝的，为中国现在的电影现状，悲哀一秒钟！庆幸的是，在这么一个大环境下，还有不少导演在奋斗，还能出现《心迷宫》《湄公河行动》等电影,4,英雄
非常喜欢,4,英雄
我发现国人总是很叛逆，外家不服，自家不服，谁都不服，尤其越是自家越要挑出点毛病。请别把个人政治看法带进来，全片的否定，请别忘了这就是一部电影，往艺术和手法的方面多看看！也别没事乱侮辱人，要没有张艺谋对中国古文化的深厚理解和中国风的成功诠释，奥运会开幕式谁能导好？你讲一个我听听。。,5,英雄
小时候看过，画面很漂亮，音乐很大气，但是现在想想……无名干嘛去的呢？= =为了让秦始皇宰了他？有毛意义啊？,5,英雄
大片时代的中国大片，这是第一部，不管如何都会在中国电影史上留下一笔,5,英雄
整部电影大开大合，气势磅礴，回忆和现实不断交织，意念和本我来回切换，真实和谎言相互交错。布景壮美，武打动作唯美写意，飘逸轻灵，配合着颇具中国风的作曲，让人心生涟漪。色彩不仅仅是渲染电影情绪、人物心情的元素，更成为了电影情节推动和故事逻辑构成的主角。,4,英雄
巨好啊。。我竟然时隔十年才看。。。| 我没文化真可怕，看完《罗生门》后果断减一星。。。,5,英雄
红蓝白绿四段故事还原完整的爱情、友情、家国情怀，悲壮感人。都说秦王残暴，可无法否认大一统和长城的丰功伟业，从此中华是一家。摄影太牛逼，画面唯美大气，动作部分逼格满满，配乐古典优美，几位重磅演员为影片画龙点睛。2018.4.8重撸,5,英雄
三星半，剧情很多地方讲不通但不代表不好看，张艺谋无疑是美术大师。况这部片子带来的影响无人可及。,4,英雄
国师在新时代技术背景下拍摄的一部具有里程碑意义的大作，水平不容置疑。故事由浅入深直至达到大我的境界，典型中式哲学再现，并非为独裁秦皇正名之作，而画面唯美炫酷取景极其讲究，完美诠释了故事所表达的主题，唯一美中不足的是台词上的直白与简陋，影响了影片整体效果，杜可风谭盾程小东均在团队中,5,英雄
其实我还蛮喜欢的，色彩啊景色啊，一众演员也都是喜欢的。评价不高，是当年人们还不太接受这种形式。,4,英雄
真的觉得还好啊！这可是老谋子的第一部动作片，而且是原创故事，很有层次感。好几个镜头可以记一辈子。看看咱们对英雄的定义再看看漫威DC，哪里在一个等级上。另外章子怡真的是好演员。还有李连杰，会打还会演戏的人真是太少了。,4,英雄
"绝对在中国影史留名的作品，不是说拍的有多好,但是真的属于中国商业片的巅峰。此外，老谋子真的对颜色有很强的表达欲和执行力，在这部影片中更是体现的淋漓精致。琴，棋，书三个意象的使用也很到位。摄影既有水墨山水画的写意，又有大漠黄沙的质感。稍显遗憾的是台词现对来说差了一点。",4,英雄
2010年3月22日 坐商务别克回家找丢了十天的星星。重温，感觉很不错。古琴、书法、刀光剑影、巨星云集、纯粹跳跃的色彩，这就够了，我们还要什么呢。,4,英雄
细节神马的都没有，但是我就喜欢这种大框架的故事，只是主角的互换，让矛盾不是很突出。,4,英雄
色彩很华丽视觉很华美的标准大片，故事情节是没有D～张艺谋那时候起似乎就开始走上了一种只追求华丽视觉效果却无事故事空洞与否的偏路，中国的喧宾夺主的大片就此产生，直到千里走单骑才有所回归。,4,英雄
#2019BJIFF# 7。这明明是实验片嘛。现在看这个片才发现它在日后对人们的影响还是挺深的。章子怡太可怜了，都快被张曼玉秒成渣了。,4,英雄
很“好看”的一部电影，真的很美。张艺谋的故事很难出彩，如果他能将《英雄》里的色彩艺术一直坚持到底再简化故事，也不失为一派大师。,4,英雄
我子怡女神真心美cry。剑的三种境界，@庄子·说剑【天子之剑，以燕谿石城为锋，齐岱为锷，晋魏为脊，周宋为镡，韩魏为夹；包以四夷，裹以四时，绕以渤海，带以常山；制以五行，论以刑德；开以阴阳，持以春秋，行以秋冬……,5,英雄
现在回过头来看，这片子也没有很烂，放下现在如果有机会扔到2D-IMax里放，不会低于7分吧。主要还是老百姓对老谋子太苛求、知识分子又觉得这片子体现的政治观太犬儒，所以口碑一路扑街。经过这么多年，这么多烂片洗礼过后，这片子真的没有那么不堪。,5,英雄
【8.5】小时候在电视上看过无数次的电影，但是都没有一次完整的看完，今天终于完整的看了一遍，确实是非常棒的国师作品，production design太厉害了，也是国师从艺术到商业的一次转折吧。片子写意的方式传达的情感确实不是那么好获得共鸣，但是只要能欣赏的到，内心的震撼还是很大的。,4,英雄
我觉得剧情上虽没有什么亮点，但也没有硬伤。可以说是中国‘武打’美学的典范了。这么美的画面，意境，不明白为什么评价这么差。,5,英雄
红发残剑是理想型，非常非常的理想型。第一次看还小，什么都不懂，只觉得美得一塌糊涂。这次看觉得意境美，对于天下大我和爱恨小我的展现非常到位，切题“英雄”万分。唯一的缺陷就是台词太差，从现在角度看特效也不完美，但总体来说还是相当之震撼。,4,英雄
19021#看到时长只有一个半小时还挺满意的（那是因为我没看导演剪辑版），用对话方式来推进剧情这个我喜欢，表现打斗的方式实在是太傻了，颜色画面确实是相当的漂亮，李连杰和陈道明的对戏部分总觉得李连杰有点……呆？另外总留意到章子怡一讲话嘴就歪是怎样。综合起来就3.5？,5,英雄
如果你不懂天下，你就看不懂英雄。残剑、无名、始皇，他们都是真正的英雄，他们为了天下，舍弃自己 ，是大爱。长空，飞雪的爱只是小爱，,5,英雄
是一部很好的美术片。每一处取景都十分用心，画面讲究，构图、色彩、动静反差赏心悦目。大咖激战的时候都有京剧叫板来表达双方心情，比较独特。,4,英雄
太简单了，视觉过于疲惫，颜色叙事了，黑泽明抄到了，台词很好。,5,英雄
第一次入电影院训着左，第二次睇果阵，发觉张艺谋既设计真系唔错，特别系睇完北京奥运会开幕式之后...英雄既画面同音乐都系好唔错,4,英雄
"以老谋子拍过这么多大片来看,这部算最好的!场景色彩强烈个人风格,到底是摄影出身啊",4,英雄
看到天下二字眼泪就这样滑落，乱世，是为了长远的和平。,4,英雄
视觉冲击很强烈，还有陈道明演绎得秦始皇，只有这样的君主才能打下一个大大的天下！,4,英雄
虽然很多人喷，个人觉得还是不错的。画面和色彩，剧情和内涵，节奏和配乐，都算得上水准，构成和谐整体，至少在2002年那时候已经很不错了。可以说是国内商业片的典范。,4,英雄
画面实在是太美了，又集合了我喜欢的明星，是我最喜欢的一部张艺谋的电影,5,英雄
记得最深的就是陈道明的霸气呀！配乐和画面感很喜欢！其他的嘛。。。soso啦！,4,英雄
请问，作为一个商业片，他哪个地方不好了？这句话，从被恶评始，我一直问到现在。,5,英雄
这部片子是张大导演的时代的分水岭，争议巨大，个人认为不错，色彩、结构、艺术都蛮有表现力，并不是只写意，其实是有它的内涵所在,4,英雄
刚看完，英雄绝对是算得上中国电影史上的经典佳作之一，里面的一切都是中国原汁原味的，不像如今的国产电影爱瞎整大杂烩，感觉那时候的张艺谋有着用不完的灵感。,4,英雄
张艺谋导的第一部武侠吧。那个时候是学校组织看的，后来在电影频道里又看了一遍。很多人说这个不好，但我觉得不错！,4,英雄
站在当时的时代看，这部片还是把中国电影的水平往上提了一提的。,4,英雄
剧情弱了点，结尾残剑和飞雪处理的有点仓促，但还好有优秀的色彩转换和镜头调度来善后，整体上是一部佳作。其实看电影的时候一直想到《阴风阵阵》，同是以丰富的镜头语言吸引观众，但个人更爱《英雄》。前者的鲜艳色彩只为烘托氛围，而后者却代表了各种含义。国师不愧为摄影出身，场面恢宏到让人拜服。,4,英雄
就像许多小说作品一样，故事贫乏空洞也罢，但是文字唯美精妙，同样不失为一种成功。《英雄》的营造或许更多的是一种近乎完美的意境美，何况它的故事本身也并不贫乏和空洞，再加上本片的原声，我觉得，很难不给五星。,5,英雄
感觉还行。剧情挺刺激的。喜欢张曼玉的表演。剑舞得美。什么时候再看一遍,5,英雄
现在才看。无论是从故事上，还是镜头上，还有色彩的运用，都做得不错，为什么豆瓣评价如此一般？,5,英雄
3.5/5 构想和立意还是不错，剧情弱得有点儿对不起卡司和摄影。配色美绝了,5,英雄
被过度包装的场景和画面使得片子虚远多过了实，我想片子口碑不佳的原因出在导演没有找到一个和场面处理一样强大的内核来支撑起这个庞大而华丽的空壳，所以当陈道明在李连杰要杀他之前匆匆忙忙的悟出了剑的三个境界，显得有些像看舞台剧一般的夸张。喜欢梁、张二人的造型和在九寨沟拍的那段打斗。,4,英雄
国人的盲从真的让我心寒。明明一部精彩绝伦的电影，不知道为什么打分这么低。imdb7.9，总算心里有点安慰。,5,英雄
第一次发现中国的大片也该去电影院看  这是本片的意义（最后发现上当好多次 囧）,4,英雄
色彩真是用的恰到好处啊，既不太过艳丽，有很自然。张艺谋大师，期待你未来好的作品！,5,英雄
不知道有多开心，看到有这样的影片，那些牢记中国文化的人，正在被这个迅速西方化的现在，所遗忘，倘若社会的发展是以牺牲过去换来的，那也只是变成另一个已经存在的文化而已，我宁愿落后，也不愿千篇一律。好电影，从任何地方都是好电影。,5,英雄
張藝謀在《英雄》的故事裏强調的是觀衆的直覺感受和他藝術的主觀創造，不求複製現實、不對現實理性做出評價，崇尚的是一種類似原始藝術的非實在性的、裝飾性的美，并求在濃烈的色彩、强烈的明暗對比中創造出一種極端純粹的精神世界，致使超現實的藝術風格更進一步的發展。,5,英雄
这一系列，也不知道怎么的，都忘掉收录了，这才联想起。现在只对梁朝伟的死有印象，当时还挺感慨，哎。。。。,5,英雄
这么好的电影只有七分？简直落泪。每一帧画面都太美太美了，用色大胆且非常成功，音乐与意境融合的刚好，结构、叙事都很独特。很多人说这部电影没有感情，我反而认为恰到好处，“一个人的仇恨，在天下面前，便不能算是仇恨。”所以残剑在爱情里是冷静克制的，“手中无剑，心中也无剑。”所以无名最后选择不杀。这样的“情”，的确太大了，理解不了就形同虚无。,5,英雄
《英雄》可以说是新世纪以来最被严重低估的武侠电影！唯美的画面，飘逸的武打动作，苍凉且具有历史感的配乐，深刻的主题，在我心目中就是神作！天下，非一人之天下，乃天下人之天下，当一个人将天下装入自己的胸怀，并且愿意为了天下奉献自己，他，就是英雄！,5,英雄
没想到张导拍过这么文艺的片，之前一直听过没看过。我觉得没什么毛病啊，imdb都有7.8分，难道国人就这么讨厌国产电影？,5,英雄
艺术与商业的一次成功实验，开启了我们的大片时代，“罗生门”式的叙事结构，大场面，大卡司，中国功夫，琴棋书画等中国元素，该有的都有了，加之老谋子无与伦比的色彩运用，黑、红、蓝、绿、白，分明且有力，老谋子打造出了老外心目中的中国大片,5,英雄
我觉得当年要是玩豆瓣 我估计也就给个2星 现在觉得这电影其实特别好 当年看不懂 无论从各方面来说 其实是一个很好的故事 很唯美的情感,5,英雄
不管你觉得怎么样，这是国产第一部商业大片无疑。,5,英雄
觉得这片在这的分数实在低了些，又看一遍没当初觉得糟糕。,4,英雄
手中无剑，心中亦无剑，剑术的最高境界是和平。老谋子电影里最爱的一部，也是国产影片为数不多的值得品味的电影经典，看过多遍，仍然觉得耐人寻味！,4,英雄
完美的画面和音乐，剩下没了，想讲道理，但是没讲清楚,4,英雄
第一次看《英雄》时才十来岁，当时都看不懂。就是知道里面有很多明星大腕，有我喜欢的张曼玉、甄子丹、梁朝伟。后来再大一点的时候重新拿出来看，挺震撼的，他们全都是英雄。,5,英雄
整体的剧情格局很大，但是内容比较贫乏，但是拍摄效果很棒~,4,英雄
觉得这部片子垃圾的人，十个有八个也看不懂王家卫的《东邪西毒》，剩下两个是明明没看懂硬说自己看懂了的真装逼伪电影爱好者。,4,英雄
@张艺谋回顾展 35mm胶片版本 现在再重看《英雄》，会发现国师后来的各种大场面和视觉奇观都在这里做好了铺垫，甚至包括了奥运会的击缶而歌。这个无限致敬黑泽明的作品放大了影子武士或者罗生门的形式却弱化了内涵，说画虎不成反类犬有点过分，但相较陈凯歌的《荆轲刺秦王》，就会发现两者立意上的差距实在太大。03年冬天我曾去过一趟横店，当时的秦王宫前还有大幅的英雄海报，而就站在电影片尾李连杰那个位置的年幼的我，丝毫没有想到一个属于中国电影大片的时代，已经悄然开始。,4,英雄
20180101导演剪辑版。应该说影片主旨还是很高大的，画面色彩其实很节制又很突出。和天下相比，和人民相比，个人的仇恨，诸侯国的仇恨确实不算得什么。国内有名的自然景点被拍了一遍。诚然武打动作部分很像是舞蹈，艺术感过了的感觉。,4,英雄
险些错过，《英雄》绝对是可以载入中国影史的作品，或许可以把新千年初期这一段时期看做是华语电影命运的分岔口，诸如像《英雄》《卧虎藏龙》均在欧美市场获得一定程度的成功，至少在当时看起来前途一片光明...,4,英雄
又有很多人以价值观来给影片打分，就不能单纯从电影本身来正常评价吗？我的感受：美术一流，画面都很美，场面磅礴大气，故事节奏也刚好，主题宏观，格局高，人物刻画深刻，整部片子都拍出了国韵和诗意，这不就是中国人才能拍出的国风电影吗？力荐！,4,英雄
就画面和美术来讲的话，的确是很值得看的片子，和田贵美是天才····,5,英雄
老婆，昨天不知道怎么就想起这部电影来了，嗯，小时候第一次看的“大片”吧，嗯，就是学校搞活动，然后淄博剧院放的，嗯，音响效果真的很好，那时候我还是少年，嗯，老婆，抱抱……,4,英雄
虽然有许多问题，但我还是觉得这是中国开始拍大片以来最好看的一部,4,英雄
1080P，第一看。大概后来几年古装大烂片太多了，反过来看《英雄》，除了直接可以无视的叙事结构，看看场景还是挺美的。,4,英雄
不知为何这片受到这么多恶评，但这片在国外好像还蛮受欢迎。虽谈不上多顶尖但这无疑是部蛮不错的电影，不止画面色彩等，里面更是包含了老谋子对中华文化的感悟。p.s.梁朝伟被张曼玉来来去去刺了多少剑啊，至少四剑吧23333。,4,英雄
童年舔到现在奠定审美的最爱最爱居然没标！画面不仅是美如画，更可贵的是属于抽象的美，而不是靠细节堆出的精致，更不要提谭盾的神配乐，曼玉如何zoominzoomout都经得起考验的盛世美颜，眼睛精致的弧度，嘴唇花瓣一样的形态。然鹅，IMDB7.9烂番茄95%，豆瓣6.8？？？wtf？？？？,4,英雄
《英雄》是张艺谋执导的首部武侠电影，是他在面对电影全球化和商业化的背景时，实现自身艺术转型的一个重要标志。本片讲述战国末期三大侠客刺杀秦王的故事。影片场面宏大、画面精美，武打设计挥洒写意，将中国传统意境与动作片的暴力美学相结合。有着美轮美奂的视听奇观，风格、色彩、意境上的东方美学。片中华语大明星的组合、跨地区的制作团队，为后来中国的商业大片提供了一个模式。但是，本片虽然拉开了中国大片时代的帷幕，但它横跨商业和艺术之间的宏大叙事策略，也在知识分子、普罗大众、官方意识形态和电影专业人士里，引发了激烈争论。,5,英雄
【第一感觉打分】重温。自认国产商业片与文艺片结合最好的一部，至今。人物造型，配乐，场景，动作，动作镜头以及仔细的道具都相当成熟。如此大胆的用单一色彩充斥着镜头堪称一绝，鲜有人敢为之。红衣张曼玉简直像从画中走出来，红衣伟仔又痞气十足。四星半。,5,英雄
妈呀 前几天陈导《妖猫传》居然和这个一样的分数 不服不服 两位美学大师的作品不能就这么被埋没o(╯□╰)o 一个大秦 一个大唐 都是我目前为止看过的最壮观的描绘了,4,英雄
"虽说有模仿痕迹,但是剧情与武打设计都不错",4,英雄
張藝謀+杜可風的視覺想象力太太驚人了（美术不仅是画面的装点/氛围背景，还是戏剧节奏的组成部分，如残剑vs秦王时的绿布落下）；最簡單的故事+最玄妙的道理，羅生門的結構很妙很合適；儘管台詞很中二（尤其是第一幕），但一旦風格化后就成經典；極簡主義。,5,英雄
很小的时候去电影院看过  只记得张曼玉一袭红衣伫立树下的样子  今日再看 觉得应该算中国电影中为数不多很中国的武侠电影吧  画面也美  配乐也无可挑剔  剧情也是磅礴  并不明白为什么评分这么低,5,英雄
被影片震撼到，赶来记录，没想到又被低分差评震撼了一次。感觉挺孤独。,4,英雄
很喜欢，三段式的讲故事手法，模仿黑泽明，但不知道为什么都不喜欢。,5,英雄
现在回看这部英雄，暂且不说故事情节。本片在摄影，配乐，演员阵容，大制作上都是老谋子的一个巅峰，后面的十面埋伏，黄金甲兼不是一个层次。或者做过横向的比较，这部片在斯皮尔伯格的世界大战，特洛伊之上。当然，跟指环王，金刚还有差距，不过，这不是导演和演员的问题，这是我们跟好莱坞之间的差距,5,英雄
我觉得挺好看的，无论是剧本、剪辑、摄影、配乐，都很优秀。其实风格有点像《卧虎藏龙》，所以整体更受西方人欢迎。唯一的败笔就是李连杰的文戏实在差点意思，被陈道明、梁朝伟等人秒杀。,5,英雄
【MovieMovie】重温。抛离画面 音乐 开创中国大片先河等，我对其中个体与众生的探索感兴趣 虽不完全认同 但也理解其涵。可惜 个人如何评判众生是否安好呢？一人之言的暴力与安详也只是自欺欺人罢了。尴尬的是，当权加害者如若不曾反思，那所谓“回家”也就不现实了吧。反抗是我的命途！,4,英雄
老谋子里程碑式的作品 开启了中国商业片最辉煌的时代 也是最被低估的国产电影之一！多年之后会被平反的 我相信！！,4,英雄
剧情太牵强，但是老谋子的画面真的是没的说！,4,英雄
摆错了位置的国产精彩作品，美学盛宴,4,英雄
想学罗生门但是又学得一般==,4,英雄
"英雄其实很好,张艺谋的转变之作。大陆电影的里程碑事件。",4,英雄
场面浩大绝伦，故事一波三折，音乐如诉如泣，几度泪目。祖国的大好河山。,5,英雄
我觉得很美，很棒，那些打低分的不知道怎么想的，看看里面的场面，色彩，再看看现在所谓的大片，你就知道什么是真材实料了。,5,英雄
陈道明演的秦王霸气十足。,4,英雄
多年之后重看，减一星半，3.5星吧。弱项是故事和台词。优点是画面和音乐。秦军方阵相当于奥运开幕式的预告片。后面大臣一起喊“大王，杀不杀”特别脑残的感觉。,4,英雄
中国电影大片时代的里程碑。在商业与艺术之间的宏大影像叙事，将中国传统意境于动作片的暴力美学造型相结合，力求把形式上的美感做到极致，打动人心的触动稍欠，故事说到最后则有些故作姿态了。,4,英雄
为什么最后的最后我们家梁朝伟还是没有和张曼玉走在一起。。。。,5,英雄
其实色彩蛮美的。张曼玉和梁朝伟我也喜欢的不得了,4,英雄
重看一次。觉得还是很喜欢。哪怕就冲着音乐美工动作设计和那么美的演员和够虐的表演。12-06-17。,5,英雄
技术部分还是不错的，如果对比之后的《十面埋伏》，那么就连故事也说的过去了,4,英雄
心中无剑的境界阿！张作为导演的构图能力实在是中国最顶级的！,4,英雄
英雄是多彩的，张艺谋用独特的方式向黑泽明的罗生门致敬。,5,英雄
张艺谋的电影我就佩服两部，一部《有话好好说》，一部《英雄》。《有话好好说》先锋的叙事和拍摄手法甩某宁姓导演十年；《英雄》美术剪辑音乐甩现今国内所有导演几条街，我就这么说了，想喷我自编，请出示干货，谢谢。,5,英雄
李连杰 / 梁朝伟 / 张曼玉 / 章子怡  太多我喜欢的明星各一星,4,英雄
红是谎言炽热的欲，蓝是世人眼中的侠，白是现实寡淡的一缕，绿是忆起年少未经打磨的青涩模样；无名刺秦王，抉择其间，与爱非攻，如此种种，流逝过往。道一声大风起兮。,4,英雄
我真的觉得这是张艺谋最好的商业片了。。。。,5,英雄
意与美。色彩大师张艺谋用红蓝白绿等几种颜色的渲染和转换完成了一场诡异而渐进的解谜叙事，强盗逻辑的输出在结尾万箭齐发之后沦为厚重的讽刺。豆瓣6.4分让我想替老谋子笑着哭；怒刷五星。,4,英雄
鉴于张艺谋后面的片越来越烂，这个中国版罗生门还是给四星吧- -,5,英雄
很早以前看過 今天課上老師放了趙國書院的部分 cinematography還是覺得無比驚艷 真的太美了 一刻都無法移開眼鏡 如果看過武俠小說的人都應該覺得這就是想像中的樣子了吧 紅衣楓葉 朱墨書簡 謀子拍MV真的太合適 劇情確實是傻 ,4,英雄
画面真的是很美啊，动作也很漂亮，不错的武侠电影了。,5,英雄
和李成荫，中影电影院，那天下着雨，人爆满,4,英雄
主要是景色太美了，构思也不错,5,英雄
画面很唯美，音乐很赞，故事虽然有点扯淡，但还可以接受。,4,英雄
华丽丽，三个人的讲述，三种故事,4,英雄
为什么不好呢？一个尝试，场面的尝试。当然后来演变成，为场面而场面。,4,英雄
不知道为什么，研究黑泽明的人对这个电影评价很高……,4,英雄
给五星为了拉高分数，不至于不到7分以上。梁朝伟在英雄里最不像梁朝伟，两种残剑把小肚鸡肠和心有天下的火候把握的刚好，又不油腻。帅的让我终于可以从摆渡人里解脱了。艺谋有艺谋的意义，李安有李安的妙，人文造诣艺术造诣各有千秋，比起来不公平。,5,英雄
不可否认开启了“中国式大片”的第一扇门，只是从02年至今“中国式大片”多少已有点讽刺的意味了,5,英雄
还挺好看的啊……张艺谋拍电影太耗群演了，以及我真的是太吃章子怡的颜了，怎样都好看啊,4,英雄
划时代的作品。张艺谋转型之作，华语片北美票房第一。虽然有诚意也有看点，但后面就是长达十年的各种模仿与滥觞。,4,英雄
华语电影色彩美学的典范，红――极致绚烂；蓝――宁静深沉；白――简单纯粹。这部电影透着中国哲学的禅意，虽千万人吾往矣的气势，演员精彩，场面宏大。意念比武，甚是喜欢！,4,英雄
把对白声道关掉，唯美的音乐和画面啊,4,英雄
现在回想一下其实是蛮好看的，画面音乐造型就不说了，富有上古时代的浪漫以及最后未能刺秦的转折都叫我记忆犹新,4,英雄
画面，剧情，手法都属上乘……张艺谋最后一部好作品……,4,英雄
这部电影的海报是我第一次看见的主角排成一排Ｖ字的海报,4,英雄
为毛我爱的曼玉姐姐就那么一丢丢的戏份啊&gt;&lt;！！！为捧章子怡都要捧出翔了好么= =。。。卡司、氛围、情节都大爱啊~,4,英雄
张艺谋+杜可风+谭盾，视听效果震撼，故事讲的也头头是道，结尾处居然有些说不出的感动，张艺谋的代表作，且丝毫不见之后的野心和急功近利，侠骨柔情，娓娓道来。,5,英雄
张艺谋拍MV的水准无可厚非，本片被拿来当卖彩电的宣传片也不足为奇。只是一旦这种视觉奇观看了两遍以上，就再也不觉得有太多称奇的地方，反而剧情就自然的被提到前面来了——剧情虽然简单，但实际还能说得过去，也不能把此类电影一棍子打死。几种不同色彩背景下人物的表现的差别算是拿得出手的优点。,4,英雄
英译名&#34;一个刺客放弃刺杀行动的故事&#34;,4,英雄
中国大导们初试商业片的首部作品，保留了不少艺术气息，尚未商业到庸俗的地步。黑、红、蓝、绿、黄，纯色的大量应用加上特技，视觉效果很好。倘若在引进新技术的同时继续在内容上发力，中国电影不该是今天这么俗。拼技术适合好莱坞，但不是中国电影的出路，有文化内涵的电影才是中国电影的出路。,4,英雄
学什么王家卫嘛。虽然还是很喜欢的。,4,英雄
一部中国式的讲英雄武侠故事的很经典的商业片，色彩饱和度，衣服用色红，青很喜欢，打斗戏设计精美，整体有秦的古朴厚重之美感，自古燕赵多义士，壮哉！悲哉！剑也很具美感，为后来此类影视剧提供借鉴参考。另，张曼玉被拍的很美，舞剑美，骑马美，哭戏美。,4,英雄
色彩的魅力，李冯还是挺牛的,5,英雄
悲壮。张艺谋对艺术的鉴赏力还是很不错的，尤其对于颜色的运用。章子怡耐看，还有一股清雅的气质。张曼玉最后几幕哭戏棒呆。主角们的颜值在这部片里都好高。感觉这部片被低估了。,4,英雄
回过头再看，其实从电影角度来说，还是很不错的，老谋子的东西，本来就是形式高于内容的。但对里面想要表达的价值观，着实不以为然,4,英雄
一口气看了卧虎藏龙、十面埋伏、英雄 &lt;卧&gt;李安大导演玩的境界太压抑 不好看 &lt;十&gt;呃。。。不予评价 &lt;英雄&gt;差点没看哭 气势悲壮 意境美到死 看的本人荡气回肠 梁朝伟最帅 张曼玉最美！,5,英雄
很有水平的制作，画面很好，鲜艳的红衣，金黄的银杏林，寂寥空旷的大漠，九寨平静澄澈的海子，庞大雄伟的秦王宫殿，绿色的衣，白色的飘逸，风，风，风，士兵有气势的呐喊，最后的箭阵，很美的画面，喜欢李连杰，陈道明，梁朝伟……不错的巨制，有深度的内涵。,4,英雄
"大块的色彩运用和飘逸感的营造是亮点,情节完全淹没在飞舞的衣袂里了...高清是连脸上的坑都能看清楚的坑爹啊!",4,英雄
剧情和画面都是一流的。老谋子前几年的电影都很对我的胃口。,4,英雄
中國電影史開天闢地的作品，生生被一群“知識分子”給妖魔化,4,英雄
评分这么低，我来拉高评分，感觉很棒的片子，张对中国文化的把握，就不难理解能够导演出2008北京奥运会开幕式，服装道具考究，对历史史实的再次加工演绎上色！非常漂亮的完成了，什么个高山流水，剑术，山水风光，甚至BATTLE，更不必说出色的叙事结构，中国特色的价值观演绎，国师张艺谋，当之无愧！,5,英雄
我是一个肤浅的人 没有各位影评人思想那么深刻 我就是觉得英雄很好看 特别是色彩应用,5,英雄
十年后再看，发现自己原来很浅，现在的理解也许是建立在对于国的底气上,5,英雄
为什么评分这么低？难道这不是从2000年到今天，这十多年来最为诚意最为优秀的电影之一吗？,5,英雄
张艺谋大片时代比较好的一部片子了，四星是给陈道明的。,4,英雄
就跟看黑泽清的某些片子一样 不乏令人发笑出戏的细节 但形式感够足 立意够深 也就瑕不掩瑜了（梁朝伟死的时候 总感觉他会突然抬起头来 肿着香肠嘴说 我是一只小鸭子 咿呀咿呀哟）,5,英雄
场景很大气 颜色很好看 其他就算了 可以勉强算是喜剧片,4,英雄
在当年英雄可是绝对的轰动与卖座，其票房收入直到08年左右才被打破，可见当时火热程度。电影技巧上比较成熟，对中国元素的使用也还算可以，打斗偏唯美，也是老谋子一向的习惯，加上大片云集，造就了这部大片。三色的运用一直是大家议论的焦点，以至许多学生的论文就专门讨论这个，真是树大招风呀,5,英雄
这么棒一部电影连7分都没有？大家眼光这么高？画面精美，表演到位，打斗有特色，剧情有内容，又非常中国武侠。要是搁现在被小鲜肉荼毒过的大银幕，说不定这都能冲上8.5……,5,英雄
回头来看，这是张艺谋近几年来唯一让人挑不出毛病的片子。《罗生门》的结构+《乱》的色彩，故事没有漏洞，意义也有，画面唯美到极致。还是很值得一看的。,4,英雄
时隔多年，又翻出来看了一遍，发现每次看都有不同的感觉和收获，当年还是小屁孩一个，看个热闹，如今看过了兵马俑，就会注意到秦王以及无名偏右的发髻，也知道了这里是敦煌魔鬼城，那里是九寨沟，还有桂林的遇龙河，额济纳胡杨林。提名了奥斯卡和金球奖，不愧为大片时代的里程碑,5,英雄
这部电影，我倒觉得很不错，特别是画面和意境，给我很多的震撼，还有最后的结局，也让我深思。。总之，这部是一部有品位的电影,4,英雄
情节　一个字　假　两个字　做作　不过　研究下镜头美学就行了,4,英雄
大道至简大音希声，再厉害的武功也不如天下太平。但现实一点吧，这不过是道学的意淫。历史可不是这样的，秦王说和残剑是知音，说为天下太平屠杀百姓，说为保护百姓修建长城，简直扯淡嘛。,4,英雄
这是真正的武侠片，侠之大者，为国为民。这也是一部严重被低估的好片，从叙事结构、色彩、武术效果、意境来说都算上乘，更何况对这些顶级演员的驾驭。,4,英雄
中国的里程碑电影 没有经历过那个年代的人是不懂的,5,英雄
"杀了君王,世界就和平了吗?没有拿破仑,还会有下一个某某某",5,英雄
张艺谋用法西斯主义美学讲述的一个“杀身成仁，舍生取义”的罗生门故事～,4,英雄
就算结构上借鉴了《罗生门》，但他依然是本人心目中诗意武侠电影代表作之一！,4,英雄
英雄之后，你看到多少英雄的影子,5,英雄
竟然是老爹以前买的碟片然后一家人一起看的。无论剧情如何，一起看电影的时候好像很难再有了。,5,英雄
再看一遍，不及卧虎藏龙，但是绝对不是烂片，时代的因素啊，将来评分肯定回升,4,英雄
十年后再看《英雄》，更多是看到伯乐和千里马。无名是千里马，而长空是伯乐，所以长空愿助无名。嬴政是千里马，残剑是伯乐，所以残剑才将天下赌在嬴政。无名亦是伯乐和千里马，嬴政也亦是伯乐和千里马，所以他们能够惺惺相惜。千里马常有，而伯乐不常有。本片在故事，取景，动作，哲学上下足了功夫。,4,英雄
2017年8月20日观影，以前看不懂，现在看却知是一部美学与大义的神剧。国人对老谋子还是太严格了。,5,英雄
过了这么多年，心底的触动仍未消失，仍然愿意翻出来重温……且不说剧情，不说历史，不说张艺谋……至少不觉得是烂片……,4,英雄
多年后二刷，竟然觉得很赞。画面、场面、气魄，都值得鼓掌。陈道明饰演秦王，声声抑扬顿挫，声音中的气概、背对无名时的淡定，都让人钦佩；梁朝伟残剑，“你不能去”的意味深长，与飞雪情深而默然，让人动容。张曼玉好美；章子怡还是一副小丫鬟的样子，好清纯好美。,5,英雄
我先给4星，当年看这部电影的时候还是个熊孩子，完全没看明白电影讲的是什么……,4,英雄
尽管很多人不喜欢，但我觉得其实这片拍的挺唯美的，梁朝伟和张曼玉，很多画面的确让人印象深刻。,4,英雄
我觉得这么惊艳之后却不失淡定 淡然之间却不失精彩的电影 凭什么6.8。二次观影体验又不一般 在iTunes上买了10刀的超清版 画面颜色和剧情意境结合完美 几层故事最后回归阐释了导演心中的意境，这不是商业大片真的是艺术片。,5,英雄
当年真心年幼不懂，这片子几乎满足了所有关于武侠情结的期盼啊。服装、配乐都是美爆啊。大话西游能又那么多的拥趸是因为星爷，拿梁朝伟张曼玉外加个陈道明就不值得了？干嘛黑啊，剧情是有些造作，好歹也是紧凑有条理。书法也好，剑法也好，红衣潋滟白衣飘飘也好，如今华语片哪去找？,4,英雄
有段时间Cv6经常播 断断续续看了好几遍才看完整 ,4,英雄
大风 大风 葱芯儿绿……,4,英雄
这是老谋子导演的电影中，我最喜欢的一部。残剑真正做到了“侠之大者，为国为家”，他心中装的是“天下”的百姓，而非小国之间的恩怨。他就如同《秦时明月》中的盖聂，先是为了“天下”支持秦王统一六国，后来亦是为了“天下”反对秦始皇的暴政。梁朝伟和张曼玉的演技真是绝了，不愧是影帝影后！,5,英雄
不像外界评价的那么差，相当不错的片子，画面，场景，服装，剧本都算一流,4,英雄
第一次去電影院看大片就是這部，其實，不錯,4,英雄
不懂了为什么豆瓣评分这么低？当年被评为烂片的电影放现在估计也是佼佼者，论跟风黑和观影曲线,4,英雄
東方詩意的巔峰之作,5,英雄
虽然被很多人抨击为烂片，芥川龙之介式的叙事风格还是能给人观影快感的。画面毕竟华丽。,4,英雄
梁朝伟挨了四刀2333.第五代还是强啊。 然鹅6.9分是不是太不公道了，至少也得8分吧,4,英雄
看了很多次，其中有一次是在学校放的大投影屏幕。这是难得的国产大片没拍戳的。缺乏一首让人回味的主题曲或者插曲，不然就是经典了。,4,英雄
"武打场面与山、水、沙漠交相辉映，极具美感；每一个故事情境人物衣服颜色都不同，红蓝绿白，都是素雅的单色调；精美的武打加上谭盾的作曲堪称完美结合。英文版结尾字幕：This was more than two thousand years ago. But even now when the Chinese speak of their country, they call it OUR LAND.",5,英雄
为什么分这么低？到底是看电影还是自以为了解了导演的为人看不惯过来装个逼？,5,英雄
虽然剧情和台词有些地方有硬伤，但是绝对是一部当时被低估的电影，张艺谋电影画面对色彩的讲究到达了极致，三段故事用颜色划分的主题感很明显。,4,英雄
老谋子开始不好好讲故事了，不过电影拍得确实美得没的说。。,4,英雄
一定要在电影院看啊。在电脑上看的话完全看不出效果来。,4,英雄
是谁抚的古琴！！是谁击的战鼓！！这才是我要的江湖！,4,英雄
他想说的太多 最后就变成教育了,5,英雄
小时候看这片子觉得是种享受……,5,英雄
侠之大义，不懂为何低分，电影本身故事简单情节不复杂却蕴含了对人生世界和平悟道的精神内核，是国味儿极强的佳作，水墨画般的镜头，和田惠美的服装，谭盾的音乐，所有都应该是满分，张曼玉梁朝伟的神级表演（没有很强代入感的人物设定这样已经很不错），缓慢的形式适合一个成年人在独处时自赏而思考,4,英雄
16年后，在电影院看到这部电影，也是完成人生愿望了。,5,英雄
美丽的画面，无论如何，它都是个里程碑,4,英雄
张导演你太偏爱张曼玉了，你看这片里她把别人比成什么样子了…我们的小章本来多么美啊，在曼玉女神面前像小丫鬟似的！章子怡的戏服在曼玉姐边上都是掉色褪色版的！,4,英雄
最后杀主角的时候那么多人那么复杂的台词居然异口同声真尼玛绝了！搞得跟一个个像被洗脑的机器人哎,5,英雄
看的我都不知道什么是真的，颜色能搞,4,英雄
张艺谋导演严重被低估的神作。在我心里和《活着》《大红灯笼》同列。看别人的电影像在美术馆看画，墙上挂着射灯打着。看张艺谋的电影，像闯进了哪个神瑰丽奇伟的梦里，天地山川尽在画中。故事的解构、时空的处理、美感的高度…太中国了，太写意了，太风格了，太难了！总有一天历史将还它公正的评价。,4,英雄
喜欢漫天的箭雨，以及电影淡淡的禅意。,5,英雄
颜色与场景无疑达到美轮美奂的地步，其中不少片段如果抛开情节而单论色彩都可谓是经典，张艺谋想讲一个类似于罗生门的故事，却少了黑泽明的深刻，活生生成了画虎不成反类犬但又叫人觉得实在无聊的故事...,5,英雄
我给它打高分。只为它无与伦比的镜头语言。,4,英雄
小时候完全没看懂- -拍得好美，maggie美如诗。喜欢简洁的剧本结构，但是收尾太过了，把本来刚刚好埋得动人的哲理全都摆了出来，藏不住的国师风啊~,4,英雄
古龙装逼式的叙述风格，老谋子的视觉盛宴，色调和画面真是极品，张曼玉美得炸裂，无名帅到爆炸,4,英雄
没有当年传媒批得那么差，只不过以警醒为目标的批评到现在看来，依然是毫无用处。反倒是证实了张艺谋的区间，其实不大。,4,英雄
无名能杀而不杀，不该作向权威低头解。天下与苍生，在无名不杀秦王后，是不会向他竖大拇指感激他的，因而这个就不是低头和不低头这种简单的政治思维能解决的问题了。他的孤独，在于他犹犹豫豫后，终于决定一搏。宁被诟骂的英雄才是真英雄。,5,英雄
何必呢－ － 我发现张艺谋真是想一出是一出,4,英雄
当时在平安电影院和爸爸、表弟看的时候被结局震惊。多么喜欢残剑和飞雪的爱情故事，可惜最后……,4,英雄
"跟男神讨论这部电影的时候和House of flying daggers做了对比，这部就是art,那部就是story~这两天英语水平见长啊！！！！！！",5,英雄
其实这个真的还可以 非常喜欢片子的色彩  ,4,英雄
很喜欢电影的造型。确有英雄的沧桑感。,4,英雄
故事是恶心，只说一句公道话：谭盾的配乐璀璨大气，杜可风的镜头语言节奏恰到妙处，甄子丹和李连杰二位功夫明星斗法殊为精彩——综上，无名和长风在雨中棋社的决斗是21世纪华语电影中最出色的动作桥段，没有之一。之于剩下的部分，当看风光片好了。,5,英雄
其实这片你需要多看几遍，再配合点大历史观，就不会觉得它很差劲了,4,英雄
在豆瓣这部电影的评分都没驴得水高，别的不说，缔造视觉奇观方面，谁能敌得过老谋子。,5,英雄
二刷。张艺谋最好的电影，不管是画面还是主题都非常好。色彩惊艳、场面宏大是张艺谋的一贯风格。而那两个字——天下，才是真正触动我的。几个浪迹天涯的剑客，心中有爱亦有恨，然而这爱这恨都因天下苍生而湮没于心，留下的是悲伤和大和。这才是我心中的武侠，侠重于武。,5,英雄
千禧年以来被低估的第一片。,5,英雄
我真的很好奇还有没有除了我以外喜欢这片的人？,4,英雄
为什么只有6.8，这布景这色调绝了,5,英雄
《英雄》这部华语电影旷世之作，曾经被踩踏蹂躏贬低得一无是处，直到北美票房大卖才有部分人敢于平反。十几年过去后重温了一次又一次还是发自内心的致敬，画面摄影架构，以文艺片拍商业片，这情怀可能无法超越！未来可能还会有《活着》但是这天下已无《英雄》国师的巅峰心境与情怀，致敬！,5,英雄
鬼佬真心是喜欢这部戏啊-。-IMDB比豆瓣高了整整2分,5,英雄
除了剧情 别的实在没话说！,5,英雄
虽然不能理解两个人对看半个时辰用意念比武的可操作性，但是依然会为画面和情节的唯美而倾倒。天地与风沙，美人与秦筝，权与剑。最喜欢红色的情感之纠葛，还有绿色的梦中的平静。,4,英雄
我一直觉得这个和卧虎藏龙是差不多好 只不过这个是主旋律了点 一个个人化了点,5,英雄
张艺谋的电影当中本人最喜欢的一部~~~~~~每个场景都有一种颜色~~各表达了一种韵味~~~,5,英雄
第五代说秦舔得最干爽的一部,4,英雄
搞笑归搞笑 还是很喜欢 控自己的 让别人骂去吧,5,英雄
最喜欢的张艺谋商业片。,4,英雄
不要老骂，比十面埋伏好很多。也算开国产商业大片先河了。,5,英雄
英雄的低分说明张艺谋不被豆瓣待见不是一天两天的事了,5,英雄
每一个场景都像是一副活动起来的战国时期之画卷~虽说不是奢华精致~但那种种意境无时不刻的令人深陷其中........侠之大者~为国为民~英雄之至~胸怀天下.....所有的恩怨情仇跟天下太平比起来就微不足道了.......感觉这片子想说的是这个~.......但真的该天下一统还是该花开遍地.......估计没人说得清楚.......强自定义有些不妥.......,4,英雄
好反动。除此之外，还是挺好看的。我初中时在隔壁家看影碟第一次看了，只是放了一段后我才到场，所以没有看懂。第二次还是初中，整个年级一起在电影院看，看懂了，但是没认识到其思想之反动。后来才知到很多人骂，也明白了为什么骂，今天又看了遍。,4,英雄
还依稀记得夏日午后在舅舅家，没有玩PS2，而是和舅舅一起看完了这部《英雄》。被严重低估的华语电影。无需认同影片传达的几千年来中华文化“至大至公”的主流价值，最重要的难道不是从叙事到美术再到动作设计等等，全面体现的电影美学么？,4,英雄
"其实我挺认同李连杰这个英雄的,这片子人物个个像版画印的,线条坚硬,但也是有质感.",4,英雄
为什么我觉得这片子还好？至少很美。,5,英雄
一直觉得这是一部明显的误判……张艺谋这电影至少在未来十年无法超越。,4,英雄
不错的片子，属于反复看越看越有味道之作。,4,英雄
刨除历史观上争议，其余方面全是世界级，这也是为什么外国人十分喜爱这部电影的原因。色彩运用教科书、摄影教科书，中国大片的引领之作。对“侠”和“英雄”的讨论见仁见智，我个人认为比陈凯歌的《荆轲刺秦王》要差一些。,5,英雄
一提起这部电影能联想到几个点，一个是打斗时咿咿呀呀加上中国鼓点的配乐，一个是张曼玉的一袭红衣和梁朝伟的一身青裘在风中站立的英姿，还有一个是秦国的满天弓箭，很好看啊，张艺谋对运用色彩和音乐表现古代中国文化的本领一直都是他的一把厉害的杀手锏,4,英雄
中国武侠电影的一个分水岭.色彩色彩色彩色彩!!!!,4,英雄
很早以前看的啊~当时还是蛮喜欢的。单纯觉得看得画面满爽。~,4,英雄
杀手无名为了天下大义领死了，他背对秦王打开门的情景依然在目。对我当年尚小未形成的价值观来说有那么一定影响。,5,英雄
久闻大名，细节描写和大布景很美。,4,英雄
开始了大片伤不起的节奏,4,英雄
这是个好电影。商业上和文艺上,4,英雄
那时候以为很烂，现在看竟然还好，但是我怕以后看，我会说真的好。这意味着国产武侠大片的消亡。,4,英雄
张艺谋最好的武侠片，很写意,5,英雄
大片啊。。。很小的时候看的，印象中满世界的都是红色。很是喜欢,5,英雄
至少画面很美，没的说,5,英雄
我看的张艺谋也是从《英雄》开始的，这不仅是他个人美学登峰造极地挥洒，一次对意境造诣的淋漓演绎，更开启了属于中国电影的一个时代。,5,英雄
再看老谋子的《英雄》，一个故事讲了三遍很有意思，可是打来打去，不免让人审美疲劳。而面对影片关于天下和爱情的主题轻重上，明显后者才是重点。正因为老谋子开始尝试大片才使得他拥有掌控大场面的能力，也使得他最终进化为奥运会总导演，老谋子可现实，可小清新，可愤青，可二人转，两个字包容。,4,英雄
我很喜欢，这才是中国式的英雄，这才是中国式的大片。也喜欢它浓烈的色彩，东方的哲学，秦王最后独自一人站在空空的大殿之上，他刚刚知道的自己唯一的知己也已经死去，无穷的前路无穷苦，无尽的义勇无限难。国产电影不要再去妄想着什么国漫崛起国产科幻崛起了，已经相比别人落下了数十年的水平，难道你在发展的时候别人会停下来等着你吗？根本就是痴人说梦。何必要拿自己的短处去和别人的长处硬碰，作为观众，凭什么不去看那些已经成熟的电影产业链所制造出来的成熟的电影，而去看些什么所谓的××崛起的半吊子货呢？有什么理由呢？何不抓住自己的特色，去发展自己的长处？而现在的状况是短处没发展起来，长处也弄丢了，最惨的还是观众，连看个电影还要被各种情怀绑架。,5,英雄
这部的色彩运用得不要太赞,5,英雄
其实还蛮喜欢这种讲故事的方式的？虽然大红色在劣质显示屏上超级刺眼。真相可能并不存在吧。,4,英雄
看的小说，太NB了，片子也不错，开创了一个开端。但是不能成就经典，后人来看，会觉得垃圾得不行。,5,英雄
m. 中国泼墨山水画，高速摄影，红蓝绿色调不断演变，商业与艺术很好的结合在了一起。万箭穿心这种场面放现在弄成3d多爽呀,5,英雄
国际章非常有特色的叫床声就是从这个时候开始的吧,4,英雄
张艺谋的首部武侠作品，毁誉参半，但基本上还有大片的风范！,4,英雄
6岁 第一次进电影院 哭了整场缠着父母要出去 后来大了点没看一次都觉得很震撼 内地商业大片奠基之作 ,5,英雄
看颜色，看摄影，看李连杰和甄子丹的对打……这部片子其实也有很多可看的地方,4,英雄
不明白为何分儿评那么低,4,英雄
冲着宏大场面、美丽景色、飘逸服装、和李连杰的死法，给5星,5,英雄
"前半部分情节近似[罗生门], 在摄影·造型·音乐上近乎完美(有杜可风以及和田惠美做保障), 陈道明则是气场十足,简直是从骨子里透出来的",4,英雄
我说我把这电影看过三遍，会被打吗？我真的很喜欢很喜欢啊。后边的十面埋伏和黄金甲都没看完。初中看的时候真是迷恋，以致于看了三遍。,5,英雄
国产第一部大型商业片，还是支持一下。,4,英雄
本来没多大期待值的，看下来发现不赖嘛，果然看电影平常心很重要……btw，国际张在里面真稚嫩，真小三。,4,英雄
剧情极简，人物扁平，对白浅薄，但逻辑其实算是通了的。不把它看做电影故事片，而作为舞台剧的延伸，中国地理风光片，老谋子绝对是一流的，谁也不能否认看到黄沙漫天、红叶如雨、绿水印苍山的视觉震撼。这大概是为数不多武打场面我不舍得快进的电影，太TM美了,4,英雄
片名中的“英雄”直指的应该就是无名了，可实际上在这个故事里，长空、飞雪是英雄，残剑是英雄，甚至秦王也是英雄，敢于在乱世里坚持自己所相信的，这本身就是一种勇敢，一切的痛苦，终究败在了“天下”二字面前。 视觉和意蕴上带来的震撼无可挑剔，但其客观存在的缺陷也是数不胜数，张艺谋学了些王家卫的意识流却做成了半吊子，没有很好的做到“少即是多”，很多时候还是显得太形式主义了，人不做人事不说人话，被黑了这么多年也不是没有原因，不过这依然算得上是被误解最深的一部国产电影了，中国那么多不入流的烂片，《英雄》怎么说也不该排上号。而且时至今日，我们已经很难忽视它的历史意义而去空谈艺术价值，在近似真空的条件下，凭借一己之力创造了中国电影市场，这等功绩，也只能有张艺谋来做，“国师”的称号远不仅仅是浪得虚名。,4,英雄
"剧情0分,技术10分.",4,英雄
俠之大者為國為民，如此才是英雄。,4,英雄
看来这个已经是老谋子的武侠巅峰了,4,英雄
2003.1.1 立体电影院,4,英雄
他在大陆电影史上的地位决定了它值四颗星,4,英雄
国内第一部真正的商业大片，张艺谋的特长（摄影）发挥到了极致，它的另一意义在于票房：海外票房高，推销了中国概念；国内票房高，把观众又拉回了影院。,4,英雄
画面、剧情、动作设计都不错，把老谋子的色彩强项发挥的淋漓尽致，我只想说这片IMDB上是8分，豆瓣上是6.3。,4,英雄
第一次去电影院看大片，就是这部，色彩太美了。,5,英雄
我喜欢这部电影里面讲的一个大主题。,4,英雄
他们都说是烂片，可是，我却很喜欢。献给每个英雄。,4,英雄
我并不认为这是一部失败的电影。,4,英雄
多年以后，被国产烂片虐的死去活来的中国人，是否会觉得当初太过苛责？,4,英雄
可以说英雄开辟了中国画面烂片的先河，也总好过《未来警察》《女人不坏》（此处省去9999部……）这种烂片中的奇葩,4,英雄
那个年代能有这样的国产电影，满分五颗星我想打是十颗星,4,英雄
张艺谋的色彩风格延续，只是那个 剑的第19种写法，哎,5,英雄
看见俄评如潮有点慌 反正我是挺喜欢的 你就把他讲的道理当耳旁风 看着那么多把箭飞下来还是很爽的 而且故事编排也还不错了 推荐理由 能代表一下中国武侠片了 ,4,英雄
张艺谋能拍成这样很不错了,4,英雄
看着梁朝伟 张曼玉的面子上给个4星,4,英雄
当年还是去电影院看的= =第一遍没看懂 其实很庞大 第二遍看懂了 气势也没了= =,4,英雄
国产大片的里程碑，张艺谋不愧是摄影师出身，画面相当美，好像想拍出王家卫那种风格，可为什么那些对白会那么喜感呢。电影传达的价值观非常令人不愉快，甚至有些恶心。谭盾的配乐有穿越到卧虎藏龙的感觉。,4,英雄
长空一曲，侠之大者。连绵飞雪，空留余恨。残剑大爱，字同其心。英雄无名，十步成仁。秦皇武略，以战止战。,4,英雄
好像就是从这部片子开始，国内开始的大片系列吧，不过在电影院里看真的画面很美啊。,4,英雄
印象比较深，是08年末为了艺术类考试进行培训时候写的第一篇影评作品。,4,英雄
画面实在是很唯美 浪漫  演员都很喜欢,4,英雄
很美，给摄影的······,5,英雄
02年的时候就觉得好，现在还觉得好，好片还是经得起时间的，特别是对于中国人对于英雄不同的解释，剧本，服装，动作场面，摄影，色彩，独树一帜,4,英雄
不错，世间安得双全法，抛下私仇成大局,4,英雄
这绝对是中国电影史上不可忽视的一部作品，至少它让整个国内的电影产业活了,5,英雄
我觉着这画面加上朝伟哥 曼玉姐 就该高分嘛~哪有那么完美的片子~下手都好狠啊~这画面感真的太灵了啊~,4,英雄
補碼。電影院。畫面極美，音樂極美，當年的我確實被震懾住了。,4,英雄
一个故事可以这样简单地述说,4,英雄
"虽然影评家骂得很多,但是我们高一的语文老师说了,暗淡色彩中有点点的红色,是个很有思想的布局哦!",4,英雄
讲道理，这部电影再怎么不好，也绝不可能这么低的分。独具一格的画面，精妙的打斗场面，能让你深思的哲学主题。现在一个战狼2都能7.3，你告诉我英雄才6.9?,4,英雄
画面漂亮，在电影院看起来还成，就是纯粹为了画面有点对不起票价,5,英雄
小学的时候学校一起看的，那时候哪里看得懂！只记得李连杰的眼神，万箭，章子怡惊艳的脸，还有梁朝伟的袍子，其它全看不懂也不太记得了。重温了一遍，拍的真好，将感情拍出了艺术感,4,英雄
颜色极美，不管怎么说，没有英雄，可能也就没有张艺谋08奥运的开幕，万人击缶，还是很不错的。,5,英雄
英雄是一个不错的片子，画面很好啊。除了故事罗生门了一点，为什么还要骂呢，要骂骂十面埋伏去,4,英雄
那年的电影院没有等到那一个人。幸好，没有来。,4,英雄
再次看老片，你会发现不管是色彩，演员，寓意，这部片子都好出色。评分为什么这么低！,4,英雄
算是国产大片的一个很惊艳的开端,5,英雄
给老谋子排个前三，英雄必占一席,4,英雄
画面极美，故事还成。想想今年中国送去奥斯卡最佳外语片的竟然是大唐玄奘，真是笑掉大牙。,4,英雄
开创了国产大片的时代，比起来后来的各种所谓大片巨制，算是不错了。尤其是复原了一支远程打击能力超强的秦军，挺有感染力的。,4,英雄
开创大制作国产烂片时代的作品。其实这部还是可以的,4,英雄
颜色非常大胆的电影作品。,4,英雄
重新看后，调低评价……犬儒主义啊,4,英雄
张艺谋再一次证明了自己的眼光和水准，十年过去了，#英雄#依然是华语电影大制作里最好的作品，或许20、30年内，它都是最好的作品。,5,英雄
一直没觉得这个片儿很差。十面埋伏那是真差。,4,英雄
故事不评价，单凭这视觉美学效果，绝对是上承。,4,英雄
《英雄》绝对是影响了一代人并让中国电影焕然一新的巨作，现在看来，电影本真并非毫无槽点，对于历史的解读也并非真正深刻，然而，这并不影响它在中国电影史上的地位。作为新中国成立后算是第一部严格意义上的商业大制作的内陆电影，英雄绝对代表了那个时代中国大陆电影制作的最高水平，因此，无论后来的张艺谋再拍多少烂片，这已经确立了张艺谋的中国现代商业电影奠基人的地位。在影片中，对于已经有所成就的张艺谋来说，他终于可以实现只用色彩和场面就可以征服观众的梦想了。,4,英雄
好久了吧~CCTV6就放了好几遍，早忘掉了~,4,英雄
今天看张艺谋的这一期晓说，终于明白，电影不仅仅是讲故事，还有很多想法、信息、冲突、张力可以表达。从这方面来看，这部电影做得非常完美！,5,英雄
我觉得还好，尤其是色彩。,4,英雄
恩，跨年午夜场习惯的开始，哈哈。,4,英雄
“人若无名，便可专心练剑。”,4,英雄
不明白当年为何一群人连故事都看不懂就敢批判，真拿无知当资本啊！另外这次看的是英文版，估计是为当年奥斯卡做的配音，估计请美国人配音的话，效果会好些吧。。。,5,英雄
又一部被骂得要死的电影，但我觉得不错，值得一看,4,英雄
还不错，意义很深远。,4,英雄
为什么我总觉得这个片子被人过多的贬低了,4,英雄
这都是烂片的话你告诉我我们的历史得怎么拍？,4,英雄
当时很愤，给的3星，其实欺骗不了自己对影片画面和声音的喜欢。在我的等离子上看了后更是享受。,4,英雄
虽然有点傻 但挺顺眼的,5,英雄
在香港回归后的第五年，在对未来还充满不安的日子，张艺谋用华夏民族的第一次统一讲述了谁的故事？无名可以是任何人，或者谁也不是。但为了斗争流的血绝不会被辜负，为信念而战死的人都是英雄，而英雄不过是虚名。为换得一世太平，死又何妨。这是我们华夏民族对英雄的解读。高超的武艺，精妙的武器，坚韧的毅力都不比一颗心怀天下的赤子之心。什么是天下？是金色胡杨林飘散的落叶，是五彩池倒映的万紫千红，是雅丹土丘间的黄沙漫天，是祁连山尖的皑雪，是被风残卷的石砾，是在这无尽苍穹下的所有生灵，是被淹没在这卷卷画幅中的你我。我其实就是想说，还好我们是一个爱好和平的国家，能不用武力解决的问题，我们就都用酒了断了吧～我叫红领巾,5,英雄
第一次看在初中  没看懂  后来高中看了  朦朦胧胧  大学看了回  有了点苗头,5,英雄
是我记忆中看过的第一部电影 十五年后再看感慨万千 美学构造可以载入电影史册无可厚非 哲学内核同样深邃 完美,5,英雄
叙事手法上明显借鉴了黑泽明名作《罗生门》。悲哀在于，中国人认为“电影就是要讲故事”。妈的，世界上有很多电影，是道理胜过故事的。虽然我并不认为这部电影的道理够深邃，但它很好地向西方人反映了“武侠”，也可以说反映了中国传统文化，另外画面精美，这一点也很合老外口味。可以这么说，张艺谋的电影，不都是为了中国人拍的。说崇洋媚外吧。中国，没有奥斯卡。,4,英雄
所以我们是歉张艺谋一个道歉么？,5,英雄
五星给藤田惠美老师的色彩，不见英雄气概，但见色彩如烟。,5,英雄
小时候去电影院看的 当时真的是被那个场面跟色彩震撼到了,4,英雄
这是一部在电影史上都不会籍籍无名的电影，这部电影的色彩运用绝对是教科书级的典范，视觉上相当享受，武打场景极美，武打动作极写意。整部影片其实是讲述一种境界。就像懂茶的人在自饮自酌一壶好茶，沉浸在自己品茶的世界里，回甘，回味；是一种举杯邀明月，对影成三人的自我享受，老谋子一定极享受。,4,英雄
"我很喜欢,足够了.关于那个回家的誓言...",4,英雄
大牌云集，视觉盛宴，音乐配美景。但电影内涵我不认同，我认为杀掉秦王才是英雄。,4,英雄
的确是用的欧美电影的叙事方法拍的 但我觉得拍的其实还好 就是台词太一般了 有些台词光是听着我都替演员们尴尬 要是剧本什么的再多加点功夫的话就好了（遣词造句什么的给人一种剧本是老外写的错觉）,4,英雄
国产大片的另一种类型。回想起来，特技之外的镜头，都像太极一样的缓慢啊来回。,4,英雄
视觉效果很好，但有些用力过度，除此之外，台词有些做作，动作戏过多，人物很薄弱。音乐尤其是迫切的鼓点，和卧虎藏龙很像。3.5/5.0,4,英雄
作为小学生的我当年真心没看懂 为毛张曼玉死了一次又一次？后来才知道站在不同的角度讲故事~唉 笨蛋一个,4,英雄
他们强调的是:这是靠美感致的电影吧..后来进了奥斯卡就被刷下来了..剧情还凑合吧...梁和张的一次合作啊~~,4,英雄
看这部电影时 让我想到有位老师曾经教过的易经 从不同的意境看问题 从不同的意境来表达 不可否认的是张艺谋导演不仅拍出了这部电影的意还拍出了这部电影的美 但让很多人只体会到它的美而忽略了它的意 一开始的红色代表欲望 秦王的欲望 再由秦王讲述时的蓝色 代表理性 秦王在理性的分析问题 再到真相时的白色 一种在理性和欲望之间的颜色 再到后来的绿色代表残刀心中所想 希望天下能够不再连连战乱的祈愿 我好像真的被带入了秦王所想 原来他不是暴君 而是一个能够解脱百姓的希望,4,英雄
当艺术片看，你会觉得很不错，当武侠片看，也许你会认为是垃圾。结论：这片不适合俗人看。,4,英雄
很唯美的武打片，水上打斗的那场戏，像极了水墨画。穿红衣的张曼玉太美，太惊艳！,5,英雄
中国人就是喜欢枪打出头鸟，这怎么就不是一部好电影了呢？如果换个外国背景，由好莱坞来拍，大概要有很多人，不管懂得还是不懂得，都要来溜须拍马，歌功颂德，“把他当神作来捧，唯恐自己的态度不够卑贱，拜倒得不够迅猛”了吧？,5,英雄
重温，110分钟，导演剪辑版。张艺谋在银幕造型上的进取，很让人欣喜。色彩参与时间、空间、情节和情绪。有时甚至产生超现实的感觉。但突然冒出来的中二是怎么回事？,4,英雄
充满禅意和中国精神的片子，小时候看不懂，其实不论摄影表演剧情都是如今大部分国产片不能比的。,4,英雄
很漂亮的色彩。莫名其妙的被看了三遍,4,英雄
02英雄04十面埋伏06黄金甲，本片是开篇，最精彩，卡司如此强大，中国元素融合得很好。琴棋书画尽在其中。虽有视觉虚浮之责，但瑕不掩瑜甚至说这些元素都说独特融合，堪称经典。情节设置初看朴实实则精构，前后勾连，最具文学性，不换台。章戏份极重，属导演偏好。曼玉扮相经典情真意切，为其荧幕最佳之一。梁亦极切此角色，最显其风流。,5,英雄
故事很混乱，但是卡司和摄影都不错啦。就看着花痴好了。,4,英雄
讲道理，这片在我看来是强过卧虎藏龙的，江湖中从不缺少仇怨，难的是放下，论文化深度就高了不止一筹,4,英雄
其实我觉得还可以的哎,4,英雄
第一次看是很早以前了，好像还在读初一？那时候根本看不懂电影在讲什么，也不懂电影塑造的意境美，更不懂背景音乐的美感，又何必说去懂何为天下何为英雄。十多年过去，再看这部片，真的是难得的佳作！其他的不说，现在有哪部国产片的音乐能做得如此优美高雅的？,5,英雄
恨不得能给十个五星！,5,英雄
一个故事，被三个不同的人，一人说了一遍。,4,英雄
看过这个片子整个拍摄过程的记录，张艺谋对画面的美感的追求几乎接近完美，是个完美主义控。对红包的运用也达到了极致。,4,英雄
这个居然都没标，从小看了好几遍了。镜头没的说，精美至极，连同武打，具有极强的中国式美感，不亚于《卧》。演员阵容极其豪华，且都在演技或颜值巅峰。背后的思想也在朝“和”靠拢。可以看出，老谋子是在用中国电影圈的顶级配置力图拍一部完整体现中国美学和价值观的对外商业宣传片，不过当时可是骂声一片，如今张开创的大片路线后继有人，却烂片居多，包括他自己，但往好处看，中国的电影人待遇，市场规模，资金量，国际电影地位都因此有所上升，功过几分？PS，湖上比武，黄叶红衣，人形箭空是我最爱的三段戏。,4,英雄
摄影极好，色彩运用极好，构图极好，演员每一个都是名角，那时候难请现在就更是个个能独当一面的人物。就连我经常诟病的剧本都是分叙4个小故事最后串成一个故事，都快悬疑范了。但是……能认为这是一部谋子花了大心思的片子，也承认是诚意之作，但是就是没有被感动到。,4,英雄
感人至深的影片，多年后仍回味无穷。,5,英雄
如果没记错，是说了三个不一样的故事结局，不断地故事推倒重新叙述。长空是英雄，为国舍身；飞雪是英雄，为家国刺情人；残剑是英雄，为天下舍仇恨；无名是英雄，为国恨十年苦练，又为天下舍仇恨，秦王也是英雄，为令法杀知己。他们都是英雄。,4,英雄
后来 我才知道 原来这是一部多么伟大的电影,5,英雄
画面的美好不必说，其实我还挺喜欢这个叙事风格。。。,4,英雄
最近又看了一遍，真的还不错，特别是相比最近的大片，简直良心。我记得上映的时候有个大V出来批评说，放弃就是英雄吗？当时我不知道怎么去回应，现在我想说，英雄当然有很多种，但用放弃自己的生命来拯救天下苍生免于战争当然是英雄。诚然事实上历史并非如此，但这是电影，电影里，确实如此。他们是，,4,英雄
大气磅礴，飘渺唯美，意境悠远，现在来看《英雄》，确实一部不错的片子，剧情也挺简单，可惜当时没有多少人能欣赏。张艺谋在当时确实走在了时代前面，其艺术性经得起时间的检验，但对其价值观，实在不敢苟同。,5,英雄
侠之大者，为国为民。从无名与秦王的“罗生门”中感受到先秦游侠的风骨。虽然我自己更喜欢干净利落的打斗场面，但这是一部视觉盛宴，对称镜头、配色很完美，风与水的元素让画面更飘逸。,4,英雄
我现在才知道，原来张艺谋心中的英雄并不是无名，而是秦王,4,英雄
小时候在电视上看的，但是就觉得这个电影拍的美啊，而且故事讲的也还行，但是大家都在骂这个电影，骂张艺谋，怎么回事？,5,英雄
颜色渲染了多重意境，塑造人物，划分层次，十几年后再看，真是美得后无来者。张艺谋大概唯一做的不完美的，是在商业大片与文艺间向来不易的平衡。那么多差评，却没有一条细细道来差在何处，许多的影评人也有了针对不同导演的多重标准。既然如此，那我也纯为拉分，打一次分好了,5,英雄
镜头很有质感，看卧虎藏龙的时候感觉很违和，但在这部同样十足文艺范的武侠片里却又感觉力道正好不多不少。节奏略显拖沓，绝对在彼此意念中展开雷人，章子怡好多余。4星,4,英雄
剧情有些古怪，但是很美,4,英雄
色彩意境营造的武侠电影 张曼玉好美 赵国人造型都好飘逸啊,5,英雄
我就不懂有些豆瓣评论，故事讲的还不够清楚？电影只有画面美？不要看很多人这么说就都抓这个莫名其妙的点批评。如今居然还有人打一星，我不知道你们的标准里还有什么电影算好电影，一群自以为是人的无理嘲讽总是让人看的那么不舒服,5,英雄
张艺谋最被低估的电影,4,英雄
大片儿，美的大片儿,4,英雄
"影片故事虽有些苍白简单,但其优美的意境和动人的情怀依然深深感染着我",4,英雄
国师拍这种还是有一套，名不虚矣！,4,英雄
02年的我不过是个刚2年级的小学生，当时真的看不懂，只知道一个人要刺杀最后他却死了，中间则是五颜六色不同版本的故事（也是家长给我的复述）。但是当17年后我思考自己的电影启蒙时，却发现说不定就是这部《英雄》。虽然张艺谋的团体操已经崭露头角，各种威亚功夫今天看着着实有那么点变扭了，可是这并不影响《英雄》成为一部极具表现主义风格的作品，甚至今天再鉴赏能发现颇具特色的蒙太奇与处处弥漫的东方哲学。对始皇的诠释也是一种辩证史观（然后，修建长城又是另一个需要探讨的故事了）。而让我更痴迷的，则是它本身探讨的主题：那种历史与个人、天下与情爱的关系，虽然一直历久弥新，却早已在当下失去了欣赏的观众。我想，我们究竟是如何欣赏电影的呢？曾经我们只是把全身心都交给它的创作者,5,英雄
老谋子的色彩！三段式 从虚假的大红到真假参半的嫩绿 再到纯净透彻 看似虚 实为实的白,5,英雄
一部注重写意的武侠片，画面摄影和色彩运用都是一流~,4,英雄
Nice one! JUST NICE!,4,英雄
优美的画面，故事的错杂，还有牵强附会的“天下”的主题，似乎都还不错.,5,英雄
红蓝白绿，张艺谋对色彩的运用是令人难忘的，同时还蕴含着某种哲学思考，借鉴《罗生门》一定程度上也帮了一把影片的海外发行。中国电影人最豪华的一次冲奥阵容，以后怕是再也看不到了。,4,英雄
内地第一部真正意义上的大片，具有里程碑式的意义。豪华的阵容，华丽的摄影，可惜剧情稍嫌简单。,5,英雄
技术越来越好就想尝试的越多 这是谋子最早的所谓国际电影吧  说颜色上学王家卫的那个我真心想喷死你 两个完全是不同感觉 而且王家卫颜色渲染总是太重     这部电影条理太清楚 不论节奏 层次上 并且每一种叙述每一套颜色的衣服表达很有意思  但总觉得很空 但喜欢归喜欢,4,英雄
枫树林中的惊艳至今未忘。这是人生中的第一部电影，意义非凡。,4,英雄
其实不太明白为什么评分那么低,4,英雄
我觉得此片可以又名《大染坊》,3,英雄
片子本身还行 但影响太坏……,3,英雄
看过“十面埋伏”和“无极”后，调高评级,3,英雄
至少是中国影史的里程碑，把《东邪西毒》和《卧虎藏龙》学了个遍，可惜色彩再浓烈，情感却不足以打动人，即使是同一拨演员，表现亦是天差地别；不断反转地转述故事，除了推进剧情功能外，编剧是有点野心的，不过台词仍是蠢；特效和大场面，与其后来的作品，几乎就是各种翻版。,3,英雄
与现在烂得没底线的国产大片相比，《英雄》已算是主旋律中的佼佼者了……,3,英雄
剧本台词剧情特效都有硬伤。最不可饶恕的是连梁朝伟和张曼玉都能拍丑。至于画面美，怎么说呢，张艺谋过于贪大，为了追求所谓的整体美，很多细节便处理得尴尬而轻佻。最后，武侠或格局的“大”，绝非口号和排场上的“大”——大音希声从来不是靠堆砌。,3,英雄
很多人骂本片烂，却不约而同地看了两遍以上……（总之，这个故事就是：“大王，傻不傻！”“大王，傻不傻！”……）,3,英雄
梁朝伟和张曼玉还有漂亮的声乐画面处理是亮点，李连杰和章子怡演技真是无法吐槽，都是戴着面具演戏啊，无表情的像是面部肌肉坏死，喂喂，三无少女什么的不是这种啊,3,英雄
确实好。。。,3,英雄
2.5 / 导演版 / 从这个结尾还是能看出对意识形态的反思，而非一味的主旋律灌输。与《影》相比的优势还是在剧作相对不那么空洞，符号化的人物通过层层叙述堆叠。最终形成一种端凝而邪魅的独特口吻，从扁平中切削出几丝余味。除此之外国师的影像功力堪称十多年毫无进步，僵硬的依然僵硬浮夸的依然浮夸。原本严肃了很久，但是到最后还是被一群黑丝大臣运动会方阵喊口号逗乐了。,3,英雄
最后，真正悟到英雄两个字的，是写片尾曲歌词的林夕~,3,英雄
单纯而言，本片是非常唯美的，色彩、摄影、武打动作、场景、音乐甚至包括服装。但如此唯美的一部片子干嘛非得塞进所谓高深的精神内涵进去？如同一个精美绝伦的盘子里却非得装满狗屎给你端上来。,3,英雄
特效胜过武术的武侠片，一直想刻画“侠”字导致格外刻意做作，色调上的运用很不错，此外基本就很平淡了。。。,3,英雄
老谋子对画面、色彩、摄影、配乐等太过执迷，导致了他忽略了电影最本质也是最内核的东西，故事。2个人讲3个故事，类似于罗生门式的结构，算是一次拙劣的模仿，演员的作用没有完全发挥出来，夸张点说，就是“给我足够多的钱加一个好的摄影师，这片子我也能拍”，不算传统意义上的烂片，但是处处有槽点,3,英雄
从这片开启了大牌功夫片的先河，说实在这个还真心不错，张艺谋用心做的东西还真不错，随后的一部比一部烂,3,英雄
每个演员都足以吸引眼球，每个画面都精美绝伦，这是光影的胜利。他告诉我们电影即便没有剧情，只要足够的绚烂，也一样可以成为大片。只是我怎么感觉像08开幕式呢？本片高度赞扬了自我阉割的精神，自此以后张艺谋的电影除了画面丧失了以前一切的东西，估计他就是把自己追求艺术的精神给阉了。,3,英雄
装修大师的杰作,3,英雄
三星半，三刷提分。中国武打范的《卧虎藏龙》，发现是一曲反“罗生门”式电影：《罗生门》是为己的人性，《英雄》则是为集体的胸怀。首个镜头的群马就是黑泽明既视感，飞雪刺残剑的倾斜镜头如《摇啊摇，摇到外婆桥》转折处，如月落叶战飞雪的色调又想及子怡成名作《我的父亲母亲》。水流箭阵无匿处，戈壁沙漠染天下。不知啥时能看到属于本世纪的《东邪西毒》，这部《英雄》略像却还不是，它更像是：精华浮于表面、虚无藏于内核——群戏决战和山水决斗，画面唯美到刀剑亦有眼。评价上两极分化严重，就工业角度来说，它又站在张艺谋电影乃至中国电影的转折阶段，而它终该会成为本世纪华语经典，只不过实是需要时间的酝酿与沉淀。用鲜血染红的黄叶，红蓝白绿四色的回忆。,3,英雄
除了秦军万剑齐发的感觉不错，其他真没什么意思，唯美谈不上，文艺也没到火候,3,英雄
从这片开启了大牌功夫片的先河，说实在这个还真心不错，张艺谋用心做的东西还真不错，随后的一部比一部烂,3,英雄
满怀希望到电影院观赏，我该欣慰画面还是很美的！,3,英雄
张曼玉和章子怡在树林那段真的太美了,3,英雄
没传言中的那么差吧？阵容很吓人，剧情也还算吸引人，当武侠片看还不错吧？,3,英雄
1.老谋子这部电影在当年饱受争议的同时开创了中国电影产业转型的先河，成为新时期以来第一个票房过亿的大片。2.艺术形式上，使用了书法、编钟、古琴、围棋等传统文化元素，以独特的美学追求，强烈的色彩，浓郁的中国文化特色，力求画面的唯美精致，让观众消费“唯美，唯爱，唯艺术”。3.内容方面，对于价值观的输出，尝试进行“跨文化讲故事”，参与现代性问题讨论。4.探索过程中，没有找到更为合适的价值观和契合点，使得其开始预设的价值观在观众接受时发生了扭曲，也使得影片出现了很多真空地带。5.在唯美中加进了男女现代性多角情感的暧昧与压抑过后的歇斯底里，变成了噱头。6.刺客精神并没有得到体现，无名十年练得十步一剑只为刺秦，他的“狼性”因残剑两个字而彻底被磨灭，最后放弃刺秦。7.英雄的价值观发生了质的变化，导致电影也就变了质。,3,英雄
中国第一部真正意义上的大片，无论如何该被影史铭记。,3,英雄
張曼玉淡淡的氣質，好吧，我就是喜歡這樣的氣質，初中看的這部片子，那時候覺得看的挺懂，看了評論才發現當時看的好淺顯,3,英雄
老谋子为了此片看了多少次《乱》？不过还是拍出了自己的风格！各种大牌明星加盟，渲染的色彩和服装。还是不能5星~~几个人打上千人。。扯！PS：目前中国最给力的视觉片,3,英雄
"How could I live on, after your death. What a speaking we usually heard. But how great different when Liang speaks to Zhang.",3,英雄
我记得和Ducan一起看了，名字好像给拼错了……杯具,3,英雄
此电影作为功夫片是很好的，作为动作片就说不过去。只是功夫片看太多了，大同小异，已经没有儿时那种惊奇、喜爱和膜拜。为了所谓的民族大义，大谈那虚无缥缈的境界，打着虚假标准的功夫，结束于狗血的剧情。何为功夫，呜呼哀哉。,3,英雄
个人为了集体牺牲自我，这样的价值观值得提倡吗？,3,英雄
想象性建构的历史罗生门，江湖与天下，刺客与权谋家，壮阔的色彩、宏伟的音乐和形象化的历史在场。,3,英雄
银幕当成画布，将色彩进行连续不断的奢华铺陈，这是张艺谋的标签，也是影片的独特之处。,3,英雄
如果看作表现主义之片，再去掉对白（可以考虑做默片插对白页处理），想必也是不错的cult片呢,3,英雄
老谋子学王家卫不成功之作，但这部片子在欧美的影响相当深远。分叙的主题感和武打设计部分不错，值得一提的是画面、音效、色彩等，在国外常常被拿来当作家庭影院的试机片。,3,英雄
重新看这部电影，感觉还可以的。毕竟就是奔着老外去的，故事复杂了老外不懂。 画面啊、主题啊，都是正统学院派，这种电影注定有商业价值但没办法名垂青史。p.s. 对比之后的张艺谋，这片不错不错了。另外，对于主题，我依稀还是看到了“暴政”，华丽外壳下依然透漏出张艺谋没那么明白。,3,英雄
懵懂的年代，还不懂炒作的用意，买了当年的VCD碟片来看。宏大作为老谋子的标签依然不能少，但特效风格以后被跟风模仿,3,英雄
念念不忘里面的武打场面。,3,英雄
4.5   平反也无妨，真无怪西方人看过此片能集体高潮，国师其实是在给他们秀秀“剑”字的十九种写法；而侯孝贤王家卫的同类作品，是尝试抒写没人见过的第二十种。但“中国味道”“文化自信”终究还是伪命题，别说张侯王三人了，可以断言放眼影史还没有任何电影能承受得住这两顶大帽子。,3,英雄
现在才看，已经不明白当年一堆学者怎么就要炮轰张艺谋为暴君张目了，这暴君不还是暴君吗，并没有翻案啊。除了整体视觉其他都不好看啊，而且梁朝伟张曼玉都丑，只能算明信片电影吧。,3,英雄
【2019年重看】一部为中国电影贡献无比的豪华大片 罗生门剧情实在不高明 当然 除了张艺谋 中国导演也没有谁能把中华元素拍成这么美的视觉盛宴 可惜李连杰、陈道明、梁朝伟和张曼玉这一众巨星面瘫脸的表演 竟谁也掩盖不住年轻章子怡的光芒,3,英雄
被迫在电影美术课上又看了一遍。别扭的台词少点多好。 ★★★☆,3,英雄
色彩画面好看，然后就没有然后了。,3,英雄
构思巧妙。虽然秦王为了天下太扯淡，但电影也算有想法。总比三枪好多了。我发现真是不能相信大众的口碑，差点错过一部好片。,3,英雄
张导不愧是学美术出身，对色彩的把握真是没谁了。画面很美，故事讲述的还算完整，寓意也挺深刻的，挺不错了。,3,英雄
初中生看的时候，真是伤不起啊。。。,3,英雄
大牌云集，场景宏大，摄影很美，故事混乱，张曼玉和章子怡很有风情,3,英雄
台词弱到不可思议。。但是画面和服装都美到不行。。张艺谋果然是个视觉系,3,英雄
没那么烂吧？就是直白了点。另外抄袭《罗生门》痕迹重了点。,3,英雄
我不会给这部片子高分，但是本片的意境和某些画面我还是喜欢的。至于张艺谋从此以后拍的那些所谓武侠大片，我是不会承认那些是武侠片的。所谓武侠，至少得有情有义，光有打斗和装腔作势的空架子，称不上武侠。,3,英雄
再看一遍.不得不承认.画面色彩真好.算拉.当动画片看吧~张曼玉几套造型都很漂亮,3,英雄
美指5星。这片子都给台词糟蹋了。每次看到张曼玉和梁朝伟就觉得他两还在演东邪西毒呢。中间张曼玉回头的镜头是有几分和张柏芝相像。看着片纯粹是为了看小老谋子能把这九寨沟拍的多美。一看，确实拍出神韵来了，服啊~,3,英雄
第一次在电影院看的电影 当时没看懂...,3,英雄
虽然口碑不大好，但的确是视觉文化研究中奇观电影的研究典范，很多书都以张艺谋的电影为例子。就视觉效果来看是相当好的，场面宏伟，色彩冲击力强，配乐恰到好处，对比鲜明，节奏也很好。还玩了点叙事游戏，大家可能是不大适应这种散情节的东东。,3,英雄
当年看的时候杂没觉得这么搞笑呢。---台词课后感,3,英雄
这么好的好演员都被浪费了，以前拍有话好好说的张艺谋哪去了,3,英雄
过了这么久才看，还是被张太师的场面震撼到，团体操的极致，台词想要装逼但是和墨镜王完全没法比，从那个时侯开始他就只剩下大色块了,3,英雄
实话说，我认为这是近些年铺天盖地的大片你唯一能看的,3,英雄
重看一遍，虽然当年有着极坏的影响，但其实值得称道的地方比比皆是。不过剧情和情感的硬伤还是挡不住啊,3,英雄
画面还是很美的，Q先生一边看一边发出惊奇的声音，红色，咦，蓝色的了，啊，白色的，诶，绿色的了，啊，又变白色了的o(╯□╰)o,3,英雄
因为张曼玉+1，因为章同学-1。但因为两位男主+1。,3,英雄
画面唯美，音乐精良，除此之外，一无是处。,3,英雄
胡扯＋视觉灾难。,3,英雄
是张导一系列商业烂片的开始，也是这一系列中最好最能看的一部,3,英雄
以前看的。这是我看的最后一部国产大片，还算过得去,3,英雄
画面真的超美，处处构图绞尽心机。。。但剧情太不符合三民主义了，编剧一心要模仿古人心迹再加点现实寓意，结果两边都不讨好，装逼的故事~,3,英雄
剧情不乏狗血，尤其是秦始皇一介政治枭雄居然去替一个侠客谈论“剑的三重境界”。只是场面和艺术效果以及梁朝伟张曼玉的搭档都很美。有个很大的疑问就是，战国时候就已经出现“银枪”这种兵器了么？,3,英雄
老谋子不愧是摄影出身的导演 讲故事是倒数 画面色彩的掌控真的是很佩服 我把这电影当风光片看了,3,英雄
《英雄》对我而言，是部有着特殊感情的电影，但我绝不会再看。2002年冬影票25块钱。,3,英雄
不得不说，这片子实在没内容，想拿这片子去冲击奥斯卡实在开玩笑。无经典台词，对话极度白痴，宣传个神马主题呢……画面确实漂亮……,3,英雄
主题思想是不错的，还有风景可看，就是配乐能不能别老吵吵，京剧腔调来一下烘托一下气氛就可以了，多了还以为李连杰吃了什么不消化，恨不得给他一粒健胃消食片。群臣太脸谱化，观众也知道他们是活体道具，压根也没想让他们出戏，可是电影硬是拍成了话剧，就太影响情绪了。,3,英雄
不多说什么了，徒有色彩的空架子。,3,英雄
张艺谋是个老艺术家，老知识分子。因为时代的原因，这类人因与大众知识交流困难而变得“不愿解释”。懂得人自然大喊过瘾、老谋子牛逼、有意境，不懂的人觉得这帮人又在故弄玄虚、大搞华丽的场面、故作深沉、充满说教。很不幸我是后者。总的来说这部片有一种“道理很浅显，看不懂是因为你境界不够”的自负劲。,3,英雄
想起當年看完了還用來寫了期末考的作文...無名什麽的...,3,英雄
我就纳闷 为啥我们老师总用这个不咋地的一个片子来教育我们对色彩的敏感度？？,3,英雄
圣诞节，非常多的人，下雪，前女友，唉。。。,3,英雄
有好的画面、好的特效、好的武术设计，可唯独没有一个好故事。,3,英雄
"整个片就像做一道枯燥的数学证明题，正证不行吧来个反证，最后就理所当然下了这个结论——中央领导不能杀,杀了中国会更乱。可惜了红衣的张曼玉还有那一池水。",3,英雄
艺谋还是回去拍照片吧，这大块大块的配色啊。,3,英雄
我悟到：最高境界手中无剑心中亦无剑。我笑了大半年，给三星,3,英雄
要不是小白一门课作业，我估计我永远不会看这部片子。影片内风景不错，着装不错  看完才发现这不是”荊珂刺秦王”嘛！搞来！晚上再来把小时候看到“荊珂刺秦王”看一遍，记得当时虽然没怎么看懂，但总体感觉还是挺震撼人心的。,3,英雄
所悟之物有争议 拍摄和画面没问题 只是剧情空洞 雷人处颇多,3,英雄
记得小时候第一次看时，觉得里面的人反反复复死了好多次，好多次,3,英雄
故作姿态，虚情假意，献媚讨好，肯定不会有好东西，只能凑凑活活,3,英雄
抽奖获得英雄宝剑   搬家之前一直放在家里,3,英雄
不可否认，这部片子把国内观众重新拉进了电影院，对中国的电影工业有着深远的意义。,3,英雄
很小的时候看的。当年的演艺圈远没有现在这么复杂，妆也不必化的多浓，几个姑娘穿着大红的衣裳让人觉得真是漂亮极了 ，那画面我现在竟然都还记得。,3,英雄
喜欢他的思想，不喜欢拍摄,3,英雄
我是先看的CD2然后看的CD1= =,3,英雄
文艺青年害死人。张曼玉永远是流泪，梁朝伟永远是挨刀，章子怡永远是你去吧，李连杰永远是你给我出来然后不杀，陈道明永远是一惊一乍唧唧歪歪。张艺谋是好美工，没了。,3,英雄
某一次看，居然到最后哭了。当然多数看的时候还是想笑。张艺谋这家伙绝对看过古龙！“风吹过，卷起漫天红叶”被他还原得那么好。,3,英雄
看了后来的，大家就知道英雄不是烂片了。,3,英雄
章子怡依然负责跑跑跑跑跑……其他人就飞来飞去飞来飞起飞来飞去……,3,英雄
年少时看的，印象最深的是那箭阵，把李连杰射成刺猬了。原来侠之大者就是不杀秦始皇，好吧。,3,英雄
老谋子的色彩应用是一绝~只是我不喜欢这个电影米办法,3,英雄
这片除结局之外，本来还不错。坏就坏在它开了很多很不好的头：风光片、慢动作武打片、弱智情节大片。。。,3,英雄
"当初是学校组织去看,看到3个版本的故事,大家不由得说了句&#34;哦哟&#34;,看了&lt;罗拉快跑&gt;后感觉就是差不多的手段.",3,英雄
张艺谋开始像大片迈进的失败里程碑，从这之后，张导的电影就总改不了糖里包着屎的尴尬，不走内在，只走外在，必然不能长久,3,英雄
黄土高坡上的对讲机。穿帮镜头。太花哨。,3,英雄
一定是张艺谋被李安《卧虎藏龙》刺激到了，再也不想拍农村题材，回家苦看50遍《东邪西毒》，发誓一定要拍出意境和逼格来。讲故事的方式很有意思，全篇大概只有色彩是张艺谋自己的东西。影片对于中国电影市场的意义，远大于影片本身。,3,英雄
开创内地大片时代，题材和陈凯歌的《荆轲刺秦王》类似， 形式大于内容的主旋律古装武侠大片,3,英雄
三星半。有一点罗生门的感觉，拍的真的很美，色调和镜头尤其，张艺谋真的真的不愧是摄影出身。梁朝伟、张曼玉简直了，在哪里都迷人。那时的章子怡仍旧有些玉娇龙的味道。至于主题，很中国，外国人估计很难理解吧。意思不大，感觉像是历史主旋律宣传片。,3,英雄
布景、服装、台词都下了功夫，但是整个故事节奏把控的不好，动作戏像舞台剧，出来的效果太过绵软。,3,英雄
我说，其实我不喜欢张艺谋的片子,3,英雄
张艺谋还拍不出王家卫那种精致，那种文艺。他需要一个好的编剧，好的剧本。这片是很美，很大气，讲了一个英雄的故事。可是我不喜欢战国时期的片子，好凄冷。,3,英雄
老谋子还是想表达一些东西的，尽管对错又是另外的事。,3,英雄
畫面是真的美好，顏色處理的真的厲害,3,英雄
张艺谋这次不光定义了什么是大片，还定义了什么是烂片,3,英雄
中式人海战术包装下对程序正义与结果正义的命题探讨，然而导演自己都没清楚，既是英雄，当行英雄之爱恨，临阵换做帝王知己，英气何在，雄伟几分？哐铛来个“天下”二字把人砸晕，起立流泪鼓掌，大暴君您真是太不容易了！飞雪残剑的争执一死了之，加上糟糕的片头片尾字幕，这位英雄赶紧去报考公务员吧。,3,英雄
老谋子艺术创作的转捩点。1、无名之不杀，直接点明了谋式武侠精神：【侠之大者，在于天下大一统】2、统一价值观贯彻全片，而且讲的又是帝制发端时期的故事，睽违千年，耐人寻味。3、脱离了红高粱的土地性之后，老谋子进入了排场宏大的法西斯主义美学新世纪，处处是赤裸裸的权力宣言。此中的权力体认，感人至深。4、以无名的死，换取暴君的醒。幼稚。,3,英雄
貌似是国内第一部大制作，大风印象最深,3,英雄
除了视觉冲击找部到其他优点,3,英雄
看过《投名状》之后，觉得英雄也不失为一部好电影。。至少风景漂亮。。,3,英雄
- -张国师的浓妆艳抹的武侠美学~~,3,英雄
想来这应该是张艺谋武侠大片里面最出色的一部。颜色，完全因为颜色,3,英雄
我是有多少部老谋子的电影没有添加 = =、,3,英雄
恩，海報分配的挺好,3,英雄
华丽丽的视觉盛宴，罢了。,3,英雄
张艺谋不愧为摄影出身，影片中场景真是美丽至极。“红”与“绿”的运用甚为经典。,3,英雄
第一遍惊艳，第二遍恶心~,3,英雄
很不好意思的说，看了3次，每次都睡着了。FT,3,英雄
树立了中国历史大片的一种风格，但感觉在一些方面还是有点做作，深挖的方法不对以至于别扭。,3,英雄
"好大的驾势,仅此而已.",3,英雄
过早地预演了奥运会开幕式,3,英雄
还算有些意思～怎么又有章子怡？！真是倒胃口,3,英雄
张艺谋所谓的国产大片中我最喜欢的一部。,3,英雄
这电影太讨巧了，一方面给西方人看东方历史寓言，大家肯定喜欢看，就好像我们喜欢《海上钢琴师》、《天堂电影院》一样，另一方面对内向民众再次贩售“大统一=为民、强权=造福、舍己为众”的观点（你看片尾字幕……），政权肯定喜欢。《英雄》为中国大片之始，不仅是形式上的，还是意识形态上的。,3,英雄
很成功的商业大片,3,英雄
为了画面感放弃了动作，老谋子是摄影出身对吧？,3,英雄
喜欢看梁朝伟和张曼玉的部分，尤其喜欢赵国（是赵国吧？）的那个夫子说的那段话。,3,英雄
喜欢看梁朝伟和张曼玉的部分，尤其喜欢赵国（是赵国吧？）的那个夫子说的那段话。,3,英雄
极为一般，画面和音乐很好,3,英雄
因为那一地的黄叶和你一身的红衫，我收下了,3,英雄
7.0/10 分。好多年前在电影院里看的。。。画出了皮，没有画出骨。画龙未点睛。。。,3,英雄
分段式电影里面比较烂的,3,英雄
开启了 大投资 大场面 大明星 大票房...的大时代...,3,英雄
画面四星直逼五星，剧情两份直逼一星，一平均，三星,3,英雄
如果是MTV的话可以得高分,3,英雄
这片子引来一片骂声，本人看的比较晚，已经从无极之类得到了免疫，竟然觉得相当不错。。。希望不是老谋子最后一部“不错”的片子。。。,3,英雄
2002年冬天的王府井影城，影片结束，成都街道冷冷清清。,3,英雄
 还行 满耐人寻味的 老谋子的群众演员就是多i,3,英雄
记得有阵子卖场卖电视的都是黄枫叶的场景,3,英雄
迄今为止在国际上最成功的华语电影，各种赞誉，但在国内评价褒贬不一，甚至培养了一批逢张必黑的铁杆。不得不说，老张的世界观和文化理念虽然有待商榷，但是拍大场面是真好看真壮观,3,英雄
我小时候电影频道看的 现在一想,3,英雄
看过“十面埋伏”和“无极”后，调高评级，这个影片在视觉设计和特效方面在那一年总是开创了一个武侠电影拍摄的先河。,3,英雄
本来以为很烂，看了十面埋伏就觉得相比还行了,3,英雄
怎么说呢，片子出来的时机可能早了一些，又是武侠又是悬疑又是叙述诡计的，长得就不是一副可以普罗大众的相貌。。。,3,英雄
就这破电影愣是看了好多遍,3,英雄
中国第一部正经运作的大片，也是开创了商业大片泥沼和噩梦的片子,3,英雄
主题是可以的  但是对于罗生门的模仿很拙劣 造成了叙述上的混乱不堪,3,英雄
一切都在为形式感服务，imdb评分很高呢,3,英雄
大爱王菲唱的主题曲啊，还是租碟看的呢,3,英雄
故事薄弱，空有视觉美好有毛用…,3,英雄
黑泽明的叙事方式+王家卫的装逼文艺+张艺谋的宏伟大气≤ 李安的武侠气质。。,3,英雄
好歹是中国比较早的商业大片儿,3,英雄
老谋子武侠三部曲里剧本最好的,3,英雄
剧情是硬伤，哎，不太配这么美得画面昂,3,英雄
适合一家人朋友一起看 很喜剧 很轻松,3,英雄
明星很多 张艺谋不知道怎么驾驭了，还是王家卫的好呀，多少明星都能驾驭。,3,英雄
电风扇吹出来的效果很不错,3,英雄
"现在看这部影片,还是可以的,剧情无比的简单,可以快进的看,引领了人海特技以及颜色装B的先河.",3,英雄
现在还有印象的就只有万箭齐发的那个镜头了,3,英雄
大漠高哭。唯美MTV。鉴于画面太美，以后可以改变台词重新配音，还是挺可看的。两个男人为何都不杀秦王？章子怡只是为了露脸吗？他们准备了那么久，就是达不到她所希望的高潮。建议改片名为《刺秦记》，因为这实在不是英雄。看了此片，恐怖活动会减少些么,3,英雄
起码从视觉上来说是很成功的，配上谭盾的配乐也还算是可看。但剧情台词什么的实在太作了，也难怪之后张艺谋去各地拍那个印象系列捞钱。,3,英雄
对张艺谋的片子从来没有感觉，奔着李连杰看完还是在很多年前。非常一般的说，比起十面埋伏好多了，起码这部我看懂了。,3,英雄
那些年我们一起刺的秦王,3,英雄
张导拍出一个思想，只是我妈看了后问我讲的什么。我懂，但我老妈不懂，代表广大中年妇女给个及格。,3,英雄
太想討好外國人了~學外國人說教，畫面不錯，老張還是干美術在行,3,英雄
箭阵太傻 没什么意思 那年冬至一个人去看的,3,英雄
全班一起看。全明星，主题色，祖国大好河山，还有你的读后感《秦殇》话都能听懂一句都get不到。。,3,英雄
当老外刚被卧虎藏龙迷的五迷三道沉浸于东方武侠的哲学中时，大陆导演抓住机遇纷纷前仆后继上去砸了自己的招牌，而这还算是其中较好的一部。从好的意义上讲，是张艺谋的这部片子真正开启了国内的大片时代。,3,英雄
我就不说当年大家看得时候笑成啥样了～～,3,英雄
很长一段时间沉迷在张曼玉的飞雪里面,3,英雄
哦~张曼玉在枫林里穿红衣舞动的场景美呆了~,3,英雄
可以当美术片看。那样就给5分。白瞎了梁朝伟张曼玉。这两人在这里的表现感觉跟3流演员差不多,3,英雄
"画面唯美..阵容无敌,,",3,英雄
如此而已...花里胡哨= =不过拍得真的很漂亮...........,3,英雄
多年后我忆起起这部小时候看过的老片子，记得的竟然只有曼玉姐姐红红的落寞身影。,3,英雄
其实我们不能责怪那么多 第二次重新看时收获了很多不一样的东西,3,英雄
玩过红警的都知道，穿了一个颜色的就是一伙的。所以无名是和秦王一伙的，他们有一盘很大的棋，只不过下着下着下忘了。,3,英雄
补评。Imdb上大陆导演排第一的电影，8.0哦！罕见的东西方分差！,3,英雄
画面很美，故事亦可，思想却很谄媚，为“天下”为“一统”，是不是哪怕生灵涂炭，从此陷入奴役，也是值得的？也是政治正确的选择？更为关键，民主化的今天，依然宣扬如此主题，谄媚之态令人作呕！！！,3,英雄
老谋子最好的武侠,3,英雄
看一片观尽祖国山水,3,英雄
老谋子玩画面真是一绝,3,英雄
色彩和场面是亮点........其他...........,3,英雄
当年宣传得很红，专门去租了碟子来看……,3,英雄
真是感慨，场景、美术都很用心，真算是制作精良了，虽然剧情很无聊，主题也很尬，国师喜欢的广播体操式场面我也很不喜欢，但故事能讲圆，态度端正，现在人早就脸都不要了。but印象中也是从这片开始国产电影开启了炒作式宣传，带偏了产业，加上观众总也摆不正的别扭心态，国产电影现在竟到了这个窘境,3,英雄
虽然有些装，但完成度还是摆在那的,3,英雄
张艺谋不懂女人。最后那个什么天下，和平什么的直接扣一星，感情描绘的很好，但是整一个的电影的思想就有问题，张艺谋还是多读书吧。,3,英雄
其实不是很难看，但是此片从头至尾充斥着一股装X味儿,3,英雄
张艺谋，我要说你什么好……,3,英雄
三重故事有点意思，可前两个毕竟是假的，假的没有存在意义。画面摄影很美，连对话都想要创造出美来。最大的硬伤是那个为天下的理由，当时的人居然有天下概念，现在也搞不懂被人家征服是为了天下，秦国与赵国就如抗日的日本之于中国，当时有中国人还有天下而屈服的想法吗？有也是汉奸。,3,英雄
就电影本身的故事，技术来看，我觉得都还可以啊。就是价值观、历史观既庸俗，又恶心。,3,英雄
"the color is so intensly beautiful, but the story is so dull.",3,英雄
IMDb 分数高达 8.0 ，不知老外喜欢它什么地方？还是挺好“看”的,3,英雄
作为大投资烂片的开山之作，其实英雄在今天看来在叙事还能算是中规中矩，动作也颇有看头,3,英雄
看在色彩还不错的份上,3,英雄
看了英雄才发觉卧虎藏龙的好，飘逸高远，点到即止，意在言外，是收敛的，却又暗流涌动。李安从不讲道理，而张艺谋，讲道理就算了，还是这么土的大道理。算不上烂片，但真的没得比。。。,3,英雄
还看了剧本呢乱写春秋,3,英雄
要不是梁朝伟张曼玉。。。,3,英雄
一部荒诞的喜剧片。,3,英雄
听了王立群读史记里对英雄的解释，才越来越觉得老谋子的厉害。英，是智的方面，而雄是力量方面，只有这两个方面都具备，才是英雄。,3,英雄
3.4 美術真心用功,3,英雄
"李连杰,梁朝伟,张曼玉,章子怡,甄子丹,陈道明主演",3,英雄
画面还是很美的，老谋子不愧是搞摄影出身的。,3,英雄
"去电影院看的第一部商业片,还是学校组织的~",3,英雄
陈道明这只老戏骨阿……,3,英雄
排除炒作部分是艺术上的一次不错的尝试,3,英雄
就是情节过于简单，总走在观众的后面。但是画面和意境的确已经领悟到中国的味道,3,英雄
所谓国产大片中可观之作,3,英雄
一颗星给子怡一颗星给明叔一颗星给画面和风景，本想给很差，但想想张导演之后的那堆烂片，这片确实也还行,3,英雄
艺术本身是个很悲剧的东西 就像靠血腥发家的资本家才能做慈善事业一样 艺术品质不高的电影往往成为他国眼中的标志,3,英雄
。。。。。。。,3,英雄
事实上，迷影不仅出天才，同样也毁天才。张艺谋与徐克的天才正是毁在他们迷恋的偶像——黑泽明手里。深受其晚期缺点影响的《英雄》本质上是个《罗生门》的故事。可惜在形式技法上得天独厚的国师却在意境上败得惨烈。对于原剧本《雌雄》理解的无能，导致他没有从《影子武士》身上学到真正的“莎士比亚”精神，而只看到对于《卧虎藏龙》的羡慕嫉妒和恨。俗话说得好：少不读水浒，老不读三国。事实上，人类所有的历史都是当代史。中国第五、第六代导演的境遇或都夹在“乐不思蜀”与“身在曹营心在汉”这两个成语之间。张艺谋与王家卫或李安的重要区别在于，前者是一元论者，后者是二元论者。说到底，这是“大摄影家”用他那美轮美奂的造型艺术为自己办的一场葬礼。人是很难如实地谈论自己的，故而黑泽明亲笔为其写下了墓志铭——人就算死了也不会放弃虚饰。,3,英雄
颜色用得很炫，摄影出身的张导一直擅长此道。,3,英雄
张艺谋感染了王家卫和寺山修司的病毒，他是是缺了魂，而作品本身并不是不伦不类。历史观是正确的，美工自是没的说，摄影意境是种探索只不过有点浸淫滥觞（尤其是箭雨特效对后世电影作坊的流毒不浅），多角度叙事虽然简单了点，但各方面尤其是商业开拓也是里程碑。,3,英雄
我理解张导是要拍一部画面如诗的风光片，他确实做到了。没有贬低的意思，我还是挺喜欢这片的,3,英雄
视觉的确很美，但和故事的融合度太牵强，华而不实，便显得没有灵魂。人不离人，剑不离剑。,3,英雄
没感觉好看，就是大牌多,3,英雄
忍不住想和《罗生门》作比较,3,英雄
不同故事版本不同的颜色，不是简单的模仿罗生门的法式，而是依据自己的需求来改动，倒是被这个打动，红色版本最有血肉，爱恨都是浓烈的，反到喜欢；青色版本太过悲情，仁义表彰得太多，于是虚伪；白色版本最接近事实，血肉是有的，仁义也在宣扬，符合大中华的审美标准，以为的不偏倚，却还是不喜欢,3,英雄
张大导演的这部电影在IMDb上分数过7.5且有15万人看过，我在家补过后，以为是这个类似汉赋的故事感染了外国人。结果看了下老外的评论，都在说电影的美术音乐美轮美奂，我就纳闷了，大染坊套装真的大丈夫？,3,英雄
不知所云……不过小章真适合演这种倔强有心计外加有点小勾引小性感的角色。,3,英雄
最后万箭齐发的镜头还蛮震撼的~,3,英雄
剧情有很多硬伤，要不是有明星早就看不下去了．,3,英雄
颜色挺有趣的。。台词挺二的。。李连杰挺矮的。。没了。。哦对，张曼玉好美啊！！！,3,英雄
三样叙事三种不同的风格。很有意思。没有想象中的烂，但是人物塑造太单调，不喜欢他们的情感模式，也讨厌不刺秦的理由。统一不代表苍生无恙。,3,英雄
情节毫无意义，就记得一会满眼红一会满眼绿倒都是很美的画面。,3,英雄
多少年后回头看，相对于之后更多荒谬的片子，《英雄》其实还行，真的还行，至少不像《无极》和《十面埋伏》那么挑战胃的生理极限－＝,3,英雄
话说，隔了那么多年，我唯一印象最深的，就是长空和无名对决之时子弹哥耍那把长枪的片段..........................额..............................,3,英雄
您不能为了哄骗欧美的傻佬 就整这么个四不像出来糊弄大家啊 从一开始就抱定“东方不亮西方亮”“看不懂那是你不懂欣赏”这类想法 结果就是电影弄得跟个MTV似的 台词更是傻到暴 说人话行不行！？    为了突出这部的好 又特意拍几部更烂的来恶心大家 这么看来老谋子为英雄也算是用心良苦了 ,3,英雄
现在才看这片儿。。音乐不错，画面不错，没什么剧情吸引力。。俩人问答，有点乏味。。章子怡怎么一看就给人一种小三感。。,3,英雄
其实挺好看的，景多美啊，虽然故事太弱了点儿，但是演员都是我爱的,3,英雄
就是觉得章子怡又俗又刁又下贱,3,英雄
喜欢水彩画的效果~为此我看了三遍。。。,3,英雄
据说看过无极就觉得英雄太好看啦……,3,英雄
画面的美感，原来是杜可风。★★★☆,3,英雄
大片的领路人，现在回想起来，色调最让人满意。,3,英雄
个人觉得张艺谋的飞红飘绿也还不错嘛，人家以前学摄影的有什么办法，但影评人非嫌人家人物内心的张力不够，还好啦，有一头没一头也可以忍得。。。,3,英雄
张艺谋商业电影的开始 赚大发了 色彩对比浓烈 其他=0,3,英雄
摄像师水平的导演，一切都停留在追求画面上，想通过画面去表现所谓的“艺术”，只能说是太肤浅了。时代在进步，张艺谋依旧是个摄像师。浪费那么多道具，拍出人工痕迹太深的片子。除了让演员装B，装深沉，装内涵，拍POSE，武打动作舍弃本身，飞来飞去的，让武术成为了魔术，是嫌我们中国观众观赏水平太,3,英雄
其中体现的思想还是很好的,3,英雄
哦。。。 吴老师带我们去的。。。是的。,3,英雄
看完《羅生門》我才知道，我們這邊連《英雄》都是從日本進口過來的。,3,英雄
为了看九寨沟..,3,英雄
也就是秦王和无名的YY电影。不过剧本很像古代的叙述形式。梁影帝总觉得很搞笑，不知道是不是天下无双太深刻的原因，怎么表情都是一样的,3,英雄
其实我觉得可以打四颗星，但是，基于我个人对张艺谋的某种说不清楚的厌恶，减去一颗星。,3,英雄
每次老谋子都搞一个非常大的架势讲个支离破碎的故事╮(￣▽￣&#34;)╭ ,3,英雄
华丽的画面掩盖不了空洞的剧情。重看了一遍，主要是主题太假大空了，连带人物、剧情也空洞了起来。画面、镜头还是好美。,3,英雄
要能真刀真枪打多好......特技太多,3,英雄
我们老师管这部电影叫扯，可观众喜欢这样的扯。,3,英雄
手中有无剑，心中有无剑， 便是一种大胸怀，便是不杀，便是和平。,3,英雄
中国电影史上第一部堪称大制作的影片，不过除了风景几乎没有任何值得称赞的地方，IMDB居然8分，还是合老外的口味啊~,3,英雄
老谋子走梦幻路线- -,3,英雄
觉得后面有一段终于出现这部影片的含义了，可以现在忘了。。。陈道明的秦王还是很有味道的！！,3,英雄
3.5⭐中国传统意境与西方暴力美学相结合，在电影商业化与全球化背景中，张艺谋大胆尝试，使此片在中国电影史上具有里程碑的地位。形式主义也在此片登峰造极。美，是恰到好处的留白。堆砌，会破坏，会流俗。那些处心积虑、精心布局的“万箭齐发”，害死了《英雄》。,3,英雄
啊。。。唯一一部3星的梁朝伟蜀黍的电影~,3,英雄
故事很简单，表现得很复杂,3,英雄
大师级摄影！！！2B级编剧！,3,英雄
有人说这拿去当深奥题材片不错，呐..,3,英雄
那天看王立群讲史记里讲到荆轲刺秦王，然后提起了英雄，我就突然想起了这部中国式大片的烂片来。,3,英雄
终于看了这本片子。结果发现当无人对白的时候，才觉得音乐情节画面结合上了。唯一的对白让我觉得都上点了，是那个在剑雨中挂掉的赵国老先生。,3,英雄
因读到贾谊的《过秦论》，便重看了张艺谋的《英雄》。影片摄影工整，画面精致，结构清晰，演员实力也毋庸置疑，但难以动人。或许是题材原因，我等草民难以与心怀天下的情怀共情。秦始皇也的确难定评。影片开启了中国大片模式，本以为只是个开始，没想到后面的太差，评分这十年间逐渐走高，再次重看，差强人意。19.8.17,3,英雄
再看还是爱的。【2019.12.03】110分钟版。爱死无名最后淡定被包围的镜头了，好悲伤啊，心疼。这电影其他都挺好的，怎么梁朝伟和张曼玉之间的对白写得好不入流啊，跟片子整体的味道不搭。喜欢无名的素色装扮，在其他色彩过于浓烈的衬托下，简直一股清流，引起舒适。,3,英雄
色彩很华丽,5,英雄
不算烂 张导演太急躁太野心了一点,3,英雄
故事套故事 其实每个人心里都有一个关于刺秦的故事,3,英雄
对我有特殊意义的电影,3,英雄
视觉上不错情节上较差所以总体还行,3,英雄
万箭齐射的镜头很不错。,3,英雄
张的大片中最能接受的一部,3,英雄
说真的 有点无聊~,3,英雄
由一堆明星堆砌出的没有灵魂的古装大片，但在摄影、布景、视效等方面确实极为出色.,3,英雄
张艺谋视觉形式主义的大鸣大放之作,3,英雄
还是那句话，不要攻击我的历史软肋。就我本人而言，分全部给到视觉呈现和想象力执行。这部电影的剧本完全是灾难，台词的设计、人物互动之滑稽不忍直视。能看出编剧（当然包括国师本人）想玩一个高明的罗生门，结果ABC故事割裂，人物性格不断重塑，最后C故事使人昏昏欲睡。在视觉上与《黑客帝国》异曲同工，并加上了国师的调色板buff，壁纸系列。,3,英雄
画面是很美，很想画中人。但是感情纠葛太沉。,3,英雄
当年的大片，依然看得我一头雾水。,3,英雄
只能说陈道明演得好，其他我看不出什么,3,英雄
当年期待很久的一部电影。很喜欢浓烈的色彩。结尾太狗血。难怪张导后来搞奥运开幕式了。,3,英雄
就记住大块大块的颜色和九寨沟了。。,3,英雄
老谋子的很多电影我都没仔细看啊,3,英雄
化妆道具很糙，可能是因为我看的HD版吧..,3,英雄
基于小时候对该片的印象给的分，如非必要也不想再重看了,3,英雄
毕竟是年幼的回忆，毕竟那时对国产大片还未审美疲劳,3,英雄
意念对战不就是全靠脑补吗？装逼到极致就成了道...画面很美，演员很棒，剧本很扯...不能细想，别带脑子看就行了,3,英雄
前半小时有给五星的冲动，看完还是只能给三星。剧本是最大的问题，无节制的打斗镜头越到后面越疲劳，过于整齐划一的人物运动。三星全给制作和表演,3,英雄
风，大风 7.2/10,3,英雄
是虚有其表的漂亮。可惜16年之后，连这点漂亮也没有了。此处高亮：（此片还带来道德危机，似乎在宣扬一个有理想的人对众生是有支配权的，那么其理想的效果以何来保证？如果推测出一个人的行为将利益大多数人，后世子孙，而可以作恶，那么少数人，今世人的权益就可以被抹杀吗？——徐浩峰）,3,英雄
画面美的没话说。政治思想还是一般人不能达到的。,3,英雄
很有意境，画面感非常好，并且有大爱的感觉。,3,英雄
看完第一段知道自己被骗了，后来几段被骗了就不以为然了。,3,英雄
在河北工业大学住宿时看的。为了看这个电影，还去问隔壁的老师，坐出租车。付出了这么大的代价，结果却大失所望。程小东的武打设计，毫无新意。张曼玉和梁朝伟的表演，也非常平庸。这个电影，成了自己痛心的记忆。,3,英雄
色彩上很饱满，特技上很广告,3,英雄
图着张曼玉这位美女看的，在视觉上，确实感觉有美感,3,英雄
不杀就不杀...假设好多 浪费感情...,3,英雄
那張OST快聽爛了，特別是THEME。,3,英雄
当初自己掏了20元电影院看的啊= =,3,英雄
别再弄这么搞笑的结尾了~~,3,英雄
红红蓝蓝绿绿黄黄 挺好看的,3,英雄
梁朝偉死時的臺詞挺好的：想跟你回家，可惜現在不能夠了。故事內核挺簡單的，結構也不算玩出花，主要還是看場面了，攝影指導居然是杜可風。,3,英雄
老谋子的一出罗生门,3,英雄
景不錯。仿《儸生門》手法，意義不大。,3,英雄
天下。其实这部戏立意不错，阵容也强大。只是我不明白为什么一定要在那么多人牺牲之后再告诉我们“天下”。难道真的是“一将功成万骨枯”才能成其大业么？这样的天下，势必一次次引来战争。试问它又有何价值？,3,英雄
一部标准的给外国人看的武侠，过于意识的传达让故事太简单，打斗场面行云流水又充满各种中国符号，电影讲的东西其实很简单杀是为了乱世终结刺秦也是为了乱世终结，牺牲生命只是为了后人更长久的和平。但加了太多特效太多空景，浪费了，刨去这些把故事讲的更丰富些有何不好,3,英雄
你色彩饱和度还可以再高点。。。除了颜色什么都没看到。。,3,英雄
中国商业片最成功的一部，色彩超炫,3,英雄
可以看到很多中国传统的东西，但却感受不到,3,英雄
不杀 和平 伍的有点逗 但是美术和结构还是很赞的 ,3,英雄
中国有了自己的大片。。。,4,英雄
这个明明就是九寨沟旅游宣传广告,3,英雄
老谋子的这部片硬伤太多反而因祸得福，使得亮点格外鲜明：无论是色彩的运用、意境的创造还是过瘾的打斗，即便在3D大行其道的今天看来，仍属一流；侠是中国传统文化的瑰宝，演绎繁多，《英雄》继承儒家兼济天下的可贵精神并希望能在西方世界获得认可，中国电影难得有这样的自信，鼓个掌！,3,英雄
开创国产大片的模式,3,英雄
没看过的面壁去吧。,3,英雄
BJIFF@资料馆。用罗生门的形式，拍了个不同视觉主题的命题作文集，题目分别是：「雨」、「水」、「沙」、「叶」等等。从北京奥运会这个作品来看，张艺谋最得心应手的还真就是「单元式的视觉命题作文」，世界顶级水平。台词负分。,3,英雄
2002.12.影院,3,英雄
画面满分，故事一分，平均三分,3,英雄
本片剧情太过于单薄，不足以支撑起90分钟的长片电影，电影本身的故事情节对于西方人来说比较复杂，但对于东方人来说，却又过于简单 情节缺少那种贴近生活的真实。感觉到人物性格的前后发展变化比较突兀，斧凿痕迹比较深，失去了真实性。给人的感觉是演的不是人，而是神。主角给人不够丰满的感觉。一个至关重要的人物，由于在影片中相对的黯然失色，没有达到“把有价值的东西毁灭给人看”的那种催人泪下的悲剧色彩。,3,英雄
曾经的所谓大片 其实就是看这些大牌而已 剧情。。。。,3,英雄
张艺谋，色彩，英雄。,3,英雄
浓墨重彩的梦幻,3,英雄
2018年又看了一下，张艺谋比较喜欢用堆砌人数来渲染场景的癖好，始于《英雄》。最后“群臣齐声劝谏”的场景，气氛让人哑然失笑，从这个细微之处就能感受到，张艺谋对于这种集体主义的表现方式有怎样的误解。当我们做广播体操的时候会觉得，当一件傻事是很多人在一起做的时候，就不觉得傻了，这也许是张艺谋滥用人群的原因。其实不是的，只是当事人不觉得傻了，外人看起来还是觉得傻透了。,3,英雄
求其形，却疏于意。但毕竟做了吃螃蟹的第一个,3,英雄
张艺谋 / 李连杰 / 梁朝伟 / 张曼玉 / 章子怡 / 甄子丹 / 陈道明,3,英雄
求其形，却疏于意。但毕竟做了吃螃蟹的第一个,3,英雄
哈哈哈哈哈。。。初一的时候看得脸红心跳的。,3,英雄
子怡姐姐大花瓶！,3,英雄
...一心想看轰轰烈烈的动作打斗... ,3,英雄
色彩，神马的是不是模仿的黑泽明？,3,英雄
一点悬念都没有啊,3,英雄
如果是年少时期的我，一定会给五星的。可惜可惜……,3,英雄
中国本土的第一部商业大片，貌似也是张艺谋电影口碑下滑的开始，在将近10年前，这部片子的特效，音效做的还是不错的，鲜亮的色调，纯粹的色彩，加上主角浓厚民族色彩的飘逸服饰，经典的中国风画面；这个故事的主题是“和平”，和谐社会嘛，这个没问题，只是整个剧情的发展实在太矫情了，要纠结死,3,英雄
第二次，竟是在电影院看的。之前对于黄叶中的红衣印象极深，搬到大荧幕觉得实在是美极了。对那些机械一班的人群那些莫名其妙的一致以及遍地狗血的雷点表示反感。我并不赞同的英雄生死观，大部分表演像在念台词，场景莫名地呈现一种不舒服的感觉。最大的亮点莫过于配乐和祖国大好河山的绝美风景了，笑。,3,英雄
画面还是很OK的，其余的不做评论,3,英雄
最近好像对英雄的评价又高起来了，想想回来马克一下，最深的印象是色彩和镜头，其次是梁生的角色太太太招苏了我好想上他！！！当然张艺谋还是适合用大陆演员，气质不一样啊～这故事还真是略空。,3,英雄
画面如老谋子套路般色彩明艳，故事，不说了.....想说啥呀这是,3,英雄
    其实我觉得还可以，武侠里挺好看的，比后来的无极、夜宴、十面埋伏、黄金甲好看多了,3,英雄
拿把小凳子在银都过道上看的。又敲了一把晚自习，爽,3,英雄
开创大陆大片时代,3,英雄
真的没有那么烂，至少叙事结构在国产电影中有突破,3,英雄
 “停止战乱，一统天下”是《英雄》的核心观点，这包含了中国人对“秩序”的迫切要求，为了免受战乱，我们可以忍受暴君的统治，即使遭受亡国之恨。为了秩序，必须忍受秦王这样“必要的恶”，忍受一个“利维坦”，至于追求平等、自由，权利，则不再考虑范围。在现代看来，《英雄》更像一部政治宣传片,3,英雄
红 黄 蓝 绿,3,英雄
一样的垃圾……可惜了的阵容 好在想想有蜀山那样的片子存在 也就罢了,3,英雄
秦地飞雪，夜挂如月。一曲长空，霜冷残剑。干戈无名，狐悲秦王。,3,英雄
不得不说，是挺美的。但是我怎么就是觉得导演是王家卫呢。而且我不禁在想，果然大王和残剑才是真爱啊。,3,英雄
3星半 虽然故事又假又简单 主题也很富争议 但还是比较喜欢影片表现出来的情怀 摄影 配乐 中国的艺术指导也加分,3,英雄
老谋子啊.....,3,英雄
看在美丽的画面份上,3,英雄
梁朝伟和张曼玉的表演，让此片还有唯一一看的原因,3,英雄
明星很多，片有点烂,3,英雄
张艺谋在色彩方面确实有一手,3,英雄
三段的概念还挺好的啊 ,3,英雄
欣赏《英雄》，要欣赏它的色彩，且只能欣赏它的色彩。,3,英雄
忘记初中还是小学在电影院看的，当时真心没看明白。。。,3,英雄
喜欢电影的配色，但是剧情还是比较简单，又有些重复。章子怡几声嘶吼演的还是蛮到位。,3,英雄
张艺谋的美学观。。。,3,英雄
颜色的绚丽是老谋子骄傲的资本。,3,英雄
照搬《罗生门》的叙事模式。,3,英雄
身正影不斜的主旋律商业片。最出彩的是张艺谋最擅长的色彩和场景，杜可风的摄影更使得这部电影透着一股王家卫的味道。台词有缺憾，说的太清楚。三星半。,3,英雄
老谋子的大片先行者，说实话这部影片除了大片外没什么意思～可看可不看的东西,3,英雄
前两天上课的时候又看了片段...怎么觉得台词现在看起来更搞笑了呢,3,英雄
故事乏善可陈，主题过于媚上，但画面还是唯美的。,3,英雄
A visually stunning martial arts film with mediocre fight sequences,3,英雄
手法和表现都很工整老到啊，当时是牛叉闪闪的大片，现在看来，还真是个里程碑一样的，绕不过去的存在。,3,英雄
喜欢章子怡和张曼玉打斗的那个场景,3,英雄
现在发现这电影还能接受了,3,英雄
能说还行大概只是出于我对他们想用的叙事手法的初衷还算认同……虽然拍出来的效果却是极其蹩脚囧RZ,3,英雄
陈道明都快把中国所有的皇帝当完了,3,英雄
大红大紫，老一套,3,英雄
大牌云集，效果第几？,3,英雄
故事太薄弱，摄影不错。隔八年后再看，原来上一次没有看懂。,3,英雄
开启了大片时代的里程碑式作品，也是张艺谋本人转变风格之作。自此以后，张国师电影中的主题性思想性明显下滑，而以往电影中注重色彩注重形式的特点更加突出。万箭齐射的场景是片中的亮点，叙事结构上有致敬罗生门的意味。但故事性不足，动作设计不够精彩，主题也沦为空谈，只能算一部失败的武侠电影。,3,英雄
没有大家评论得那么烂。,3,英雄
画面很漂亮。还有最后李连杰死得太深刻了。给画面的三分。,3,英雄
"初三时语文老师腾出两节课来看的电影,当然要提一下咯,虽说想想也不怎么样…",3,英雄
当时我怎么感觉这部电影时间很长呢？不喜欢这个故事。,3,英雄
冲着它是一里程碑不给差评了,3,英雄
「这世界需要有人被歌颂，我们等待保护自己的英雄，轰动好让自己感动。 」在各种炫技之后，发现故事没讲明白，需要片尾曲做总结。,3,英雄
画面漂亮 剧情单薄,3,英雄
看完这片，给我的印象就是大红大绿，恩。,3,英雄
我在电影院看的唯一一部所谓大片,3,英雄
初中在电影院看过，当时看不懂，现在也不想重看了。就保持3星的记忆吧,3,英雄
貌似中国国产武侠电影的高峰啊,3,英雄
最後還是英雄好,3,英雄
若不是看过意大利某电影，也许会被结构安排吸引。然而，最后它于我，是一部在操场上和同学们一起观赏的风景片儿。,3,英雄
国产大片的领头作品，开启了场面宏大，叙事混乱的国产模式，还是有一定的里程碑地位,3,英雄
老谋子从这时候就开始费力不讨好了,3,英雄
对白有种古龙的气质。视觉上美则美矣，但是感觉太过浮夸。整个电影其实都有种浮夸做作的感觉，看着心累。,3,英雄
比较烂的武侠片，打得不精彩，色彩虽然艳丽但感觉很平，有意思的地方在于讲故事的方式，讲了三个故事，这还比较有新意，所以本该两星的，加一颗星鼓励一下,3,英雄
摄影、音乐、色彩等方面都堪称完美，剧情情节上有很大的漏洞，人物对白过于空洞，老谋子拍电影还是要多琢磨琢磨剧本。,3,英雄
只是为了祭奠那一片小小的人生篇章，深爱你，我想要重新开始。但，我还值得祝福吗？,3,英雄
时至今日才看了这部当年的大热剧，画面很美，场面够恢弘，故事却很一般。大概是这部电影奠定了张导演的奥运开幕总导演的地位吧。,3,英雄
印象中第一个中国大片,3,英雄
我就是好喜欢里面的颜色啊！！！！不论是衣服还是场景！！！！,3,英雄
之后看了十面埋伏、无极  觉得英雄其实还是满好看额,3,英雄
现在才想起来，那个戏份少的可怜的长空就是甄子丹。,3,英雄
摄影很好。舞美也很好。就是编剧太差，穷装逼。感动不了人。张艺谋沉醉在自己有钱有资历能办大场面上了，却渐渐沦落到失去了灵魂。打看完这篇电影我打算以后不看垃圾电影了。老看会降低了自己的水平。,3,英雄
从这个时候开始就觉得贞子蛋丑了,3,英雄
画面华丽，清洁单调。本来是群架，打着打着就起内讧了。,3,英雄
其实现在看来也没有那么烂，场面也是电影的一部分,3,英雄
小时候难得去电影院看得大片，除了觉得摄影和配色特别棒，最后万箭齐发很震撼以外，便没了印象,3,英雄
看的我急死，到底想表达什么？你倒是说啊。。。,3,英雄
白瞎了那么多演员 银子,3,英雄
本身电影的视觉效果还是不错的，演员的演技也没的说，但是，中国武侠重在意境，意境不只是打斗，不只是布景，更多的是用剧情，用意向，用暗示展示主题，而不是通过直白的台词告诉我们这部片子想说什么。这一点，李安便要高出一筹。武侠电影少了这重意境，变少了最中心的灵魂。,3,英雄
张艺谋我都不好意思给你打一个tag,3,英雄
"当时那个年代,首映看完还是挺激动的.",3,英雄
小时候看过 色彩和画面构图的确不错 但是总感觉张曼玉和梁朝伟在这部电影里没发挥好 还是觉得他们不适合拍张艺谋的电影,3,英雄
现在看来，可能那个时候有一部分电影的确需要平反了,3,英雄
某一期锵锵，荆轲如中国仕途中人，大仁大义；聂政是日本武士，非成即死,3,英雄
第一部让我排了一个小时队才进的电影,3,英雄
没认真看其实。= =,3,英雄
better than imaging ,3,英雄
重看。张艺谋回顾展*新衡山*胶片版。除了演员，摄影杜可风配乐谭盾小提琴帕尔曼配唱王菲，确实是其时精英荟萃的顶级制作，如果能接受那套帝王将相的寓言，那么张艺谋的表达得是很自足的，色彩叙事、工整构图、团体排演、舞美动作，对景观的制作（而非捕捉）就此登峰造极，电影的资源集中于造型元素，意在展现中国文化中的仪式感，但对我来说，也很难从这种形式里撇除空洞、浮夸的观感。影像是可以逾越一些逻辑，正如用威亚去突破物理规则一样，只是如果没有微观的生活作为基础（只有美术细节没有生活细节），似乎难以调动我个人的经验。,3,英雄
"那个&#34;风, 大风..&#34;让某纠结了好长时间..",3,英雄
画面感不错的说，剧情可以忽略,3,英雄
又猛然想起我小时候在电影院和爸妈看了这货，剧情太扯，可是老张的每部电影色彩和摄影都没得挑，电影本身给一星，色彩搭配和摄影啥的给两星。,3,英雄
我承认看过他，见证了国产电影吹气球的虚火时代开始了，俺也是历史的见证人啊,3,英雄
一部高质量的MTV,3,英雄
电影重内容形式只是附着，怎么国内导演就不懂。重温后评价下降,3,英雄
浪费了一帮好演员,3,英雄
看到一众好评有点惭愧，因为我只给了三星，不多也不少。色彩饱和度很高，程小东的武术指导也确实拿得出手，书法古琴武侠始皇等等一系列元素几乎可以作为中国对外宣传片了。但英雄永远只能站在卧虎藏龙的阴影里，每个中国导演都有一段武侠梦，过度模仿只会让原本的优点被吞噬。,3,英雄
大腕级明星太多的电影。。。不会是最完美的,3,英雄
当年看的这部也不知在看些什么，只记得里面有两曲古筝相当好听，以后再是看诸如此类的必要先了背景。现在刚好要找些秦始皇的相关，看了一点，也不觉得有什么史实于里,3,英雄
跟章大妈...算不算我人生看的第一场H戏 ？而且留下如此惊悚的印象？,3,英雄
三星是给色彩和画面的,3,英雄
我觉得还可以其实 至少视觉上是享受 对色彩的了解又有了提高,3,英雄
同样我也不觉得这部电影好看~~,3,英雄
与王家卫的文艺味武侠不同，张艺谋结构出的武侠片更显得“苗正根红”。而大阵势的人海与极度饱和的用色本来就是张艺谋一贯的招牌，相形之下那一众大牌主演的发挥都受到了限制。没说的那么差，3星半。,3,英雄
N英雄=一堆狗熊,3,英雄
十二年后的张艺谋再看这部片子，会弱弱地有点蛋疼吧。。。不管怎样，那是时代的流行性或许就是弱弱的装逼。和老外同学们一起在课堂上看这部片，当主角说出：“剑，有十九种写法。“中国同学都笑了，老外们一脸茫然。。。,3,英雄
尼瑪這麼多沒稀罕標的 這些大片的價值就在於作文章,3,英雄
冲着明星去的~要不才懒得看呢~,3,英雄
老谋子还是拍乡土片比较合适。,3,英雄
颜色用的太硬了，打斗有些反人类。章子怡在这电影里定位就是“倔”么…,3,英雄
张曼玉和梁朝伟的飘逸、李连杰的死亡设计、还有那些场景，换来三星。,3,英雄
中国的第一部大片    看到的是一股大义凌然,3,英雄
画面很美，故事很烂,3,英雄
英雄的主题是：反恐,3,英雄
逻辑和推理什么的都有了，还算过得去吧,3,英雄
台词和情节可以再多修改,3,英雄
画面没得说，其他没法说,3,英雄
为了和平，不阻止战争，不刺杀（那怕）暴君。这所谓「天下」，延伸起来有没有个限制呢？「东亚共荣圈」难道是个好主意？这类想法让人不得不怀疑导演的政治立场和价值取向。除此及过于夸张的箭弩、人物的刻画和剧情的瑕疵，其他还行。却是的确达不到卧虎藏龙的境界。也确实引发了对战争和平的另类思考。,3,英雄
有老谋子的特色，色彩分明；有黑泽明的影子，结构类似《罗生门》；有武侠的风骨，侠义之士剑胆琴心；有中国传统文化的精髓，琴棋书画皆可见。我个人觉得是个值得细细品味的电影。在国际影坛，这应该是让许多世界导演啧啧称奇的一部片子。,3,英雄
 评分：C+  ,3,英雄
06.10.09 af. home al.,3,英雄
颜色很好，很强大。,3,英雄
"没有那么不堪,借用了罗生门的结构,可惜剧情太单薄了",3,英雄
摄影系优秀作品。,3,英雄
张导转型后最顺眼的一部....,3,英雄
"看了英雄才明白, 國內武俠大片的風格濫觴. 在嚴重改編歷史的基礎上, 一邊迎合外國人對中國古風的幻想, 一邊斥重金鋪排來轟炸感官以滿足娛樂需求, 但難以掩飾內容的空虛和靈感和缺失. 一句話就是步子邁太大了. 但好歹有些形式美, 儘管重複利用的形式仍然讓人乏味. 2.5星.",3,英雄
只能说画面确实挺好看……,3,英雄
大色块，慢动作，但不喜欢那个关于天下的诠释,3,英雄
国产大片争相圈钱从这儿开始。,3,英雄
好排场的张艺谋，讲了一个现代化的古代故事，而且这剧本有问题啊，最后顿悟的应该是无名，否则他可以不去刺杀的，结果最后让秦始皇顿悟了这什么鬼。,3,英雄
当年粗陋看了几遍,3,英雄
如果让王家卫来拍的话可能会更好,3,英雄
其实我很不喜欢老张的东西~~,3,英雄
印象中从这部片开始，内地电影更加注重比谁投资多，明星多,3,英雄
一星给画面色彩。一星给梁朝伟。还有一星算是给张艺谋吧。武打场面是真无趣又中二。叙述方式似乎有罗生门的影子。当年的章子怡真水灵。梁朝伟的眼神太棒我觉得我要进化成脑残粉了&gt; &lt;。,3,英雄
张艺谋你伤了我的心．我那时多期待呀．结果．．,3,英雄
中国的罗生门。。同时表现了各种关系 ,3,英雄
当初看了么很激动觉得很好看啊 有目的的从头看到尾的电影 我应该建立个标签叫#斯巴达300勇士大电影#,3,英雄
张艺谋如果能选个好剧本的话还是可以很给力的。,3,英雄
当初看了么很激动觉得很好看啊 有目的的从头看到尾的电影 我应该建立个标签叫#斯巴达300勇士大电影#,3,英雄
情节一般。。画面美~~~,3,英雄
老谋子美术挺好的，电影除了或红或蓝或青。。的画面留下了印象，就没了,3,英雄
张艺谋其实真不会讲故事，他只擅长渲染意境。。。但从这点上王家卫又比他成功许多，靠的是配乐和台词，而张艺谋都是拿钱砸出来的。。,3,英雄
这部电影的音乐、台词、画面、服装和镜头都没的说，也是众星云集，开了国产大片的先河。悲剧的是这部电影从筹拍到杀青再到上映吸引了太多的关注，也带来了过高的期待，可本片的内涵太过普通太过简单，所以最终这部作品只能说是毁誉参半。,3,英雄
画面不错，内容肤浅，张艺谋也就是个顶级的摄影师或是美术指导，要体会中国文化，他还需要再看点书。,3,英雄
以前似乎是看过的，但没看完，今天看完了。怎么说呢，一开始感觉这位张艺谋大叔在拍mv或者幻灯片，郭敬明大哥去上几年电影学院应该就能拍成这样。尤其是在树林里的两女人打斗，我真的，对电影这么有耐性都没看下去，直接快进，居然丝毫不影响剧情…好看归好看，你拍的毕竟还是电影。后面渐入佳境，多视角的对峙，看似讨论四个刺客，随之秦王的形象逐渐鲜明，也使观众信服：确实不该杀。但对话挺硬的，有点想笑。荆轲最后决定不刺秦王的那部分，令我动容。除此之外，全程看幻灯片模式。文学气太重，“意境”太多，却没有王家卫的灵气，浪费了梁朝伟和张曼玉。章子怡倒是经常演这类角色，挺适合也挺局限。这部片子如果面向外国友人宣传中国古典艺术，也还适得其所吧，画面精美。怪不得张大叔可以去指点奥运会开幕式。就这样，加油。,3,英雄
画面不孬，弥补了剧情的不足。。,3,英雄
现在才来看这部戏电影，是不是有点晚了？人说，练剑的最高境界就是手中无剑，心中无剑，以博大的胸怀去包容这世间的一切。我希望自己有一颗容得下整个世界的心。,3,英雄
超美，其他的，excuse me？？？,3,英雄
喜欢里面的大块颜色,3,英雄
用马亲王的话来说，“《英雄》是一部有一流演员、一流武指、一流美工、一流摄像、二流导演和三流编剧的电影”……反正都怪李安。,3,英雄
张艺谋是个好的摄影师 仅此而已 您能和陈导再合作一次么,3,英雄
且不谈内容 摄影艺术性还是出彩的 ,3,英雄
画面没，当初逃课去网吧看，然后就被抓住了。。。泪,3,英雄
其实，挺无奈的，看完，无语。,3,英雄
陈道明的秦王还可以,3,英雄
花这么大的心血去讲爱情故事吗？或者刺客的故事？,3,英雄
在片里位置很固定的陈道明说，《英雄》是著名导演对我的一种考验。我希望这种考验以后最好别有。,2,英雄
染缸电影。几乎跟我心目中“好电影”定义反着来的，缺点数不完：人名台词矫情，人物空洞乏力，演员不知道自己在干嘛，铺张浪费，人海战术并不辅助剧情。更重要的是，坚毅冷酷的杀手最后竟因为大一统这种白眼级别的原因选择见风使舵，为秦始皇洗白也不用说“英雄惜英雄”吧？优点当然也有：演员好看,2,英雄
汪精卫找到了知音啊。一统，不要反抗，为了老百姓的幸福。,1,英雄
基本属于烂片,2,英雄
「国师」之名就是打这里起的吧？跟当权者讲天下与和平，他们就有了名正言顺施任何暴行的理由，幼稚无比；再做这样浪漫化的风格处理，不敢说是坏，但至少肯定是蠢。仅就构建视觉奇观的能力，华语导演中真无人能比张艺谋，但在这里他太多为展示而展示了，过度到了近乎做作的地步，不知取舍。//公映后首重看,2,英雄
[英雄]的精英史观不仅表明张在叙事表达上的失败而且也展示了本片在主旨灵魂上的空洞。英雄的定义在新千年得到新诠释（为天下苍生而退），丢了“知不可为而为之”的战国刺客气魄，为什么不架空呢？或许是对全球热度的渴求在作祟吧。才知道原来战国可如此浮夸地对话，做作地打斗，好一个中国韵味。,2,英雄
中国电影史上最高装丫挺的事件,2,英雄
看看曼玉姐姐吧……,2,英雄
有秦一代，国祚甚短而后人遥想颇多。秦俑情、刺秦、秦颂……想象风骨日渐两稀。然国师终是国师，出手便问天下。试问：有比游学积年而无所用于世，只以观影宣泄过剩智力的影评人更恨这两个字的吗？多一颗星给盛宴留点余地。,2,英雄
当时记者在人民大会堂的首映礼上问张曼玉：大家都说《英雄》这部电影是一场视觉的盛宴，你如何评价呢。张曼玉说：“我今天来到人民大会堂，这里太壮观啊，我觉得人民大会堂才是视觉的盛宴。” 所以我想 这部电影就是一个电影版的人民大会堂。,1,英雄
终于看到了传说中的，“风，大风”。一支飞行轨迹精准的弩箭需要花不少工时制做的，万人方阵同时射弩要消耗掉秦国军械部门多少年的产量？感觉张艺谋从这时起就已经思路枯竭，需要依靠胡编乱造的玩意儿凑数了。。,1,英雄
初中时还屁颠屁颠地去看，严重失望……,2,英雄
张导演自以为学人家拍大片就可以拿oscar真是自不量力想登天。。英雄在各方面至少比之后那些好点还好那么一点点。。,2,英雄
毕竟象征中国的大片时代的到来。,2,英雄
有一同学说，他从来没想到有人能把电影能拍成这样（褒义）。,2,英雄
要不是为了上课才他妈不看呢 看到章子怡那张脸就烦得慌 今儿教授老头说了一句好经典的 说 this is a typical Chinese movie--everyone dies     2333,2,英雄
"除了色彩外,没有可看的,剧本太差了,无数次笑场",2,英雄
张艺谋拍成这样真不要脸。难怪被无间道打得这么惨。,2,英雄
我第一次反应是，，张艺谋到底想干嘛？？后来我明白，，那是要拍烂片还还以前的债,1,英雄
二战时，有人想去刺杀日本天皇和希特勒，有人在刺客手上写下“全球”两字，他于是放弃了刺杀。毕竟日本天皇和希特勒心系全球啊。,1,英雄
刚刚写了那篇作文 还不信邪 果然失望到了,2,英雄
开头还行，展开很恶臭，立意很费拉。,1,英雄
给梁朝伟 张曼玉 陈道明 面子，可是为啥要伤害我家的秦始皇啊！！郁闷！！,2,英雄
画面摄影特别是色彩五星，服装和演员阵容四星，故事三星，立意、格局、历史贴合度及情感表达二星。总之回头看确实是合格的商业大片但实在喜欢不起来，个别地方甚至厌恶，所以还是二星了。,2,英雄
唯一的看点是有看到剑斗，虽然没刀，但是也算过去了！,1,英雄
三段臆想！简直是无聊透顶！@徐汇影剧院,2,英雄
还记得是初中军训时看的 还被剪了= =,2,英雄
偶终于看了这片！重磅的画面，废柴的简单剧情跟核心内容。各种二各种废各种洒狗血。（陈道明倒是很卖萌~始皇帝居然有心思编爱情故事……真是第N春不改）还有那经典的“大王八大王八”跟“FUCK ！BIG FUCK！”,2,英雄
哈哈哈哈笑死我了都不好意思说您烂了哈哈哈哈,1,英雄
当时和一个同学看的盗版，还是在大一上学期，印象奇劣，我至今还在怀疑我是怎样看完的,1,英雄
记得很清楚，当时花了160块钱。,2,英雄
看过罗生门再来看英雄才知道到底有多烂,1,英雄
一星给梁朝伟一星给张曼玉，和电影无关，电影我给的是负五星,2,英雄
秦灭六国、追求霸道变成了以战止战、为和平而统一！高尚的嬴政！两千年后还能有人这样洗地，服了。画面再美也打一星。,1,英雄
好在哪？不就是开启了堆明星拍大烂片的商业时代！,2,英雄
应该是初二考完期末的时候全班一起看的，电影刚出就有同学拿VCD来了。哇靠现在对当时强烈的恶心感都记忆犹新啊！！！！！！！什么烂电影啊我靠！！！！,1,英雄
张艺谋的恶趣味毁了这么这么几个好演员啊 这片子到现在看还是有那么多能吐槽的地方,2,英雄
这么个名导演加众多的名角儿，花这么多真金白银，演出这么部垃圾片……无语。,2,英雄
同意木卫二说的，视觉强奸。。。,2,英雄
臣与长空面多面站着，有半个时辰，虽然谁也没动但绝对已经在彼此的意念中展开………………………………………………………………………………………………………………哈哈哈哈哈哈哈哈哈哈哈哈哈哈哈 我意淫战斗发 现在看来英雄拍的好文艺呢- -！！！！噗！ ,1,英雄
国师属于那种能让我这种自认不懂政治，派系意识模糊的人都觉得他是个意识形态敌人的牛逼角色,1,英雄
具有纪念性意义的片子。。。自此片以后，再也没有上过电影院看所谓的大片，不管宣传如何铺天盖地，省了我不少银子。。。此片画面是美。。。但是。。。拜托，这是电影，不是摄影。。。,2,英雄
十年后再看这部电影，我只能说这是一部张艺谋的文艺武侠实验电影，一个半成品，虽然众星云集，但是无法掩盖剧本的硬伤。梁朝伟真的娘爆了，回回挨刺，那句“好快的剑”实在不该出现。章子怡用鸡肋形容都是赞语，如月这个人物我怀疑是被不能抵抗的外力硬添的。还有，陈道明真的不会演戏,2,英雄
不过我喜欢张曼玉. 空灵飘逸的感觉.,2,英雄
老谋子的装13之作，没啥好说的。,2,英雄
真是伤心的记忆啊。不过本片和大哥在金鹰看的,2,英雄
不给你个一星你还不知道自己差了。,1,英雄
IPTV 外公家 http://movie.douban.com/review/3070520/,1,英雄
卧虎藏龙效仿篇，却只看到了皮毛。从此开启了中国式大片这一奇怪的电影市场。我为我曾在中学时代用一篇周记批判它而感到羞愧。我羞愧是因为我亵渎了导演那颗深深装逼的心。两星半。,1,英雄
除了场面和张曼玉，别的什么都没有,2,英雄
张艺谋把色彩运用到了极致。但这样几段式的表现手法还是他难以驾驭的。太零碎的场景和弱化的台词浪费了这么大牌的阵容,2,英雄
我只想说王菲唱的主题曲很好听，其他的不知所谓,2,英雄
一星完全給漂亮的畫面，內容就不提了，就是給你洗腦被暴君統治被殺時應該的。和諧。,2,英雄
一星完全給漂亮的畫面，內容就不提了，就是給你洗腦被暴君統治被殺時應該的。和諧。,1,英雄
只记得那个一大片红色枫叶的场景。。,2,英雄
那一夜，我们席卷了海报栏,2,英雄
我看过的最烂的电影之一 老谋子你有钱还不如捐给社会 ,1,英雄
糟蹋了演员，糟蹋了导演,2,英雄
云里雾里。不知道讲了什么，也不知道要表达什么。无聊。,2,英雄
剧情略等于无，打斗虽好，但不是电影需要的。想以意境取胜的话现在可以找聂隐娘学习。中国导演扫蔽自珍由来久已，若说郭敬明有脑残粉，却说张艺谋没有？同样是脑残粉却还有莫名其妙的优越感？近来张艺谋要拍长城，莫不是真的以为自己是中国文化大师？中国ip可以恣意妄为？连余秋雨尚且不如。,2,英雄
那个~里面的古琴曲。如果不说我是不会注意到它的。很唯美啊，画面。当然不仅看画面。,2,英雄
啊，92分钟精雕细琢，掩耳盗铃，自欺欺人地炫耀了自己的无知。可能是21世纪初电影界最大的笑话。终于明白苏格拉底所说。知道自己的无知，是多么伟大的智慧啊。多么希望中国电影从来没有这么一个张艺谋。张艺谋。,2,英雄
大了色片 拍专业的片我总觉得很耻辱,1,英雄
张艺谋的垃圾大片旅程之始,2,英雄
学校领着看的。记住的 是漫天的绿，红。,2,英雄
oh~~~~又是一部烧钱烂片....,2,英雄
50/100：“你的眼里只有天下！”“还有你！”……233MAX,1,英雄
这片雷的我不是一点点……,2,英雄
艾玛整这么宏达干啥！！！,2,英雄
除了画面很美，其他的都不美,2,英雄
垃圾导演不仅思路广，毁演员也是极富创造力的。杜可风驾驭不了武打戏。武指太烂，一招一式都显小家子气，丝毫没有大侠风范。全片唯一的亮点即是打斗时加入戏曲武打的“叫喊声”，可惜也没玩好。主旨“天下”十分高大上，可惜没说透。叙事结构还行，可惜各个篇幅没度显得单调。总之烂。,2,英雄
從這部電影開始，張某某的電影開始爛的一發而不可收拾了,2,英雄
俺不知道怎么评价啊~~~,2,英雄
好的部分就老張一貫的強項：色彩計畫，至於揚秦劇情真是差評。,2,英雄
光是說秦始皇是個仁慈的君主 就令人倒盡胃口..,2,英雄
这不是浪费地球资源么,2,英雄
本来想客观点给个三星的，因为它的画面和配乐还真是不错.......但是看见这么多给这个藐视个人主义，为大一统歌功颂德的脑残电影打五星还喊着泪流满面的人才....决定给两星....张国师真无愧国师二字,2,英雄
活脱脱对权利和集权的颂歌和舔媚。滑稽可笑、空洞的对白，不停的笑场，更撑不起“天下”2字！呆头呆脑，白瞎了演员！陈道明电影中也没有帝国的范，有的只是零星的康熙大帝；残剑飞雪就是2个秀逗；BTW张曼玉眼肿到最后！无名，就算了吧！一星造型和大场面，一星这个中国大片概念的吃螃蟹。,2,英雄
对称大色块对比色，好吧看上去很美，服装设计是和田惠美呀。故事也讲得挺有意思，同一条线要演出无名版秦王版事实版，演技吊打啊。虽然最后是“天下高于个人，法高于个人”，但是作为个人，觉得这样的观念输出特没意思。隔壁：梁朝伟俾人吉左三次啦，啊，第四吉啦…,2,英雄
明明电影票是免费的，为什么我依然觉得亏？,1,英雄
其实有些桥段还是很不错的 但是拼成的整体让人很失望 尤其是出现了章子怡这样蹩脚的演员,1,英雄
这是我看过的第一部德语片好么？！而且看了两遍也没TMD看懂！,2,英雄
"想冒充深奥,可惜没成功",2,英雄
导剪版，都不用喷它的价值输出，这个罗生门结构从视角去缕就是个巨大的bug，李连杰跟张曼玉有否一战以及后者生死如何秦王能不知道？每一个叙述内部刻意注水雕琢的成分极重客观上根本没在以人物的叙述目的作为核心（比如章子怡的存在），不带这么硬坳的吧。其次，张艺谋的审美就是土，土的审美拍土的意象可以负负得正，这种宏大美学他一辈子也拍不好的，后边的一系列作品足以证明。,2,英雄
当初打两星，这片一文不值。早该看出张的归顺雌伏之心。,2,英雄
隔十年再看还是不喜欢，对，罗生门也还是不喜欢。,1,英雄
我不明白為什么Tony會接這部電影的，白去電影院看了,2,英雄
凌乱无章，叫声无聊,2,英雄
我看章子怡拍的的每部电影几乎都很有尺度,2,英雄
"拍的不错,不过巨讨厌其主题,人应该独立的存在,不要再以某个号称很伟大的东东而牺牲我们自己的幸福!",2,英雄
典型的高技术低情感,1,英雄
要知道我尝试了多少遍我才完整看完此片呐,1,英雄
很久以前看的片。说实话，国师还是应该好好当摄影而不是导演。印象里秦军攻城用的是轻弓，而不是弩机，这不科学。,2,英雄
当年觉得还可以    就是为什么不杀  天下个屁   现在更是反感   张艺谋的幕僚     知道个屁     没什么思想可言,2,英雄
那一个“和”字被谋子搞的纠结的要死,2,英雄
这部电影讲的东西就像告诉大家“希特勒是为了和平”一样。,1,英雄
假大空，老谋子尽整些虚的。,1,英雄
其实也没有大家说得那么烂，色彩挺好看~,2,英雄
表达欲很强，故事倒是讲得很烂。饱和度超级高，又慢速回放的形式主义美学，人海战术，打架时整个树林的树叶都要跟着剑的方向xiuxiuxiu落下...笑场无数次，张艺谋的新作在这一点上真的要好太多了。,2,英雄
记得是带着很大的热情去看的，结果粉失望。,2,英雄
它的意义不在于质量，而在于尝试。,2,英雄
超常mv一枚。。。。白瞎我觊觎这久的片子。。。老谋子果然有导演大型体操的天赋。。嗷嗷大场面齐刷刷。。,2,英雄
感谢英雄，让我对类似大片有了免疫力，避免在花冤枉钱去电影院……拜谢了,2,英雄
还是爸妈带我去电影院看的呢  这叫一个尴尬,2,英雄
当年跑到大庆艺术宫看“首映”，啊，烂片。,2,英雄
张曼玉美，红色那段简直比海莲娜更胜一筹，那种颓丧的美啧啧……梁朝伟在里面很招嫌啊好差……陈道明流泪颤抖一段很好……好的其他基本是渣渣，一部动作A片。只要有两个男人一打起来，背景BGM自带秦腔……,2,英雄
其实被低估了，就是太爱卖弄。又看了一遍，导演功底没得说，但尼玛逼结局太傻比了，李连杰就是一阿甘,2,英雄
太监调情，憋了半天憋不出一个亮点,2,英雄
梁朝伟啊  梁朝伟,2,英雄
我知道你看见了！我是故意做给你看的！我心里根本就没有你！啧，几位主角的变装秀。99分钟的人生啊，浪费时间系列。,2,英雄
80一张，md！,1,英雄
犹如连环画般的情节，里面各种吹NB……这两分，是给最后漫天的飞矢是,2,英雄
暴发户般俗不可耐,1,英雄
乱麻麻的，没看完,1,英雄
这个漂亮得太人为。不好。不好。内容太联想。不好。不好。,2,英雄
视觉强奸,2,英雄
讲了近两个小时的故事，但是最后等于什么也没说。,2,英雄
确实没看懂，除了枫树林打斗的戏其余全忘了！,2,英雄
狗屎，不就颜色多了点吗，要是遇上一色盲呢？,2,英雄
他拍电影好像在搞春晚，华丽服饰加人海战术。这部电影剧情很差，对白也不好。,1,英雄
张艺谋一生的污点,2,英雄
若比《刺秦》，此是一坨。,2,英雄
漂亮的美景与简洁的色彩涂抹试图给人以视觉冲击，却难掩大而无物的空洞。自以为崇高至上境界的主题，却显老套苍白与幼稚。整个电影像是一个多年落魄的文艺青年突然一朝成了爆发户一般，用力太深，犹不及。,2,英雄
除了演员~还是演员。可惜了啊~,2,英雄
一个超长版的MTV罢了。画面精致，动作飘逸。剧情嘛，就不说啥了。。。这个片子最大的作用是开启了中国的“大片”时代，当然，也基本是个灾难的开始。,2,英雄
谁编的破剧本~~,2,英雄
彩色风光片…以前没看是明智的…,2,英雄
不是烂片。是价值取向问题，为专制唱赞歌，这是对武侠文化的玷污，而且表现形式散发出一股法西斯美学的臭味，如今还越来越多不懂事的人开始为其平反，药丸,2,英雄
这个片子今天再看真的很惊艳   无极第一他第二，当然是倒数的。挑不出好，真的挑不出。。。。。。,1,英雄
高二过年组织看的，不过我回家了，看的枪版,1,英雄
不杀就是和平.....,1,英雄
跟无极和夜宴比，就不算最差了。。。,2,英雄
拍摄的投资和电影带来的不成正比....张艺谋不适合拍这种片子,2,英雄
个人不喜欢  赤橙黄绿青蓝紫 谁持彩链条当空舞 呵呵,2,英雄
主要针对政治意义。万箭穿心太恶心了。洗脑片,2,英雄
作为一个秦粉，李连杰粉，章子怡粉，梁朝伟路人，一路看下来居然只觉得章子怡真惨，李连杰没几个镜头，秦始皇是爱到深处自然黑，只有梁朝伟路转粉甚至值得打星。说实话画面是很美，但除了很美很美的画面和色彩以外真的是一无所有，完全的空空荡荡啊。甄子丹就几个镜头太惨了。说好的萧萧兮易水寒，壮士一去兮不复还呢？？？本以为是个荆轲刺秦王，陈胜吴广起义推翻暴政的故事，结果反转了那么多结尾一句轻飘飘的天下带了过去。。。我。。。踩在死者的尸体往上爬，还要对这些尸体说，你们是值得的，是为了大义牺牲了自己，我。。。看了一半明白了当年为什么有这么多的骂声，为什么这么不受中国人欢迎而受国外欢迎，这部片子核心太过封建了，为统治者歌功颂德，美化了战争和暴政，呵呵倒是很适合老男人的意淫幻想。影还相对好一点。这种烂片就不要平反了。,1,英雄
张艺谋带了个好头。。。。,2,英雄
我特别讨厌系列组合剧或者ABC剧的电影制作模式，好像没人自己花钱买票看，很多都是摊派发的电影票看的吧？哈哈。很多年前看的。只记得剧情好做作啊，一直都很装逼啊。看得不耐烦。,1,英雄
"从此中国大片走入了怪圈...话说这也是我毕业论文的主题,刺秦~",1,英雄
比十面埋伏稍微好一点的烂片,2,英雄
给两颗星在于视觉效果 烂片 烂片 大烂片,2,英雄
搞那么华丽就是为了给暴君极权和男权体制正名？真是煞费苦心。张艺谋就是个御用匠人。,2,英雄
低估个毛！补打一星。,2,英雄
张艺谋一系列烂片的开始之作,1,英雄
选修的电影课看的  我吃着炸鸡腿看的极度郁闷   尼玛那个一夜情的桥段要是我我也不会相信的好吗   啊啊啊 怎么拍成这样纸了  我整个人都不好了,2,英雄
打得真漂亮，其他就没有什么了。,1,英雄
这星是个色彩画面和特效的,2,英雄
事情是这样的；不对，你骗我，我觉得事情是这样的；好吧，我实话告诉你，其实事情是这样的；MLGB的一件事情折腾三遍,2,英雄
上海 上海影城,2,英雄
去掉字幕，关掉声音，作为默片当可一看。,2,英雄
红楼梦的成功在于寥寥数笔就能让一个人物有血有肉，张艺谋的失败就在于花大价钱，大力气制造出一个个纸娃娃，张艺谋就是中国电影的头号泡沫，我相信给一个三岁小孩一亿来买玩具，会玩的比张生动得多！,2,英雄
原来老谋子的电影我都看过呢。。。,2,英雄
下画很久很久后看的，正如我所预料的，很差，不过由于当时无聊还是坚持看完了。,1,英雄
这个脉络ok，但美术是不是太喧宾夺主了,1,英雄
一部天气色调可以随角色而定的翻拍片,2,英雄
不仅乏善可陈，而且十分做作，遭人诟病的主题令张艺谋的形象一落千丈，并从此开始讨厌张氏铺张的美学。,2,英雄
画面还行~剧情弱点~,2,英雄
张艺谋的我不敢打高分，反正李连杰最后万箭穿心的死状好惨咯。,2,英雄
就想小学生写作文那样，以为好文章就是华丽辞藻的堆砌,2,英雄
隔了这么多年再看，依然是扯淡的故事，扯淡的电影叙事逻辑，通篇不知所云，唯一好点的就是张艺谋的摄影，色彩感很强，但是还是整个电影还是太差了,2,英雄
多给一星是因为有垫底,2,英雄
武打片，也不用拍成这样。还污染环境，干吗呢……,1,英雄
美术片 讽刺的是02年无间道梁朝伟夺得金像奖最佳男主角,2,英雄
HLL的烂片~,1,英雄
现代专制体制爱国主义教育影片,2,英雄
三观不正。,1,英雄
不喜欢张艺谋，不喜欢里面做作的手法，不喜欢演员的演出，但是还算是有一定思想，不过不足以加分。矫揉造作的“文艺大片”全部都去死吧。,1,英雄
总结了一下，章子怡不断干什么叫声都是一样的。有时候真的分不清她是在OX还是在打架。,2,英雄
即使明星云集，依然挡不住的幼稚与恶劣。如果说，一个电影舞美和音乐是优秀的，那么它仍然不是一个优秀的电影。同样，大导演，应该找个好编剧，幼儿园一样的故事情节，让这部华语影片的第一步里程碑式的大片，输的完完全全。,2,英雄
现在只记得那段红色黑色了。,1,英雄
对好莱坞拙劣的模仿,2,英雄
没有情节的片子… 要不是学校组织的，根本就不想看… Avec 所有初中同学…,2,英雄
色彩鲜明，故事简单，各种明星，此外没啥看点。我当然不觉得英雄和天下只要谈起就是愚蠢的，但这种谈法真是……就是不知道张导不惜写下如此愚蠢的台词和如此假大空的道理，究竟是为了给哪国看“our land”……还不如换个论点，比如秦王夜不能寐刺客已经赚足，抑或，章子怡其实是喜欢张曼玉！（你滚,2,英雄
看着睡着，睡醒接着看，然后再次看着睡着。。。。杯具。。。,2,英雄
看不懂。颜色很美。,2,英雄
除了MTV似的的画面，没了,2,英雄
这电影除了彩虹色挨个演练遍，有什么其他看点吗？没有。倒是就这风光片水准，现在人还爱抄╮(￣⊿￣&#34;)╭,2,英雄
章子怡是来干嘛的？除了特技和音乐以外，纯粹是垃圾,2,英雄
电影笑点颇多，可是画面很美，随便一截都是桌面，还是做成MV配红尘客栈的好,2,英雄
初三全班同學一起看過。有場面無實質，外強中乾，不怎麼樣。還好有甄子丹和梁朝偉可以看。,2,英雄
感觉自己被导演耍了三次。,2,英雄
形式与内容极不协调,2,英雄
美丽的画面，比十面埋伏稍微不那么狗屎的剧情~,1,英雄
就。。画面还不错。。下这片是因为以为里面有青霞姐姐。。然后只有曼玉姐姐。章子怡那时候还是一小丫鬟。。。,1,英雄
除了画面，几乎没什么,2,英雄
1.要好好讲故事2. 色彩是为影片服务的，不要反客为主3.讲的道理过时了,2,英雄
很无聊的故事，意义就是开启了中国大片时代的开山之作。对这种三观不正美化侵略，节奏缓慢空洞乏味，光玩色彩和背景的电影，必须给个差评。所有人必须穿同样颜色的服装这种设定太假了。对比之下，陈凯歌的刺秦和吴宇森的赤壁都是价值观正确的。,2,英雄
"画面是很漂亮,演员们除了章子怡那个柴禾妞外,都很到位!只是,主题太烂了!哪里是古时的燕赵悲歌之地?!",1,英雄
国产烂片，典型的拜金电影,2,英雄
果真是染房，要死不活的，残害主角,2,英雄
张艺谋在一段时期内的作品空有场面,2,英雄
核心内容就是跪久了爬不起来，但是用一堆花里胡哨的镜头和一群神颜先把你糊弄晕了，到最后是越看越糟心。用飞来飞去的人像和色彩给authoritarianism添砖加瓦，其心可诛。为了给学生上课老子看了五遍，半年一次，尼玛这是工伤啊！！！（1⃣️星是给杜可风摄影的。以及，Tony and Maggie你们怎么会出现在这里！you guys are meant to be in Wong Kar-wai’s film!）,1,英雄
这片真不是一般的傻逼能拍出的……,1,英雄
……莫名的片子,2,英雄
老谋子从这部片子开始彻底sb了~ ,2,英雄
老谋子糊弄大伙。,1,英雄
从此张导走向了不归路。。。,2,英雄
浪费了勒个阵容，整个风景片,2,英雄
这片太内涵，看不懂,2,英雄
‘美妙意境’在我看来，是一种让人心驰神往陶醉沉迷的情境和氛围，是视听乃至心境上的巨大享受与满足，《英雄》就很完美的营造出了这种境界，通过华丽、壮美、宏伟、精致得如同一幅幅无可挑剔的画卷般的场景设置，加上大气、悲怆、哀怨、凄婉和缠绵的配乐，仿佛把人带到了一个纯净无暇充满东方美学和神,2,英雄
胡编乱造的哪一世“英雄”？,2,英雄
又臭又长，又烂又乱！！！,2,英雄
不知所云……,2,英雄
一星全是给画面的，好一个MTV！,1,英雄
李连杰后来的电影一个不如一个,2,英雄
剧情推进就像每一个演员的脸一样瘫。为秦王的洗白怎么看都像一次刻意的逆转。,1,英雄
分都给画面。玩意念真的吃不消。,2,英雄
一个故事翻来覆去的讲，什么东西……,2,英雄
古装大片，绝对不是武侠片。张艺谋本就不会讲故事，塑造这几个人物形象也是用了莫大的力气。四个刺客的豪情大义和儿女情长始终没有跳出导演精心布置的用来假装江湖的舞台。半个钟头就能讲完的东西，因为张艺谋的审美硬是变成了&#34;大片&#34;。,2,英雄
very恶心!,1,英雄
又一偉大的里程碑,1,英雄
那两颗星是给摄影的,2,英雄
章子怡真奇怪……除了画面没得可看了。。,1,英雄
这是一部观光片,2,英雄
完全忘记这部电影讲了啥了 0.0,2,英雄
李連傑拍完這片子就屎了。,1,英雄
张曼玉加一星。道明叔要不要这么自毁啊,1,英雄
众多坑爹大片中的一部！,2,英雄
大王 傻不傻 傻不傻！,2,英雄
论武打绝对是五星。傻逼陈道明，减两星；张曼玉普通话，减一星。,2,英雄
不说张艺谋到底怎样了，这个问题争议太大，就说一句吧，他把梁朝伟拍得我都认不出来了= =,2,英雄
印象中大家一直都在飞，然后袍子一定要能飘，不然根本没画面！,1,英雄
漏洞百出，人物个个都让人可笑又可气。这张片子不过是一串电影海报轮番呈现，卖画面而已。国际大导其实不过是个合格的美工。,2,英雄
除了长空VS无名，其余全是POSE。。。,2,英雄
只有视觉，没有内涵。,2,英雄
价值观很糟糕,2,英雄
意境是由内而外的，摆个空洞的形式是没用的，这种视觉秀更适合奥运会开幕式。没节制的慢镜头比武和回忆，一个本只有30分钟的故事。并且，如陈凯歌所说，不能以个人的牺牲为代价。这种价值观简直是在美化战争暴力法西斯，希特勒成了天使。秦始皇动不动灭九族、活埋了赵国儿童，end X justify  means!!!!,1,英雄
浪费时间的,1,英雄
当时中学居然还强逼我们看，于是我看了好几遍都没看懂。,1,英雄
电影其实大场面还是不错的，虽然历史上的箭阵不可能壮观到那种程度，但还是觉得很震撼。最大的败笔在于秦始皇要和平，和平这个概念当时是没有的，就是谁统一天下谁当老大之争。历史若可以戏说，把和平当隐喻来看才能解释。另外，章子怡的角色恶狠狠的莫名其妙，明显是塞进去的人情角色，没有逻辑可言。,2,英雄
政治上不正确，电影也不正确。只有大风吹得十分正确。,2,英雄
反人道的垃圾主题,2,英雄
浪费那么多好演员,2,英雄
已忘！只记得当时好火。。。。。。。,2,英雄
今天上课又看了一遍。。。真是憋到内伤。。。2333333,2,英雄
画面优美 情节空洞,2,英雄
高中上微机课的时候，老师放了一半。记得当时全班还和班主任要求把晚自习停了，继续看的呢。后来我老爹借了盗版VCD，不过画面糊得没法看。话说这片也就是《罗生门》翻版。,1,英雄
此片不仅烂，而且带动了中国武侠烂片狂潮，堪称烂片之首，令人发指,1,英雄
用“滥”觞来形容，一点也没错。,1,英雄
梁朝伟分别穿着红色，蓝色，白色衣服被张曼玉刺了三次，我也是醉了。堪称荆轲刺梁朝伟,2,英雄
几乎轻飘飘的没什么情节,2,英雄
故事总觉得那么散，章子怡当真是比不上张曼玉。荆柯刺秦版的罗生门。,2,英雄
竟然说不出这是部什么东西,2,英雄
果然烂到家了,1,英雄
想表达什么？目前只有XX才有能力管好中国，即便人民生活在水深火热之中，即便是暴君，我们也应该让XX继续统治下去？,2,英雄
张艺谋实在不适合拍武侠~不过画面很美，不愧是学摄影出身……,2,英雄
什么破玩意儿？！害我在电影院脖子都睡疼了,1,英雄
片尾曲好听。章同学这扮相好看。初三，老师组织看的。,1,英雄
算了 比一星烂片好点,2,英雄
刺客赵人伪装立功秦人与秦王对饮，谎言被拆穿，人心被揭露，两人互理解……但是张导，“你也把人想简单了”。非常没有人情味，强行故事，强行价值观“牺牲赵人成就天下”“牺牲个体成就集体”。画面再好，两个小时不知所云的故事，也只好让我快进了。,1,英雄
又雷又囧，笑死我了,1,英雄
应该就是从英雄起 张艺谋的片子不能看了,2,英雄
一星不足以表达我的愤怒,1,英雄
这个差的不用说，但没有几个妹看过的,2,英雄
我从不写短评，但是，我他妈的被恶心到了,1,英雄
老谋子的下坡路,1,英雄
ʕ•̫͡•ʕ*̫͡*ʕ•͓͡•ʔ-̫͡-ʕ•̫͡•ʔ*̫͡*ʔ-̫͡-ʔ，打卡。,2,英雄
老谋子，你去死吧,1,英雄
其实这部电影，我最奇怪的是海报上张曼玉的服装。,2,英雄
大导们沦陷的开始...2004Christmas Eve,2,英雄
其实我愿意评负五星,1,英雄
为了一个“正确的”堂皇的宏大理念，个人小我应该与威权媾和，甚至做出让步与牺牲。张艺谋的吊诡，恕不认同。 国家兴亡，肉食者谋之；天下兴亡，匹夫有责。,1,英雄
景色和明星养眼，尤其是九寨沟，片子太装逼，残剑写剑字那里可以当洗发水广告了,2,英雄
觉得当时这也很火啊！大院礼堂坐满了人！,2,英雄
令人伤心的杰作,2,英雄
让我想起《颜色》 不过编剧很雷 ,2,英雄
啊 我悟到了~,2,英雄
其实真的挺乱的,2,英雄
画面看起来挺不错，只不过太过做作了。,2,英雄
视觉盛宴，剧情造作。,2,英雄
大场面，空剧情,2,英雄
当年先看了这个，然后了无间道，于是乎知道为什么大家喜欢港片。,2,英雄
烂。。。,1,英雄
真是集体主义的登封造极之作。各种颠覆常识，无法入戏欣赏美景，最后主题竟是极权造福苍生。去你的！,1,英雄
这两颗星给摄影和后期的，画面很美，但是美得很吃力，很形而下。,2,英雄
电影院里看的 老跟另外几部同类型的混淆不堪 以至于全乱,2,英雄
除了音乐和拍摄技巧——其它全部可以忽略无视了！,2,英雄
把演员当摆设的电影,2,英雄
章子怡到最后怎么老不死呢，我当时看的都急死了,2,英雄
浪费這么大的卡士,2,英雄
时隔多年，再看一次，还是个烂片。电影不是只靠场景美术和摄影就行的，奥运会开幕式倒是可以。,2,英雄
剛剛又看了一遍，現在不喜歡了，那些優點在我現在看來也俗不可耐，尤其是看到無名和飛雪用肉身去擋箭覺得好科幻，不能接受這種設定。如果能更寫實就好了。電影的主題是“天下”，套了《羅生門》的結構，但到最後這個結構的意義失效了，成了過渡、完成敘事的手段，整個價值觀也不認同，覺得彆扭。,2,英雄
也是买过正版（抑或很贵的盗版？） 不过看了一遍就已经是很困难地坚持看完了 困难是因为那时候还小欣赏不了这种艺术片 可是从那个时候开始不喜欢国际章这个想法就深深扎根在我脑海里了,2,英雄
请问我的短评是被豆渣吃了吗？,2,英雄
到底是习武之人啊 无知得可以,1,英雄
绿衣服，绿帽子……,2,英雄
剧情是真幽默,2,英雄
其实吧，扮相还行,2,英雄
时代催生的视觉系作品,2,英雄
小时候看的，画面还是不错的，除了李连杰要刺秦王之外，其他的情节完全不知所云。。。,2,英雄
只有美工还可以。总之两个字：反动。,2,英雄
色彩很棒。迎合欧美的口味？感觉很怪异。,2,英雄
我最爱有精致色彩光影的电影，又最恨只有精致色彩光影的电影,2,英雄
开创中国大片时代，罪过不小。但相比于以后的作品，老谋子的这部还是相当不错的。,2,英雄
前两天老公向我推荐时倍感诧异，这部星光璀璨耗费惊人的名导巨作横空出世时的差评如潮好似昨日，眨眼就成了经典，时移世异，也是正常。只是于我而言，它依旧是那部逻辑诡谲，不顺不畅的浓彩映画，是一代大侠李连杰烂片的开始。,2,英雄
五颜六色,2,英雄
影像风格学《东邪西毒》，不过空有风景没有情绪；叙事结构学《罗生门》，然而舍近求远故弄玄虚；动作设计学《卧虎藏龙》，可惜只得其形未得其神——所有元素皆止步于形式层面的搬运，却压根没讲清残剑、无名对刺秦的态度为何产生了转变。为秦始皇洗地的态度更是令人恶心反胃。两星全给形式上的电影感。,2,英雄
空洞的故事，两星是给摄影和演员的,2,英雄
可惜了一帮好演员。 【这片开启了中国式大片就是人多势众衣服长长长的新世界观fuk这种烂风气真是脑残 8年奥运会开幕式也是这种人多势众的方法 简直有病 各种有病 坑观众钱有人自愿去看去消磨也无言以对但是可惜了这么多好演员！把人家请来！搞个这！烂！,2,英雄
装腔作势，形式远大于内容；配乐色彩出众，聊以慰藉。肉眼可见和《罗生门》等电影的近亲关系，使得待到第三段叙述时不停出戏，何为真相？何谓真相？本需要真相的构筑，套上了一个历史故事背景，于是非得安上一个可笑的逻辑、动机、结果，大大减分。最可恨的远不是三观，而是虚假，伪善乃最大恶，减分。,2,英雄
sb电影 但是我看了,2,英雄
把鬼...,2,英雄
挺失望的,2,英雄
剧本2分，演员2分，导演-2分。,2,英雄
只有画面 没有内容,2,英雄
好色的片～,2,英雄
镜头语言很好了，但是洗白意味太重，胜者为王，所以后人都可以说秦始皇大一统blablabla，个人觉得秦始皇绝对是为私欲而已。秦始皇的统一问过各国老百姓了吗？公投了吗？有种被qj的感觉,2,英雄
装逼的开始,2,英雄
看过这个之后，发誓再不看张艺谋，后面看了十三衩，犯贱真不值得，一样的差，还有人鼓动我看归来，估计我是不会看的，除非拿了什么金棕榈什么奥斯卡。,2,英雄
东施效颦不说 还把什么剑的境界扯进来 你以为你是令狐冲啊,1,英雄
看了前半部分，不禁赞“哇，视觉好美”。到了结尾，我擦，美化秦始皇，果断差评，渣渣。,2,英雄
艺术暴力 情节还不如小学生作文 炫耀特技,2,英雄
我对张艺谋对战争的理解，对英雄的理解真是不敢恭维。,2,英雄
即使过了好多年看，还是觉得对这种看着就烧钱，貌似想阐述点什么，却没内涵言之无物的东西爱不起来。,2,英雄
【增补#555（2006年及之前观看）】老谋子从此走上了不归路,2,英雄
如果是没看过电影的人应该会觉得还不错吧～比如我老爹。。。,2,英雄
浪费碟片钱。,2,英雄
从此片开始，中国所谓的“大片”即烂片时代便拉开了序幕。,1,英雄
bad acting,2,英雄
小时候看过好几遍，跟后来的烂片们比起来倒不算那么差了,2,英雄
张艺谋从这部以后不能看了。,2,英雄
我个人是完全看不下去，同一个导演拍出来的怎么差别这么大？,1,英雄
最后场景太雷人了 虽然很漂亮。。但也过分科幻了吧 打那么久都不死 想表现出什么？ 一点不觉得感动,2,英雄
美学上乘，画面完美，但是最后蹦出来了和平这个通透直白的台词。。。,2,英雄
实在没耐心看完,2,英雄
"2002/群英汇粹,但片子....../8.1",2,英雄
甄子丹等于一星。,1,英雄
15年重看了一下，台词很怪，不古不今，但是挺好看的,2,英雄
每个镜头都可以剪下来做海报 的这种美轮美奂。美景美人赏心悦目。但是华而不实。慢镜头泛滥，风泛滥。。。还有 背景音乐恶心巴拉。演员面无表情装逼泛滥，,1,英雄
记得那是一个飘着大雪的圣诞夜，父亲单位聚餐，我和妈妈都去了，散场时，他们提议去看《英雄》，因为当时这片口碑好得匪夷所思，我闹着要去贝乐园玩，于是我和我爸妈没有同去。再次相遇，仍没有到我可以喜欢它的年纪。,2,英雄
1古装文艺武侠片 画面清新让我想起台湾电影但又略显无聊 2尼玛红色文艺青年 蓝色普通青年 白色傻逼青年 在这部电影里得到了最深度的诠释...,2,英雄
别装B行么！好好说句台词成么！大片你妹啊！,1,英雄
实在不知道在放什么···,2,英雄
垃圾大片,2,英雄
为了天下，当年我们还抗什么日...,1,英雄
相比之后的几部所谓国产大片，英雄还不够垃圾的资格,2,英雄
空洞无物··“战争的最高境界是和平” 那我勤奋的最高境界就懒惰咯··however`张艺谋的确摄影出身··镜头很美很强大··,2,英雄
《罗生门》+《梦》,1,英雄
Kitsch,2,英雄
 除去画面，思想就是一陀大便,2,英雄
把太多精力放在场景上 忽视了故事情节,2,英雄
无趣...,2,英雄
色彩倒是华丽,2,英雄
依然是空洞,1,英雄
浪费我的时间,1,英雄
老谋子拍商业片,2,英雄
除开色彩，就是烂片~~不过开创了中国的大片时代~~,2,英雄
这先生也接了不少烂片其实,1,英雄
张艺谋矫情版的罗生门,2,英雄
添加一下张艺谋叔叔的片子。,2,英雄
画面很美，仅此而已,2,英雄
看的时候感觉还不错，后来想想这是一部“禅宗”电影，其实没什么想说的也说不出什么，把关键的地方都用“留白”虚掩，就像里边两个用意念对决的人，他们脑里想什么，只能靠悟了。,2,英雄
什么玩意儿,2,英雄
腻心的程度,1,英雄
这是一部献礼片,2,英雄
高中时和同学到影院看的。就画面好，剧本太单薄。,2,英雄
超超超级烂片~,1,英雄
8/26 确实佩服导演对红色的运用 子怡那时候还是情绪都紧绷在脸上,2,英雄
看的是马荣成的漫画，都比电影有意境多了。,1,英雄
103705,2,英雄
臭名昭著的烂片了，开辟了国产大片华而不实的先河。,2,英雄
臭名昭著的烂片了，开辟了国产大片华而不实的先河。,2,英雄
不是一般得脑残,2,英雄
小时候被骗了，长大了发现英雄是张艺谋放的罗圈大屁,1,英雄
张艺谋的电影，形太重，意不足，而且，几部电影了，士兵口号太齐太出戏，喊风可以，喊大王杀不杀也这样？,2,英雄
导演先生，这么多优秀演员您就折腾出这么一玩意？？？,2,英雄
现在再此片时，笑翻了！太搞笑了！剧中所有角色就像一群智障患者，精神病患者！,2,英雄
"一般的片子,不过画面拍的很唯美",2,英雄
为了装b而装b。。实在太刻意。。很没诚意的电影,2,英雄
中國大片裝逼開山之作,2,英雄
幼稚的武侠大片，可惜了这帮演员,2,英雄
还记得走出影院时第一句话：“张艺谋拍宣传片拍傻了”,2,英雄
色彩浓艳。是“大制作”的开始，大垃圾的开始，之后这股风潮延续了好久，至今不熄，古装版《建国大业》。,1,英雄
就记得秦王陈道明跟那儿“阿呀呀呀呀呀呀呀呀呀呀”= =如月死得好纠结啊 张曼玉不好看T-T,2,英雄
秦始皇不是我认为的秦始皇，只是张导眼中的秦始皇，所谓的英雄也不侠不义不英雄。,2,英雄
张超生说过中国武打片怎么都像打群架TMD老子一定要拍部有腔调的给你们看看 结果拍成这德行记者还去问评委难道画面不美么 我去,2,英雄
白浪费了那么多优秀演员，不符合我的审美价值观,2,英雄
“你为什么不挡我的剑？”我要是残剑我的遗言一定是：我cao，那你为什么一定要拿剑捅我？！,2,英雄
没有好的剧情在炫目的画面也是烂片一部,2,英雄
张艺谋 几部大片中还算有点剧情的,2,英雄
我只记得在电影院里 后面一女对那些场景指手画脚,2,英雄
让人毫无想法的电影。,1,英雄
为什么北美市场那么好。导演吧东方文化里的复杂馥郁的元素全部简化，符号化，为了让老外看懂。曾在迪拜看老外做的中国龙船，龙是龙，细节少了80%，英雄就是这种“海外版龙船”。“老谋子”深算啊,2,英雄
算啦就当看美女了,2,英雄
颜色倒不错,2,英雄
那个谁谁的演技略浮夸。,2,英雄
唯一让我看了想睡得国产大片，这么多好演员，都浪费了~~就算换一批新手，可能效果也不必这差吧（除票房）。,2,英雄
假托和平之名却将天下托与暴君，华服之下尽是张艺谋对强权无节奏无节操的妥协和屈膝。所谓的义士，蠢材与奴才必取其一,2,英雄
还是不知道想表达什么,2,英雄
一帮子刺客，最后都没成。,2,英雄
他撒了个谎，他戳穿了，他说实话了···我操你妈啊·······,1,英雄
真是大烂片，当时去电影院看之前真的是充满期待。,1,英雄
剧本实在没亮点，台词让人出戏。视觉效果嘛，像是在拍摄古代海报……,2,英雄
你以为我们已经忘记了有罗生门这部电影么？,2,英雄
没诚意的圈钱片,1,英雄
看看所谓的大师是如何献媚的,1,英雄
篇幅巨大的请您欣赏，个别段落偶都起鸡皮疙瘩了,2,英雄
我承认……,2,英雄
自从卧虎藏龙以后，国内拍了一大批这样的进军好莱坞的拍给外国人看得可是外国人又不看的最后还是中国人看的古装片。剧情非常傻冒，想要反映的主题大概是：皇帝好，皇帝辛苦了。,2,英雄
全忘了 只记得画面很鲜亮了,2,英雄
两颗星是给了画面制作人员。,2,英雄
我是冲着梁朝伟和张曼玉去的，结果，完全是继续无能。表示镜头很美，剧情很需要想象力，虽然它看起来主线清晰。还有，我爱五彩缤纷的剧照。,2,英雄
 烂片 ,1,英雄
剧情胡编乱造 浮夸 没什么逻辑可言 更谈不上人物的刻画 别以为搞几个诗意的名字人物形象就会鲜明 有人能看哭了 真厉害 与其花那么多钱在服装道具布景上 还不如认认真真写个好剧本 好好地讲一回故事 我只是把这片当作摄影鉴赏片来看 本来想为摄影加一星的 还是算了吧,2,英雄
开创了中国大片失败的先河,2,英雄
额，好像是高中免费去电影院看的，不知道在讲什么,2,英雄
画面美，阵容强。就是传递出的思想让人挺囧的,2,英雄
第一看还蛮喜欢的，越来越难以相信，自己当时是有多浅薄,2,英雄
太傻了，毁了李连杰,2,英雄
张谋子就没拍什么好电影,1,英雄
呃呃呃，烂片也标记下吧。。。,2,英雄
好！！！！傻！！！！徒有一身美艳皮囊，国师真是暴殄天物啊！！！！,2,英雄
画面不错，但是情节真TMD的烂,1,英雄
这个世界怎么会有如此烂的“大片”呢,2,英雄
放在当年看也许会打五分，今天又重新看了一遍……只能说忽然明白为何没有得奖了。还需充实,2,英雄
烂片一个，画面确实够美，但那只是华丽的词藻，语言却空洞乏味，把观众当白痴啊？,2,英雄
黄 绿 红 ..,1,英雄
一个极尽华美、极尽谄媚的综合体。在精神内容层面上，以所谓“顾大局”之犬儒价值观来包装自己屈从强权的懦弱与奴性，已不止是毫无武侠精神而已，简直是对武侠精神内核的严重背叛；可同时在形式审美上又确实有着极高水准，特别是甄李对战那场戏，其古朴含蓄的美感在华语动作戏中实在罕见，绝对经典。,2,英雄
不能让人集中精力的电影,2,英雄
因为剧照和演员很有好感，想着应该没有人们说的那么差。看完后……画面和演员真好看啊，没了。好吧再加个BGM。,2,英雄
三十年了，一切还没有结束。,1,英雄
我一直就没看明白。。。。,1,英雄
张艺谋的片除了画面绚烂之外还有什么？,2,英雄
"不好看,看不明白",2,英雄
老谋子对于光影和色彩的把握绝对全国一流的！不愧是摄影出身的,2,英雄
老谋子啊，被你气死,2,英雄
很唯美的风景片,2,英雄
全是大牌儿不一定就是好电影,2,英雄
畫面漂亮，步調迷人，而已。,2,英雄
因为黄蓉的“爱似神仙”才知道的电影。人物名字苏的我掉鸡皮疙瘩。红橙黄绿青蓝紫这些色调也真是够了。原来设计师是日本人，难怪倭寇风。,1,英雄
画面盖过了一切,2,英雄
看不懂看不懂看不懂,1,英雄
狗屎，不就颜色多了点吗，要是遇上一色盲呢？,1,英雄
这也许是我长这么大所看的所有电影里看的第一个0分电影了。因为它实在是没有任何的优点啊。,1,英雄
拍的风景画！,2,英雄
2002.12,2,英雄
一星给非常美的画面，半星给音乐，半星那个时候的国际章。,2,英雄
木有内容，只有画面，还是电脑制作的画面，我宁愿看个动画片,2,英雄
我猜，故事是这样的.....错，其实是这样的......你们都猜对了开头，可惜猜错了结尾，故事是这样的.......,2,英雄
除了弓弩场景还行以外，其余都是垃圾。,1,英雄
画面还行。,2,英雄
跟爸妈一起看的 结果我睡着了 我会说??,2,英雄
"风景好,唯美+1",2,英雄
整片除了水中一战那里有感觉其他都让我好尴尬张艺谋还特地用四色来代表人物的心理表化从激烈无比红色到张艺谋天下放弃的白色但我觉得真的过于牵强商业片有钱但也不至于乱砸心疼,2,英雄
难以忍受的审美情趣,1,英雄
重看~小学时，我也常常写一些刺杀君王然后因为大义而放弃的故事，如今再看这部《英雄》，给人的感觉却是在不遗余力地为侵略者洗白，传递着一种自以为是的大义，成为一个扭曲的“侠之大者”。或许这一切都不是张艺谋的本意，但这片的天下观实在是太混乱了。,1,英雄
搞不懂张艺谋的电影为啥总有人瞎吹，剧情都是什么鬼？不是这么多大腕我根本不会看,2,英雄
那个 没办法 看这片的时候是初中哎 还是全校公放 我光记得呗草地上的蚊子咬了 那段XX还没剪掉了 == 完全看不懂啦那时候,2,英雄
我的天,2,英雄
以丑为美.中国灿烂的文化.中国一直曾引以为豪的血性和智慧在秦制的迫害下荼毒了两千年.中国人的奴性皆出于此两字：天  下.,2,英雄
張藝謀：好看的只是攝影，不是故事。,1,英雄
一部精美的古风ppt  比小四代还纯粹简单 四代还有剧情呢 这个是啥？道明叔用嘴炮和心机智取李连杰 我的心愿是 世界和平！飞雪残剑 一对怨侣 女的作天作地 男的我还是好爱你好爱你喔 你俩麻溜地回家去吧 那可是我大秦啊 是始皇啊 被你们搞的一丝魅力也无 装哔装到死,2,英雄
当年被初中安排看的,2,英雄
我最近发现有些人为《英雄》平反，这种人的心态就是想装逼，想和别人说点不一样的，刷存在感。忽悠的就是00后的这批人，因为他们多数没看过这部电影，强行给他们洗脑。《英雄》就是个烂片，有什么可争议的啊，说这部电影好的人，你们真特么可笑,2,英雄
主题和价值不真诚,1,英雄
动作戏就像摆造型，子怡那里明显在刻意加戏，不过是一部用好演员的商业二流之作,2,英雄
外国人看的话应该会觉得很酷，但在中国人心里这就是部哄八岁小孩的动作电影。,2,英雄
主题和价值不真诚,2,英雄
风光片,2,英雄
对了，还要加上李连杰,1,英雄
不知所云，画虎不成反类犬,2,英雄
艺谋：宝贝儿，别闹。,2,英雄
很小的时候看的了。不大记得清了。。只记得武打动作很美。。美得有些刻意。。,2,英雄
作做到了令人作呕的地步，就像用纯真999金打造马桶的那种观感，当年在电影院里全靠对梁朝伟的迷恋看到底，然而影帝在这部片里的表演怪异抽离到了荒诞邪恶的地步。,1,英雄
因为英雄，我没看十面埋伏、夜宴、无极、满城尽带黄金甲……如果这样算，英雄还真是一部好电影,1,英雄
葫芦爹开始变身大忽悠的第一部,1,英雄
纵使大牌云集。终究是狗血的剧情。,2,英雄
史观有重大问题，就是后人之见。处在历史前进顺流中，看到的只是迷蒙和未知选择，不会像后人一样能看到确定的历史流向，所以对于当时来说，不存在确定的秦一统干大势 。另外看似把持大局观的所谓天下到底是什么？秦灭六国便不用征战，一而统之民生便不疾苦了么。国、家、爱人，才是天下。,2,英雄
一路看着都挺喜欢，到后面突然脑残度直线上升，英雄你麻痹，不就是废物吗？？？本来这片如果背景架空一下真的是三星好电影，打的那么好看，结果打了半天搞出这么个idea，也就忽悠一下不懂历史的白人和抱着大一桶当宝贝的弱智了，实在没办法，不平扣两个星对不起自己的智力,1,英雄
老谋是真心想黑我黑泽天皇。,2,英雄
气势恢宏的一坨屎，丝毫不在乎剧情走向，导演的意淫，还是没有水平的意淫。。,2,英雄
镜头比较美，但剧情忒瘆人了,2,英雄
空讲视觉造型毫无文化内涵，最终目的就是营销海外卖外国人一个东方情怀,2,英雄
我想知道章子怡在里面是做什么的,2,英雄
一个摄影师变成导演，最好的也不过如此了，可惜只能如此。,2,英雄
懒得说,1,英雄
我实在看不出有些什么很感动的。,2,英雄
